2026-02-17 09:49:25,731 [INFO] Activator:176 - 


2026-02-17 09:49:25,746 [INFO] Activator:177 - !SESSION log4j initialized
2026-02-17 09:49:53,090 [INFO] LogOutputStream:77 - [STDOUT_REDIRECT] 
2026-02-17 09:50:13,486 [INFO] ApplicationProperties:184 - Using Application install path: D:\STM32CubeIDE_1.19.0\STM32CubeIDE\plugins\com.st.stm32cube.common.mx_6.15.0.202507011659
2026-02-17 09:50:13,557 [INFO] DbMcusXml:78 - Set database path to: D:\STM32CubeIDE_1.19.0\STM32CubeIDE\plugins\com.st.stm32cube.common.mx_6.15.0.202507011659\\db\/mcu/
2026-02-17 09:50:13,558 [INFO] ApiDb:274 - Set plugin database path to: D:\STM32CubeIDE_1.19.0\STM32CubeIDE\plugins\com.st.stm32cube.common.mx_6.15.0.202507011659\\db\/plugins/boardmanager/
2026-02-17 09:50:13,563 [WARN] ApiDb:259 - Overriding images path with different value:  => D:\STM32CubeIDE_1.19.0\STM32CubeIDE\plugins\com.st.stm32cube.common.mx_6.15.0.202507011659\\db\/plugins/mcufinder/images/
2026-02-17 09:50:13,586 [INFO] ApiDb:250 - Set database path to: C:\Users\Hemanth Madu\.stmcufinder\plugins\mcufinder//mcu/
2026-02-17 09:50:13,589 [INFO] DbMcusAds:125 - Set database path to: C:\Users\Hemanth Madu\.stmcufinder\plugins\mcufinder//mcu/
2026-02-17 09:50:13,619 [INFO] CrossReferenceDbSqlite:203 - Set database path to: C:\Users\Hemanth Madu\.stmcufinder\plugins\mcufinder//mcu/cs/
2026-02-17 09:50:14,007 [INFO] RulesReader:64 - Compatibility file has been processed (317 Rules)
2026-02-17 09:50:14,483 [INFO] DbMcusXml:78 - Set database path to: D:\STM32CubeIDE_1.19.0\STM32CubeIDE\plugins\com.st.stm32cube.common.mx_6.15.0.202507011659\\db\/mcu/
2026-02-17 09:50:14,484 [INFO] ApiDb:274 - Set plugin database path to: D:\STM32CubeIDE_1.19.0\STM32CubeIDE\plugins\com.st.stm32cube.common.mx_6.15.0.202507011659\\db\/plugins/boardmanager/
2026-02-17 09:50:14,484 [INFO] ApiDb:261 - Set plugin images path to: D:\STM32CubeIDE_1.19.0\STM32CubeIDE\plugins\com.st.stm32cube.common.mx_6.15.0.202507011659\\db\/plugins/mcufinder/images/
2026-02-17 09:50:14,485 [WARN] DbFile:41 - Overriding database path with different value: C:\Users\Hemanth Madu\.stmcufinder\plugins\mcufinder/ => C:\Users\Hemanth Madu\.stmcufinder\plugins\mcufinder
2026-02-17 09:50:14,485 [INFO] ApiDb:250 - Set database path to: C:\Users\Hemanth Madu\.stmcufinder\plugins\mcufinder//mcu/
2026-02-17 09:50:14,485 [WARN] DbFile:41 - Overriding database path with different value: C:\Users\Hemanth Madu\.stmcufinder\plugins\mcufinder/ => C:\Users\Hemanth Madu\.stmcufinder\plugins\mcufinder
2026-02-17 09:50:14,485 [INFO] DbMcusAds:125 - Set database path to: C:\Users\Hemanth Madu\.stmcufinder\plugins\mcufinder//mcu/
2026-02-17 09:50:14,486 [WARN] DbFile:41 - Overriding database path with different value: C:\Users\Hemanth Madu\.stmcufinder\plugins\mcufinder/ => C:\Users\Hemanth Madu\.stmcufinder\plugins\mcufinder
2026-02-17 09:50:14,486 [WARN] DbFile:41 - Overriding database path with different value: C:\Users\Hemanth Madu\.stmcufinder\plugins\mcufinder/ => C:\Users\Hemanth Madu\.stmcufinder\plugins\mcufinder
2026-02-17 09:50:14,486 [INFO] CrossReferenceDbSqlite:203 - Set database path to: C:\Users\Hemanth Madu\.stmcufinder\plugins\mcufinder//mcu/cs/
2026-02-17 09:50:14,764 [INFO] MainPanel:274 - HeapMemory: 308281344
2026-02-17 09:50:15,200 [INFO] DbMcusXml:78 - Set database path to: D:\STM32CubeIDE_1.19.0\STM32CubeIDE\plugins\com.st.stm32cube.common.mx_6.15.0.202507011659\\db\/mcu/
2026-02-17 09:50:15,201 [INFO] ApiDb:274 - Set plugin database path to: D:\STM32CubeIDE_1.19.0\STM32CubeIDE\plugins\com.st.stm32cube.common.mx_6.15.0.202507011659\\db\/plugins/boardmanager/
2026-02-17 09:50:15,201 [INFO] ApiDb:261 - Set plugin images path to: D:\STM32CubeIDE_1.19.0\STM32CubeIDE\plugins\com.st.stm32cube.common.mx_6.15.0.202507011659\\db\/plugins/mcufinder/images/
2026-02-17 09:50:15,201 [WARN] DbFile:41 - Overriding database path with different value: C:\Users\Hemanth Madu\.stmcufinder\plugins\mcufinder/ => C:\Users\Hemanth Madu\.stmcufinder\plugins\mcufinder
2026-02-17 09:50:15,201 [INFO] ApiDb:250 - Set database path to: C:\Users\Hemanth Madu\.stmcufinder\plugins\mcufinder//mcu/
2026-02-17 09:50:15,201 [WARN] DbFile:41 - Overriding database path with different value: C:\Users\Hemanth Madu\.stmcufinder\plugins\mcufinder/ => C:\Users\Hemanth Madu\.stmcufinder\plugins\mcufinder
2026-02-17 09:50:15,201 [INFO] DbMcusAds:125 - Set database path to: C:\Users\Hemanth Madu\.stmcufinder\plugins\mcufinder//mcu/
2026-02-17 09:50:15,201 [WARN] DbFile:41 - Overriding database path with different value: C:\Users\Hemanth Madu\.stmcufinder\plugins\mcufinder/ => C:\Users\Hemanth Madu\.stmcufinder\plugins\mcufinder
2026-02-17 09:50:15,202 [WARN] DbFile:41 - Overriding database path with different value: C:\Users\Hemanth Madu\.stmcufinder\plugins\mcufinder/ => C:\Users\Hemanth Madu\.stmcufinder\plugins\mcufinder
2026-02-17 09:50:15,202 [INFO] CrossReferenceDbSqlite:203 - Set database path to: C:\Users\Hemanth Madu\.stmcufinder\plugins\mcufinder//mcu/cs/
2026-02-17 09:50:15,262 [INFO] ApplicationProperties:184 - Using Application install path: D:\STM32CubeIDE_1.19.0\STM32CubeIDE\plugins\com.st.stm32cube.common.mx_6.15.0.202507011659
2026-02-17 09:50:15,264 [INFO] PluginManage:196 - Search for loadable plugins [exclusion list=, ]
2026-02-17 09:50:15,271 [INFO] PluginManage:310 - Check plugin analytics
2026-02-17 09:50:15,787 [INFO] AnalyticsPlugin:253 - Accepted Software Licenses: 
2026-02-17 09:50:15,787 [INFO] AnalyticsPlugin:255 - Accepted CMSIS Pack Licenses: 
2026-02-17 09:50:15,787 [INFO] AnalyticsPlugin:257 - Accepted Firmware Licenses: FW.L4.1.18.0
2026-02-17 09:50:15,792 [INFO] PluginManage:359 - Loaded plugin analytics (category:tool,tabindex:-1)
2026-02-17 09:50:15,795 [INFO] PluginManage:310 - Check plugin cadmodel
2026-02-17 09:50:15,885 [INFO] CADModel:105 - Init CAD model plugin
2026-02-17 09:50:15,886 [INFO] PluginManage:359 - Loaded plugin cadmodel (category:power,tabindex:5)
2026-02-17 09:50:15,886 [INFO] PluginManage:310 - Check plugin clock
2026-02-17 09:50:15,964 [INFO] PluginManage:359 - Loaded plugin clock (category:base,tabindex:2)
2026-02-17 09:50:15,964 [INFO] PluginManage:310 - Check plugin ddr
2026-02-17 09:50:15,977 [INFO] PluginManage:359 - Loaded plugin ddr (category:tool,tabindex:6)
2026-02-17 09:50:15,978 [INFO] PluginManage:310 - Check plugin filemanager
2026-02-17 09:50:16,431 [INFO] PluginManage:359 - Loaded plugin filemanager (category:base,tabindex:10)
2026-02-17 09:50:16,431 [INFO] PluginManage:310 - Check plugin ipmanager
2026-02-17 09:50:16,445 [INFO] PluginManage:359 - Loaded plugin ipmanager (category:base,tabindex:5)
2026-02-17 09:50:16,445 [INFO] PluginManage:310 - Check plugin lpbam
2026-02-17 09:50:16,499 [INFO] PluginManage:359 - Loaded plugin lpbam (category:base,tabindex:0)
2026-02-17 09:50:16,499 [INFO] PluginManage:310 - Check plugin memorymap
2026-02-17 09:50:16,631 [INFO] PluginManage:359 - Loaded plugin memorymap (category:base,tabindex:4)
2026-02-17 09:50:16,632 [INFO] PluginManage:310 - Check plugin pinoutandconfiguration
2026-02-17 09:50:16,715 [INFO] PluginManage:359 - Loaded plugin pinoutandconfiguration (category:base,tabindex:1)
2026-02-17 09:50:16,715 [INFO] PluginManage:310 - Check plugin pinoutconfig
2026-02-17 09:50:17,044 [WARN] SupportedApi:132 - Cannot load RTOS API schema: s4s-elt-must-match.1: The content of 'definitions' must match (annotation?, (simpleType | complexType)?, (unique | key | keyref)*)). A problem was found starting at: attribute.
2026-02-17 09:50:17,409 [INFO] PluginManage:359 - Loaded plugin pinoutconfig (category:base,tabindex:0)
2026-02-17 09:50:17,409 [INFO] PluginManage:310 - Check plugin power
2026-02-17 09:50:17,465 [INFO] PluginManage:359 - Loaded plugin power (category:power,tabindex:4)
2026-02-17 09:50:17,465 [INFO] PluginManage:310 - Check plugin projectmanager
2026-02-17 09:50:17,491 [INFO] PluginManage:359 - Loaded plugin projectmanager (category:projectmanager,tabindex:4)
2026-02-17 09:50:17,491 [INFO] PluginManage:310 - Check plugin rif
2026-02-17 09:50:17,567 [INFO] PluginManage:359 - Loaded plugin rif (category:base,tabindex:3)
2026-02-17 09:50:17,567 [INFO] PluginManage:310 - Check plugin thirdparty
2026-02-17 09:50:18,532 [INFO] PluginManage:359 - Loaded plugin thirdparty (category:base,tabindex:-1)
2026-02-17 09:50:18,532 [WARN] IntegrityCheckThread:84 - waiting for thirdparty lock release [integrity check]
2026-02-17 09:50:18,533 [INFO] PluginManage:310 - Check plugin tools
2026-02-17 09:50:18,533 [INFO] IntegrityCheckThread:86 - entering critical section [integrity check]
2026-02-17 09:50:18,533 [INFO] ThirdPartyUpdaterWithRetryManager:70 - Updater plugin not ready yet. [1/15]
2026-02-17 09:50:18,622 [INFO] PluginManage:359 - Loaded plugin tools (category:base,tabindex:7)
2026-02-17 09:50:18,623 [INFO] PluginManage:310 - Check plugin tutovideos
2026-02-17 09:50:19,421 [INFO] PluginManage:359 - Loaded plugin tutovideos (category:base,tabindex:-1)
2026-02-17 09:50:19,421 [INFO] PluginManage:310 - Check plugin updater
2026-02-17 09:50:19,478 [INFO] PluginManage:359 - Loaded plugin updater (category:base,tabindex:12)
2026-02-17 09:50:19,478 [INFO] PluginManage:310 - Check plugin userauth
2026-02-17 09:50:19,486 [INFO] UserAuth:118 - Init User Auth plugin
2026-02-17 09:50:19,487 [INFO] PluginManage:359 - Loaded plugin userauth (category:base,tabindex:14)
2026-02-17 09:50:19,488 [INFO] PluginManage:283 - PluginManage : Loaded plugins [18]
2026-02-17 09:50:20,235 [INFO] PinOutPanel:1589 - setPackage(No Configuration,No Configuration)
2026-02-17 09:50:20,501 [INFO] CADModel:165 - CPN selected for project level
2026-02-17 09:50:20,501 [INFO] CADModel:114 - Register for checkConnection events
2026-02-17 09:50:20,572 [INFO] IPUIPlugin:80 - create IPUIPlugin
2026-02-17 09:50:20,572 [INFO] PluginManager:220 - loadIPPluginJar : add adc
2026-02-17 09:50:20,652 [INFO] IPUIPlugin:80 - create IPUIPlugin
2026-02-17 09:50:20,652 [INFO] PluginManager:220 - loadIPPluginJar : add aes
2026-02-17 09:50:20,730 [INFO] IPUIPlugin:80 - create IPUIPlugin
2026-02-17 09:50:20,730 [INFO] PluginManager:220 - loadIPPluginJar : add can
2026-02-17 09:50:20,782 [INFO] IPUIPlugin:80 - create IPUIPlugin
2026-02-17 09:50:20,783 [INFO] PluginManager:220 - loadIPPluginJar : add comp
2026-02-17 09:50:20,855 [INFO] IPUIPlugin:80 - create IPUIPlugin
2026-02-17 09:50:20,855 [INFO] PluginManager:220 - loadIPPluginJar : add cryp
2026-02-17 09:50:20,906 [INFO] IPUIPlugin:80 - create IPUIPlugin
2026-02-17 09:50:20,907 [INFO] PluginManager:220 - loadIPPluginJar : add ddr_ctrl_phy
2026-02-17 09:50:20,989 [INFO] IPUIPlugin:80 - create IPUIPlugin
2026-02-17 09:50:20,989 [INFO] PluginManager:220 - loadIPPluginJar : add dfsdm
2026-02-17 09:50:21,021 [INFO] IPUIPlugin:80 - create IPUIPlugin
2026-02-17 09:50:21,022 [INFO] PluginManager:220 - loadIPPluginJar : add dma
2026-02-17 09:50:21,100 [INFO] IPUIPlugin:80 - create IPUIPlugin
2026-02-17 09:50:21,100 [INFO] PluginManager:220 - loadIPPluginJar : add dma3
2026-02-17 09:50:21,207 [INFO] IPUIPlugin:80 - create IPUIPlugin
2026-02-17 09:50:21,207 [INFO] PluginManager:220 - loadIPPluginJar : add extmemmanager
2026-02-17 09:50:21,270 [INFO] IPUIPlugin:80 - create IPUIPlugin
2026-02-17 09:50:21,270 [INFO] PluginManager:220 - loadIPPluginJar : add fatfs
2026-02-17 09:50:21,406 [INFO] IPUIPlugin:80 - create IPUIPlugin
2026-02-17 09:50:21,406 [INFO] PluginManager:220 - loadIPPluginJar : add fmc
2026-02-17 09:50:21,469 [INFO] IPUIPlugin:80 - create IPUIPlugin
2026-02-17 09:50:21,469 [INFO] PluginManager:220 - loadIPPluginJar : add freertos
2026-02-17 09:50:21,533 [INFO] IPUIPlugin:80 - create IPUIPlugin
2026-02-17 09:50:21,533 [INFO] PluginManager:220 - loadIPPluginJar : add genericplugin
2026-02-17 09:50:21,534 [INFO] ThirdPartyUpdaterWithRetryManager:70 - Updater plugin not ready yet. [2/15]
2026-02-17 09:50:21,731 [INFO] IPUIPlugin:80 - create IPUIPlugin
2026-02-17 09:50:21,731 [INFO] PluginManager:220 - loadIPPluginJar : add gfxmmu
2026-02-17 09:50:21,992 [INFO] IPUIPlugin:80 - create IPUIPlugin
2026-02-17 09:50:21,992 [INFO] PluginManager:220 - loadIPPluginJar : add gic
2026-02-17 09:50:22,036 [INFO] IPUIPlugin:80 - create IPUIPlugin
2026-02-17 09:50:22,036 [INFO] PluginManager:220 - loadIPPluginJar : add gpio
2026-02-17 09:50:22,221 [INFO] IPUIPlugin:80 - create IPUIPlugin
2026-02-17 09:50:22,221 [INFO] PluginManager:220 - loadIPPluginJar : add gtzc
2026-02-17 09:50:22,318 [INFO] IPUIPlugin:80 - create IPUIPlugin
2026-02-17 09:50:22,319 [INFO] PluginManager:220 - loadIPPluginJar : add hash
2026-02-17 09:50:22,448 [INFO] IPUIPlugin:80 - create IPUIPlugin
2026-02-17 09:50:22,449 [INFO] PluginManager:220 - loadIPPluginJar : add i2c
2026-02-17 09:50:22,535 [INFO] IPUIPlugin:80 - create IPUIPlugin
2026-02-17 09:50:22,535 [INFO] PluginManager:220 - loadIPPluginJar : add i2s
2026-02-17 09:50:22,627 [INFO] IPUIPlugin:80 - create IPUIPlugin
2026-02-17 09:50:22,628 [INFO] PluginManager:220 - loadIPPluginJar : add i3c
2026-02-17 09:50:22,842 [INFO] IPUIPlugin:80 - create IPUIPlugin
2026-02-17 09:50:22,843 [INFO] PluginManager:220 - loadIPPluginJar : add ipddr
2026-02-17 09:50:23,055 [INFO] IPUIPlugin:80 - create IPUIPlugin
2026-02-17 09:50:23,056 [INFO] PluginManager:220 - loadIPPluginJar : add linkedlist
2026-02-17 09:50:23,138 [INFO] IPUIPlugin:80 - create IPUIPlugin
2026-02-17 09:50:23,138 [INFO] PluginManager:220 - loadIPPluginJar : add lorawan
2026-02-17 09:50:23,226 [INFO] IPUIPlugin:80 - create IPUIPlugin
2026-02-17 09:50:23,226 [INFO] PluginManager:220 - loadIPPluginJar : add ltdc
2026-02-17 09:50:23,271 [INFO] IPUIPlugin:80 - create IPUIPlugin
2026-02-17 09:50:23,271 [INFO] PluginManager:220 - loadIPPluginJar : add mdma
2026-02-17 09:50:23,330 [INFO] IPUIPlugin:80 - create IPUIPlugin
2026-02-17 09:50:23,330 [INFO] PluginManager:220 - loadIPPluginJar : add nvic
2026-02-17 09:50:23,422 [INFO] IPUIPlugin:80 - create IPUIPlugin
2026-02-17 09:50:23,422 [INFO] PluginManager:220 - loadIPPluginJar : add opamp
2026-02-17 09:50:23,574 [INFO] IPUIPlugin:80 - create IPUIPlugin
2026-02-17 09:50:23,575 [INFO] PluginManager:220 - loadIPPluginJar : add openamp
2026-02-17 09:50:23,727 [INFO] IPUIPlugin:80 - create IPUIPlugin
2026-02-17 09:50:23,727 [INFO] PluginManager:220 - loadIPPluginJar : add pdm2pcm
2026-02-17 09:50:23,763 [INFO] IPUIPlugin:80 - create IPUIPlugin
2026-02-17 09:50:23,766 [INFO] PluginManager:220 - loadIPPluginJar : add plateformsettings
2026-02-17 09:50:23,848 [INFO] IPUIPlugin:80 - create IPUIPlugin
2026-02-17 09:50:23,848 [INFO] PluginManager:220 - loadIPPluginJar : add quadspi
2026-02-17 09:50:23,940 [INFO] IPUIPlugin:80 - create IPUIPlugin
2026-02-17 09:50:23,941 [INFO] PluginManager:220 - loadIPPluginJar : add radio
2026-02-17 09:50:23,998 [INFO] IPUIPlugin:80 - create IPUIPlugin
2026-02-17 09:50:23,998 [INFO] PluginManager:220 - loadIPPluginJar : add resmgrutility
2026-02-17 09:50:24,142 [INFO] IPUIPlugin:80 - create IPUIPlugin
2026-02-17 09:50:24,142 [INFO] PluginManager:220 - loadIPPluginJar : add sai
2026-02-17 09:50:24,226 [INFO] IPUIPlugin:80 - create IPUIPlugin
2026-02-17 09:50:24,226 [INFO] PluginManager:220 - loadIPPluginJar : add spi
2026-02-17 09:50:24,475 [INFO] IPUIPlugin:80 - create IPUIPlugin
2026-02-17 09:50:24,475 [INFO] PluginManager:220 - loadIPPluginJar : add stm32_wpan
2026-02-17 09:50:24,535 [INFO] ThirdPartyUpdaterWithRetryManager:70 - Updater plugin not ready yet. [3/15]
2026-02-17 09:50:24,559 [INFO] IPUIPlugin:80 - create IPUIPlugin
2026-02-17 09:50:24,559 [INFO] PluginManager:220 - loadIPPluginJar : add tim
2026-02-17 09:50:24,763 [INFO] IPUIPlugin:80 - create IPUIPlugin
2026-02-17 09:50:24,764 [INFO] PluginManager:220 - loadIPPluginJar : add touchsensing
2026-02-17 09:50:24,845 [INFO] IPUIPlugin:80 - create IPUIPlugin
2026-02-17 09:50:24,845 [INFO] PluginManager:220 - loadIPPluginJar : add tracer_emb
2026-02-17 09:50:24,928 [INFO] IPUIPlugin:80 - create IPUIPlugin
2026-02-17 09:50:24,928 [INFO] PluginManager:220 - loadIPPluginJar : add ts
2026-02-17 09:50:25,011 [INFO] IPUIPlugin:80 - create IPUIPlugin
2026-02-17 09:50:25,011 [INFO] PluginManager:220 - loadIPPluginJar : add tsc
2026-02-17 09:50:25,082 [INFO] IPUIPlugin:80 - create IPUIPlugin
2026-02-17 09:50:25,082 [INFO] PluginManager:220 - loadIPPluginJar : add ucpd
2026-02-17 09:50:25,220 [INFO] IPUIPlugin:80 - create IPUIPlugin
2026-02-17 09:50:25,220 [INFO] PluginManager:220 - loadIPPluginJar : add usart
2026-02-17 09:50:25,369 [INFO] IPUIPlugin:80 - create IPUIPlugin
2026-02-17 09:50:25,369 [INFO] PluginManager:220 - loadIPPluginJar : add usbx
2026-02-17 09:50:25,592 [FATAL] Updater:351 - Updater called before beeing initialized
2026-02-17 09:50:25,714 [INFO] RulesReader:64 - Compatibility file has been processed (317 Rules)
2026-02-17 09:50:25,735 [INFO] RulesReader:64 - Compatibility file has been processed (317 Rules)
2026-02-17 09:50:25,753 [INFO] CADModel:165 - CPN selected for project level
2026-02-17 09:50:25,753 [INFO] CADModel:114 - Register for checkConnection events
2026-02-17 09:50:25,753 [FATAL] Updater:351 - Updater called before beeing initialized
2026-02-17 09:50:25,753 [ERROR] CADModel:125 - Updater not yet initialized, retry later 
2026-02-17 09:50:26,264 [FATAL] Updater:351 - Updater called before beeing initialized
2026-02-17 09:50:26,270 [INFO] CADModel:165 - CPN selected for project level
2026-02-17 09:50:26,270 [INFO] CADModel:114 - Register for checkConnection events
2026-02-17 09:50:26,270 [FATAL] Updater:351 - Updater called before beeing initialized
2026-02-17 09:50:26,270 [ERROR] CADModel:125 - Updater not yet initialized, retry later 
2026-02-17 09:50:26,276 [FATAL] Updater:351 - Updater called before beeing initialized
2026-02-17 09:50:26,498 [FATAL] Updater:351 - Updater called before beeing initialized
2026-02-17 09:50:26,517 [INFO] DbMcusAds:53 - JSON generation date=Tue Feb 10 17:46:36 IST 2026 (1770725796209)
2026-02-17 09:50:26,517 [FATAL] Updater:351 - Updater called before beeing initialized
2026-02-17 09:50:26,871 [WARN] DetailPanel:346 - Failed to get advertising image, set to default
2026-02-17 09:50:27,052 [FATAL] Updater:351 - Updater called before beeing initialized
2026-02-17 09:50:27,054 [FATAL] Updater:351 - Updater called before beeing initialized
2026-02-17 09:50:27,054 [FATAL] Updater:351 - Updater called before beeing initialized
2026-02-17 09:50:27,054 [WARN] DetailPanel:346 - Failed to get advertising image, set to default
2026-02-17 09:50:27,055 [FATAL] Updater:351 - Updater called before beeing initialized
2026-02-17 09:50:27,182 [ERROR] Updater:1198 - MainUpdater not yet initialized. External WinMGr cannot be set.
2026-02-17 09:50:27,204 [INFO] Updater:1134 - Updater Version found : 6.15.0
2026-02-17 09:50:27,250 [INFO] ApplicationProperties:184 - Using Application install path: D:\STM32CubeIDE_1.19.0\STM32CubeIDE\plugins\com.st.stm32cube.common.mx_6.15.0.202507011659
2026-02-17 09:50:27,536 [INFO] ThirdPartyUpdaterWithRetryManager:70 - Updater plugin not ready yet. [4/15]
2026-02-17 09:50:28,882 [ERROR] LogOutputStream:75 - [STDERR_REDIRECT] Feb 17, 2026 9:50:28 AM java.util.prefs.WindowsPreferences <init>
2026-02-17 09:50:28,886 [ERROR] LogOutputStream:75 - [STDERR_REDIRECT] WARNING: Could not open/create prefs root node Software\JavaSoft\Prefs at root 0xffffffff80000002. Windows RegCreateKeyEx(...) returned error code 5.
2026-02-17 09:50:28,886 [ERROR] LogOutputStream:75 - [STDERR_REDIRECT] 
2026-02-17 09:50:29,613 [INFO] MainUpdater:2872 - connection check result : 10
2026-02-17 09:50:29,614 [INFO] MainUpdater:289 - Updater Check For Update Now.
2026-02-17 09:50:29,614 [INFO] MicroXplorer:498 - Change Database Version : DB.6.0.150
2026-02-17 09:50:29,668 [INFO] McuFinderGlobals:63 - Set McuFinder mode to 2 (CubeIDE integrated)
2026-02-17 09:50:29,691 [INFO] UserAuth:487 - Internet connection configuration mode: 1
2026-02-17 09:50:29,810 [INFO] JxBrowserEngine:152 - Initiate JxBrowser Engine with user profile folder
2026-02-17 09:50:30,041 [INFO] CheckServerUpdateThread:120 - End of CheckServer Thread
2026-02-17 09:50:31,271 [WARN] PackLoader:240 - Cannot read IP mode file for STMicroelectronics.FP-SNS-MOTENVWB1.1.4.0
2026-02-17 09:50:31,304 [WARN] PackLoader:240 - Cannot read IP mode file for STMicroelectronics.FP-ATR-ASTRA1.2.0.2
2026-02-17 09:50:31,347 [WARN] PackLoader:240 - Cannot read IP mode file for STMicroelectronics.X-CUBE-SMBUS.2.1.0
2026-02-17 09:50:31,479 [WARN] PackLoader:240 - Cannot read IP mode file for STMicroelectronics.X-CUBE-AZRTOS-F7.1.1.0
2026-02-17 09:50:31,526 [WARN] PackLoader:240 - Cannot read IP mode file for STMicroelectronics.FP-SNS-MOTENV1.5.1.0
2026-02-17 09:50:31,570 [WARN] PackLoader:240 - Cannot read IP mode file for WES.I-CUBE-Cesium.1.4.0
2026-02-17 09:50:31,655 [WARN] PackLoader:240 - Cannot read IP mode file for STMicroelectronics.X-CUBE-AZRTOS-H7.3.4.0
2026-02-17 09:50:31,700 [WARN] PackLoader:240 - Cannot read IP mode file for STMicroelectronics.X-CUBE-DISPLAY.3.0.0
2026-02-17 09:50:31,793 [WARN] PackLoader:240 - Cannot read IP mode file for STMicroelectronics.X-CUBE-NFC10.1.0.0
2026-02-17 09:50:31,836 [WARN] PackLoader:240 - Cannot read IP mode file for STMicroelectronics.X-CUBE-ST60.1.1.0
2026-02-17 09:50:31,873 [WARN] PackLoader:240 - Cannot read IP mode file for emotas.I-CUBE-CANOPEN.1.3.0
2026-02-17 09:50:31,921 [WARN] PackLoader:240 - Cannot read IP mode file for STMicroelectronics.X-CUBE-GNSS1.7.1.0
2026-02-17 09:50:32,404 [WARN] PackLoader:240 - Cannot read IP mode file for STMicroelectronics.FP-SNS-STBOX1.2.1.0
2026-02-17 09:50:32,438 [WARN] PackLoader:240 - Cannot read IP mode file for STMicroelectronics.FP-SNS-SMARTAG2.1.2.0
2026-02-17 09:50:32,475 [WARN] PackLoader:240 - Cannot read IP mode file for STMicroelectronics.FP-SNS-FLIGHT1.5.1.0
2026-02-17 09:50:32,532 [INFO] LogOutputStream:77 - [STDOUT_REDIRECT] 1 : Invalid condition id : UX_CORESTACK_Condition cause : null
2026-02-17 09:50:32,535 [INFO] LogOutputStream:77 - [STDOUT_REDIRECT] 1 : Invalid condition id : UX_CORESTACK_Condition cause : null
2026-02-17 09:50:32,537 [INFO] LogOutputStream:77 - [STDOUT_REDIRECT] 1 : Invalid condition id : UX_CORESTACK_Condition cause : null
2026-02-17 09:50:32,539 [INFO] LogOutputStream:77 - [STDOUT_REDIRECT] 1 : Invalid condition id : UX_CORESTACK_Condition cause : null
2026-02-17 09:50:32,542 [INFO] LogOutputStream:77 - [STDOUT_REDIRECT] 1 : Invalid condition id : UX_CORESTACK_Condition cause : null
2026-02-17 09:50:32,547 [WARN] PackLoader:240 - Cannot read IP mode file for STMicroelectronics.X-CUBE-AZRTOS-WL.2.0.0
2026-02-17 09:50:32,627 [WARN] PackLoader:240 - Cannot read IP mode file for STMicroelectronics.X-CUBE-AZRTOS-H7RS.1.2.0
2026-02-17 09:50:32,658 [WARN] PackLoader:240 - Cannot read IP mode file for STMicroelectronics.X-CUBE-BLE2.3.3.0
2026-02-17 09:50:32,845 [WARN] PackLoader:240 - Cannot read IP mode file for Infineon.AIROC-Wi-Fi-Bluetooth-STM32.1.8.0
2026-02-17 09:50:33,087 [WARN] PackLoader:240 - Cannot read IP mode file for STMicroelectronics.X-CUBE-NFC9.1.0.0
2026-02-17 09:50:33,143 [WARN] PackLoader:240 - Cannot read IP mode file for STMicroelectronics.X-CUBE-BLE1.7.1.0
2026-02-17 09:50:33,194 [WARN] PackLoader:240 - Cannot read IP mode file for wolfSSL.I-CUBE-wolfMQTT.1.19.2
2026-02-17 09:50:33,254 [WARN] PackLoader:240 - Cannot read IP mode file for STMicroelectronics.X-CUBE-FREERTOS.1.4.0
2026-02-17 09:50:33,301 [WARN] PackLoader:240 - Cannot read IP mode file for STMicroelectronics.X-CUBE-EEPRMA1.5.2.0
2026-02-17 09:50:33,333 [WARN] PackLoader:240 - Cannot read IP mode file for wolfSSL.I-CUBE-wolfSSL.5.8.4
2026-02-17 09:50:33,363 [WARN] PackLoader:240 - Cannot read IP mode file for Cesanta.I-CUBE-Mongoose.7.20.0
2026-02-17 09:50:33,501 [WARN] PackLoader:240 - Cannot read IP mode file for STMicroelectronics.X-CUBE-MEMS1.12.0.0
2026-02-17 09:50:33,788 [INFO] WebApp:169 - Instantiating new browser for Auth
2026-02-17 09:50:33,839 [WARN] PackLoader:240 - Cannot read IP mode file for STMicroelectronics.X-CUBE-AZRTOS-G0.1.1.0
2026-02-17 09:50:33,916 [WARN] PackLoader:240 - Cannot read IP mode file for STMicroelectronics.X-CUBE-NFC4.3.0.0
2026-02-17 09:50:33,966 [WARN] PackLoader:240 - Cannot read IP mode file for EmbeddedOffice.I-CUBE-FS-RTOS.1.0.1
2026-02-17 09:50:34,008 [WARN] PackLoader:240 - Cannot read IP mode file for STMicroelectronics.X-CUBE-WB05N.2.0.0
2026-02-17 09:50:34,046 [WARN] PackLoader:240 - Cannot read IP mode file for wolfSSL.I-CUBE-wolfTPM.3.8.0
2026-02-17 09:50:34,090 [WARN] PackLoader:240 - Cannot read IP mode file for STMicroelectronics.X-CUBE-TCPP.4.2.0
2026-02-17 09:50:34,127 [WARN] PackLoader:240 - Cannot read IP mode file for RealThread.X-CUBE-RT-Thread_Nano.4.1.1
2026-02-17 09:50:34,164 [WARN] PackLoader:240 - Cannot read IP mode file for STMicroelectronics.FP-ATR-SIGFOX1.3.2.0
2026-02-17 09:50:34,205 [WARN] PackLoader:240 - Cannot read IP mode file for ITTIA_DB.I-CUBE-ITTIADB.8.9.0
2026-02-17 09:50:34,249 [WARN] PackLoader:240 - Cannot read IP mode file for STMicroelectronics.X-CUBE-NFC6.3.2.0
2026-02-17 09:50:34,291 [WARN] PackLoader:240 - Cannot read IP mode file for STMicroelectronics.X-CUBE-AI.10.2.0
2026-02-17 09:50:34,365 [WARN] PackLoader:240 - Cannot read IP mode file for SEGGER.I-CUBE-embOS.1.3.1
2026-02-17 09:50:34,541 [WARN] PackLoader:240 - Cannot read IP mode file for STMicroelectronics.X-CUBE-ALGOBUILD.1.4.0
2026-02-17 09:50:34,600 [WARN] PackLoader:240 - Cannot read IP mode file for STMicroelectronics.X-CUBE-PM33A1.1.0.0
2026-02-17 09:50:34,703 [WARN] PackLoader:240 - Cannot read IP mode file for STMicroelectronics.X-CUBE-AZRTOS-F4.1.1.0
2026-02-17 09:50:34,804 [WARN] PackLoader:240 - Cannot read IP mode file for STMicroelectronics.X-CUBE-ISPU.2.1.0
2026-02-17 09:50:34,881 [WARN] PackLoader:240 - Cannot read IP mode file for STMicroelectronics.X-CUBE-IPS.3.2.0
2026-02-17 09:50:34,933 [WARN] PackLoader:240 - Cannot read IP mode file for STMicroelectronics.X-CUBE-NFC12.1.0.0
2026-02-17 09:50:35,035 [WARN] PackLoader:240 - Cannot read IP mode file for STMicroelectronics.X-CUBE-AZRTOS-L5.2.0.0
2026-02-17 09:50:35,095 [WARN] PackLoader:240 - Cannot read IP mode file for STMicroelectronics.X-CUBE-TOUCHGFX.4.26.0
2026-02-17 09:50:35,146 [WARN] PackLoader:240 - Cannot read IP mode file for STMicroelectronics.FP-SNS-STAIOTCFT.1.0.0
2026-02-17 09:50:35,195 [WARN] PackLoader:240 - Cannot read IP mode file for STMicroelectronics.X-CUBE-DPower.1.3.0
2026-02-17 09:50:35,289 [WARN] ConditionMgr:438 - getConditionDescription Invalid condition id : LAN8742 Phy interface Condition cause : null
2026-02-17 09:50:35,289 [WARN] PackLoader:240 - Cannot read IP mode file for STMicroelectronics.X-CUBE-AZRTOS-L4.2.0.0
2026-02-17 09:50:35,289 [WARN] ConditionMgr:1044 - genDependencies : Invalid condition id : LAN8742 Phy interface Condition cause : null
2026-02-17 09:50:35,289 [WARN] ConditionMgr:1044 - genDependencies : Invalid condition id : LAN8742 Phy interface Condition cause : null
2026-02-17 09:50:35,289 [WARN] ConditionMgr:1044 - genDependencies : Invalid condition id : LAN8742 Phy interface Condition cause : null
2026-02-17 09:50:35,345 [WARN] PackLoader:240 - Cannot read IP mode file for STMicroelectronics.X-CUBE-SFXS2LP1.4.0.0
2026-02-17 09:50:35,410 [WARN] PackLoader:240 - Cannot read IP mode file for STMicroelectronics.X-CUBE-ST67W61.1.2.0
2026-02-17 09:50:35,471 [WARN] PackLoader:240 - Cannot read IP mode file for STMicroelectronics.X-CUBE-BLEMGR.4.1.0
2026-02-17 09:50:35,545 [WARN] ConditionMgr:438 - getConditionDescription Invalid condition id : UX DEVICE CLASS RTOS Condition cause : null
2026-02-17 09:50:35,549 [WARN] ConditionMgr:438 - getConditionDescription Invalid condition id : UX DEVICE CLASS RTOS Condition cause : null
2026-02-17 09:50:35,554 [WARN] PackLoader:240 - Cannot read IP mode file for STMicroelectronics.X-CUBE-AZRTOS-WB.2.0.0
2026-02-17 09:50:35,555 [WARN] ConditionMgr:1044 - genDependencies : Invalid condition id : UX DEVICE CLASS RTOS Condition cause : null
2026-02-17 09:50:35,555 [WARN] ConditionMgr:1044 - genDependencies : Invalid condition id : UX DEVICE CLASS RTOS Condition cause : null
2026-02-17 09:50:35,556 [WARN] ConditionMgr:1044 - genDependencies : Invalid condition id : UX DEVICE CLASS RTOS Condition cause : null
2026-02-17 09:50:35,557 [WARN] ConditionMgr:1044 - genDependencies : Invalid condition id : UX DEVICE CLASS RTOS Condition cause : null
2026-02-17 09:50:35,557 [WARN] ConditionMgr:1044 - genDependencies : Invalid condition id : UX DEVICE CLASS RTOS Condition cause : null
2026-02-17 09:50:35,592 [WARN] ConditionMgr:438 - getConditionDescription Invalid condition id : Cortex-A Device cause : null
2026-02-17 09:50:35,647 [WARN] ConditionMgr:1044 - genDependencies : Invalid condition id : Cortex-A Device cause : null
2026-02-17 09:50:35,647 [WARN] ConditionMgr:1044 - genDependencies : Invalid condition id : Cortex-A Device cause : null
2026-02-17 09:50:35,647 [WARN] ConditionMgr:1044 - genDependencies : Invalid condition id : Cortex-A Device cause : null
2026-02-17 09:50:35,693 [WARN] PackLoader:240 - Cannot read IP mode file for STMicroelectronics.X-CUBE-STSE01.2.0.0
2026-02-17 09:50:35,758 [WARN] PackLoader:240 - Cannot read IP mode file for STMicroelectronics.X-CUBE-SUBG2.5.0.0
2026-02-17 09:50:35,831 [WARN] PackLoader:240 - Cannot read IP mode file for STMicroelectronics.X-CUBE-AZRTOS-G4.2.0.0
2026-02-17 09:50:35,900 [WARN] PackLoader:240 - Cannot read IP mode file for wolfSSL.I-CUBE-wolfSSH.1.4.20
2026-02-17 09:50:35,934 [WARN] PackLoader:240 - Cannot read IP mode file for STMicroelectronics.X-CUBE-NFC7.2.0.0
2026-02-17 09:50:35,985 [WARN] PackLoader:240 - Cannot read IP mode file for STMicroelectronics.X-CUBE-ALS.1.0.2
2026-02-17 09:50:36,045 [WARN] PackLoader:240 - Cannot read IP mode file for STMicroelectronics.X-CUBE-TOF1.3.4.3
2026-02-17 09:50:36,080 [INFO] ThirdParty:978 - Integrity check success = true
2026-02-17 09:50:36,080 [INFO] IntegrityCheckThread:100 - exiting critical section [integrity check]
2026-02-17 09:50:36,080 [INFO] IntegrityCheckThread:103 - End integrity checks thread
2026-02-17 09:50:36,638 [INFO] WebApp:463 - Apply proxy settings
2026-02-17 09:50:36,640 [INFO] WebApp:548 - Chromium requires no authentication
2026-02-17 09:50:36,667 [INFO] WebApp:491 - Direct internet connection detected
2026-02-17 09:50:36,764 [INFO] WebApp:900 - Register for checkConnection events
2026-02-17 09:50:36,764 [INFO] WebApp:463 - Apply proxy settings
2026-02-17 09:50:36,764 [INFO] WebApp:548 - Chromium requires no authentication
2026-02-17 09:50:36,766 [INFO] WebApp:491 - Direct internet connection detected
2026-02-17 09:50:37,012 [INFO] WebApp:191 - Connection restablished
2026-02-17 09:50:37,654 [INFO] WebApp:225 - Starting web application
2026-02-17 09:50:37,654 [INFO] WebApp:593 - Web application path used D:\STM32CubeIDE_1.19.0\STM32CubeIDE\plugins\com.st.stm32cube.common.mx_6.15.0.202507011659\db\plugins\mcufinder\reactClient1\index.html
2026-02-17 09:50:38,059 [INFO] UserAuth:487 - Internet connection configuration mode: 1
2026-02-17 09:55:04,088 [INFO] McuFinderGlobals:63 - Set McuFinder mode to 2 (CubeIDE integrated)
2026-02-17 09:55:04,176 [INFO] MainUpdater:2872 - connection check result : 10
2026-02-17 09:55:04,269 [INFO] McuFinderGlobals:76 - Set McuFinderConnectedMode to true
2026-02-17 09:55:04,633 [INFO] ServerAccessManage:452 - Complete download http(s) 200
2026-02-17 09:55:04,639 [INFO] ServerAccessManage:509 - Download File mcusAds.json._tmp_
2026-02-17 09:55:04,778 [INFO] LoadUrlFilesThread:156 - End of LoadUrlFiles Thread
2026-02-17 09:55:05,190 [INFO] ServerAccessManage:452 - Complete download http(s) 200
2026-02-17 09:55:05,191 [INFO] ServerAccessManage:509 - Download File cube-finder-db.zip
2026-02-17 09:55:21,269 [INFO] FileExtend:248 - Unzip File : cube-finder-db.zip
2026-02-17 09:55:21,271 [INFO] FileExtend:263 - Standard Zip Deflate
2026-02-17 09:55:23,073 [INFO] LoadUrlFilesThread:156 - End of LoadUrlFiles Thread
2026-02-17 09:55:24,590 [INFO] ServerAccessManage:452 - Complete download http(s) 200
2026-02-17 09:55:24,592 [INFO] ServerAccessManage:509 - Download File crdb.zip
2026-02-17 09:55:27,168 [INFO] FileExtend:248 - Unzip File : crdb.zip
2026-02-17 09:55:27,169 [INFO] FileExtend:263 - Standard Zip Deflate
2026-02-17 09:55:27,338 [INFO] LoadUrlFilesThread:156 - End of LoadUrlFiles Thread
2026-02-17 09:55:27,875 [INFO] ServerAccessManage:452 - Complete download http(s) 200
2026-02-17 09:55:27,876 [INFO] ServerAccessManage:509 - Download File tutoVideoDB.zip
2026-02-17 09:55:27,979 [INFO] FileExtend:248 - Unzip File : tutoVideoDB.zip
2026-02-17 09:55:27,980 [INFO] FileExtend:263 - Standard Zip Deflate
2026-02-17 09:55:28,124 [INFO] LoadUrlFilesThread:156 - End of LoadUrlFiles Thread
2026-02-17 09:55:28,127 [WARN] DbFile:41 - Overriding database path with different value: C:\Users\Hemanth Madu\.stmcufinder\plugins\mcufinder/ => C:\Users\Hemanth Madu\.stmcufinder\plugins\mcufinder
2026-02-17 09:55:28,482 [INFO] ServerAccessManage:452 - Complete download http(s) 200
2026-02-17 09:55:28,482 [INFO] ServerAccessManage:509 - Download File api_config.json
2026-02-17 09:55:28,596 [INFO] LoadUrlFilesThread:156 - End of LoadUrlFiles Thread
2026-02-17 09:55:28,597 [INFO] DbMcusAds:53 - JSON generation date=Tue Feb 10 17:46:36 IST 2026 (1770725796209)
2026-02-17 09:55:28,638 [INFO] LoadUrlFilesThread:185 - End of LoadServerUrlFiles without Thread
2026-02-17 09:55:28,638 [INFO] TargetSelectorAdapter:259 - Refresh data is successful
2026-02-17 09:55:29,464 [INFO] ApiDb:581 - Connected to CubeFinder SQLite database (C:\Users\Hemanth Madu\.stmcufinder\plugins\mcufinder\mcu\cube-finder-db.db)
2026-02-17 09:55:29,568 [INFO] ApiDb:668 - CubeFinder database Data Model version=2.1
2026-02-17 09:55:29,568 [INFO] ApiDb:669 - CubeFinder database Configuration version=3.0.39
2026-02-17 09:55:29,568 [INFO] ApiDb:670 - CubeFinder database generation date=2025-12-22 (1766407740)
2026-02-17 09:55:29,568 [INFO] ApiDb:671 - CubeFinder database FW Pack versions=[FP-ATR-ASTRA1_V2.0.0, FP-SNS-FLIGHT1_V5.1.0, FP-SNS-MOTENV1_V5.1.0, FP-SNS-MOTENVWB1_V1.4.0, FP-SNS-SMARTAG2_V1.2.0, FP-SNS-STBOX1_V2.1.0, STM32Cube_FW_C0_V1.4.0, STM32Cube_FW_F4_V1.28.3, STM32Cube_FW_F7_V1.17.4, STM32Cube_FW_G0_V1.6.2, STM32Cube_FW_G4_V1.6.1, STM32Cube_FW_H5_V1.5.1, STM32Cube_FW_H7RS_V1.3.0, STM32Cube_FW_H7_V1.12.1, STM32Cube_FW_L0_V1.12.2, STM32Cube_FW_L4_V1.18.1, STM32Cube_FW_L5_V1.6.0, STM32Cube_FW_N6_V1.3.0, STM32Cube_FW_U0_V1.3.0, STM32Cube_FW_U3_V1.2.1, STM32Cube_FW_U5_V1.8.0, STM32Cube_FW_WB0_V1.4.0, STM32Cube_FW_WBA_V1.8.0, STM32Cube_FW_WB_V1.24.0, STM32Cube_FW_WL3_V1.3.0, STM32Cube_FW_WL_V1.4.0, X-CUBE-ALGOBUILD_V1.4.0, X-CUBE-ALS_V1.0.2, X-CUBE-AZRTOS-F4_V1.1.0, X-CUBE-AZRTOS-F7_V1.1.0, X-CUBE-AZRTOS-G0_V1.1.0, X-CUBE-AZRTOS-G4_V2.0.0, X-CUBE-AZRTOS-H7RS_V1.1.0, X-CUBE-AZRTOS-H7_V3.4.0, X-CUBE-AZRTOS-L4_V2.0.0, X-CUBE-AZRTOS-L5_V2.0.0, X-CUBE-AZRTOS-WB_V2.0.0, X-CUBE-AZRTOS-WL_V2.0.0, X-CUBE-BLE1_V7.1.0, X-CUBE-BLE2_V3.3.0, X-CUBE-BLEMGR_V4.1.0, X-CUBE-EEPRMA1_V5.2.0, X-CUBE-FREERTOS_V1.3.1, X-CUBE-GNSS1_V6.0.0, X-CUBE-MEMS1_V12.0.0, X-CUBE-NFC4_V3.0.0, X-CUBE-NFC7_V2.0.0, X-CUBE-SFXS2LP1_V4.0.0, X-CUBE-ST67W61_V1.1.0, X-CUBE-SUBG2_V5.0.0, X-CUBE-TOF1_V3.4.3]
2026-02-17 09:55:32,384 [INFO] ApiDb:240 - Found 880 in-development CPN: [B-G473E-ZEST1S, B-WB1M-WPAN1, B-WBA5M-WPAN, B-WL5M-SUBG1, NUCLEO-C031C6, NUCLEO-C051C8, NUCLEO-C071RB, NUCLEO-C092RC, NUCLEO-H503RB, NUCLEO-H533RE, NUCLEO-H563ZI, NUCLEO-H7S3L8, NUCLEO-N657X0-Q, NUCLEO-U031R8, NUCLEO-U083RC, NUCLEO-U385RG-Q, NUCLEO-U545RE-Q, NUCLEO-U5A5ZJ-Q, NUCLEO-WB05KZ, NUCLEO-WB07CC, NUCLEO-WB09KE, NUCLEO-WBA52CG, NUCLEO-WBA55CG, NUCLEO-WL33CC1, NUCLEO-WL33CC2, STEVAL-PROTEUS1, STEVAL-SMARTAG2, STEVAL-STWINBX1, STM320518-EVAL, STM32C0116-DK, STM32C011D6Y3TR, STM32C011D6Y6TR, STM32C011F4P3, STM32C011F4P6, STM32C011F4U3, STM32C011F4U6TR, STM32C011F6P3, STM32C011F6P6, STM32C011F6U3, STM32C011F6U6TR, STM32C011J4M3, STM32C011J4M6, STM32C011J6M3, STM32C011J6M6, STM32C0316-DK, STM32C031C4T3, STM32C031C4T6, STM32C031C4U3, STM32C031C4U6, STM32C031C6T3, STM32C031C6T6, STM32C031C6U3, STM32C031C6U6, STM32C031F4P3, STM32C031F4P6, STM32C031F6P3, STM32C031F6P6, STM32C031G4U3, STM32C031G4U6, STM32C031G6U3, STM32C031G6U6, STM32C031K4T3, STM32C031K4T6, STM32C031K4U3, STM32C031K4U6, STM32C031K6T3, STM32C031K6T6, STM32C031K6U3, STM32C031K6U6, STM32C051C6T6, STM32C051C6U6, STM32C051C8T6, STM32C051C8U6, STM32C051D8Y6TR, STM32C051F6P6, STM32C051F8P6, STM32C051G6U6, STM32C051G8U6, STM32C051K6T6, STM32C051K6U6, STM32C051K8T6, STM32C071C8T6, STM32C071C8T6N, STM32C071C8U6, STM32C071C8U6N, STM32C071CBT6, STM32C071CBT6N, STM32C071CBU6, STM32C071CBU6N, STM32C071F8P6, STM32C071F8P6N, STM32C071FBP6, STM32C071FBP6N, STM32C071FBY6TR, STM32C071G8U6, STM32C071G8U6N, STM32C071GBU6, STM32C071GBU6N, STM32C071K8T6, STM32C071K8T6N, STM32C071K8U6, STM32C071K8U6N, STM32C071KBT6, STM32C071KBT6N, STM32C071KBU6, STM32C071KBU6N, STM32C071R8T6, STM32C071R8T6N, STM32C071RBI6N, STM32C071RBT6, STM32C071RBT6N, STM32C091CBT6, STM32C091CBU6, STM32C091CCT6, STM32C091CCU6, STM32C091ECY6TR, STM32C091FBP6, STM32C091FCP6, STM32C091GBU6, STM32C091GCU6, STM32C091KBT6, STM32C091KBU6, STM32C091KCT6, STM32C091KCU6, STM32C091RBT6, STM32C091RCI6, STM32C091RCT6, STM32C092CBT6, STM32C092CBU6, STM32C092CCT6, STM32C092CCU6, STM32C092ECY6TR, STM32C092FBP6, STM32C092FCP6, STM32C092GBU6, STM32C092GCU6, STM32C092KBT6, STM32C092KBU6, STM32C092KCT6, STM32C092KCU6, STM32C092RBT6, STM32C092RCI6, STM32C092RCT6, STM32G071K8TXN, STM32G071K8UXN, STM32G081GBU6N, STM32G081KBT6N, STM32G081KBUXN, STM32G0B1CCT6N, STM32G0B1KCT6, STM32G0B1NEY6TR, STM32G0B1RCT6N, STM32G0C1CCT6, STM32G0C1CCT6N, STM32G0C1CCU6N, STM32G0C1CET6N, STM32G0C1CEU6N, STM32G0C1KCT6, STM32G0C1NEY6TR, STM32G0C1RCI6N, STM32G0C1RCT6N, STM32G0C1REI6N, STM32G0C1RET6N, STM32G0C1VCI6, STM32G0C1VEI6, STM32G411C6T3, STM32G411C6T6, STM32G411C6U3, STM32G411C6U6, STM32G411C8T3, STM32G411C8T6, STM32G411C8U3, STM32G411C8U6, STM32G411CBT3, STM32G411CBT6, STM32G411CBU3, STM32G411CBU6, STM32G411K6T3, STM32G411K6T6, STM32G411K6U3, STM32G411K6U6, STM32G411K8T3, STM32G411K8T6, STM32G411K8U3, STM32G411K8U6, STM32G411KBT3, STM32G411KBT6, STM32G411KBU3, STM32G411KBU6, STM32G411M6T3, STM32G411M6T6, STM32G411M8T3, STM32G411M8T6, STM32G411MBT3, STM32G411MBT6, STM32G411R6T3, STM32G411R6T6, STM32G411R8T3, STM32G411R8T6, STM32G411RBT3, STM32G411RBT6, STM32G414CBT3, STM32G414CBT6, STM32G414CBU3, STM32G414CBU6, STM32G414CCT3, STM32G414CCT6, STM32G414CCU3, STM32G414CCU6, STM32G414MBT3, STM32G414MBT6, STM32G414MCT3, STM32G414MCT6, STM32G414RBT3, STM32G414RBT6, STM32G414RCT3, STM32G414RCT6, STM32G414VBT3, STM32G414VBT6, STM32G414VCT3, STM32G414VCT6, STM32G431CBT3Z, STM32G431RBT3Z, STM32G471CCT6, STM32G471CCU6, STM32G471CET3, STM32G471CET6, STM32G471CEU3, STM32G471CEU6, STM32G471MCT6, STM32G471MET3, STM32G471MET6, STM32G471MEY6TR, STM32G471QCT6, STM32G471QET3, STM32G471RCT6, STM32G471RET3, STM32G471RET6, STM32G471VCH6, STM32G471VCI6, STM32G471VCT6, STM32G471VEH3, STM32G471VEH6, STM32G471VEI3, STM32G471VEI6, STM32G471VET3, STM32G471VET6, STM32G473QET3Z, STM32G473RET3Z, STM32G474CCT6, STM32G491RET3Z, STM32H503CBT6, STM32H503CBU6, STM32H503EBY6TR, STM32H503KBU6, STM32H503RBT6, STM32H523CCT6, STM32H523CCU6, STM32H523CET6, STM32H523CEU6, STM32H523HEY6TR, STM32H523RCT6, STM32H523RET6, STM32H523VCI6, STM32H523VCT6, STM32H523VEI6, STM32H523VET6, STM32H523ZCJ6, STM32H523ZCT6, STM32H523ZEJ6, STM32H523ZET6, STM32H533CET6, STM32H533CEU6, STM32H533HEY6TR, STM32H533RET6, STM32H533VEI6, STM32H533VET6, STM32H533ZEJ6, STM32H533ZET6, STM32H562AGI6, STM32H562AII6, STM32H562IGK6, STM32H562IGT6, STM32H562IIK6, STM32H562IIT6, STM32H562RGT6, STM32H562RGV6, STM32H562RIT6, STM32H562RIV6, STM32H562VGT6, STM32H562VIT6, STM32H562ZGT6, STM32H562ZIT6, STM32H563AGI6, STM32H563AII3Q, STM32H563AII6, STM32H563IGK6, STM32H563IGT6, STM32H563IIK3Q, STM32H563IIK6, STM32H563IIT3Q, STM32H563IIT6, STM32H563MIY3QTR, STM32H563RGT6, STM32H563RGV6, STM32H563RIT6, STM32H563RIV6, STM32H563VGT6, STM32H563VIT3Q, STM32H563VIT6, STM32H563ZGT6, STM32H563ZIT3Q, STM32H563ZIT6, STM32H573AII3Q, STM32H573AII6, STM32H573I-DK, STM32H573IIK3Q, STM32H573IIK6, STM32H573IIT3Q, STM32H573IIT6, STM32H573MIY3QTR, STM32H573RIT6, STM32H573RIV6, STM32H573VIT3Q, STM32H573VIT6, STM32H573ZIT3Q, STM32H573ZIT6, STM32H7R3A8I6, STM32H7R3I8K6, STM32H7R3I8T6, STM32H7R3L8H6, STM32H7R3L8H6H, STM32H7R3R8V6, STM32H7R3V8H6, STM32H7R3V8T6, STM32H7R3V8Y6TR, STM32H7R3Z8J6, STM32H7R3Z8T6, STM32H7R7A8I6, STM32H7R7I8K6, STM32H7R7I8T6, STM32H7R7L8H6, STM32H7R7L8H6H, STM32H7R7Z8J6, STM32H7S3A8I6, STM32H7S3I8K6, STM32H7S3I8T6, STM32H7S3L8H6, STM32H7S3L8H6H, STM32H7S3R8V6, STM32H7S3V8H6, STM32H7S3V8T6, STM32H7S3V8Y6TR, STM32H7S3Z8J6, STM32H7S3Z8T6, STM32H7S78-DK, STM32H7S7A8I6, STM32H7S7I8K6, STM32H7S7I8T6, STM32H7S7L8H6, STM32H7S7L8H6H, STM32H7S7Z8J6, STM32L4R5QGI6STR, STM32MP131AAE3, STM32MP131AAF3, STM32MP131AAG3, STM32MP131CAE3, STM32MP131CAF3, STM32MP131CAG3, STM32MP131DAE7, STM32MP131DAF7, STM32MP131DAG7, STM32MP131FAE7, STM32MP131FAF7, STM32MP131FAG7, STM32MP133AAE3, STM32MP133AAF3, STM32MP133AAG3, STM32MP133CAE3, STM32MP133CAF3, STM32MP133CAG3, STM32MP133DAE7, STM32MP133DAF7, STM32MP133DAG7, STM32MP133FAE7, STM32MP133FAF7, STM32MP133FAG7, STM32MP135AAE3, STM32MP135AAF3, STM32MP135AAG3, STM32MP135CAE3, STM32MP135CAF3, STM32MP135CAG3, STM32MP135DAE7, STM32MP135DAF7, STM32MP135DAG7, STM32MP135F-DK, STM32MP135FAE7, STM32MP135FAF7, STM32MP135FAF7T, STM32MP135FAF7U, STM32MP135FAG7, STM32MP211AAL3, STM32MP211AAM3, STM32MP211AAN3, STM32MP211AAO3, STM32MP211CAL3, STM32MP211CAM3, STM32MP211CAN3, STM32MP211CAO3, STM32MP211DAL3, STM32MP211DAM3, STM32MP211DAN3, STM32MP211DAO3, STM32MP211FAL3, STM32MP211FAM3, STM32MP211FAN3, STM32MP211FAO3, STM32MP213AAL3, STM32MP213AAM3, STM32MP213AAN3, STM32MP213AAO3, STM32MP213CAL3, STM32MP213CAM3, STM32MP213CAN3, STM32MP213CAO3, STM32MP213DAL3, STM32MP213DAM3, STM32MP213DAN3, STM32MP213DAO3, STM32MP213FAL3, STM32MP213FAM3, STM32MP213FAN3, STM32MP213FAO3, STM32MP215AAL3, STM32MP215AAM3, STM32MP215AAN3, STM32MP215AAO3, STM32MP215CAL3, STM32MP215CAM3, STM32MP215CAN3, STM32MP215CAO3, STM32MP215DAL3, STM32MP215DAM3, STM32MP215DAN3, STM32MP215DAO3, STM32MP215F-DK, STM32MP215FAL3, STM32MP215FAM3, STM32MP215FAN3, STM32MP215FAO3, STM32MP231AAJ3, STM32MP231AAK3, STM32MP231AAL3, STM32MP231CAJ3, STM32MP231CAK3, STM32MP231CAL3, STM32MP231DAJ3, STM32MP231DAK3, STM32MP231DAL3, STM32MP231FAJ3, STM32MP231FAK3, STM32MP231FAL3, STM32MP233AAJ3, STM32MP233AAK3, STM32MP233AAL3, STM32MP233CAJ3, STM32MP233CAK3, STM32MP233CAL3, STM32MP233DAJ3, STM32MP233DAK3, STM32MP233DAL3, STM32MP233FAJ3, STM32MP233FAK3, STM32MP233FAL3, STM32MP235AAJ3, STM32MP235AAK3, STM32MP235AAL3, STM32MP235CAJ3, STM32MP235CAK3, STM32MP235CAL3, STM32MP235DAJ3, STM32MP235DAK3, STM32MP235DAL3, STM32MP235FAJ3, STM32MP235FAK3, STM32MP235FAL3, STM32MP251AAI3, STM32MP251AAK3, STM32MP251AAL3, STM32MP251CAI3, STM32MP251CAK3, STM32MP251CAL3, STM32MP251DAI3, STM32MP251DAK3, STM32MP251DAL3, STM32MP251FAI3, STM32MP251FAK3, STM32MP251FAL3, STM32MP253AAI3, STM32MP253AAK3, STM32MP253AAL3, STM32MP253CAI3, STM32MP253CAK3, STM32MP253CAL3, STM32MP253DAI3, STM32MP253DAK3, STM32MP253DAL3, STM32MP253FAI3, STM32MP253FAK3, STM32MP253FAL3, STM32MP255AAI3, STM32MP255AAK3, STM32MP255AAL3, STM32MP255CAI3, STM32MP255CAK3, STM32MP255CAL3, STM32MP255DAI3, STM32MP255DAK3, STM32MP255DAL3, STM32MP255FAI3, STM32MP255FAK3, STM32MP255FAL3, STM32MP257AAI3, STM32MP257AAK3, STM32MP257AAL3, STM32MP257CAI3, STM32MP257CAK3, STM32MP257CAL3, STM32MP257DAI3, STM32MP257DAK3, STM32MP257DAL3, STM32MP257F-DK, STM32MP257F-EV1, STM32MP257FAI3, STM32MP257FAK3, STM32MP257FAL3, STM32N645A0H3Q, STM32N645B0H3Q, STM32N645I0H3Q, STM32N645L0H3Q, STM32N645X0H3Q, STM32N645Z0H3Q, STM32N647A0H3Q, STM32N647B0H3Q, STM32N647I0H3Q, STM32N647L0H3Q, STM32N647X0H3Q, STM32N647Z0H3Q, STM32N655A0H3Q, STM32N655B0H3Q, STM32N655I0H3Q, STM32N655L0H3Q, STM32N655X0H3Q, STM32N655Z0H3Q, STM32N6570-DK, STM32N657A0H3Q, STM32N657B0H3Q, STM32N657I0H3Q, STM32N657L0H3Q, STM32N657X0H3Q, STM32N657Z0H3Q, STM32U031C6T6, STM32U031C6U6, STM32U031C8T6, STM32U031C8U6, STM32U031F4P6, STM32U031F6P6, STM32U031F8P6, STM32U031G6Y6TR, STM32U031G8Y6TR, STM32U031K4U6, STM32U031K6U6, STM32U031K8U6, STM32U031R6I6, STM32U031R6T6, STM32U031R8I6, STM32U031R8T6, STM32U073C8T6, STM32U073C8U6, STM32U073CBT6, STM32U073CBU6, STM32U073CCT6, STM32U073CCU6, STM32U073H8Y6TR, STM32U073HBY6TR, STM32U073HCY6TR, STM32U073K8U6, STM32U073KBU6, STM32U073KCU6, STM32U073M8I6, STM32U073M8T6, STM32U073MBI6, STM32U073MBT6, STM32U073MCI6, STM32U073MCT6, STM32U073R8I6, STM32U073R8T6, STM32U073RBI6, STM32U073RBT6, STM32U073RCI6, STM32U073RCT6, STM32U083C-DK, STM32U083CCT6, STM32U083CCU6, STM32U083HCY6TR, STM32U083KCU6, STM32U083MCI6, STM32U083MCT6, STM32U083RCI6, STM32U083RCT6, STM32U375CET6, STM32U375CET6Q, STM32U375CEU6, STM32U375CEU6Q, STM32U375CEY6QTR, STM32U375CGT6, STM32U375CGT6Q, STM32U375CGU6, STM32U375CGU6Q, STM32U375CGY6QTR, STM32U375KEU6, STM32U375KGU6, STM32U375REI6, STM32U375REI6Q, STM32U375RET6, STM32U375RET6Q, STM32U375REY6GTR, STM32U375REY6QTR, STM32U375RGI6, STM32U375RGI6Q, STM32U375RGT6, STM32U375RGT6Q, STM32U375RGY6GTR, STM32U375RGY6QTR, STM32U375VEI6, STM32U375VEI6Q, STM32U375VET6, STM32U375VET6Q, STM32U375VGI6, STM32U375VGI6Q, STM32U375VGT6, STM32U375VGT6Q, STM32U385CGT6, STM32U385CGT6Q, STM32U385CGU6, STM32U385CGU6Q, STM32U385CGY6QTR, STM32U385KGU6, STM32U385RGI6, STM32U385RGI6Q, STM32U385RGT6, STM32U385RGT6Q, STM32U385RGY6GTR, STM32U385RGY6QTR, STM32U385VGI6, STM32U385VGI6Q, STM32U385VGT6, STM32U385VGT6Q, STM32U535CBT6, STM32U535CBT6Q, STM32U535CBU6, STM32U535CBU6Q, STM32U535CCT6, STM32U535CCT6Q, STM32U535CCU6, STM32U535CCU6Q, STM32U535CET6, STM32U535CET6Q, STM32U535CEU6, STM32U535CEU6Q, STM32U535JEY6QTR, STM32U535NCY6QTR, STM32U535NEY6QTR, STM32U535RBI6, STM32U535RBI6Q, STM32U535RBT6, STM32U535RBT6Q, STM32U535RCI6, STM32U535RCI6Q, STM32U535RCT6, STM32U535RCT6Q, STM32U535REI6, STM32U535REI6Q, STM32U535RET6, STM32U535RET6Q, STM32U535VCI6, STM32U535VCI6Q, STM32U535VCT6, STM32U535VCT6Q, STM32U535VEI6, STM32U535VEI6Q, STM32U535VET6, STM32U535VET6Q, STM32U545CET6, STM32U545CET6Q, STM32U545CEU6, STM32U545CEU6Q, STM32U545JEY6QTR, STM32U545NEY6QTR, STM32U545REI6, STM32U545REI6Q, STM32U545RET6, STM32U545RET6Q, STM32U545VEI6, STM32U545VEI6Q, STM32U545VET6, STM32U545VET6Q, STM32U595AIH6, STM32U595AIH6Q, STM32U595AJH6, STM32U595AJH6Q, STM32U595QII6, STM32U595QII6Q, STM32U595QJI6, STM32U595QJI6Q, STM32U595RIT6, STM32U595RIT6Q, STM32U595RJT6, STM32U595RJT6Q, STM32U595VIT6, STM32U595VIT6Q, STM32U595VJT6, STM32U595VJT6Q, STM32U595ZIT6, STM32U595ZIT6Q, STM32U595ZIY6QTR, STM32U595ZJT6, STM32U595ZJT6Q, STM32U595ZJY6QTR, STM32U599BJY6QTR, STM32U599NIH6Q, STM32U599NJH6Q, STM32U599VIT6Q, STM32U599VJT6, STM32U599VJT6Q, STM32U599ZIT6Q, STM32U599ZIY6QTR, STM32U599ZJT6Q, STM32U599ZJY6QTR, STM32U5A5AJH6, STM32U5A5AJH6Q, STM32U5A5QII3Q , STM32U5A5QJI6, STM32U5A5QJI6Q, STM32U5A5RJT6, STM32U5A5RJT6Q, STM32U5A5VJT6, STM32U5A5VJT6Q, STM32U5A5ZJT6, STM32U5A5ZJT6Q, STM32U5A5ZJY6QTR, STM32U5A9BJY6QTR, STM32U5A9J-DK, STM32U5A9NJH6Q, STM32U5A9VJT6Q, STM32U5A9ZJT6Q, STM32U5A9ZJY6QTR, STM32U5F7VIT6, STM32U5F7VIT6Q, STM32U5F7VJT6, STM32U5F7VJT6Q, STM32U5F9BJY6QTR, STM32U5F9NJH6Q, STM32U5F9VIT6Q, STM32U5F9VJT6Q, STM32U5F9ZIJ6QTR, STM32U5F9ZIT6Q, STM32U5F9ZJJ6QTR, STM32U5F9ZJT6Q, STM32U5G7VJT6, STM32U5G7VJT6Q, STM32U5G9BJY6QTR, STM32U5G9J-DK1, STM32U5G9J-DK2, STM32U5G9NJH6Q, STM32U5G9VJT6Q, STM32U5G9ZJJ6QTR, STM32U5G9ZJT6Q, STM32WB05KZV6TR, STM32WB05KZV7TR, STM32WB05TZF6TR, STM32WB05TZF7TR, STM32WB06CCF6TR, STM32WB06CCF7TR, STM32WB06CCV6TR, STM32WB06CCV7TR, STM32WB06KCV6TR, STM32WB06KCV7TR, STM32WB07CCF6TR, STM32WB07CCF7TR, STM32WB07CCV6TR, STM32WB07CCV7TR, STM32WB07KCV6TR, STM32WB07KCV7TR, STM32WB09KEV6TR, STM32WB09KEV7TR, STM32WB09TEF6TR, STM32WB09TEF7TR, STM32WB1MMCH6, STM32WBA50KGU6, STM32WBA50KGU6TR, STM32WBA52CEU6, STM32WBA52CEU6TR, STM32WBA52CEU7, STM32WBA52CEU7TR, STM32WBA52CGU6, STM32WBA52CGU6TR, STM32WBA52CGU6U, STM32WBA52CGU7, STM32WBA52CGU7TR, STM32WBA52KEU6, STM32WBA52KEU6TR, STM32WBA52KGU6, STM32WBA52KGU6TR, STM32WBA54CEU6, STM32WBA54CEU6TR, STM32WBA54CEU7, STM32WBA54CEU7TR, STM32WBA54CGU6, STM32WBA54CGU6TR, STM32WBA54CGU7, STM32WBA54CGU7TR, STM32WBA54KEU6, STM32WBA54KEU6TR, STM32WBA54KEU7, STM32WBA54KEU7TR, STM32WBA54KGU6, STM32WBA54KGU6TR, STM32WBA54KGU7, STM32WBA54KGU7TR, STM32WBA55CEU6, STM32WBA55CEU6TR, STM32WBA55CEU7, STM32WBA55CEU7TR, STM32WBA55CGU6, STM32WBA55CGU6TR, STM32WBA55CGU6U, STM32WBA55CGU7, STM32WBA55CGU7TR, STM32WBA55G-DK1, STM32WBA55HEF6, STM32WBA55HEF7, STM32WBA55HGF6, STM32WBA55HGF7, STM32WBA55UEI6, STM32WBA55UEI6TR, STM32WBA55UEI7, STM32WBA55UEI7TR, STM32WBA55UGI6, STM32WBA55UGI6TR, STM32WBA55UGI7, STM32WBA55UGI7TR, STM32WBA5MMGH6TR, STM32WBA62MGF6, STM32WBA62MIF6, STM32WBA65MGF7, STM32WBA65MIF6, STM32WBA65MIF7, STM32WL30K8V6, STM32WL30KBV6, STM32WL31C8V6, STM32WL31CBV6, STM32WL31K8V6, STM32WL31KBV6, STM32WL33C8V6, STM32WL33C8V6X, STM32WL33CBV6, STM32WL33CBV6X, STM32WL33CCV6, STM32WL33CCV6A, STM32WL33CCV6X, STM32WL33K8V7, STM32WL33K8V7X, STM32WL33KBV7 , STM32WL33KBV7X, STM32WL33KCV7, STM32WL33KCV7X, STM32WL5MOCH6, STM32WL5MOCH6TR]
2026-02-17 09:55:32,393 [INFO] DbMcus:218 - Found 4876 MCUs, 4876 are supported
2026-02-17 09:55:32,399 [INFO] ApiDb:423 - Load user favorites file C:\Users\Hemanth Madu/.stm32cubeide/favorites.mcus.txt: 0 item(s)
2026-02-17 09:55:32,399 [INFO] ApiDb:427 - User favorites MCUs=[]
2026-02-17 09:55:32,399 [INFO] DbMcus:224 - Set 0 / 0 favorites MCUs
2026-02-17 09:55:33,215 [INFO] ApiDb:668 - CubeFinder database Data Model version=2.1
2026-02-17 09:55:33,215 [INFO] ApiDb:669 - CubeFinder database Configuration version=3.0.39
2026-02-17 09:55:33,215 [INFO] ApiDb:670 - CubeFinder database generation date=2025-12-22 (1766407740)
2026-02-17 09:55:33,215 [INFO] ApiDb:671 - CubeFinder database FW Pack versions=[FP-ATR-ASTRA1_V2.0.0, FP-SNS-FLIGHT1_V5.1.0, FP-SNS-MOTENV1_V5.1.0, FP-SNS-MOTENVWB1_V1.4.0, FP-SNS-SMARTAG2_V1.2.0, FP-SNS-STBOX1_V2.1.0, STM32Cube_FW_C0_V1.4.0, STM32Cube_FW_F4_V1.28.3, STM32Cube_FW_F7_V1.17.4, STM32Cube_FW_G0_V1.6.2, STM32Cube_FW_G4_V1.6.1, STM32Cube_FW_H5_V1.5.1, STM32Cube_FW_H7RS_V1.3.0, STM32Cube_FW_H7_V1.12.1, STM32Cube_FW_L0_V1.12.2, STM32Cube_FW_L4_V1.18.1, STM32Cube_FW_L5_V1.6.0, STM32Cube_FW_N6_V1.3.0, STM32Cube_FW_U0_V1.3.0, STM32Cube_FW_U3_V1.2.1, STM32Cube_FW_U5_V1.8.0, STM32Cube_FW_WB0_V1.4.0, STM32Cube_FW_WBA_V1.8.0, STM32Cube_FW_WB_V1.24.0, STM32Cube_FW_WL3_V1.3.0, STM32Cube_FW_WL_V1.4.0, X-CUBE-ALGOBUILD_V1.4.0, X-CUBE-ALS_V1.0.2, X-CUBE-AZRTOS-F4_V1.1.0, X-CUBE-AZRTOS-F7_V1.1.0, X-CUBE-AZRTOS-G0_V1.1.0, X-CUBE-AZRTOS-G4_V2.0.0, X-CUBE-AZRTOS-H7RS_V1.1.0, X-CUBE-AZRTOS-H7_V3.4.0, X-CUBE-AZRTOS-L4_V2.0.0, X-CUBE-AZRTOS-L5_V2.0.0, X-CUBE-AZRTOS-WB_V2.0.0, X-CUBE-AZRTOS-WL_V2.0.0, X-CUBE-BLE1_V7.1.0, X-CUBE-BLE2_V3.3.0, X-CUBE-BLEMGR_V4.1.0, X-CUBE-EEPRMA1_V5.2.0, X-CUBE-FREERTOS_V1.3.1, X-CUBE-GNSS1_V6.0.0, X-CUBE-MEMS1_V12.0.0, X-CUBE-NFC4_V3.0.0, X-CUBE-NFC7_V2.0.0, X-CUBE-SFXS2LP1_V4.0.0, X-CUBE-ST67W61_V1.1.0, X-CUBE-SUBG2_V5.0.0, X-CUBE-TOF1_V3.4.3]
2026-02-17 09:55:33,274 [INFO] DbBoardsSqlite:226 - include board P-NUCLEO-WB55-NUCLEO as a kit item of type 'Nucleo-64'
2026-02-17 09:55:33,274 [INFO] DbBoardsSqlite:226 - include board P-NUCLEO-WB55-USBDONGLE as a kit item of type 'Nucleo USB Dongle'
2026-02-17 09:55:33,274 [INFO] DbBoardsSqlite:226 - include board STEVAL-IDP005V1 as a kit item of type 'Evaluation Board'
2026-02-17 09:55:33,274 [INFO] DbBoardsSqlite:226 - include board STEVAL-IDP005V2 as a kit item of type 'Evaluation Board'
2026-02-17 09:55:33,353 [INFO] ApiDb:240 - Found 880 in-development CPN: [B-G473E-ZEST1S, B-WB1M-WPAN1, B-WBA5M-WPAN, B-WL5M-SUBG1, NUCLEO-C031C6, NUCLEO-C051C8, NUCLEO-C071RB, NUCLEO-C092RC, NUCLEO-H503RB, NUCLEO-H533RE, NUCLEO-H563ZI, NUCLEO-H7S3L8, NUCLEO-N657X0-Q, NUCLEO-U031R8, NUCLEO-U083RC, NUCLEO-U385RG-Q, NUCLEO-U545RE-Q, NUCLEO-U5A5ZJ-Q, NUCLEO-WB05KZ, NUCLEO-WB07CC, NUCLEO-WB09KE, NUCLEO-WBA52CG, NUCLEO-WBA55CG, NUCLEO-WL33CC1, NUCLEO-WL33CC2, STEVAL-PROTEUS1, STEVAL-SMARTAG2, STEVAL-STWINBX1, STM320518-EVAL, STM32C0116-DK, STM32C011D6Y3TR, STM32C011D6Y6TR, STM32C011F4P3, STM32C011F4P6, STM32C011F4U3, STM32C011F4U6TR, STM32C011F6P3, STM32C011F6P6, STM32C011F6U3, STM32C011F6U6TR, STM32C011J4M3, STM32C011J4M6, STM32C011J6M3, STM32C011J6M6, STM32C0316-DK, STM32C031C4T3, STM32C031C4T6, STM32C031C4U3, STM32C031C4U6, STM32C031C6T3, STM32C031C6T6, STM32C031C6U3, STM32C031C6U6, STM32C031F4P3, STM32C031F4P6, STM32C031F6P3, STM32C031F6P6, STM32C031G4U3, STM32C031G4U6, STM32C031G6U3, STM32C031G6U6, STM32C031K4T3, STM32C031K4T6, STM32C031K4U3, STM32C031K4U6, STM32C031K6T3, STM32C031K6T6, STM32C031K6U3, STM32C031K6U6, STM32C051C6T6, STM32C051C6U6, STM32C051C8T6, STM32C051C8U6, STM32C051D8Y6TR, STM32C051F6P6, STM32C051F8P6, STM32C051G6U6, STM32C051G8U6, STM32C051K6T6, STM32C051K6U6, STM32C051K8T6, STM32C071C8T6, STM32C071C8T6N, STM32C071C8U6, STM32C071C8U6N, STM32C071CBT6, STM32C071CBT6N, STM32C071CBU6, STM32C071CBU6N, STM32C071F8P6, STM32C071F8P6N, STM32C071FBP6, STM32C071FBP6N, STM32C071FBY6TR, STM32C071G8U6, STM32C071G8U6N, STM32C071GBU6, STM32C071GBU6N, STM32C071K8T6, STM32C071K8T6N, STM32C071K8U6, STM32C071K8U6N, STM32C071KBT6, STM32C071KBT6N, STM32C071KBU6, STM32C071KBU6N, STM32C071R8T6, STM32C071R8T6N, STM32C071RBI6N, STM32C071RBT6, STM32C071RBT6N, STM32C091CBT6, STM32C091CBU6, STM32C091CCT6, STM32C091CCU6, STM32C091ECY6TR, STM32C091FBP6, STM32C091FCP6, STM32C091GBU6, STM32C091GCU6, STM32C091KBT6, STM32C091KBU6, STM32C091KCT6, STM32C091KCU6, STM32C091RBT6, STM32C091RCI6, STM32C091RCT6, STM32C092CBT6, STM32C092CBU6, STM32C092CCT6, STM32C092CCU6, STM32C092ECY6TR, STM32C092FBP6, STM32C092FCP6, STM32C092GBU6, STM32C092GCU6, STM32C092KBT6, STM32C092KBU6, STM32C092KCT6, STM32C092KCU6, STM32C092RBT6, STM32C092RCI6, STM32C092RCT6, STM32G071K8TXN, STM32G071K8UXN, STM32G081GBU6N, STM32G081KBT6N, STM32G081KBUXN, STM32G0B1CCT6N, STM32G0B1KCT6, STM32G0B1NEY6TR, STM32G0B1RCT6N, STM32G0C1CCT6, STM32G0C1CCT6N, STM32G0C1CCU6N, STM32G0C1CET6N, STM32G0C1CEU6N, STM32G0C1KCT6, STM32G0C1NEY6TR, STM32G0C1RCI6N, STM32G0C1RCT6N, STM32G0C1REI6N, STM32G0C1RET6N, STM32G0C1VCI6, STM32G0C1VEI6, STM32G411C6T3, STM32G411C6T6, STM32G411C6U3, STM32G411C6U6, STM32G411C8T3, STM32G411C8T6, STM32G411C8U3, STM32G411C8U6, STM32G411CBT3, STM32G411CBT6, STM32G411CBU3, STM32G411CBU6, STM32G411K6T3, STM32G411K6T6, STM32G411K6U3, STM32G411K6U6, STM32G411K8T3, STM32G411K8T6, STM32G411K8U3, STM32G411K8U6, STM32G411KBT3, STM32G411KBT6, STM32G411KBU3, STM32G411KBU6, STM32G411M6T3, STM32G411M6T6, STM32G411M8T3, STM32G411M8T6, STM32G411MBT3, STM32G411MBT6, STM32G411R6T3, STM32G411R6T6, STM32G411R8T3, STM32G411R8T6, STM32G411RBT3, STM32G411RBT6, STM32G414CBT3, STM32G414CBT6, STM32G414CBU3, STM32G414CBU6, STM32G414CCT3, STM32G414CCT6, STM32G414CCU3, STM32G414CCU6, STM32G414MBT3, STM32G414MBT6, STM32G414MCT3, STM32G414MCT6, STM32G414RBT3, STM32G414RBT6, STM32G414RCT3, STM32G414RCT6, STM32G414VBT3, STM32G414VBT6, STM32G414VCT3, STM32G414VCT6, STM32G431CBT3Z, STM32G431RBT3Z, STM32G471CCT6, STM32G471CCU6, STM32G471CET3, STM32G471CET6, STM32G471CEU3, STM32G471CEU6, STM32G471MCT6, STM32G471MET3, STM32G471MET6, STM32G471MEY6TR, STM32G471QCT6, STM32G471QET3, STM32G471RCT6, STM32G471RET3, STM32G471RET6, STM32G471VCH6, STM32G471VCI6, STM32G471VCT6, STM32G471VEH3, STM32G471VEH6, STM32G471VEI3, STM32G471VEI6, STM32G471VET3, STM32G471VET6, STM32G473QET3Z, STM32G473RET3Z, STM32G474CCT6, STM32G491RET3Z, STM32H503CBT6, STM32H503CBU6, STM32H503EBY6TR, STM32H503KBU6, STM32H503RBT6, STM32H523CCT6, STM32H523CCU6, STM32H523CET6, STM32H523CEU6, STM32H523HEY6TR, STM32H523RCT6, STM32H523RET6, STM32H523VCI6, STM32H523VCT6, STM32H523VEI6, STM32H523VET6, STM32H523ZCJ6, STM32H523ZCT6, STM32H523ZEJ6, STM32H523ZET6, STM32H533CET6, STM32H533CEU6, STM32H533HEY6TR, STM32H533RET6, STM32H533VEI6, STM32H533VET6, STM32H533ZEJ6, STM32H533ZET6, STM32H562AGI6, STM32H562AII6, STM32H562IGK6, STM32H562IGT6, STM32H562IIK6, STM32H562IIT6, STM32H562RGT6, STM32H562RGV6, STM32H562RIT6, STM32H562RIV6, STM32H562VGT6, STM32H562VIT6, STM32H562ZGT6, STM32H562ZIT6, STM32H563AGI6, STM32H563AII3Q, STM32H563AII6, STM32H563IGK6, STM32H563IGT6, STM32H563IIK3Q, STM32H563IIK6, STM32H563IIT3Q, STM32H563IIT6, STM32H563MIY3QTR, STM32H563RGT6, STM32H563RGV6, STM32H563RIT6, STM32H563RIV6, STM32H563VGT6, STM32H563VIT3Q, STM32H563VIT6, STM32H563ZGT6, STM32H563ZIT3Q, STM32H563ZIT6, STM32H573AII3Q, STM32H573AII6, STM32H573I-DK, STM32H573IIK3Q, STM32H573IIK6, STM32H573IIT3Q, STM32H573IIT6, STM32H573MIY3QTR, STM32H573RIT6, STM32H573RIV6, STM32H573VIT3Q, STM32H573VIT6, STM32H573ZIT3Q, STM32H573ZIT6, STM32H7R3A8I6, STM32H7R3I8K6, STM32H7R3I8T6, STM32H7R3L8H6, STM32H7R3L8H6H, STM32H7R3R8V6, STM32H7R3V8H6, STM32H7R3V8T6, STM32H7R3V8Y6TR, STM32H7R3Z8J6, STM32H7R3Z8T6, STM32H7R7A8I6, STM32H7R7I8K6, STM32H7R7I8T6, STM32H7R7L8H6, STM32H7R7L8H6H, STM32H7R7Z8J6, STM32H7S3A8I6, STM32H7S3I8K6, STM32H7S3I8T6, STM32H7S3L8H6, STM32H7S3L8H6H, STM32H7S3R8V6, STM32H7S3V8H6, STM32H7S3V8T6, STM32H7S3V8Y6TR, STM32H7S3Z8J6, STM32H7S3Z8T6, STM32H7S78-DK, STM32H7S7A8I6, STM32H7S7I8K6, STM32H7S7I8T6, STM32H7S7L8H6, STM32H7S7L8H6H, STM32H7S7Z8J6, STM32L4R5QGI6STR, STM32MP131AAE3, STM32MP131AAF3, STM32MP131AAG3, STM32MP131CAE3, STM32MP131CAF3, STM32MP131CAG3, STM32MP131DAE7, STM32MP131DAF7, STM32MP131DAG7, STM32MP131FAE7, STM32MP131FAF7, STM32MP131FAG7, STM32MP133AAE3, STM32MP133AAF3, STM32MP133AAG3, STM32MP133CAE3, STM32MP133CAF3, STM32MP133CAG3, STM32MP133DAE7, STM32MP133DAF7, STM32MP133DAG7, STM32MP133FAE7, STM32MP133FAF7, STM32MP133FAG7, STM32MP135AAE3, STM32MP135AAF3, STM32MP135AAG3, STM32MP135CAE3, STM32MP135CAF3, STM32MP135CAG3, STM32MP135DAE7, STM32MP135DAF7, STM32MP135DAG7, STM32MP135F-DK, STM32MP135FAE7, STM32MP135FAF7, STM32MP135FAF7T, STM32MP135FAF7U, STM32MP135FAG7, STM32MP211AAL3, STM32MP211AAM3, STM32MP211AAN3, STM32MP211AAO3, STM32MP211CAL3, STM32MP211CAM3, STM32MP211CAN3, STM32MP211CAO3, STM32MP211DAL3, STM32MP211DAM3, STM32MP211DAN3, STM32MP211DAO3, STM32MP211FAL3, STM32MP211FAM3, STM32MP211FAN3, STM32MP211FAO3, STM32MP213AAL3, STM32MP213AAM3, STM32MP213AAN3, STM32MP213AAO3, STM32MP213CAL3, STM32MP213CAM3, STM32MP213CAN3, STM32MP213CAO3, STM32MP213DAL3, STM32MP213DAM3, STM32MP213DAN3, STM32MP213DAO3, STM32MP213FAL3, STM32MP213FAM3, STM32MP213FAN3, STM32MP213FAO3, STM32MP215AAL3, STM32MP215AAM3, STM32MP215AAN3, STM32MP215AAO3, STM32MP215CAL3, STM32MP215CAM3, STM32MP215CAN3, STM32MP215CAO3, STM32MP215DAL3, STM32MP215DAM3, STM32MP215DAN3, STM32MP215DAO3, STM32MP215F-DK, STM32MP215FAL3, STM32MP215FAM3, STM32MP215FAN3, STM32MP215FAO3, STM32MP231AAJ3, STM32MP231AAK3, STM32MP231AAL3, STM32MP231CAJ3, STM32MP231CAK3, STM32MP231CAL3, STM32MP231DAJ3, STM32MP231DAK3, STM32MP231DAL3, STM32MP231FAJ3, STM32MP231FAK3, STM32MP231FAL3, STM32MP233AAJ3, STM32MP233AAK3, STM32MP233AAL3, STM32MP233CAJ3, STM32MP233CAK3, STM32MP233CAL3, STM32MP233DAJ3, STM32MP233DAK3, STM32MP233DAL3, STM32MP233FAJ3, STM32MP233FAK3, STM32MP233FAL3, STM32MP235AAJ3, STM32MP235AAK3, STM32MP235AAL3, STM32MP235CAJ3, STM32MP235CAK3, STM32MP235CAL3, STM32MP235DAJ3, STM32MP235DAK3, STM32MP235DAL3, STM32MP235FAJ3, STM32MP235FAK3, STM32MP235FAL3, STM32MP251AAI3, STM32MP251AAK3, STM32MP251AAL3, STM32MP251CAI3, STM32MP251CAK3, STM32MP251CAL3, STM32MP251DAI3, STM32MP251DAK3, STM32MP251DAL3, STM32MP251FAI3, STM32MP251FAK3, STM32MP251FAL3, STM32MP253AAI3, STM32MP253AAK3, STM32MP253AAL3, STM32MP253CAI3, STM32MP253CAK3, STM32MP253CAL3, STM32MP253DAI3, STM32MP253DAK3, STM32MP253DAL3, STM32MP253FAI3, STM32MP253FAK3, STM32MP253FAL3, STM32MP255AAI3, STM32MP255AAK3, STM32MP255AAL3, STM32MP255CAI3, STM32MP255CAK3, STM32MP255CAL3, STM32MP255DAI3, STM32MP255DAK3, STM32MP255DAL3, STM32MP255FAI3, STM32MP255FAK3, STM32MP255FAL3, STM32MP257AAI3, STM32MP257AAK3, STM32MP257AAL3, STM32MP257CAI3, STM32MP257CAK3, STM32MP257CAL3, STM32MP257DAI3, STM32MP257DAK3, STM32MP257DAL3, STM32MP257F-DK, STM32MP257F-EV1, STM32MP257FAI3, STM32MP257FAK3, STM32MP257FAL3, STM32N645A0H3Q, STM32N645B0H3Q, STM32N645I0H3Q, STM32N645L0H3Q, STM32N645X0H3Q, STM32N645Z0H3Q, STM32N647A0H3Q, STM32N647B0H3Q, STM32N647I0H3Q, STM32N647L0H3Q, STM32N647X0H3Q, STM32N647Z0H3Q, STM32N655A0H3Q, STM32N655B0H3Q, STM32N655I0H3Q, STM32N655L0H3Q, STM32N655X0H3Q, STM32N655Z0H3Q, STM32N6570-DK, STM32N657A0H3Q, STM32N657B0H3Q, STM32N657I0H3Q, STM32N657L0H3Q, STM32N657X0H3Q, STM32N657Z0H3Q, STM32U031C6T6, STM32U031C6U6, STM32U031C8T6, STM32U031C8U6, STM32U031F4P6, STM32U031F6P6, STM32U031F8P6, STM32U031G6Y6TR, STM32U031G8Y6TR, STM32U031K4U6, STM32U031K6U6, STM32U031K8U6, STM32U031R6I6, STM32U031R6T6, STM32U031R8I6, STM32U031R8T6, STM32U073C8T6, STM32U073C8U6, STM32U073CBT6, STM32U073CBU6, STM32U073CCT6, STM32U073CCU6, STM32U073H8Y6TR, STM32U073HBY6TR, STM32U073HCY6TR, STM32U073K8U6, STM32U073KBU6, STM32U073KCU6, STM32U073M8I6, STM32U073M8T6, STM32U073MBI6, STM32U073MBT6, STM32U073MCI6, STM32U073MCT6, STM32U073R8I6, STM32U073R8T6, STM32U073RBI6, STM32U073RBT6, STM32U073RCI6, STM32U073RCT6, STM32U083C-DK, STM32U083CCT6, STM32U083CCU6, STM32U083HCY6TR, STM32U083KCU6, STM32U083MCI6, STM32U083MCT6, STM32U083RCI6, STM32U083RCT6, STM32U375CET6, STM32U375CET6Q, STM32U375CEU6, STM32U375CEU6Q, STM32U375CEY6QTR, STM32U375CGT6, STM32U375CGT6Q, STM32U375CGU6, STM32U375CGU6Q, STM32U375CGY6QTR, STM32U375KEU6, STM32U375KGU6, STM32U375REI6, STM32U375REI6Q, STM32U375RET6, STM32U375RET6Q, STM32U375REY6GTR, STM32U375REY6QTR, STM32U375RGI6, STM32U375RGI6Q, STM32U375RGT6, STM32U375RGT6Q, STM32U375RGY6GTR, STM32U375RGY6QTR, STM32U375VEI6, STM32U375VEI6Q, STM32U375VET6, STM32U375VET6Q, STM32U375VGI6, STM32U375VGI6Q, STM32U375VGT6, STM32U375VGT6Q, STM32U385CGT6, STM32U385CGT6Q, STM32U385CGU6, STM32U385CGU6Q, STM32U385CGY6QTR, STM32U385KGU6, STM32U385RGI6, STM32U385RGI6Q, STM32U385RGT6, STM32U385RGT6Q, STM32U385RGY6GTR, STM32U385RGY6QTR, STM32U385VGI6, STM32U385VGI6Q, STM32U385VGT6, STM32U385VGT6Q, STM32U535CBT6, STM32U535CBT6Q, STM32U535CBU6, STM32U535CBU6Q, STM32U535CCT6, STM32U535CCT6Q, STM32U535CCU6, STM32U535CCU6Q, STM32U535CET6, STM32U535CET6Q, STM32U535CEU6, STM32U535CEU6Q, STM32U535JEY6QTR, STM32U535NCY6QTR, STM32U535NEY6QTR, STM32U535RBI6, STM32U535RBI6Q, STM32U535RBT6, STM32U535RBT6Q, STM32U535RCI6, STM32U535RCI6Q, STM32U535RCT6, STM32U535RCT6Q, STM32U535REI6, STM32U535REI6Q, STM32U535RET6, STM32U535RET6Q, STM32U535VCI6, STM32U535VCI6Q, STM32U535VCT6, STM32U535VCT6Q, STM32U535VEI6, STM32U535VEI6Q, STM32U535VET6, STM32U535VET6Q, STM32U545CET6, STM32U545CET6Q, STM32U545CEU6, STM32U545CEU6Q, STM32U545JEY6QTR, STM32U545NEY6QTR, STM32U545REI6, STM32U545REI6Q, STM32U545RET6, STM32U545RET6Q, STM32U545VEI6, STM32U545VEI6Q, STM32U545VET6, STM32U545VET6Q, STM32U595AIH6, STM32U595AIH6Q, STM32U595AJH6, STM32U595AJH6Q, STM32U595QII6, STM32U595QII6Q, STM32U595QJI6, STM32U595QJI6Q, STM32U595RIT6, STM32U595RIT6Q, STM32U595RJT6, STM32U595RJT6Q, STM32U595VIT6, STM32U595VIT6Q, STM32U595VJT6, STM32U595VJT6Q, STM32U595ZIT6, STM32U595ZIT6Q, STM32U595ZIY6QTR, STM32U595ZJT6, STM32U595ZJT6Q, STM32U595ZJY6QTR, STM32U599BJY6QTR, STM32U599NIH6Q, STM32U599NJH6Q, STM32U599VIT6Q, STM32U599VJT6, STM32U599VJT6Q, STM32U599ZIT6Q, STM32U599ZIY6QTR, STM32U599ZJT6Q, STM32U599ZJY6QTR, STM32U5A5AJH6, STM32U5A5AJH6Q, STM32U5A5QII3Q , STM32U5A5QJI6, STM32U5A5QJI6Q, STM32U5A5RJT6, STM32U5A5RJT6Q, STM32U5A5VJT6, STM32U5A5VJT6Q, STM32U5A5ZJT6, STM32U5A5ZJT6Q, STM32U5A5ZJY6QTR, STM32U5A9BJY6QTR, STM32U5A9J-DK, STM32U5A9NJH6Q, STM32U5A9VJT6Q, STM32U5A9ZJT6Q, STM32U5A9ZJY6QTR, STM32U5F7VIT6, STM32U5F7VIT6Q, STM32U5F7VJT6, STM32U5F7VJT6Q, STM32U5F9BJY6QTR, STM32U5F9NJH6Q, STM32U5F9VIT6Q, STM32U5F9VJT6Q, STM32U5F9ZIJ6QTR, STM32U5F9ZIT6Q, STM32U5F9ZJJ6QTR, STM32U5F9ZJT6Q, STM32U5G7VJT6, STM32U5G7VJT6Q, STM32U5G9BJY6QTR, STM32U5G9J-DK1, STM32U5G9J-DK2, STM32U5G9NJH6Q, STM32U5G9VJT6Q, STM32U5G9ZJJ6QTR, STM32U5G9ZJT6Q, STM32WB05KZV6TR, STM32WB05KZV7TR, STM32WB05TZF6TR, STM32WB05TZF7TR, STM32WB06CCF6TR, STM32WB06CCF7TR, STM32WB06CCV6TR, STM32WB06CCV7TR, STM32WB06KCV6TR, STM32WB06KCV7TR, STM32WB07CCF6TR, STM32WB07CCF7TR, STM32WB07CCV6TR, STM32WB07CCV7TR, STM32WB07KCV6TR, STM32WB07KCV7TR, STM32WB09KEV6TR, STM32WB09KEV7TR, STM32WB09TEF6TR, STM32WB09TEF7TR, STM32WB1MMCH6, STM32WBA50KGU6, STM32WBA50KGU6TR, STM32WBA52CEU6, STM32WBA52CEU6TR, STM32WBA52CEU7, STM32WBA52CEU7TR, STM32WBA52CGU6, STM32WBA52CGU6TR, STM32WBA52CGU6U, STM32WBA52CGU7, STM32WBA52CGU7TR, STM32WBA52KEU6, STM32WBA52KEU6TR, STM32WBA52KGU6, STM32WBA52KGU6TR, STM32WBA54CEU6, STM32WBA54CEU6TR, STM32WBA54CEU7, STM32WBA54CEU7TR, STM32WBA54CGU6, STM32WBA54CGU6TR, STM32WBA54CGU7, STM32WBA54CGU7TR, STM32WBA54KEU6, STM32WBA54KEU6TR, STM32WBA54KEU7, STM32WBA54KEU7TR, STM32WBA54KGU6, STM32WBA54KGU6TR, STM32WBA54KGU7, STM32WBA54KGU7TR, STM32WBA55CEU6, STM32WBA55CEU6TR, STM32WBA55CEU7, STM32WBA55CEU7TR, STM32WBA55CGU6, STM32WBA55CGU6TR, STM32WBA55CGU6U, STM32WBA55CGU7, STM32WBA55CGU7TR, STM32WBA55G-DK1, STM32WBA55HEF6, STM32WBA55HEF7, STM32WBA55HGF6, STM32WBA55HGF7, STM32WBA55UEI6, STM32WBA55UEI6TR, STM32WBA55UEI7, STM32WBA55UEI7TR, STM32WBA55UGI6, STM32WBA55UGI6TR, STM32WBA55UGI7, STM32WBA55UGI7TR, STM32WBA5MMGH6TR, STM32WBA62MGF6, STM32WBA62MIF6, STM32WBA65MGF7, STM32WBA65MIF6, STM32WBA65MIF7, STM32WL30K8V6, STM32WL30KBV6, STM32WL31C8V6, STM32WL31CBV6, STM32WL31K8V6, STM32WL31KBV6, STM32WL33C8V6, STM32WL33C8V6X, STM32WL33CBV6, STM32WL33CBV6X, STM32WL33CCV6, STM32WL33CCV6A, STM32WL33CCV6X, STM32WL33K8V7, STM32WL33K8V7X, STM32WL33KBV7 , STM32WL33KBV7X, STM32WL33KCV7, STM32WL33KCV7X, STM32WL5MOCH6, STM32WL5MOCH6TR]
2026-02-17 09:55:33,615 [INFO] BoardInfo:889 - No configuration file found for board P-NUCLEO-WB55
2026-02-17 09:55:33,616 [INFO] DbBoards:161 - Kit is not supported: P-NUCLEO-WB55
2026-02-17 09:55:33,621 [INFO] BoardInfo:889 - No configuration file found for board STEVAL-BFA001V1B
2026-02-17 09:55:33,621 [INFO] DbBoards:161 - Kit is not supported: STEVAL-BFA001V1B
2026-02-17 09:55:33,623 [INFO] BoardInfo:889 - No configuration file found for board STEVAL-BFA001V2B
2026-02-17 09:55:33,623 [INFO] DbBoards:161 - Kit is not supported: STEVAL-BFA001V2B
2026-02-17 09:55:33,803 [INFO] DbBoards:168 - Found 212 boards, 209 are supported
2026-02-17 09:55:33,803 [INFO] DbBoards:169 - Found 212 boards, 43 of them is supported for  Bsp
2026-02-17 09:55:33,805 [INFO] ApiDb:423 - Load user favorites file C:\Users\Hemanth Madu/.stm32cubeide/favorites.boards.txt: 0 item(s)
2026-02-17 09:55:33,805 [INFO] ApiDb:427 - User favorites Boards=[]
2026-02-17 09:55:33,805 [INFO] DbBoards:198 - Set 0 / 0 favorites Boards
2026-02-17 09:55:33,808 [INFO] ApiDb:668 - CubeFinder database Data Model version=2.1
2026-02-17 09:55:33,808 [INFO] ApiDb:669 - CubeFinder database Configuration version=3.0.39
2026-02-17 09:55:33,808 [INFO] ApiDb:670 - CubeFinder database generation date=2025-12-22 (1766407740)
2026-02-17 09:55:33,808 [INFO] ApiDb:671 - CubeFinder database FW Pack versions=[FP-ATR-ASTRA1_V2.0.0, FP-SNS-FLIGHT1_V5.1.0, FP-SNS-MOTENV1_V5.1.0, FP-SNS-MOTENVWB1_V1.4.0, FP-SNS-SMARTAG2_V1.2.0, FP-SNS-STBOX1_V2.1.0, STM32Cube_FW_C0_V1.4.0, STM32Cube_FW_F4_V1.28.3, STM32Cube_FW_F7_V1.17.4, STM32Cube_FW_G0_V1.6.2, STM32Cube_FW_G4_V1.6.1, STM32Cube_FW_H5_V1.5.1, STM32Cube_FW_H7RS_V1.3.0, STM32Cube_FW_H7_V1.12.1, STM32Cube_FW_L0_V1.12.2, STM32Cube_FW_L4_V1.18.1, STM32Cube_FW_L5_V1.6.0, STM32Cube_FW_N6_V1.3.0, STM32Cube_FW_U0_V1.3.0, STM32Cube_FW_U3_V1.2.1, STM32Cube_FW_U5_V1.8.0, STM32Cube_FW_WB0_V1.4.0, STM32Cube_FW_WBA_V1.8.0, STM32Cube_FW_WB_V1.24.0, STM32Cube_FW_WL3_V1.3.0, STM32Cube_FW_WL_V1.4.0, X-CUBE-ALGOBUILD_V1.4.0, X-CUBE-ALS_V1.0.2, X-CUBE-AZRTOS-F4_V1.1.0, X-CUBE-AZRTOS-F7_V1.1.0, X-CUBE-AZRTOS-G0_V1.1.0, X-CUBE-AZRTOS-G4_V2.0.0, X-CUBE-AZRTOS-H7RS_V1.1.0, X-CUBE-AZRTOS-H7_V3.4.0, X-CUBE-AZRTOS-L4_V2.0.0, X-CUBE-AZRTOS-L5_V2.0.0, X-CUBE-AZRTOS-WB_V2.0.0, X-CUBE-AZRTOS-WL_V2.0.0, X-CUBE-BLE1_V7.1.0, X-CUBE-BLE2_V3.3.0, X-CUBE-BLEMGR_V4.1.0, X-CUBE-EEPRMA1_V5.2.0, X-CUBE-FREERTOS_V1.3.1, X-CUBE-GNSS1_V6.0.0, X-CUBE-MEMS1_V12.0.0, X-CUBE-NFC4_V3.0.0, X-CUBE-NFC7_V2.0.0, X-CUBE-SFXS2LP1_V4.0.0, X-CUBE-ST67W61_V1.1.0, X-CUBE-SUBG2_V5.0.0, X-CUBE-TOF1_V3.4.3]
2026-02-17 09:55:34,704 [ERROR] DbExamplesSqlite:437 - Missing JSON key: board_cpn
2026-02-17 09:55:34,705 [ERROR] DbExamplesSqlite:437 - Missing JSON key: board_cpn
2026-02-17 09:55:34,705 [ERROR] DbExamplesSqlite:437 - Missing JSON key: board_cpn
2026-02-17 09:55:34,705 [ERROR] DbExamplesSqlite:437 - Missing JSON key: board_cpn
2026-02-17 09:55:35,085 [ERROR] DbExamplesSqlite:437 - Missing JSON key: board_cpn
2026-02-17 09:55:35,085 [ERROR] DbExamplesSqlite:437 - Missing JSON key: board_cpn
2026-02-17 09:55:35,105 [INFO] DbExamplesSqlite:395 - Ignored 42 examples not supported by CubeIDE
2026-02-17 09:55:35,105 [INFO] DbExamplesSqlite:396 - Found 10819 examples active
2026-02-17 09:55:35,105 [INFO] DbExamplesSqlite:397 - Found 0 examples obsolete
2026-02-17 09:55:35,106 [INFO] DbExamplesSqlite:398 - Found 0 examples under development
2026-02-17 09:55:35,106 [INFO] DbExamplesSqlite:399 - Found 85 examples not building
2026-02-17 09:55:35,109 [INFO] DbExamples:125 - Found 10862 examples
2026-02-17 09:55:35,180 [ERROR] DbExamples:208 - Found 73 examples with invalid data (board or MCU)
2026-02-17 09:55:35,181 [INFO] DbExamples:222 - Found 134 boards with related examples
2026-02-17 09:55:35,182 [INFO] DbExamples:235 - Found 111 MCUs with related examples
2026-02-17 09:55:35,208 [INFO] ApiDb:414 - User favorites file not found: C:\Users\Hemanth Madu/.stm32cubeide/favorites.examples.txt
2026-02-17 09:55:35,208 [INFO] DbExamples:250 - Set 0 / 0 favorites Examples
2026-02-17 09:55:36,247 [INFO] McuFinderGlobals:76 - Set McuFinderConnectedMode to true
2026-02-17 09:55:36,271 [INFO] MultiScanPanel:200 - Auto-refresh data requested => check proxy status ongoing
2026-02-17 09:55:36,291 [INFO] FinderPluginLoader:96 - Searching for filters in installed packs
2026-02-17 09:55:38,657 [INFO] LoadUrlFilesThread:185 - End of LoadServerUrlFiles without Thread
2026-02-17 09:55:38,680 [INFO] DetailPanel:341 - Set advertising image to C:/Users/Hemanth Madu/STM32Cube/Repository/\en.prom-stm32c0-entry-level-graphic-0226.png
2026-02-17 09:55:50,409 [INFO] MultiScanPanel:200 - Auto-refresh data requested => check proxy status ongoing
2026-02-17 09:55:50,679 [INFO] LoadUrlFilesThread:185 - End of LoadServerUrlFiles without Thread
2026-02-17 09:55:50,679 [INFO] DetailPanel:341 - Set advertising image to C:/Users/Hemanth Madu/STM32Cube/Repository/\en.prom-stm32c0-entry-level-graphic-0226.png
2026-02-17 09:55:50,699 [INFO] DbBoards:642 - Loading board mini-images...
2026-02-17 09:55:55,338 [ERROR] DbBoards:659 - Image file not found for board STM32MP215F-DK: C:\Users\Hemanth Madu\.stmcufinder\plugins\mcufinder//mcu//boards_images/STM32MP215F-DK.jpg
2026-02-17 09:55:55,514 [INFO] DbBoards:665 - Loaded 211 board mini-images
2026-02-17 09:55:56,695 [INFO] MainUpdater:2872 - connection check result : 10
2026-02-17 09:55:56,695 [INFO] MainUpdater:2872 - connection check result : 10
2026-02-17 09:55:57,088 [INFO] MicroXplorer:468 - Change Database Path : 
2026-02-17 09:55:57,088 [INFO] MicroXplorer:498 - Change Database Version : DB.6.0.150
2026-02-17 09:55:57,103 [WARN] ThirdParty:871 - waiting for thirdparty lock release [close project]
2026-02-17 09:55:57,103 [INFO] ThirdParty:873 - entering critical section [close project]
2026-02-17 09:55:57,105 [INFO] ThirdParty:883 - exiting critical section [close project]
2026-02-17 09:55:57,112 [INFO] PinOutPanel:1589 - setPackage(No Configuration,No Configuration)
2026-02-17 09:55:57,115 [INFO] UtilMem:75 - Begin LoadConfig() Used Memory: 790289768 Bytes (1073741824)
2026-02-17 09:55:57,122 [INFO] MicroXplorer:468 - Change Database Path : 
2026-02-17 09:55:57,122 [INFO] MicroXplorer:498 - Change Database Version : DB.6.0.150
2026-02-17 09:55:57,122 [INFO] OpenFileManager:355 - Change cursor
2026-02-17 09:55:57,337 [INFO] Mcu:2029 - Initializing MCU STM32L476RGTx STM32L476RGTx STM32L476RGT3
2026-02-17 09:56:02,365 [INFO] Context:786 - Trying to add GPIOservice into a context  which must be forbidden
2026-02-17 09:56:03,629 [INFO] ImportTextPane:234 - (OptionalMessage_ERROR) Unable to find key (Mcu.ThirdPartyNb) in loaded IOC file
2026-02-17 09:56:03,630 [INFO] ImportTextPane:234 - (OptionalMessage_ERROR) Unable to find key (Mcu.PinsNb) in loaded IOC file
2026-02-17 09:56:03,633 [INFO] ImportTextPane:234 - (OptionalMessage_ERROR) Pin0 (VP_RIF_VS_RIF1) cannot be retrieved for this MCU
2026-02-17 09:56:03,633 [INFO] ImportTextPane:234 - (OptionalMessage_ERROR) Unable to find key (Mcu.IPNb) in loaded IOC file
2026-02-17 09:56:04,146 [INFO] RtosManager:558 - Registered RTOS mode: class=CMSIS, group=RTOS, mode=CMSIS_V1, owner=FREERTOS
2026-02-17 09:56:04,147 [INFO] RtosManager:558 - Registered RTOS mode: class=CMSIS, group=RTOS2, mode=CMSIS_V2, owner=FREERTOS
2026-02-17 09:56:04,147 [INFO] RtosManager:558 - Registered RTOS mode: class=RTOS, group=Core, mode=CMSIS_V1, owner=FREERTOS
2026-02-17 09:56:04,147 [INFO] RtosManager:558 - Registered RTOS mode: class=RTOS, group=Core, mode=CMSIS_V2, owner=FREERTOS
2026-02-17 09:56:04,148 [WARN] ModelIntegratedComponent:184 - Missing modes for component STMicroelectronics:FreeRTOS:0.0.1:STMicroelectronics:RTOS:FreeRTOS:Core:::10.2.0:
2026-02-17 09:56:04,183 [WARN] ModelIntegratedComponent:63 - No mode defined for component null
2026-02-17 09:56:04,184 [WARN] ModelIntegratedComponent:63 - No mode defined for component null
2026-02-17 09:56:04,184 [WARN] ModelIntegratedComponent:63 - No mode defined for component null
2026-02-17 09:56:04,185 [WARN] ModelIntegratedComponent:63 - No mode defined for component null
2026-02-17 09:56:04,185 [WARN] ModelIntegratedComponent:63 - No mode defined for component null
2026-02-17 09:56:04,185 [WARN] ModelIntegratedComponent:63 - No mode defined for component null
2026-02-17 09:56:04,185 [WARN] ModelIntegratedComponent:63 - No mode defined for component null
2026-02-17 09:56:04,185 [WARN] ModelIntegratedComponent:63 - No mode defined for component null
2026-02-17 09:56:04,185 [WARN] ModelIntegratedComponent:63 - No mode defined for component null
2026-02-17 09:56:04,185 [WARN] ModelIntegratedComponent:63 - No mode defined for component null
2026-02-17 09:56:04,185 [WARN] ModelIntegratedComponent:63 - No mode defined for component null
2026-02-17 09:56:04,185 [WARN] ModelIntegratedComponent:63 - No mode defined for component null
2026-02-17 09:56:04,185 [WARN] ModelIntegratedComponent:63 - No mode defined for component null
2026-02-17 09:56:04,185 [WARN] ModelIntegratedComponent:63 - No mode defined for component null
2026-02-17 09:56:04,185 [WARN] ModelIntegratedComponent:63 - No mode defined for component null
2026-02-17 09:56:04,185 [WARN] ModelIntegratedComponent:63 - No mode defined for component null
2026-02-17 09:56:04,185 [WARN] ModelIntegratedComponent:63 - No mode defined for component null
2026-02-17 09:56:04,185 [WARN] ModelIntegratedComponent:63 - No mode defined for component null
2026-02-17 09:56:04,186 [WARN] ModelIntegratedComponent:63 - No mode defined for component null
2026-02-17 09:56:04,186 [WARN] ModelIntegratedComponent:63 - No mode defined for component null
2026-02-17 09:56:04,186 [WARN] ModelIntegratedComponent:63 - No mode defined for component null
2026-02-17 09:56:04,186 [WARN] ModelIntegratedComponent:63 - No mode defined for component null
2026-02-17 09:56:04,186 [WARN] ModelIntegratedComponent:63 - No mode defined for component null
2026-02-17 09:56:04,186 [WARN] ModelIntegratedComponent:63 - No mode defined for component null
2026-02-17 09:56:04,186 [WARN] ModelIntegratedComponent:63 - No mode defined for component null
2026-02-17 09:56:04,186 [WARN] ModelIntegratedComponent:63 - No mode defined for component null
2026-02-17 09:56:04,186 [WARN] ModelIntegratedComponent:63 - No mode defined for component null
2026-02-17 09:56:04,186 [WARN] ModelIntegratedComponent:63 - No mode defined for component null
2026-02-17 09:56:04,186 [WARN] ModelIntegratedComponent:63 - No mode defined for component null
2026-02-17 09:56:04,186 [WARN] ModelIntegratedComponent:63 - No mode defined for component null
2026-02-17 09:56:04,186 [WARN] ModelIntegratedComponent:63 - No mode defined for component null
2026-02-17 09:56:04,186 [WARN] ModelIntegratedComponent:63 - No mode defined for component null
2026-02-17 09:56:04,186 [WARN] ModelIntegratedComponent:63 - No mode defined for component null
2026-02-17 09:56:04,187 [WARN] ModelIntegratedComponent:63 - No mode defined for component null
2026-02-17 09:56:04,187 [WARN] ModelIntegratedComponent:63 - No mode defined for component null
2026-02-17 09:56:04,187 [WARN] ModelPack:524 - Component already loaded: STMicroelectronics:HAL Drivers:0.0.0:STMicroelectronics:Device:STMicro_Driver:XSPI:HAL::0.0.1:HAL_XSPI
2026-02-17 09:56:04,249 [INFO] ThirdPartyModel:298 - Start build external matchings
2026-02-17 09:56:05,353 [INFO] ThirdPartyModel:316 - End build external matchings
2026-02-17 09:56:06,008 [INFO] UtilMem:75 - End LoadConfig() Used Memory: 859997304 Bytes (1073741824)
2026-02-17 09:56:06,076 [WARN] ThirdParty:833 - waiting for thirdparty lock release [change project]
2026-02-17 09:56:06,076 [INFO] ThirdParty:835 - entering critical section [change project]
2026-02-17 09:56:06,077 [INFO] ThirdParty:1030 - CMSIS Pack Vendor :STMicroelectronics X-CUBE-PM33A1 1.0.0
2026-02-17 09:56:06,077 [INFO] ThirdParty:1030 - CMSIS Pack Vendor :STMicroelectronics USBPD 4.1
2026-02-17 09:56:06,077 [INFO] ThirdParty:1030 - CMSIS Pack Vendor :STMicroelectronics X-CUBE-NFC9 1.0.0
2026-02-17 09:56:06,077 [INFO] ThirdParty:1030 - CMSIS Pack Vendor :STMicroelectronics USB_HOST 2.0.0
2026-02-17 09:56:06,077 [INFO] ThirdParty:1030 - CMSIS Pack Vendor :STMicroelectronics FP-SNS-MOTENVWB1 1.4.0
2026-02-17 09:56:06,077 [INFO] ThirdParty:1030 - CMSIS Pack Vendor :STMicroelectronics X-CUBE-AZRTOS-F4 1.1.0
2026-02-17 09:56:06,077 [INFO] ThirdParty:1030 - CMSIS Pack Vendor :STMicroelectronics LIBJPEG 8.0.0
2026-02-17 09:56:06,077 [INFO] ThirdParty:1030 - CMSIS Pack Vendor :STMicroelectronics FP-ATR-ASTRA1 2.0.2
2026-02-17 09:56:06,077 [INFO] ThirdParty:1030 - CMSIS Pack Vendor :STMicroelectronics X-CUBE-BLE1 7.1.0
2026-02-17 09:56:06,077 [INFO] ThirdParty:1030 - CMSIS Pack Vendor :STMicroelectronics X-CUBE-SMBUS 2.1.0
2026-02-17 09:56:06,077 [INFO] ThirdParty:1030 - CMSIS Pack Vendor :wolfSSL I-CUBE-wolfMQTT 1.19.2
2026-02-17 09:56:06,077 [INFO] ThirdParty:1030 - CMSIS Pack Vendor :STMicroelectronics USB_DEVICE 3.0.0
2026-02-17 09:56:06,077 [INFO] ThirdParty:1030 - CMSIS Pack Vendor :STMicroelectronics X-CUBE-ISPU 2.1.0
2026-02-17 09:56:06,077 [INFO] ThirdParty:1030 - CMSIS Pack Vendor :STMicroelectronics X-CUBE-FREERTOS 1.4.0
2026-02-17 09:56:06,078 [INFO] ThirdParty:1030 - CMSIS Pack Vendor :STMicroelectronics X-CUBE-EEPRMA1 5.2.0
2026-02-17 09:56:06,078 [INFO] ThirdParty:1030 - CMSIS Pack Vendor :STMicroelectronics X-CUBE-IPS 3.2.0
2026-02-17 09:56:06,078 [INFO] ThirdParty:1030 - CMSIS Pack Vendor :STMicroelectronics X-CUBE-BLEMGR 4.1.0
2026-02-17 09:56:06,078 [INFO] ThirdParty:1030 - CMSIS Pack Vendor :STMicroelectronics X-CUBE-AZRTOS-WB 2.0.0
2026-02-17 09:56:06,078 [INFO] ThirdParty:1030 - CMSIS Pack Vendor :wolfSSL I-CUBE-wolfSSL 5.8.4
2026-02-17 09:56:06,078 [INFO] ThirdParty:1030 - CMSIS Pack Vendor :Cesanta I-CUBE-Mongoose 7.20.0
2026-02-17 09:56:06,078 [INFO] ThirdParty:1030 - CMSIS Pack Vendor :STMicroelectronics X-CUBE-NFC12 1.0.0
2026-02-17 09:56:06,078 [INFO] ThirdParty:1030 - CMSIS Pack Vendor :STMicroelectronics X-CUBE-AZRTOS-F7 1.1.0
2026-02-17 09:56:06,078 [INFO] ThirdParty:1030 - CMSIS Pack Vendor :STMicroelectronics X-CUBE-AZRTOS-L5 2.0.0
2026-02-17 09:56:06,078 [INFO] ThirdParty:1030 - CMSIS Pack Vendor :STMicroelectronics USB_DEVICE 2.0.0
2026-02-17 09:56:06,078 [INFO] ThirdParty:1030 - CMSIS Pack Vendor :quantropi X-CUBE-qispace-sdk-base 2.1.0
2026-02-17 09:56:06,078 [INFO] ThirdParty:1030 - CMSIS Pack Vendor :STMicroelectronics X-CUBE-MEMS1 12.0.0
2026-02-17 09:56:06,078 [INFO] ThirdParty:1030 - CMSIS Pack Vendor :STMicroelectronics X-CUBE-STSE01 2.0.0
2026-02-17 09:56:06,078 [INFO] ThirdParty:1030 - CMSIS Pack Vendor :STMicroelectronics FP-SNS-MOTENV1 5.1.0
2026-02-17 09:56:06,078 [INFO] ThirdParty:1030 - CMSIS Pack Vendor :STMicroelectronics FreeRTOS 0.0.1
2026-02-17 09:56:06,078 [INFO] ThirdParty:1030 - CMSIS Pack Vendor :STMicroelectronics X-CUBE-AZRTOS-G0 1.1.0
2026-02-17 09:56:06,079 [INFO] ThirdParty:1030 - CMSIS Pack Vendor :STMicroelectronics X-CUBE-NFC4 3.0.0
2026-02-17 09:56:06,079 [INFO] ThirdParty:1030 - CMSIS Pack Vendor :STMicroelectronics X-CUBE-SUBG2 5.0.0
2026-02-17 09:56:06,079 [INFO] ThirdParty:1030 - CMSIS Pack Vendor :STMicroelectronics STM32_WPAN 1.0.0
2026-02-17 09:56:06,079 [INFO] ThirdParty:1030 - CMSIS Pack Vendor :EmbeddedOffice I-CUBE-FS-RTOS 1.0.1
2026-02-17 09:56:06,079 [INFO] ThirdParty:1030 - CMSIS Pack Vendor :STMicroelectronics lwIP 2.0.3
2026-02-17 09:56:06,079 [INFO] ThirdParty:1030 - CMSIS Pack Vendor :WES I-CUBE-Cesium 1.4.0
2026-02-17 09:56:06,079 [INFO] ThirdParty:1030 - CMSIS Pack Vendor :STMicroelectronics USB_HOST 1.0.0
2026-02-17 09:56:06,079 [INFO] ThirdParty:1030 - CMSIS Pack Vendor :STMicroelectronics X-CUBE-AZRTOS-G4 2.0.0
2026-02-17 09:56:06,079 [INFO] ThirdParty:1030 - CMSIS Pack Vendor :STMicroelectronics X-CUBE-WB05N 2.0.0
2026-02-17 09:56:06,079 [INFO] ThirdParty:1030 - CMSIS Pack Vendor :STMicroelectronics PDM2PCM 3.1.0
2026-02-17 09:56:06,079 [INFO] ThirdParty:1030 - CMSIS Pack Vendor :STMicroelectronics PDM2PCM 3.3.0
2026-02-17 09:56:06,079 [INFO] ThirdParty:1030 - CMSIS Pack Vendor :wolfSSL I-CUBE-wolfTPM 3.8.0
2026-02-17 09:56:06,079 [INFO] ThirdParty:1030 - CMSIS Pack Vendor :STMicroelectronics X-CUBE-AZRTOS-H7 3.4.0
2026-02-17 09:56:06,079 [INFO] ThirdParty:1030 - CMSIS Pack Vendor :STMicroelectronics X-CUBE-DISPLAY 3.0.0
2026-02-17 09:56:06,079 [INFO] ThirdParty:1030 - CMSIS Pack Vendor :wolfSSL I-CUBE-wolfSSH 1.4.20
2026-02-17 09:56:06,079 [INFO] ThirdParty:1030 - CMSIS Pack Vendor :STMicroelectronics X-CUBE-NFC7 2.0.0
2026-02-17 09:56:06,080 [INFO] ThirdParty:1030 - CMSIS Pack Vendor :STMicroelectronics X-CUBE-TCPP 4.2.0
2026-02-17 09:56:06,080 [INFO] ThirdParty:1030 - CMSIS Pack Vendor :RealThread X-CUBE-RT-Thread_Nano 4.1.1
2026-02-17 09:56:06,080 [INFO] ThirdParty:1030 - CMSIS Pack Vendor :STMicroelectronics FP-ATR-SIGFOX1 3.2.0
2026-02-17 09:56:06,080 [INFO] ThirdParty:1030 - CMSIS Pack Vendor :STMicroelectronics X-CUBE-NFC10 1.0.0
2026-02-17 09:56:06,080 [INFO] ThirdParty:1030 - CMSIS Pack Vendor :STMicroelectronics HAL Drivers 0.0.0
2026-02-17 09:56:06,080 [INFO] ThirdParty:1030 - CMSIS Pack Vendor :STMicroelectronics MBEDTLS 2.16.2
2026-02-17 09:56:06,080 [INFO] ThirdParty:1030 - CMSIS Pack Vendor :STMicroelectronics X-CUBE-ST60 1.1.0
2026-02-17 09:56:06,080 [INFO] ThirdParty:1030 - CMSIS Pack Vendor :STMicroelectronics X-CUBE-ALS 1.0.2
2026-02-17 09:56:06,080 [INFO] ThirdParty:1030 - CMSIS Pack Vendor :emotas I-CUBE-CANOPEN 1.3.0
2026-02-17 09:56:06,080 [INFO] ThirdParty:1030 - CMSIS Pack Vendor :STMicroelectronics MBEDTLS 2.14.1
2026-02-17 09:56:06,080 [INFO] ThirdParty:1030 - CMSIS Pack Vendor :STMicroelectronics X-CUBE-GNSS1 7.1.0
2026-02-17 09:56:06,080 [INFO] ThirdParty:1030 - CMSIS Pack Vendor :ITTIA_DB I-CUBE-ITTIADB 8.9.0
2026-02-17 09:56:06,080 [INFO] ThirdParty:1030 - CMSIS Pack Vendor :STMicroelectronics X-CUBE-TOUCHGFX 4.26.0
2026-02-17 09:56:06,081 [INFO] ThirdParty:1030 - CMSIS Pack Vendor :STMicroelectronics X-CUBE-NFC6 3.2.0
2026-02-17 09:56:06,081 [INFO] ThirdParty:1030 - CMSIS Pack Vendor :STMicroelectronics FP-SNS-STBOX1 2.1.0
2026-02-17 09:56:06,081 [INFO] ThirdParty:1030 - CMSIS Pack Vendor :STMicroelectronics X-CUBE-AI 10.2.0
2026-02-17 09:56:06,082 [INFO] ThirdParty:1030 - CMSIS Pack Vendor :STMicroelectronics FP-SNS-STAIOTCFT 1.0.0
2026-02-17 09:56:06,082 [INFO] ThirdParty:1030 - CMSIS Pack Vendor :STMicroelectronics ThreadX 1.0.0
2026-02-17 09:56:06,082 [INFO] ThirdParty:1030 - CMSIS Pack Vendor :STMicroelectronics FP-SNS-SMARTAG2 1.2.0
2026-02-17 09:56:06,082 [INFO] ThirdParty:1030 - CMSIS Pack Vendor :STMicroelectronics FP-SNS-FLIGHT1 5.1.0
2026-02-17 09:56:06,082 [INFO] ThirdParty:1030 - CMSIS Pack Vendor :STMicroelectronics X-CUBE-AZRTOS-WL 2.0.0
2026-02-17 09:56:06,082 [INFO] ThirdParty:1030 - CMSIS Pack Vendor :SEGGER I-CUBE-embOS 1.3.1
2026-02-17 09:56:06,082 [INFO] ThirdParty:1030 - CMSIS Pack Vendor :STMicroelectronics X-CUBE-ALGOBUILD 1.4.0
2026-02-17 09:56:06,082 [INFO] ThirdParty:1030 - CMSIS Pack Vendor :STMicroelectronics X-CUBE-DPower 1.3.0
2026-02-17 09:56:06,083 [INFO] ThirdParty:1030 - CMSIS Pack Vendor :STMicroelectronics USB_DEVICE 1.0.0
2026-02-17 09:56:06,083 [INFO] ThirdParty:1030 - CMSIS Pack Vendor :STMicroelectronics X-CUBE-AZRTOS-H7RS 1.2.0
2026-02-17 09:56:06,083 [INFO] ThirdParty:1030 - CMSIS Pack Vendor :STMicroelectronics X-CUBE-AZRTOS-L4 2.0.0
2026-02-17 09:56:06,083 [INFO] ThirdParty:1030 - CMSIS Pack Vendor :STMicroelectronics ThreadX 0.0.2
2026-02-17 09:56:06,083 [INFO] ThirdParty:1030 - CMSIS Pack Vendor :STMicroelectronics lwIP 2.1.2
2026-02-17 09:56:06,083 [INFO] ThirdParty:1030 - CMSIS Pack Vendor :STMicroelectronics X-CUBE-SFXS2LP1 4.0.0
2026-02-17 09:56:06,083 [INFO] ThirdParty:1030 - CMSIS Pack Vendor :STMicroelectronics X-CUBE-BLE2 3.3.0
2026-02-17 09:56:06,083 [INFO] ThirdParty:1030 - CMSIS Pack Vendor :Avnet-IOTCONNECT X-CUBE-iotc-st67-sdk 1.0.0
2026-02-17 09:56:06,083 [INFO] ThirdParty:1030 - CMSIS Pack Vendor :STMicroelectronics X-CUBE-TOF1 3.4.3
2026-02-17 09:56:06,083 [INFO] ThirdParty:1030 - CMSIS Pack Vendor :Infineon AIROC-Wi-Fi-Bluetooth-STM32 1.8.0
2026-02-17 09:56:06,084 [INFO] ThirdParty:1030 - CMSIS Pack Vendor :STMicroelectronics PDM2PCM 3.2.0
2026-02-17 09:56:06,084 [INFO] ThirdParty:1030 - CMSIS Pack Vendor :STMicroelectronics X-CUBE-ST67W61 1.2.0
2026-02-17 09:56:06,084 [INFO] ThirdParty:841 - exiting critical section [change project]
2026-02-17 09:56:07,118 [INFO] PinOutPanel:1589 - setPackage(No Configuration,No Configuration)
2026-02-17 09:56:07,119 [INFO] PinOutPanel:1589 - setPackage(STM32L476RGTx,LQFP64)
2026-02-17 09:56:08,595 [INFO] UtilMem:75 - Before build in PCC Used Memory: 906670608 Bytes (1073741824)
2026-02-17 09:56:10,461 [INFO] UtilMem:75 - After build in PCC Used Memory: 814778840 Bytes (1073741824)
2026-02-17 09:56:10,525 [INFO] IPUIPlugin:80 - create IPUIPlugin
2026-02-17 09:56:10,525 [INFO] IPUIPlugin:80 - create IPUIPlugin
2026-02-17 09:56:10,525 [INFO] IPUIPlugin:80 - create IPUIPlugin
2026-02-17 09:56:10,526 [INFO] IPUIPlugin:80 - create IPUIPlugin
2026-02-17 09:56:10,526 [INFO] IPUIPlugin:80 - create IPUIPlugin
2026-02-17 09:56:10,527 [INFO] IPUIPlugin:80 - create IPUIPlugin
2026-02-17 09:56:10,527 [INFO] IPUIPlugin:80 - create IPUIPlugin
2026-02-17 09:56:10,527 [INFO] IPUIPlugin:80 - create IPUIPlugin
2026-02-17 09:56:10,527 [INFO] IPUIPlugin:80 - create IPUIPlugin
2026-02-17 09:56:10,527 [INFO] IPUIPlugin:80 - create IPUIPlugin
2026-02-17 09:56:10,527 [INFO] IPUIPlugin:80 - create IPUIPlugin
2026-02-17 09:56:10,528 [INFO] IPUIPlugin:80 - create IPUIPlugin
2026-02-17 09:56:10,528 [INFO] IPUIPlugin:80 - create IPUIPlugin
2026-02-17 09:56:10,528 [INFO] IPUIPlugin:80 - create IPUIPlugin
2026-02-17 09:56:10,528 [INFO] IPUIPlugin:80 - create IPUIPlugin
2026-02-17 09:56:10,529 [INFO] IPUIPlugin:80 - create IPUIPlugin
2026-02-17 09:56:10,529 [INFO] IPUIPlugin:80 - create IPUIPlugin
2026-02-17 09:56:10,529 [INFO] IPUIPlugin:80 - create IPUIPlugin
2026-02-17 09:56:10,530 [INFO] IPUIPlugin:80 - create IPUIPlugin
2026-02-17 09:56:10,531 [INFO] IPUIPlugin:80 - create IPUIPlugin
2026-02-17 09:56:10,532 [INFO] IPUIPlugin:80 - create IPUIPlugin
2026-02-17 09:56:10,533 [INFO] IPUIPlugin:80 - create IPUIPlugin
2026-02-17 09:56:10,533 [INFO] IPUIPlugin:80 - create IPUIPlugin
2026-02-17 09:56:10,534 [INFO] IPUIPlugin:80 - create IPUIPlugin
2026-02-17 09:56:10,534 [INFO] IPUIPlugin:80 - create IPUIPlugin
2026-02-17 09:56:10,535 [INFO] IPUIPlugin:80 - create IPUIPlugin
2026-02-17 09:56:10,535 [INFO] IPUIPlugin:80 - create IPUIPlugin
2026-02-17 09:56:10,536 [INFO] IPUIPlugin:80 - create IPUIPlugin
2026-02-17 09:56:10,536 [INFO] IPUIPlugin:80 - create IPUIPlugin
2026-02-17 09:56:10,536 [INFO] IPUIPlugin:80 - create IPUIPlugin
2026-02-17 09:56:10,536 [INFO] IPUIPlugin:80 - create IPUIPlugin
2026-02-17 09:56:10,536 [INFO] IPUIPlugin:80 - create IPUIPlugin
2026-02-17 09:56:10,537 [INFO] IPUIPlugin:80 - create IPUIPlugin
2026-02-17 09:56:10,537 [INFO] IPUIPlugin:80 - create IPUIPlugin
2026-02-17 09:56:10,537 [INFO] IPUIPlugin:80 - create IPUIPlugin
2026-02-17 09:56:10,538 [INFO] IPUIPlugin:80 - create IPUIPlugin
2026-02-17 09:56:10,538 [INFO] IPUIPlugin:80 - create IPUIPlugin
2026-02-17 09:56:10,538 [INFO] IPUIPlugin:80 - create IPUIPlugin
2026-02-17 09:56:10,538 [INFO] IPUIPlugin:80 - create IPUIPlugin
2026-02-17 09:56:10,539 [INFO] IPUIPlugin:80 - create IPUIPlugin
2026-02-17 09:56:10,539 [INFO] IPUIPlugin:80 - create IPUIPlugin
2026-02-17 09:56:10,539 [INFO] IPUIPlugin:80 - create IPUIPlugin
2026-02-17 09:56:10,540 [INFO] IPUIPlugin:80 - create IPUIPlugin
2026-02-17 09:56:10,540 [INFO] IPUIPlugin:80 - create IPUIPlugin
2026-02-17 09:56:10,540 [INFO] IPUIPlugin:80 - create IPUIPlugin
2026-02-17 09:56:10,540 [INFO] IPUIPlugin:80 - create IPUIPlugin
2026-02-17 09:56:10,541 [INFO] IPUIPlugin:80 - create IPUIPlugin
2026-02-17 09:56:10,541 [INFO] IPUIPlugin:80 - create IPUIPlugin
2026-02-17 09:56:10,542 [INFO] IPUIPlugin:80 - create IPUIPlugin
2026-02-17 09:56:10,542 [INFO] IPUIPlugin:80 - create IPUIPlugin
2026-02-17 09:56:10,542 [INFO] IPUIPlugin:80 - create IPUIPlugin
2026-02-17 09:56:10,543 [INFO] IPUIPlugin:80 - create IPUIPlugin
2026-02-17 09:56:10,543 [INFO] IPUIPlugin:80 - create IPUIPlugin
2026-02-17 09:56:10,544 [INFO] IPUIPlugin:80 - create IPUIPlugin
2026-02-17 09:56:10,544 [INFO] IPUIPlugin:80 - create IPUIPlugin
2026-02-17 09:56:10,544 [INFO] IPUIPlugin:80 - create IPUIPlugin
2026-02-17 09:56:10,545 [INFO] IPUIPlugin:80 - create IPUIPlugin
2026-02-17 09:56:10,546 [INFO] IPUIPlugin:80 - create IPUIPlugin
2026-02-17 09:56:10,546 [INFO] IPUIPlugin:80 - create IPUIPlugin
2026-02-17 09:56:10,942 [INFO] CADModel:165 - CPN selected for project levelSTM32L476RGT3
2026-02-17 09:56:10,943 [INFO] CADModel:114 - Register for checkConnection events
2026-02-17 09:56:10,998 [INFO] OpenFileManager:386 - Restore cursor
2026-02-17 09:56:16,128 [INFO] UtilMem:75 - End SaveConfig() Used Memory: 951482728 Bytes (1073741824)
2026-02-17 09:56:16,233 [INFO] UtilMem:75 - End SaveConfig() Used Memory: 977017928 Bytes (1073741824)
2026-02-17 09:56:17,260 [INFO] BlockDiagram:2775 - set Specific Code input for plugin: RCC
2026-02-17 09:56:17,260 [INFO] BlockDiagram:2775 - set Specific Code input for plugin: NVIC
2026-02-17 09:56:17,262 [INFO] CodeGenerator:892 - code generatio: config db path: D:\STM32CubeIDE_1.19.0\STM32CubeIDE\plugins\com.st.stm32cube.common.mx_6.15.0.202507011659\\db\
2026-02-17 09:56:17,607 [INFO] CodeEngine:265 - oldGeneratedFile, D:\UART_BareMetal\MXTmpFiles\license.tmp_save
2026-02-17 09:56:18,622 [INFO] CodeEngine:289 - Generated code: D:\UART_BareMetal\MXTmpFiles\license.tmp
2026-02-17 09:56:18,680 [INFO] CodeEngine:265 - oldGeneratedFile, D:\UART_BareMetal\Core\Src\stm32l4xx_it.c_save
2026-02-17 09:56:19,077 [INFO] CodeEngine:289 - Generated code: D:\UART_BareMetal\Core\Src\stm32l4xx_it.c
2026-02-17 09:56:19,111 [INFO] CodeEngine:265 - oldGeneratedFile, D:\UART_BareMetal\Core\Inc\stm32l4xx_it.h_save
2026-02-17 09:56:19,275 [INFO] CodeEngine:289 - Generated code: D:\UART_BareMetal\Core\Inc\stm32l4xx_it.h
2026-02-17 09:56:19,572 [INFO] CodeEngine:265 - oldGeneratedFile, D:\UART_BareMetal\Core\Src\stm32l4xx_hal_msp.c_save
2026-02-17 09:56:19,920 [INFO] CodeEngine:289 - Generated code: D:\UART_BareMetal\Core\Src\stm32l4xx_hal_msp.c
2026-02-17 09:56:19,955 [INFO] CodeEngine:265 - oldGeneratedFile, D:\UART_BareMetal\MXTmpFiles\system.tmp_save
2026-02-17 09:56:20,098 [INFO] CodeEngine:289 - Generated code: D:\UART_BareMetal\MXTmpFiles\system.tmp
2026-02-17 09:56:20,131 [INFO] CodeEngine:321 - oldGeneratedFile, D:\UART_BareMetal\Core\Inc\stm32l4xx_hal_conf.h_save
2026-02-17 09:56:20,372 [INFO] CodeEngine:345 - Generated code: D:\UART_BareMetal\Core\Inc\stm32l4xx_hal_conf.h
2026-02-17 09:56:20,510 [INFO] ApiDbMcu:532 - Load IP Config File for RCC
2026-02-17 09:56:20,533 [INFO] CodeEngine:265 - oldGeneratedFile, D:\UART_BareMetal\Core\Inc\main.h_save
2026-02-17 09:56:20,857 [INFO] CodeEngine:289 - Generated code: D:\UART_BareMetal\Core\Inc\main.h
2026-02-17 09:56:20,884 [INFO] CodeEngine:265 - oldGeneratedFile, D:\UART_BareMetal\Core\Src\main.c_save
2026-02-17 09:56:21,148 [INFO] CodeEngine:289 - Generated code: D:\UART_BareMetal\Core\Src\main.c
2026-02-17 09:56:21,983 [INFO] ProjectBuilder:3606 - Time for Copy HAL[1] : 391mS.
2026-02-17 09:56:21,991 [INFO] ProjectBuilder:5216 - Project Generator version: 4.7.0-B52
2026-02-17 09:56:22,181 [INFO] ConfigFileManager:1595 - The Die is : DIE415
2026-02-17 09:56:22,220 [INFO] ApiDbMcu:532 - Load IP Config File for FATFS
2026-02-17 09:56:22,260 [INFO] ApiDbMcu:532 - Load IP Config File for FREERTOS
2026-02-17 09:56:22,320 [INFO] ApiDbMcu:532 - Load IP Config File for TOUCHSENSING
2026-02-17 09:56:22,358 [INFO] ApiDbMcu:532 - Load IP Config File for USB_DEVICE
2026-02-17 09:56:22,389 [INFO] ApiDbMcu:532 - Load IP Config File for USB_HOST
2026-02-17 09:56:24,126 [INFO] LogOutputStream:77 - [STDOUT_REDIRECT] 
2026-02-17 09:56:29,485 [INFO] ProjectBuilder:5496 - Time for Generating toolchain IDE Files: 7494mS.
2026-02-17 09:56:29,486 [INFO] ProjectBuilder:3463 - Time for Copy CMSIS : 0mS.
2026-02-17 09:56:29,488 [INFO] ProjectBuilder:3463 - Time for Copy CMSIS : 0mS.
2026-02-17 09:56:32,205 [INFO] McuFinderGlobals:76 - Set McuFinderConnectedMode to true
2026-02-17 09:56:32,210 [INFO] ApiDb:448 - Save user favorites file C:\Users\Hemanth Madu/.stm32cubeide/favorites.mcus.txt: 0 item(s)
2026-02-17 09:56:32,210 [INFO] ApiDb:452 - User favorites MCUs=[]
2026-02-17 09:56:32,218 [INFO] ApiDb:448 - Save user favorites file C:\Users\Hemanth Madu/.stm32cubeide/favorites.boards.txt: 0 item(s)
2026-02-17 09:56:32,219 [INFO] ApiDb:452 - User favorites Boards=[]
2026-02-17 09:57:34,076 [INFO] NvicIntPanel:101 - NVIC parent = com.st.microxplorer.plugins.ip.nvic.MultiNvicIntPanel[,0,0,0x0,invalid,layout=javax.swing.BoxLayout,alignmentX=0.0,alignmentY=0.0,border=,flags=9,maximumSize=,minimumSize=,preferredSize=]
2026-02-17 09:57:49,916 [INFO] UtilMem:75 - End SaveConfig() Used Memory: 918715632 Bytes (1073741824)
2026-02-17 09:57:53,396 [INFO] UtilMem:75 - End SaveConfig() Used Memory: 1013087472 Bytes (1073741824)
2026-02-17 09:57:54,040 [INFO] BlockDiagram:2775 - set Specific Code input for plugin: SYS
2026-02-17 09:57:54,041 [INFO] BlockDiagram:2775 - set Specific Code input for plugin: RCC
2026-02-17 09:57:54,041 [INFO] BlockDiagram:2775 - set Specific Code input for plugin: NVIC
2026-02-17 09:57:54,041 [INFO] BlockDiagram:2775 - set Specific Code input for plugin: USART
2026-02-17 09:57:54,042 [INFO] BlockDiagram:2775 - set Specific Code input for plugin: GPIO
2026-02-17 09:57:54,042 [INFO] CodeGenerator:892 - code generatio: config db path: D:\STM32CubeIDE_1.19.0\STM32CubeIDE\plugins\com.st.stm32cube.common.mx_6.15.0.202507011659\\db\
2026-02-17 09:57:54,193 [INFO] CodeEngine:265 - oldGeneratedFile, D:\UART_BareMetal\MXTmpFiles\license.tmp_save
2026-02-17 09:57:54,652 [INFO] CodeEngine:289 - Generated code: D:\UART_BareMetal\MXTmpFiles\license.tmp
2026-02-17 09:57:54,812 [INFO] CodeEngine:265 - oldGeneratedFile, D:\UART_BareMetal\MXTmpFiles\gpio.tmp_save
2026-02-17 09:57:55,143 [INFO] CodeEngine:289 - Generated code: D:\UART_BareMetal\MXTmpFiles\gpio.tmp
2026-02-17 09:57:55,379 [INFO] CodeEngine:265 - oldGeneratedFile, D:\UART_BareMetal\Core\Src\stm32l4xx_it.c_save
2026-02-17 09:57:55,607 [INFO] CodeEngine:289 - Generated code: D:\UART_BareMetal\Core\Src\stm32l4xx_it.c
2026-02-17 09:57:55,613 [INFO] CodeEngine:265 - oldGeneratedFile, D:\UART_BareMetal\Core\Inc\stm32l4xx_it.h_save
2026-02-17 09:57:55,699 [INFO] CodeEngine:289 - Generated code: D:\UART_BareMetal\Core\Inc\stm32l4xx_it.h
2026-02-17 09:57:55,713 [INFO] CodeEngine:265 - oldGeneratedFile, D:\UART_BareMetal\Core\Src\stm32l4xx_hal_msp.c_save
2026-02-17 09:57:56,045 [INFO] CodeEngine:289 - Generated code: D:\UART_BareMetal\Core\Src\stm32l4xx_hal_msp.c
2026-02-17 09:57:56,050 [INFO] CodeEngine:265 - oldGeneratedFile, D:\UART_BareMetal\MXTmpFiles\system.tmp_save
2026-02-17 09:57:56,146 [INFO] CodeEngine:289 - Generated code: D:\UART_BareMetal\MXTmpFiles\system.tmp
2026-02-17 09:57:56,161 [INFO] CodeEngine:321 - oldGeneratedFile, D:\UART_BareMetal\Core\Inc\stm32l4xx_hal_conf.h_save
2026-02-17 09:57:56,376 [INFO] CodeEngine:345 - Generated code: D:\UART_BareMetal\Core\Inc\stm32l4xx_hal_conf.h
2026-02-17 09:57:56,447 [INFO] ApiDbMcu:532 - Load IP Config File for USART2
2026-02-17 09:57:56,459 [INFO] CodeEngine:265 - oldGeneratedFile, D:\UART_BareMetal\Core\Inc\main.h_save
2026-02-17 09:57:56,640 [INFO] CodeEngine:289 - Generated code: D:\UART_BareMetal\Core\Inc\main.h
2026-02-17 09:57:56,646 [INFO] CodeEngine:265 - oldGeneratedFile, D:\UART_BareMetal\Core\Src\main.c_save
2026-02-17 09:57:56,834 [INFO] CodeEngine:289 - Generated code: D:\UART_BareMetal\Core\Src\main.c
2026-02-17 09:57:57,361 [INFO] ProjectBuilder:3606 - Time for Copy HAL[1] : 182mS.
2026-02-17 09:57:57,364 [INFO] ProjectBuilder:5216 - Project Generator version: 4.7.0-B52
2026-02-17 09:57:57,492 [INFO] ConfigFileManager:1595 - The Die is : DIE415
2026-02-17 09:58:00,163 [INFO] ProjectBuilder:5496 - Time for Generating toolchain IDE Files: 2800mS.
2026-02-17 09:58:00,164 [INFO] ProjectBuilder:3463 - Time for Copy CMSIS : 1mS.
2026-02-17 09:58:00,166 [INFO] ProjectBuilder:3463 - Time for Copy CMSIS : 0mS.
2026-02-17 09:59:28,936 [ERROR] ConfigurationRetriever:142 - IOException on connection: Read timed out
2026-02-17 10:06:58,639 [INFO] MainUpdater:2872 - connection check result : 10
2026-02-17 10:06:58,823 [INFO] McuFinderGlobals:76 - Set McuFinderConnectedMode to true
2026-02-17 10:06:58,823 [INFO] MultiScanPanel:200 - Auto-refresh data requested => check proxy status ongoing
2026-02-17 10:06:58,824 [INFO] FinderPluginLoader:96 - Searching for filters in installed packs
2026-02-17 10:07:01,417 [INFO] LoadUrlFilesThread:185 - End of LoadServerUrlFiles without Thread
2026-02-17 10:07:01,417 [INFO] DetailPanel:341 - Set advertising image to C:/Users/Hemanth Madu/STM32Cube/Repository/\en.prom-stm32c0-entry-level-graphic-0226.png
2026-02-17 10:07:06,051 [INFO] ApiDb:581 - Connected to CubeFinder SQLite database (C:\Users\Hemanth Madu\.stmcufinder\plugins\mcufinder\mcu\cube-finder-db.db)
2026-02-17 10:07:10,889 [INFO] MultiScanPanel:200 - Auto-refresh data requested => check proxy status ongoing
2026-02-17 10:07:11,008 [INFO] LoadUrlFilesThread:185 - End of LoadServerUrlFiles without Thread
2026-02-17 10:07:11,008 [INFO] DetailPanel:341 - Set advertising image to C:/Users/Hemanth Madu/STM32Cube/Repository/\en.prom-stm32c0-entry-level-graphic-0226.png
2026-02-17 10:07:18,590 [INFO] MainUpdater:2872 - connection check result : 10
2026-02-17 10:07:18,591 [INFO] MainUpdater:2872 - connection check result : 10
2026-02-17 10:07:18,791 [INFO] MicroXplorer:468 - Change Database Path : 
2026-02-17 10:07:18,791 [INFO] MicroXplorer:498 - Change Database Version : DB.6.0.150
2026-02-17 10:07:18,844 [ERROR] ProjectManagerView:395 - 
java.lang.NullPointerException: Cannot invoke "javax.swing.JTextField.getText()" because the return value of "java.util.List.get(int)" is null
	at com.st.microxplorer.plugins.projectmanager.gui.ProjectChoiceTab$9.caretUpdate(ProjectChoiceTab.java:2706) ~[filemanager.jar:?]
	at javax.swing.text.JTextComponent.fireCaretUpdate(JTextComponent.java:408) ~[?:?]
	at javax.swing.text.JTextComponent$MutableCaretEvent.fire(JTextComponent.java:4484) ~[?:?]
	at javax.swing.text.JTextComponent$MutableCaretEvent.stateChanged(JTextComponent.java:4506) ~[?:?]
	at javax.swing.text.DefaultCaret.fireStateChanged(DefaultCaret.java:857) ~[?:?]
	at javax.swing.text.DefaultCaret.changeCaretPosition(DefaultCaret.java:1343) ~[?:?]
	at javax.swing.text.DefaultCaret.handleSetDot(DefaultCaret.java:1242) ~[?:?]
	at javax.swing.text.DefaultCaret.setDot(DefaultCaret.java:1223) ~[?:?]
	at javax.swing.text.DefaultCaret$Handler.insertUpdate(DefaultCaret.java:1819) ~[?:?]
	at javax.swing.text.AbstractDocument.fireInsertUpdate(AbstractDocument.java:227) ~[?:?]
	at javax.swing.text.AbstractDocument.handleInsertString(AbstractDocument.java:781) ~[?:?]
	at javax.swing.text.AbstractDocument.insertString(AbstractDocument.java:740) ~[?:?]
	at javax.swing.text.PlainDocument.insertString(PlainDocument.java:131) ~[?:?]
	at javax.swing.text.AbstractDocument.replace(AbstractDocument.java:699) ~[?:?]
	at javax.swing.text.JTextComponent.setText(JTextComponent.java:1725) ~[?:?]
	at com.st.microxplorer.plugins.projectmanager.gui.ProjectChoiceTab.createHeapStackFields(ProjectChoiceTab.java:993) ~[filemanager.jar:?]
	at com.st.microxplorer.plugins.projectmanager.gui.ProjectChoiceTab.buildLinkSettingsPanel(ProjectChoiceTab.java:3813) ~[filemanager.jar:?]
	at com.st.microxplorer.plugins.projectmanager.gui.ProjectChoiceTab.defineWindowsFields(ProjectChoiceTab.java:1987) ~[filemanager.jar:?]
	at com.st.microxplorer.plugins.projectmanager.gui.ProjectChoiceTab.updateSettings(ProjectChoiceTab.java:558) ~[filemanager.jar:?]
	at com.st.microxplorer.plugins.projectmanager.gui.ProjectSettingsPanel.UpdateDialog(ProjectSettingsPanel.java:247) ~[filemanager.jar:?]
	at com.st.microxplorer.plugins.projectmanager.ProjectManagerView.propertyChange(ProjectManagerView.java:392) ~[filemanager.jar:?]
	at java.beans.PropertyChangeSupport.fire(PropertyChangeSupport.java:343) ~[?:?]
	at java.beans.PropertyChangeSupport.firePropertyChange(PropertyChangeSupport.java:335) ~[?:?]
	at java.beans.PropertyChangeSupport.firePropertyChange(PropertyChangeSupport.java:268) ~[?:?]
	at com.st.microxplorer.util.MXPropertyChangeSupport.firePropertyChange(MXPropertyChangeSupport.java:54) ~[STM32CubeMX.jar:?]
	at com.st.microxplorer.mxsystem.MxSystem.closeConfig(MxSystem.java:899) ~[STM32CubeMX.jar:?]
	at com.st.microxplorer.maingui.MainPanel.closeConfig(MainPanel.java:792) ~[STM32CubeMX.jar:?]
	at com.st.microxplorer.plugins.filemanager.engine.OpenFileManager.loadConfigurationFile(OpenFileManager.java:288) ~[filemanager.jar:?]
	at com.st.microxplorer.plugins.filemanager.engine.MainFileManager.userLoadConfig(MainFileManager.java:364) ~[filemanager.jar:?]
	at com.st.microxplorer.plugins.filemanager.FileManagerView.getSpecificTask(FileManagerView.java:268) ~[filemanager.jar:?]
	at com.st.stm32cube.common.mx.editor.CubeMxEditor.getMxTabbedPaneInstance(CubeMxEditor.java:1191) ~[com.st.stm32cube.common.mx_6.15.0.202507011659/:?]
	at com.st.stm32cube.common.mx.editor.CubeMxEditor$12$1.createSwingComponent(CubeMxEditor.java:1068) ~[com.st.stm32cube.common.mx_6.15.0.202507011659/:?]
	at com.st.stm32cube.common.mx.oss.core.awtswtbridge.EmbeddedSwingComposite.doComponentCreation(EmbeddedSwingComposite.java:492) ~[com.st.stm32cube.common.mx.oss_6.15.0.202507011659/:?]
	at com.st.stm32cube.common.mx.oss.core.awtswtbridge.EmbeddedSwingComposite$4.run(EmbeddedSwingComposite.java:291) ~[com.st.stm32cube.common.mx.oss_6.15.0.202507011659/:?]
	at com.st.stm32cube.common.mx.oss.core.awtswtbridge.AwtEnvironment$2.run(AwtEnvironment.java:166) ~[com.st.stm32cube.common.mx.oss_6.15.0.202507011659/:?]
	at java.awt.event.InvocationEvent.dispatch(InvocationEvent.java:318) ~[?:?]
	at java.awt.EventQueue.dispatchEventImpl(EventQueue.java:773) ~[?:?]
	at java.awt.EventQueue$4.run(EventQueue.java:720) ~[?:?]
	at java.awt.EventQueue$4.run(EventQueue.java:714) ~[?:?]
	at java.security.AccessController.doPrivileged(AccessController.java:400) ~[?:?]
	at java.security.ProtectionDomain$JavaSecurityAccessImpl.doIntersectionPrivilege(ProtectionDomain.java:87) ~[?:?]
	at java.awt.EventQueue.dispatchEvent(EventQueue.java:742) ~[?:?]
	at java.awt.EventDispatchThread.pumpOneEventForFilters(EventDispatchThread.java:203) ~[?:?]
	at java.awt.EventDispatchThread.pumpEventsForFilter(EventDispatchThread.java:124) ~[?:?]
	at java.awt.EventDispatchThread.pumpEventsForHierarchy(EventDispatchThread.java:113) ~[?:?]
	at java.awt.EventDispatchThread.pumpEvents(EventDispatchThread.java:109) ~[?:?]
	at java.awt.EventDispatchThread.pumpEvents(EventDispatchThread.java:101) ~[?:?]
	at java.awt.EventDispatchThread.run(EventDispatchThread.java:90) ~[?:?]
2026-02-17 10:07:18,878 [WARN] ThirdParty:871 - waiting for thirdparty lock release [close project]
2026-02-17 10:07:18,878 [INFO] ThirdParty:873 - entering critical section [close project]
2026-02-17 10:07:18,878 [INFO] ThirdParty:883 - exiting critical section [close project]
2026-02-17 10:07:18,882 [INFO] PinOutPanel:1589 - setPackage(No Configuration,No Configuration)
2026-02-17 10:07:18,904 [INFO] UtilMem:75 - Begin LoadConfig() Used Memory: 799568216 Bytes (1073741824)
2026-02-17 10:07:18,905 [INFO] OpenFileManager:355 - Change cursor
2026-02-17 10:07:18,990 [INFO] RulesReader:64 - Compatibility file has been processed (317 Rules)
2026-02-17 10:07:19,008 [INFO] ProjectFactory:514 - No CPN specified for board NUCLEO-L476RG => set CPN to STM32L476RGT3
2026-02-17 10:07:19,008 [INFO] Mcu:2029 - Initializing MCU STM32L476R(C-E-G)Tx STM32L476RGTx STM32L476RGT3
2026-02-17 10:07:22,979 [INFO] Context:786 - Trying to add GPIOservice into a context  which must be forbidden
2026-02-17 10:07:24,269 [INFO] Rule:233 - rule 117617 - U5Cobra4M][GTZC] default value MPCBB3 and MPCBB5 - Not Secured memory - MPCBB1 is applicable
2026-02-17 10:07:24,269 [INFO] Rule:233 - rule 117617 - U5Cobra4M][GTZC] default value MPCBB3 and MPCBB5 - Not Secured memory - MPCBB1 is applicable
2026-02-17 10:07:24,269 [INFO] Rule:233 - rule 117617 - U5Cobra4M][GTZC] default value MPCBB3 and MPCBB5 - Not Secured memory - MPCBB2 is applicable
2026-02-17 10:07:24,269 [INFO] Rule:233 - rule 117617 - U5Cobra4M][GTZC] default value MPCBB3 and MPCBB5 - Not Secured memory - MPCBB2 is applicable
2026-02-17 10:07:24,270 [INFO] Rule:233 - rule 117617 - U5Cobra4M][GTZC] default value MPCBB3 and MPCBB5 - Not Secured memory - MPCBB3 is applicable
2026-02-17 10:07:24,270 [INFO] Rule:233 - rule 117617 - U5Cobra4M][GTZC] default value MPCBB3 and MPCBB5 - Not Secured memory - MPCBB3 is applicable
2026-02-17 10:07:24,270 [INFO] Rule:233 - rule 117617 - U5Cobra4M][GTZC] default value MPCBB3 and MPCBB5 - Not Secured memory - MPCBB4 is applicable
2026-02-17 10:07:24,270 [INFO] Rule:233 - rule 117617 - U5Cobra4M][GTZC] default value MPCBB3 and MPCBB5 - Not Secured memory - MPCBB4 is applicable
2026-02-17 10:07:24,270 [INFO] Rule:233 - rule 117617 - U5Cobra4M][GTZC] default value MPCBB3 and MPCBB5 - Secured memory - MPCBB1 is applicable
2026-02-17 10:07:24,270 [INFO] Rule:233 - rule 117617 - U5Cobra4M][GTZC] default value MPCBB3 and MPCBB5 - Secured memory - MPCBB2 is applicable
2026-02-17 10:07:24,270 [INFO] Rule:233 - rule 117617 - U5Cobra4M][GTZC] default value MPCBB3 and MPCBB5 - Secured memory - MPCBB3 is applicable
2026-02-17 10:07:24,270 [INFO] Rule:233 - rule 117617 - U5Cobra4M][GTZC] default value MPCBB3 and MPCBB5 - Secured memory - MPCBB4 is applicable
2026-02-17 10:07:24,270 [INFO] Rule:233 - rule 117617 - U5Cobra4M][GTZC] default value MPCBB3 and MPCBB5 - Privileged memory - MPCBB1 is applicable
2026-02-17 10:07:24,270 [INFO] Rule:233 - rule 117617 - U5Cobra4M][GTZC] default value MPCBB3 and MPCBB5 - Privileged memory - MPCBB2 is applicable
2026-02-17 10:07:24,270 [INFO] Rule:233 - rule 117617 - U5Cobra4M][GTZC] default value MPCBB3 and MPCBB5 - Privileged memory - MPCBB3 is applicable
2026-02-17 10:07:24,270 [INFO] Rule:233 - rule 117617 - U5Cobra4M][GTZC] default value MPCBB3 and MPCBB5 - Privileged memory - MPCBB4 is applicable
2026-02-17 10:07:24,270 [INFO] Rule:233 - rule 117617 - U5Cobra4M][GTZC] default value MPCBB3 and MPCBB5 - Not Privileged memory - MPCBB1 is applicable
2026-02-17 10:07:24,270 [INFO] Rule:233 - rule 117617 - U5Cobra4M][GTZC] default value MPCBB3 and MPCBB5 - Not Privileged memory - MPCBB2 is applicable
2026-02-17 10:07:24,271 [INFO] Rule:233 - rule 117617 - U5Cobra4M][GTZC] default value MPCBB3 and MPCBB5 - Not Privileged memory - MPCBB3 is applicable
2026-02-17 10:07:24,271 [INFO] Rule:233 - rule 117617 - U5Cobra4M][GTZC] default value MPCBB3 and MPCBB5 - Not Privileged memory - MPCBB4 is applicable
2026-02-17 10:07:24,271 [INFO] Rule:233 - rule 117617 - U5Cobra4M][GTZC] default value MPCBB3 and MPCBB5 - Privileged memory - MPCBB1 is applicable
2026-02-17 10:07:24,271 [INFO] Rule:233 - rule 117617 - U5Cobra4M][GTZC] default value MPCBB3 and MPCBB5 - Privileged memory - MPCBB2 is applicable
2026-02-17 10:07:24,271 [INFO] Rule:233 - rule 117617 - U5Cobra4M][GTZC] default value MPCBB3 and MPCBB5 - Privileged memory - MPCBB3 is applicable
2026-02-17 10:07:24,271 [INFO] Rule:233 - rule 117617 - U5Cobra4M][GTZC] default value MPCBB3 and MPCBB5 - Privileged memory - MPCBB4 is applicable
2026-02-17 10:07:24,271 [INFO] Rule:233 - rule 117617 - U5Cobra4M][GTZC] default value MPCBB3 and MPCBB5 - Privileged memory - MPCBB1 is applicable
2026-02-17 10:07:24,271 [INFO] Rule:233 - rule 117617 - U5Cobra4M][GTZC] default value MPCBB3 and MPCBB5 - Privileged memory - MPCBB2 is applicable
2026-02-17 10:07:24,271 [INFO] Rule:233 - rule 117617 - U5Cobra4M][GTZC] default value MPCBB3 and MPCBB5 - Privileged memory - MPCBB3 is applicable
2026-02-17 10:07:24,271 [INFO] Rule:233 - rule 117617 - U5Cobra4M][GTZC] default value MPCBB3 and MPCBB5 - Privileged memory - MPCBB4 is applicable
2026-02-17 10:07:24,271 [INFO] Rule:233 - rule 117617 - U5Cobra4M][GTZC] default value MPCBB3 and MPCBB5 - Not Privileged memory - MPCBB1 is applicable
2026-02-17 10:07:24,271 [INFO] Rule:233 - rule 117617 - U5Cobra4M][GTZC] default value MPCBB3 and MPCBB5 - Not Privileged memory - MPCBB2 is applicable
2026-02-17 10:07:24,271 [INFO] Rule:233 - rule 117617 - U5Cobra4M][GTZC] default value MPCBB3 and MPCBB5 - Not Privileged memory - MPCBB3 is applicable
2026-02-17 10:07:24,271 [INFO] Rule:233 - rule 117617 - U5Cobra4M][GTZC] default value MPCBB3 and MPCBB5 - Not Privileged memory - MPCBB4 is applicable
2026-02-17 10:07:24,271 [INFO] Rule:233 - rule 117617 - U5Cobra4M][GTZC] default value MPCBB3 and MPCBB5 - Privileged memory - MPCBB1 is applicable
2026-02-17 10:07:24,271 [INFO] Rule:233 - rule 117617 - U5Cobra4M][GTZC] default value MPCBB3 and MPCBB5 - Privileged memory - MPCBB2 is applicable
2026-02-17 10:07:24,271 [INFO] Rule:233 - rule 117617 - U5Cobra4M][GTZC] default value MPCBB3 and MPCBB5 - Privileged memory - MPCBB3 is applicable
2026-02-17 10:07:24,271 [INFO] Rule:233 - rule 117617 - U5Cobra4M][GTZC] default value MPCBB3 and MPCBB5 - Privileged memory - MPCBB4 is applicable
2026-02-17 10:07:24,271 [INFO] Rule:233 - rule Rename SubGHz_Phy SUBGHZ_APPLICATION SUBGHZ_PINGPONG to SUBGHZ_ADV_APPLICATION is applicable
2026-02-17 10:07:24,271 [INFO] Rule:233 - rule Rename Enabled to IBEACON is applicable
2026-02-17 10:07:24,272 [INFO] Rule:233 - rule GTZC_S instance for project manager is applicable
2026-02-17 10:07:24,272 [INFO] Rule:233 - rule GTZC_S instance for context M33S is applicable
2026-02-17 10:07:24,272 [INFO] Rule:233 - rule GTZC_S instance value for IP GTZC is applicable
2026-02-17 10:07:24,272 [INFO] Rule:233 - rule GTZC_S instance for mcu.IP is applicable
2026-02-17 10:07:24,272 [INFO] Rule:233 - rule GTZC_S instance for VP is applicable
2026-02-17 10:07:24,272 [INFO] Rule:233 - rule GTZC_S instance for signal is applicable
2026-02-17 10:07:24,272 [INFO] Rule:233 - rule GTZC_S instance for mcu.Pin is applicable
2026-02-17 10:07:24,272 [INFO] Rule:233 - rule GTZC_S instance for VP is applicable
2026-02-17 10:07:24,272 [INFO] Rule:233 - rule GTZC_S instance for signal is applicable
2026-02-17 10:07:24,272 [INFO] Rule:233 - rule GTZC_S instance for mcu is applicable
2026-02-17 10:07:24,272 [INFO] Rule:233 - rule GTZC_S instance for mcu.Pin is applicable
2026-02-17 10:07:24,272 [INFO] Rule:233 - rule GTZC_S instance value for IP GTZC is applicable
2026-02-17 10:07:24,272 [INFO] Rule:233 - rule GTZC_S instance for project manager is applicable
2026-02-17 10:07:24,272 [INFO] Rule:233 - rule GTZC_S instance for context M33S is applicable
2026-02-17 10:07:24,272 [INFO] Rule:233 - rule GTZC_S instance for VP is applicable
2026-02-17 10:07:24,272 [INFO] Rule:233 - rule GTZC_S instance for signal is applicable
2026-02-17 10:07:24,272 [INFO] Rule:233 - rule SPDIFRX instance for mcu is applicable
2026-02-17 10:07:24,272 [INFO] Rule:233 - rule Rename Tracer Mode is applicable
2026-02-17 10:07:24,272 [INFO] Rule:233 - rule SPDIFRX instance value for IP SPDIFRX is applicable
2026-02-17 10:07:24,272 [INFO] Rule:233 - rule SPDIFRX instance for signal is applicable
2026-02-17 10:07:24,273 [INFO] Rule:233 - rule SPDIFRX instance for project manager is applicable
2026-02-17 10:07:24,273 [INFO] Rule:233 - rule SPDIFRX instance for project manager is applicable
2026-02-17 10:07:24,273 [INFO] Rule:233 - rule ADC Scan  fix with FW F7 is applicable
2026-02-17 10:07:24,273 [INFO] Rule:233 - rule ADC Scan  fix with FW F7 is applicable
2026-02-17 10:07:24,273 [INFO] Rule:233 - rule WakeUp0 Mode is applicable
2026-02-17 10:07:24,273 [INFO] Rule:233 - rule WakeUp0 SIGNAL is applicable
2026-02-17 10:07:24,273 [INFO] Rule:233 - rule WakeUp1 Mode is applicable
2026-02-17 10:07:24,273 [INFO] Rule:233 - rule WakeUp1 SIGNAL is applicable
2026-02-17 10:07:24,273 [INFO] Rule:233 - rule WakeUp2 Mode is applicable
2026-02-17 10:07:24,273 [INFO] Rule:233 - rule WakeUp2 SIGNAL is applicable
2026-02-17 10:07:24,273 [INFO] Rule:233 - rule WakeUp4 Mode is applicable
2026-02-17 10:07:24,273 [INFO] Rule:233 - rule WakeUp4 SIGNAL is applicable
2026-02-17 10:07:24,273 [INFO] Rule:233 - rule WakeUp5 Mode is applicable
2026-02-17 10:07:24,273 [INFO] Rule:233 - rule WakeUp5 SIGNAL is applicable
2026-02-17 10:07:24,273 [INFO] Rule:233 - rule Add RTC Activate Clock Source is applicable
2026-02-17 10:07:24,274 [INFO] Rule:233 - rule Add RTC Activate Calendar 1 is applicable
2026-02-17 10:07:24,274 [INFO] Rule:233 - rule Add RTC Activate Calendar 2 is applicable
2026-02-17 10:07:24,274 [INFO] Rule:233 - rule Add RTC Activate Calendar 3 is applicable
2026-02-17 10:07:24,274 [INFO] Rule:233 - rule UART/USART TX Mode is applicable
2026-02-17 10:07:24,274 [INFO] Rule:233 - rule UART/USART RX Mode is applicable
2026-02-17 10:07:24,274 [INFO] Rule:233 - rule UART/USART RX TX Mode is applicable
2026-02-17 10:07:24,274 [INFO] Rule:233 - rule UART/USART PARITY NONE is applicable
2026-02-17 10:07:24,274 [INFO] Rule:233 - rule UART/USART PARITY EVEN is applicable
2026-02-17 10:07:24,274 [INFO] Rule:233 - rule UART/USART PARITY ODD is applicable
2026-02-17 10:07:24,274 [INFO] Rule:233 - rule USART StopBits 1 is applicable
2026-02-17 10:07:24,274 [INFO] Rule:233 - rule USART StopBits 2 is applicable
2026-02-17 10:07:24,274 [INFO] Rule:233 - rule USART StopBits 1.5 is applicable
2026-02-17 10:07:24,274 [INFO] Rule:233 - rule USART StopBits 0.5 is applicable
2026-02-17 10:07:24,274 [INFO] Rule:233 - rule UART/USART WORD LENGTH 7 is applicable
2026-02-17 10:07:24,274 [INFO] Rule:233 - rule UART/USART WORD LENGTH 8 is applicable
2026-02-17 10:07:24,274 [INFO] Rule:233 - rule UART/USART WORD LENGTH 9 is applicable
2026-02-17 10:07:24,274 [INFO] Rule:233 - rule Rename FMC NAND NCE signal is applicable
2026-02-17 10:07:24,274 [INFO] Rule:233 - rule Rename FMC NAND INT signal is applicable
2026-02-17 10:07:24,274 [INFO] Rule:233 - rule Change Default Value for LSE Drive Capability for WB family is applicable
2026-02-17 10:07:24,275 [INFO] Rule:233 - rule Change Default Value for ADC Clock Prescaler G0 family is applicable
2026-02-17 10:07:24,275 [INFO] Rule:233 - rule Change Default Value for ADC ExternalTrigConv L4 family is applicable
2026-02-17 10:07:24,275 [INFO] Rule:233 - rule Change Default Value for ADC ExternalTrigInjecConv L4 family is applicable
2026-02-17 10:07:24,275 [INFO] Rule:233 - rule Change Default Value for ADC ExternalTrigConv F3 family is applicable
2026-02-17 10:07:24,275 [INFO] Rule:233 - rule Change Default Value for ADC ExternalTrigInjecConv F3 family is applicable
2026-02-17 10:07:24,275 [INFO] Rule:233 - rule Change Default Value for ADC ExternalTrigConv Goldfish serie is applicable
2026-02-17 10:07:24,275 [INFO] Rule:233 - rule Change Default Value for ADC ExternalTrigInjecConv Goldfish serie is applicable
2026-02-17 10:07:24,275 [INFO] Rule:233 - rule Change Default Value for ADC ExternalTrigConv L0 family is applicable
2026-02-17 10:07:24,275 [INFO] Rule:233 - rule Change Default Value for ADC ExternalTrigConv F0 family is applicable
2026-02-17 10:07:24,275 [INFO] Rule:233 - rule Change Default Value for ADC ExternalTrigConvn L1 family is applicable
2026-02-17 10:07:24,275 [INFO] Rule:233 - rule Change Default Value for ADC ExternalTrigInjecConv L1 family is applicable
2026-02-17 10:07:24,275 [INFO] Rule:233 - rule Change Default Value for ADC ExternalTrigConv F1 family is applicable
2026-02-17 10:07:24,275 [INFO] Rule:233 - rule Change Default Value for ADC ExternalTrigInjecConv F1 family is applicable
2026-02-17 10:07:24,275 [INFO] Rule:233 - rule Change Default Value for ADC ExternalTrigConv F7 family is applicable
2026-02-17 10:07:24,275 [INFO] Rule:233 - rule Change Default Value for ADC ExternalTrigInjecConv F7 family is applicable
2026-02-17 10:07:24,275 [INFO] Rule:233 - rule Change Default Value for ADC ExternalTrigConv F4 and F2 family is applicable
2026-02-17 10:07:24,276 [INFO] Rule:233 - rule Change Default Value for ADC ExternalTrigInjecConv F4 and F2 family is applicable
2026-02-17 10:07:24,276 [INFO] Rule:233 - rule ADC SamplingTime fix with FW L0  is applicable
2026-02-17 10:07:24,276 [INFO] Rule:233 - rule ADC SamplingTime fix with FW L0  is applicable
2026-02-17 10:07:24,276 [INFO] Rule:233 - rule ADC SamplingTime fix with FW L0 is applicable
2026-02-17 10:07:24,276 [INFO] Rule:233 - rule ADC SamplingTime fix with FW L0 is applicable
2026-02-17 10:07:24,276 [INFO] Rule:233 - rule ADC SamplingTime fix with FW L0  is applicable
2026-02-17 10:07:24,276 [INFO] Rule:233 - rule ADC SamplingTime fix with FW L0 is applicable
2026-02-17 10:07:24,276 [INFO] Rule:233 - rule Rename USB_OE Signal is applicable
2026-02-17 10:07:24,276 [INFO] Rule:233 - rule Rename Activate_OE Mode is applicable
2026-02-17 10:07:24,276 [INFO] Rule:233 - rule Rename DIE462/DIE415 pin PC14/OSC32_IN -> PC14-OSC32_IN (PC14) is applicable
2026-02-17 10:07:24,276 [INFO] Rule:233 - rule Rename DIE462/DIE415 pin PC15/OSC32_OUT -> PC15-OSC32_OUT (PC15) is applicable
2026-02-17 10:07:24,276 [INFO] Rule:233 - rule Rename DIE462/DIE415 pin PH0/OSC_IN -> PH0-OSC_IN (PH0) is applicable
2026-02-17 10:07:24,276 [INFO] Rule:233 - rule Rename DIE462/DIE415 pin PH1/OSC_OUT -> PH1-OSC_OUT (PH1) is applicable
2026-02-17 10:07:24,276 [INFO] Rule:233 - rule Rename DIE462 pin PA13 -> PA13 (JTMS/SWDIO) is applicable
2026-02-17 10:07:24,276 [INFO] Rule:233 - rule Rename DIE415 pin PA13 -> PA13 (JTMS/SWDIO) is applicable
2026-02-17 10:07:24,276 [INFO] Rule:233 - rule Rename DIE462 pin PA14 -> PA14 (JTCK/SWCLK) is applicable
2026-02-17 10:07:24,276 [INFO] Rule:233 - rule Rename DIE415 pin PA14 -> PA14 (JTCK/SWCLK) is applicable
2026-02-17 10:07:24,276 [INFO] Rule:233 - rule Rename DIE462/DIE415 pin PA15 -> PA15 (JTDI) is applicable
2026-02-17 10:07:24,276 [INFO] Rule:233 - rule Rename DIE462 pin PB3 -> PB3 (JTD0/TRACESWO) is applicable
2026-02-17 10:07:24,276 [INFO] Rule:233 - rule Rename DIE415 pin PB3 -> PB3 (JTD0-TRACESWO) is applicable
2026-02-17 10:07:24,276 [INFO] Rule:233 - rule Rename DIE462/DIE415 pin PB4 -> PB4 (NJTRST) is applicable
2026-02-17 10:07:24,276 [INFO] Rule:233 - rule Rename DIE462 pin PH3/BOOT0 -> PH3-BOOT0 (BOOT0) is applicable
2026-02-17 10:07:24,276 [INFO] Rule:233 - rule Rename CRYP DataEncryptionTypesList to Algorithm is applicable
2026-02-17 10:07:24,277 [INFO] Rule:233 - rule Rename AES DataEncryptionTypesList to Algorithm is applicable
2026-02-17 10:07:24,277 [INFO] Rule:233 - rule Rename TDESECB to CRYP_TDES_ECB is applicable
2026-02-17 10:07:24,277 [INFO] Rule:233 - rule Rename TDESCBC to CRYP_TDES_CBC is applicable
2026-02-17 10:07:24,277 [INFO] Rule:233 - rule Rename DESECB to CRYP_DES_ECB is applicable
2026-02-17 10:07:24,277 [INFO] Rule:233 - rule Rename DESCBC to CRYP_DES_CBC is applicable
2026-02-17 10:07:24,277 [INFO] Rule:233 - rule Rename AESECB to CRYP_AES_ECB is applicable
2026-02-17 10:07:24,277 [INFO] Rule:233 - rule Rename AESCBC to CRYP_AES_CBC is applicable
2026-02-17 10:07:24,277 [INFO] Rule:233 - rule Rename AESCTR to CRYP_AES_CTR is applicable
2026-02-17 10:07:24,277 [INFO] Rule:233 - rule Rename AESGCM to CRYP_AES_GCM is applicable
2026-02-17 10:07:24,277 [INFO] Rule:233 - rule Rename AESCCM to CRYP_AES_CCM is applicable
2026-02-17 10:07:24,277 [INFO] Rule:233 - rule Rename CAN TimeSeg1 to BS1 is applicable
2026-02-17 10:07:24,277 [INFO] Rule:233 - rule Rename CAN TimeSeg2 to BS2 is applicable
2026-02-17 10:07:24,277 [INFO] Rule:233 - rule Rename CAN SyncJumpWidth to SJW is applicable
2026-02-17 10:07:24,277 [INFO] Rule:233 - rule TimeTriggeredMode to TTCM is applicable
2026-02-17 10:07:24,277 [INFO] Rule:233 - rule Rename CAN AutoBusOff to ABOM is applicable
2026-02-17 10:07:24,277 [INFO] Rule:233 - rule Rename CAN AutoWakeUp to AWUM is applicable
2026-02-17 10:07:24,277 [INFO] Rule:233 - rule Rename CAN AutoRetransmission to NART is applicable
2026-02-17 10:07:24,277 [INFO] Rule:233 - rule Rename CAN ReceiveFifoLocked to RFLM is applicable
2026-02-17 10:07:24,277 [INFO] Rule:233 - rule Rename CAN TransmitFifoPriority to TXFP is applicable
2026-02-17 10:07:24,278 [INFO] Rule:233 - rule Rename HRTIMER HRTIM_OUTPUTFAULTLEVEL_HIGH in HRTIMER HRTIM_OUTPUTFAULTLEVEL_HIGHZ is applicable
2026-02-17 10:07:24,278 [INFO] Rule:233 - rule Rename TIMER TIM_CLEARINPUTSOURCE_OCREFCLR in  TIMER TIM_CLEARINPUTSOURCE_NONE for F7 family is applicable
2026-02-17 10:07:24,278 [INFO] Rule:233 - rule FDCAN_R1 - Rename FDCAN mode Master into Classic is applicable
2026-02-17 10:07:24,278 [INFO] Rule:233 - rule FDCAN_R2 - Rename FDCAN mode Slave into Classic is applicable
2026-02-17 10:07:24,278 [INFO] Rule:233 - rule FDCAN1_R3 - if PA10.Mode=FullDuplex, add Pin PA12 is applicable
2026-02-17 10:07:24,278 [INFO] Rule:233 - rule FDCAN1_R3 - if PA9.Mode=FullDuplex, add Pin PA11 is applicable
2026-02-17 10:07:24,278 [INFO] Rule:233 - rule FDCAN1_R3 - Alternatepin_1 - if PE1.Mode=FullDuplex, add Pin PB9 is applicable
2026-02-17 10:07:24,278 [INFO] Rule:233 - rule FDCAN1_R3 - Alternatepin_1 - if PE0.Mode=FullDuplex, add Pin PB8 is applicable
2026-02-17 10:07:24,278 [INFO] Rule:233 - rule FDCAN1_R3 - Alternatepin_2 - if PD5.Mode=FullDuplex, add Pin PD1 is applicable
2026-02-17 10:07:24,278 [INFO] Rule:233 - rule FDCAN1_R3 - Alternatepin_2 - if PD4.Mode=FullDuplex, add Pin PD0 is applicable
2026-02-17 10:07:24,278 [INFO] Rule:233 - rule FDCAN1_R4 - Rename Mode FullDuplex into Enable FDCAN_TXFD for pin PA10 is applicable
2026-02-17 10:07:24,279 [INFO] Rule:233 - rule FDCAN1_R4 - Rename Mode FullDuplex into Enable FDCAN_TXFD for pin PA9 is applicable
2026-02-17 10:07:24,279 [INFO] Rule:233 - rule FDCAN1_R4 - Alternatepin_1 - Rename Mode FullDuplex into Enable FDCAN_TXFD for pin PE1 is applicable
2026-02-17 10:07:24,279 [INFO] Rule:233 - rule FDCAN1_R4 - Alternatepin_1 - Rename Mode FullDuplex into Enable FDCAN_TXFD for pin PE0 is applicable
2026-02-17 10:07:24,279 [INFO] Rule:233 - rule FDCAN1_R4 - Alternatepin_2 - Rename Mode FullDuplex into Enable FDCAN_TXFD for pin PD5 is applicable
2026-02-17 10:07:24,279 [INFO] Rule:233 - rule FDCAN1_R4 - Alternatepin_2 - Rename Mode FullDuplex into Enable FDCAN_TXFD for pin PD4 is applicable
2026-02-17 10:07:24,280 [INFO] Rule:233 - rule FDCAN2_R3 - if PD10.Mode=FullDuplex, add Pin PB13 is applicable
2026-02-17 10:07:24,280 [INFO] Rule:233 - rule FDCAN2_R3 - if PD9.Mode=FullDuplex, add Pin PB12 is applicable
2026-02-17 10:07:24,280 [INFO] Rule:233 - rule FDCAN2_R3 - Alternatepin_1 - if PB7.Mode=FullDuplex, add Pin PB6 is applicable
2026-02-17 10:07:24,280 [INFO] Rule:233 - rule FDCAN2_R3 - Alternatepin_1 - if PD9.Mode=FullDuplex, add Pin PB12 is applicable
2026-02-17 10:07:24,280 [INFO] Rule:233 - rule FDCAN2_R4 - Rename Mode FullDuplex into Enable FDCAN_TXFD for pin PD10 is applicable
2026-02-17 10:07:24,280 [INFO] Rule:233 - rule FDCAN2_R4 - Rename Mode FullDuplex into Enable FDCAN_TXFD for pin PD9 is applicable
2026-02-17 10:07:24,280 [INFO] Rule:233 - rule FDCAN2_R4 - Alternatepin_1 - Rename Mode FullDuplex into Enable FDCAN_TXFD for pin PB7 is applicable
2026-02-17 10:07:24,280 [INFO] Rule:233 - rule FDCAN2_R4 - Alternatepin_1 - Rename Mode FullDuplex into Enable FDCAN_TXFD for pin PD6 is applicable
2026-02-17 10:07:24,280 [INFO] Rule:233 - rule USART TxPinLevelInvertParam Mode is applicable
2026-02-17 10:07:24,280 [INFO] Rule:233 - rule USART RxPinLevelInvertParam Mode is applicable
2026-02-17 10:07:24,280 [INFO] Rule:233 - rule USART DataInvertParam Mode is applicable
2026-02-17 10:07:24,280 [INFO] Rule:233 - rule USART SwapParam Mode is applicable
2026-02-17 10:07:24,280 [INFO] Rule:233 - rule USART OverrunDisableParam Mode is applicable
2026-02-17 10:07:24,280 [INFO] Rule:233 - rule USART DMADisableonRxErrorParam Mode is applicable
2026-02-17 10:07:24,281 [INFO] Rule:233 - rule USART MSBFirstParam Mode is applicable
2026-02-17 10:07:24,281 [INFO] Rule:233 - rule Update MwName for USB_DEVICE is applicable
2026-02-17 10:07:24,281 [INFO] Rule:233 - rule Change PWR_Regulator_Voltage_Scale Default Value for RCC  H7 family is applicable
2026-02-17 10:07:24,281 [INFO] Rule:233 - rule UART/USART IPParameter rename Prescaler parameter to ClockPrescaler is applicable
2026-02-17 10:07:24,281 [INFO] Rule:233 - rule UART/USART Prescaler rename Prescaler parameter to ClockPrescaler is applicable
2026-02-17 10:07:24,281 [INFO] Rule:233 - rule TIM1CLockSelection is applicable
2026-02-17 10:07:24,281 [INFO] Rule:233 - rule TIM15CLockSelection is applicable
2026-02-17 10:07:24,281 [INFO] Rule:233 - rule align RCC SDMMC3CLockSelection default value on MP1 is applicable
2026-02-17 10:07:24,281 [INFO] Rule:233 - rule align RCC SDMMC12CLockSelection default value on MP1 is applicable
2026-02-17 10:07:24,281 [INFO] Rule:233 - rule align RCC QSPICLockSelection default value on MP1 is applicable
2026-02-17 10:07:24,281 [INFO] Rule:233 - rule align RCC QSPICLockSelection default value on MP1 is applicable
2026-02-17 10:07:24,281 [INFO] Rule:233 - rule align RCC SPI6CLockSelection default value on MP1 is applicable
2026-02-17 10:07:24,281 [INFO] Rule:233 - rule align RCC LPTIM23CLockSelection default value on MP1 is applicable
2026-02-17 10:07:24,281 [INFO] Rule:233 - rule align RCC LPTIM1CLockSelection default value on MP1 is applicable
2026-02-17 10:07:24,281 [INFO] Rule:233 - rule align RCC USART1CLockSelection default value on MP1 is applicable
2026-02-17 10:07:24,281 [INFO] Rule:233 - rule align RCC USART24CLockSelection default value on MP1 is applicable
2026-02-17 10:07:24,281 [INFO] Rule:233 - rule align RCC USART6CLockSelection default value on MP1 is applicable
2026-02-17 10:07:24,281 [INFO] Rule:233 - rule align RCC UART78CLockSelection default value on MP1 is applicable
2026-02-17 10:07:24,281 [INFO] Rule:233 - rule align RCC USART35CLockSelection default value on MP1 is applicable
2026-02-17 10:07:24,282 [INFO] Rule:233 - rule align RCC SPI45CLockSelection default value on MP1 is applicable
2026-02-17 10:07:24,282 [INFO] Rule:233 - rule align RCC I2C46CLockSelection BCLK value on MP1 is applicable
2026-02-17 10:07:24,282 [INFO] Rule:233 - rule align RCC SPI45CLockSelection default value on MP1 is applicable
2026-02-17 10:07:24,282 [INFO] Rule:233 - rule align RCC I2C12CLockSelection default value on MP1 is applicable
2026-02-17 10:07:24,282 [INFO] Rule:233 - rule align RCC I2C35CLockSelection default value on MP1 is applicable
2026-02-17 10:07:24,282 [INFO] Rule:233 - rule align RCC LPTIM45CLockSelection default value on MP1 is applicable
2026-02-17 10:07:24,282 [INFO] Rule:233 - rule Rename DCMI PIXCK signal is applicable
2026-02-17 10:07:24,282 [INFO] Rule:233 - rule Change Default Value for I2C46CLockSelection MP1 family is applicable
2026-02-17 10:07:24,282 [INFO] Rule:233 - rule Change Default Value for UART for G4, G0 and WB families is applicable
2026-02-17 10:07:24,282 [INFO] Rule:233 - rule Change Default Value for USART for G4, G0 and WB families is applicable
2026-02-17 10:07:24,282 [INFO] Rule:233 - rule Change Default Value for USART for G4 family is applicable
2026-02-17 10:07:24,282 [INFO] Rule:233 - rule Change USART1CLockSelection refparam name for MP1 is applicable
2026-02-17 10:07:24,282 [INFO] Rule:233 - rule Change USART2CLockSelection refparam name for MP1 is applicable
2026-02-17 10:07:24,282 [INFO] Rule:233 - rule Change USART3CLockSelection refparam name for MP1 is applicable
2026-02-17 10:07:24,282 [INFO] Rule:233 - rule Change UART4CLockSelection refparam name for MP1 is applicable
2026-02-17 10:07:24,282 [INFO] Rule:233 - rule Change UART5CLockSelection refparam name for MP1 is applicable
2026-02-17 10:07:24,282 [INFO] Rule:233 - rule Change LPUART1CLockSelection refparam name for MP1 is applicable
2026-02-17 10:07:24,282 [INFO] Rule:233 - rule Change LPTIM1CLockSelection refparam name for MP1 is applicable
2026-02-17 10:07:24,282 [INFO] Rule:233 - rule Change LPTIM2CLockSelection refparam name for MP1 is applicable
2026-02-17 10:07:24,282 [INFO] Rule:233 - rule Change RCC_MCO1Source refparam name for MP1 is applicable
2026-02-17 10:07:24,282 [INFO] Rule:233 - rule Change LSCOSource1 refparam name for MP1 is applicable
2026-02-17 10:07:24,282 [INFO] Rule:233 - rule Change SMPSCLockSelection refparam name for MP1 is applicable
2026-02-17 10:07:24,283 [INFO] Rule:233 - rule Change LPTIM3CLockSelection refparam name for MP1 is applicable
2026-02-17 10:07:24,283 [INFO] Rule:233 - rule Change MPCBB* Default Template Mode to Parameters is applicable
2026-02-17 10:07:24,283 [INFO] Rule:233 - rule Change MPCWM* or MPCBB* Secure Mode to Parameters is applicable
2026-02-17 10:07:24,283 [INFO] Rule:233 - rule Change MPCWM* or MPCBB* No Secure Mode to Parameters is applicable
2026-02-17 10:07:24,283 [INFO] Rule:233 - rule Change TZSC IP Secure Mode to Parameters is applicable
2026-02-17 10:07:24,283 [INFO] Rule:233 - rule Change TZSC IP No Secure Mode to Parameters is applicable
2026-02-17 10:07:24,283 [INFO] Rule:233 - rule Change TZSC IP Privilege Mode to Parameters is applicable
2026-02-17 10:07:24,283 [INFO] Rule:233 - rule Change TZSC IP No Privilege Mode to Parameters is applicable
2026-02-17 10:07:24,283 [INFO] Rule:233 - rule Change TZIC IT Secure Mode to Parameters is applicable
2026-02-17 10:07:24,283 [INFO] Rule:233 - rule Change TZIC IT No Secure Mode to Parameters is applicable
2026-02-17 10:07:24,283 [INFO] Rule:233 - rule Add MPCBB1_NonSecureArea_Start_Address value with referenced to MPCBB1_NonSecureArea_Start value is applicable
2026-02-17 10:07:24,283 [INFO] Rule:233 - rule Add MPCBB2_NonSecureArea_Start_Address value with referenced to MPCBB2_NonSecureArea_Start value is applicable
2026-02-17 10:07:24,283 [INFO] Rule:233 - rule Add MPCWM1_NonSecureArea*_Start_Address value with referenced to MPCWM1_NonSecureArea*_Start value is applicable
2026-02-17 10:07:24,283 [INFO] Rule:233 - rule Add MPCWM2_NonSecureArea*_Start_Address value with referenced to MPCWM2_NonSecureArea*_Start value is applicable
2026-02-17 10:07:24,283 [INFO] Rule:233 - rule Add MPCWM3_NonSecureArea_Start_Address value with referenced to MPCWM3_NonSecureArea_Start value is applicable
2026-02-17 10:07:24,283 [INFO] Rule:233 - rule Change Default Value for PLL1UserDefinedConfig is applicable
2026-02-17 10:07:24,283 [INFO] Rule:233 - rule Change GPIO_PuPd Default Value for USART in async mode is applicable
2026-02-17 10:07:24,283 [INFO] Rule:233 - rule Change SMPSDivider Default Value is applicable
2026-02-17 10:07:24,283 [INFO] Rule:233 - rule OPAMP is applicable
2026-02-17 10:07:24,283 [INFO] Rule:233 - rule LPUART IPParameter rename Prescaler parameter to ClockPrescaler for STM32H7 is applicable
2026-02-17 10:07:24,283 [INFO] Rule:233 - rule LPUART IPParameter rename Prescaler parameter to ClockPrescaler for STM32H7 is applicable
2026-02-17 10:07:24,283 [INFO] Rule:233 - rule LPUART IPParameter rename Prescaler parameter to ClockPrescaler for STM32WB is applicable
2026-02-17 10:07:24,284 [INFO] Rule:233 - rule LPUART IPParameter rename Prescaler parameter to ClockPrescaler for STM32WB is applicable
2026-02-17 10:07:24,284 [INFO] Rule:233 - rule LPUART IPParameter rename Prescaler parameter to ClockPrescaler for STM32G4 is applicable
2026-02-17 10:07:24,284 [INFO] Rule:233 - rule LPUART IPParameter rename Prescaler parameter to ClockPrescaler for STM32G4 is applicable
2026-02-17 10:07:24,284 [INFO] Rule:233 - rule LPUART IPParameter rename Prescaler parameter to ClockPrescaler for STM32L5 is applicable
2026-02-17 10:07:24,284 [INFO] Rule:233 - rule LPUART IPParameter rename Prescaler parameter to ClockPrescaler for STM32L5 is applicable
2026-02-17 10:07:24,284 [INFO] Rule:233 - rule LPUART IPParameter rename Prescaler parameter to ClockPrescaler for STM32G4 is applicable
2026-02-17 10:07:24,284 [INFO] Rule:233 - rule LPUART IPParameter rename Prescaler parameter to ClockPrescaler for STM32G4 is applicable
2026-02-17 10:07:24,284 [INFO] Rule:233 - rule USB device lib V2.5.3 for L0 rename USBD_SUPPORT_USER_STRING parameter to USBD_SUPPORT_USER_STRING_DESC4 is applicable
2026-02-17 10:07:24,284 [INFO] Rule:233 - rule I2SCLockSelection clock entry align is applicable
2026-02-17 10:07:24,284 [INFO] Rule:233 - rule Assign TIMx context if used as SYS timebase is applicable
2026-02-17 10:07:24,284 [INFO] Rule:233 - rule Change GPIO_Pu Default Value for I2C is applicable
2026-02-17 10:07:24,284 [INFO] Rule:233 - rule Change GPIO_Pu Default Value for SMBus is applicable
2026-02-17 10:07:24,284 [INFO] Rule:233 - rule change FDCAN default value is applicable
2026-02-17 10:07:24,284 [INFO] Rule:233 - rule Change mode sai is applicable
2026-02-17 10:07:24,284 [INFO] Rule:233 - rule **Change sai mode is applicable
2026-02-17 10:07:24,284 [INFO] Rule:233 - rule Rename STM32WPAN CFG_BLE_IRK to CFG_BLE_IR is applicable
2026-02-17 10:07:24,284 [INFO] Rule:233 - rule Rename STM32WPAN CFG_BLE_ERK to CFG_BLE_ER is applicable
2026-02-17 10:07:24,284 [INFO] Rule:233 - rule Rename STM32WPAN CFG_BLE_IRK_HEX to CFG_BLE_IR_HEX is applicable
2026-02-17 10:07:24,284 [INFO] Rule:233 - rule Rename STM32WPAN CFG_BLE_ERK_HEX to CFG_BLE_ER_HEX is applicable
2026-02-17 10:07:24,284 [INFO] Rule:233 - rule Adapt Old IOC before rework replace old CORTEX_M33/CORTEX_M55 attributes by the new one. is applicable
2026-02-17 10:07:24,284 [INFO] Rule:233 - rule Rename parametre of RCC RCC_APBDBG_DIV2 to RCC_TIMPRES_DIV2 is applicable
2026-02-17 10:07:24,285 [INFO] Rule:233 - rule Rename DIE493 pin PA10 [PA12] -> PA10 is applicable
2026-02-17 10:07:24,285 [INFO] Rule:233 - rule Rename DIE493 pin PA9 [PA11] -> PA9 is applicable
2026-02-17 10:07:24,285 [INFO] Rule:233 - rule Rename DIE492 PartNumber CPN STM32WBA5MJGHx -> STM32WBA5MMGHx is applicable
2026-02-17 10:07:24,285 [INFO] Rule:233 - rule Rename DIE492 PartNumber  Name STM32WBA5MJGHx -> STM32WBA5MMGHx is applicable
2026-02-17 10:07:24,285 [INFO] Rule:233 - rule Rename DIE492 PartNumber UserName STM32WBA5MJGHx -> STM32WBA5MMGHx is applicable
2026-02-17 10:07:24,285 [INFO] Rule:233 - rule Rename DIE492 PartNumber DeviceId STM32WBA5MJGHx -> STM32WBA5MMGHx is applicable
2026-02-17 10:07:24,285 [INFO] Rule:233 - rule Adapt Old IOC CSI. is applicable
2026-02-17 10:07:24,285 [INFO] Rule:233 - rule Adapt Old IOC DCMIPP. is applicable
2026-02-17 10:07:24,285 [INFO] Rule:233 - rule Adapt Old IOC DCMIPP Mode Parallel. is applicable
2026-02-17 10:07:24,285 [INFO] Rule:233 - rule Adapt Old IOC LTDC. is applicable
2026-02-17 10:07:24,285 [INFO] Rule:233 - rule Rename STM32MP2 RIF Peripheral LTDC RIF.RISUP.LTDC_L0L1.Privilege -> RIF.RISUP.LTDC_L1L2.Privilege is applicable
2026-02-17 10:07:24,285 [INFO] Rule:233 - rule Rename STM32MP2 RIF Peripheral LTDC RIF.RISUP.LTDC_L0L1.Privilege -> RIF.RISUP.LTDC_L1L2.Privilege is applicable
2026-02-17 10:07:24,285 [INFO] Rule:233 - rule Rename STM32MP2 RIF Peripheral LTDC RIF.RISUP.LTDC_L0L1.Lock -> RIF.RISUP.LTDC_L1L2.Lock is applicable
2026-02-17 10:07:24,285 [INFO] Rule:233 - rule Rename STM32MP2 RIF Peripheral LTDC RIF.RISUP.LTDC_L2.Lock -> RIF.RISUP.LTDC_L3.Lock is applicable
2026-02-17 10:07:24,285 [INFO] Rule:233 - rule Adapt the old IOC example for updating the SYS when it is misconfigured. is applicable
2026-02-17 10:07:24,285 [INFO] Rule:233 - rule Rename STM32C09 Mcu.Package LQFP64 -> LQFP48 is applicable
2026-02-17 10:07:24,285 [INFO] Rule:233 - rule Adapt the old IOC example for updating the SYS when it is misconfigured. is applicable
2026-02-17 10:07:24,285 [INFO] Rule:233 - rule Adapt the old IOC example for updating the SYS when it is misconfigured. is applicable
2026-02-17 10:07:24,312 [INFO] DbConfProperties:307 - Apply Compatibility (53/282 Rules)
2026-02-17 10:07:24,342 [INFO] ImportTextPane:234 - (OptionalMessage_ERROR) Unable to find key (Mcu.ThirdPartyNb) in loaded IOC file
2026-02-17 10:07:24,348 [INFO] ImportTextPane:234 - (OptionalMessage_ERROR) Pin12 (VP_RIF_VS_RIF1) cannot be retrieved for this MCU
2026-02-17 10:07:24,615 [INFO] RtosManager:558 - Registered RTOS mode: class=CMSIS, group=RTOS, mode=CMSIS_V1, owner=FREERTOS
2026-02-17 10:07:24,615 [INFO] RtosManager:558 - Registered RTOS mode: class=CMSIS, group=RTOS2, mode=CMSIS_V2, owner=FREERTOS
2026-02-17 10:07:24,615 [INFO] RtosManager:558 - Registered RTOS mode: class=RTOS, group=Core, mode=CMSIS_V1, owner=FREERTOS
2026-02-17 10:07:24,615 [INFO] RtosManager:558 - Registered RTOS mode: class=RTOS, group=Core, mode=CMSIS_V2, owner=FREERTOS
2026-02-17 10:07:24,615 [WARN] ModelIntegratedComponent:184 - Missing modes for component STMicroelectronics:FreeRTOS:0.0.1:STMicroelectronics:RTOS:FreeRTOS:Core:::10.2.0:
2026-02-17 10:07:24,625 [WARN] ModelIntegratedComponent:63 - No mode defined for component null
2026-02-17 10:07:24,625 [WARN] ModelIntegratedComponent:63 - No mode defined for component null
2026-02-17 10:07:24,625 [WARN] ModelIntegratedComponent:63 - No mode defined for component null
2026-02-17 10:07:24,625 [WARN] ModelIntegratedComponent:63 - No mode defined for component null
2026-02-17 10:07:24,625 [WARN] ModelIntegratedComponent:63 - No mode defined for component null
2026-02-17 10:07:24,625 [WARN] ModelIntegratedComponent:63 - No mode defined for component null
2026-02-17 10:07:24,626 [WARN] ModelIntegratedComponent:63 - No mode defined for component null
2026-02-17 10:07:24,626 [WARN] ModelIntegratedComponent:63 - No mode defined for component null
2026-02-17 10:07:24,626 [WARN] ModelIntegratedComponent:63 - No mode defined for component null
2026-02-17 10:07:24,626 [WARN] ModelIntegratedComponent:63 - No mode defined for component null
2026-02-17 10:07:24,626 [WARN] ModelIntegratedComponent:63 - No mode defined for component null
2026-02-17 10:07:24,626 [WARN] ModelIntegratedComponent:63 - No mode defined for component null
2026-02-17 10:07:24,626 [WARN] ModelIntegratedComponent:63 - No mode defined for component null
2026-02-17 10:07:24,626 [WARN] ModelIntegratedComponent:63 - No mode defined for component null
2026-02-17 10:07:24,626 [WARN] ModelIntegratedComponent:63 - No mode defined for component null
2026-02-17 10:07:24,626 [WARN] ModelIntegratedComponent:63 - No mode defined for component null
2026-02-17 10:07:24,626 [WARN] ModelIntegratedComponent:63 - No mode defined for component null
2026-02-17 10:07:24,626 [WARN] ModelIntegratedComponent:63 - No mode defined for component null
2026-02-17 10:07:24,626 [WARN] ModelIntegratedComponent:63 - No mode defined for component null
2026-02-17 10:07:24,626 [WARN] ModelIntegratedComponent:63 - No mode defined for component null
2026-02-17 10:07:24,626 [WARN] ModelIntegratedComponent:63 - No mode defined for component null
2026-02-17 10:07:24,626 [WARN] ModelIntegratedComponent:63 - No mode defined for component null
2026-02-17 10:07:24,626 [WARN] ModelIntegratedComponent:63 - No mode defined for component null
2026-02-17 10:07:24,626 [WARN] ModelIntegratedComponent:63 - No mode defined for component null
2026-02-17 10:07:24,626 [WARN] ModelIntegratedComponent:63 - No mode defined for component null
2026-02-17 10:07:24,626 [WARN] ModelIntegratedComponent:63 - No mode defined for component null
2026-02-17 10:07:24,626 [WARN] ModelIntegratedComponent:63 - No mode defined for component null
2026-02-17 10:07:24,626 [WARN] ModelIntegratedComponent:63 - No mode defined for component null
2026-02-17 10:07:24,627 [WARN] ModelIntegratedComponent:63 - No mode defined for component null
2026-02-17 10:07:24,627 [WARN] ModelIntegratedComponent:63 - No mode defined for component null
2026-02-17 10:07:24,627 [WARN] ModelIntegratedComponent:63 - No mode defined for component null
2026-02-17 10:07:24,627 [WARN] ModelIntegratedComponent:63 - No mode defined for component null
2026-02-17 10:07:24,627 [WARN] ModelIntegratedComponent:63 - No mode defined for component null
2026-02-17 10:07:24,627 [WARN] ModelIntegratedComponent:63 - No mode defined for component null
2026-02-17 10:07:24,627 [WARN] ModelIntegratedComponent:63 - No mode defined for component null
2026-02-17 10:07:24,627 [WARN] ModelPack:524 - Component already loaded: STMicroelectronics:HAL Drivers:0.0.0:STMicroelectronics:Device:STMicro_Driver:XSPI:HAL::0.0.1:HAL_XSPI
2026-02-17 10:07:24,672 [INFO] ThirdPartyModel:298 - Start build external matchings
2026-02-17 10:07:25,453 [INFO] ThirdPartyModel:316 - End build external matchings
2026-02-17 10:07:25,484 [INFO] ImportTextPane:234 - (OptionalMessage_ERROR) IP (RCC) : Invalid parameter (FamilyName)
2026-02-17 10:07:25,491 [INFO] ImportTextPane:234 - (OptionalMessage_ERROR) IP (RCC) : Parameter (RNGFreq_Value) has invalid value (64000000)
2026-02-17 10:07:25,492 [INFO] ImportTextPane:234 - (OptionalMessage_ERROR) IP (RCC) : Parameter (SDMMCFreq_Value) has invalid value (64000000)
2026-02-17 10:07:25,492 [INFO] ImportTextPane:234 - (OptionalMessage_ERROR) IP (RCC) : Parameter (USBFreq_Value) has invalid value (64000000)
2026-02-17 10:07:26,144 [INFO] UtilMem:75 - End LoadConfig() Used Memory: 962501224 Bytes (1073741824)
2026-02-17 10:07:26,215 [WARN] ThirdParty:833 - waiting for thirdparty lock release [change project]
2026-02-17 10:07:26,215 [INFO] ThirdParty:835 - entering critical section [change project]
2026-02-17 10:07:26,216 [INFO] ThirdParty:1030 - CMSIS Pack Vendor :STMicroelectronics X-CUBE-PM33A1 1.0.0
2026-02-17 10:07:26,216 [INFO] ThirdParty:1030 - CMSIS Pack Vendor :STMicroelectronics USBPD 4.1
2026-02-17 10:07:26,216 [INFO] ThirdParty:1030 - CMSIS Pack Vendor :STMicroelectronics X-CUBE-NFC9 1.0.0
2026-02-17 10:07:26,216 [INFO] ThirdParty:1030 - CMSIS Pack Vendor :STMicroelectronics USB_HOST 2.0.0
2026-02-17 10:07:26,216 [INFO] ThirdParty:1030 - CMSIS Pack Vendor :STMicroelectronics FP-SNS-MOTENVWB1 1.4.0
2026-02-17 10:07:26,216 [INFO] ThirdParty:1030 - CMSIS Pack Vendor :STMicroelectronics X-CUBE-AZRTOS-F4 1.1.0
2026-02-17 10:07:26,216 [INFO] ThirdParty:1030 - CMSIS Pack Vendor :STMicroelectronics LIBJPEG 8.0.0
2026-02-17 10:07:26,216 [INFO] ThirdParty:1030 - CMSIS Pack Vendor :STMicroelectronics FP-ATR-ASTRA1 2.0.2
2026-02-17 10:07:26,216 [INFO] ThirdParty:1030 - CMSIS Pack Vendor :STMicroelectronics X-CUBE-BLE1 7.1.0
2026-02-17 10:07:26,216 [INFO] ThirdParty:1030 - CMSIS Pack Vendor :STMicroelectronics X-CUBE-SMBUS 2.1.0
2026-02-17 10:07:26,216 [INFO] ThirdParty:1030 - CMSIS Pack Vendor :wolfSSL I-CUBE-wolfMQTT 1.19.2
2026-02-17 10:07:26,216 [INFO] ThirdParty:1030 - CMSIS Pack Vendor :STMicroelectronics USB_DEVICE 3.0.0
2026-02-17 10:07:26,216 [INFO] ThirdParty:1030 - CMSIS Pack Vendor :STMicroelectronics X-CUBE-ISPU 2.1.0
2026-02-17 10:07:26,216 [INFO] ThirdParty:1030 - CMSIS Pack Vendor :STMicroelectronics X-CUBE-FREERTOS 1.4.0
2026-02-17 10:07:26,216 [INFO] ThirdParty:1030 - CMSIS Pack Vendor :STMicroelectronics X-CUBE-EEPRMA1 5.2.0
2026-02-17 10:07:26,216 [INFO] ThirdParty:1030 - CMSIS Pack Vendor :STMicroelectronics X-CUBE-IPS 3.2.0
2026-02-17 10:07:26,217 [INFO] ThirdParty:1030 - CMSIS Pack Vendor :STMicroelectronics X-CUBE-BLEMGR 4.1.0
2026-02-17 10:07:26,217 [INFO] ThirdParty:1030 - CMSIS Pack Vendor :STMicroelectronics X-CUBE-AZRTOS-WB 2.0.0
2026-02-17 10:07:26,217 [INFO] ThirdParty:1030 - CMSIS Pack Vendor :wolfSSL I-CUBE-wolfSSL 5.8.4
2026-02-17 10:07:26,217 [INFO] ThirdParty:1030 - CMSIS Pack Vendor :Cesanta I-CUBE-Mongoose 7.20.0
2026-02-17 10:07:26,217 [INFO] ThirdParty:1030 - CMSIS Pack Vendor :STMicroelectronics X-CUBE-NFC12 1.0.0
2026-02-17 10:07:26,217 [INFO] ThirdParty:1030 - CMSIS Pack Vendor :STMicroelectronics X-CUBE-AZRTOS-F7 1.1.0
2026-02-17 10:07:26,217 [INFO] ThirdParty:1030 - CMSIS Pack Vendor :STMicroelectronics X-CUBE-AZRTOS-L5 2.0.0
2026-02-17 10:07:26,217 [INFO] ThirdParty:1030 - CMSIS Pack Vendor :STMicroelectronics USB_DEVICE 2.0.0
2026-02-17 10:07:26,217 [INFO] ThirdParty:1030 - CMSIS Pack Vendor :quantropi X-CUBE-qispace-sdk-base 2.1.0
2026-02-17 10:07:26,217 [INFO] ThirdParty:1030 - CMSIS Pack Vendor :STMicroelectronics X-CUBE-MEMS1 12.0.0
2026-02-17 10:07:26,217 [INFO] ThirdParty:1030 - CMSIS Pack Vendor :STMicroelectronics X-CUBE-STSE01 2.0.0
2026-02-17 10:07:26,217 [INFO] ThirdParty:1030 - CMSIS Pack Vendor :STMicroelectronics FP-SNS-MOTENV1 5.1.0
2026-02-17 10:07:26,217 [INFO] ThirdParty:1030 - CMSIS Pack Vendor :STMicroelectronics FreeRTOS 0.0.1
2026-02-17 10:07:26,218 [INFO] ThirdParty:1030 - CMSIS Pack Vendor :STMicroelectronics X-CUBE-AZRTOS-G0 1.1.0
2026-02-17 10:07:26,218 [INFO] ThirdParty:1030 - CMSIS Pack Vendor :STMicroelectronics X-CUBE-NFC4 3.0.0
2026-02-17 10:07:26,218 [INFO] ThirdParty:1030 - CMSIS Pack Vendor :STMicroelectronics X-CUBE-SUBG2 5.0.0
2026-02-17 10:07:26,218 [INFO] ThirdParty:1030 - CMSIS Pack Vendor :STMicroelectronics STM32_WPAN 1.0.0
2026-02-17 10:07:26,218 [INFO] ThirdParty:1030 - CMSIS Pack Vendor :EmbeddedOffice I-CUBE-FS-RTOS 1.0.1
2026-02-17 10:07:26,218 [INFO] ThirdParty:1030 - CMSIS Pack Vendor :STMicroelectronics lwIP 2.0.3
2026-02-17 10:07:26,218 [INFO] ThirdParty:1030 - CMSIS Pack Vendor :WES I-CUBE-Cesium 1.4.0
2026-02-17 10:07:26,218 [INFO] ThirdParty:1030 - CMSIS Pack Vendor :STMicroelectronics USB_HOST 1.0.0
2026-02-17 10:07:26,218 [INFO] ThirdParty:1030 - CMSIS Pack Vendor :STMicroelectronics X-CUBE-AZRTOS-G4 2.0.0
2026-02-17 10:07:26,218 [INFO] ThirdParty:1030 - CMSIS Pack Vendor :STMicroelectronics X-CUBE-WB05N 2.0.0
2026-02-17 10:07:26,218 [INFO] ThirdParty:1030 - CMSIS Pack Vendor :STMicroelectronics PDM2PCM 3.1.0
2026-02-17 10:07:26,218 [INFO] ThirdParty:1030 - CMSIS Pack Vendor :STMicroelectronics PDM2PCM 3.3.0
2026-02-17 10:07:26,218 [INFO] ThirdParty:1030 - CMSIS Pack Vendor :wolfSSL I-CUBE-wolfTPM 3.8.0
2026-02-17 10:07:26,218 [INFO] ThirdParty:1030 - CMSIS Pack Vendor :STMicroelectronics X-CUBE-AZRTOS-H7 3.4.0
2026-02-17 10:07:26,219 [INFO] ThirdParty:1030 - CMSIS Pack Vendor :STMicroelectronics X-CUBE-DISPLAY 3.0.0
2026-02-17 10:07:26,219 [INFO] ThirdParty:1030 - CMSIS Pack Vendor :wolfSSL I-CUBE-wolfSSH 1.4.20
2026-02-17 10:07:26,219 [INFO] ThirdParty:1030 - CMSIS Pack Vendor :STMicroelectronics X-CUBE-NFC7 2.0.0
2026-02-17 10:07:26,219 [INFO] ThirdParty:1030 - CMSIS Pack Vendor :STMicroelectronics X-CUBE-TCPP 4.2.0
2026-02-17 10:07:26,219 [INFO] ThirdParty:1030 - CMSIS Pack Vendor :RealThread X-CUBE-RT-Thread_Nano 4.1.1
2026-02-17 10:07:26,219 [INFO] ThirdParty:1030 - CMSIS Pack Vendor :STMicroelectronics FP-ATR-SIGFOX1 3.2.0
2026-02-17 10:07:26,261 [INFO] ThirdParty:1030 - CMSIS Pack Vendor :STMicroelectronics X-CUBE-NFC10 1.0.0
2026-02-17 10:07:26,262 [INFO] ThirdParty:1030 - CMSIS Pack Vendor :STMicroelectronics HAL Drivers 0.0.0
2026-02-17 10:07:26,262 [INFO] ThirdParty:1030 - CMSIS Pack Vendor :STMicroelectronics MBEDTLS 2.16.2
2026-02-17 10:07:26,262 [INFO] ThirdParty:1030 - CMSIS Pack Vendor :STMicroelectronics X-CUBE-ST60 1.1.0
2026-02-17 10:07:26,262 [INFO] ThirdParty:1030 - CMSIS Pack Vendor :STMicroelectronics X-CUBE-ALS 1.0.2
2026-02-17 10:07:26,262 [INFO] ThirdParty:1030 - CMSIS Pack Vendor :emotas I-CUBE-CANOPEN 1.3.0
2026-02-17 10:07:26,262 [INFO] ThirdParty:1030 - CMSIS Pack Vendor :STMicroelectronics MBEDTLS 2.14.1
2026-02-17 10:07:26,262 [INFO] ThirdParty:1030 - CMSIS Pack Vendor :STMicroelectronics X-CUBE-GNSS1 7.1.0
2026-02-17 10:07:26,262 [INFO] ThirdParty:1030 - CMSIS Pack Vendor :ITTIA_DB I-CUBE-ITTIADB 8.9.0
2026-02-17 10:07:26,262 [INFO] ThirdParty:1030 - CMSIS Pack Vendor :STMicroelectronics X-CUBE-TOUCHGFX 4.26.0
2026-02-17 10:07:26,262 [INFO] ThirdParty:1030 - CMSIS Pack Vendor :STMicroelectronics X-CUBE-NFC6 3.2.0
2026-02-17 10:07:26,262 [INFO] ThirdParty:1030 - CMSIS Pack Vendor :STMicroelectronics FP-SNS-STBOX1 2.1.0
2026-02-17 10:07:26,263 [INFO] ThirdParty:1030 - CMSIS Pack Vendor :STMicroelectronics X-CUBE-AI 10.2.0
2026-02-17 10:07:26,263 [INFO] ThirdParty:1030 - CMSIS Pack Vendor :STMicroelectronics FP-SNS-STAIOTCFT 1.0.0
2026-02-17 10:07:26,263 [INFO] ThirdParty:1030 - CMSIS Pack Vendor :STMicroelectronics ThreadX 1.0.0
2026-02-17 10:07:26,263 [INFO] ThirdParty:1030 - CMSIS Pack Vendor :STMicroelectronics FP-SNS-SMARTAG2 1.2.0
2026-02-17 10:07:26,263 [INFO] ThirdParty:1030 - CMSIS Pack Vendor :STMicroelectronics FP-SNS-FLIGHT1 5.1.0
2026-02-17 10:07:26,263 [INFO] ThirdParty:1030 - CMSIS Pack Vendor :STMicroelectronics X-CUBE-AZRTOS-WL 2.0.0
2026-02-17 10:07:26,263 [INFO] ThirdParty:1030 - CMSIS Pack Vendor :SEGGER I-CUBE-embOS 1.3.1
2026-02-17 10:07:26,263 [INFO] ThirdParty:1030 - CMSIS Pack Vendor :STMicroelectronics X-CUBE-ALGOBUILD 1.4.0
2026-02-17 10:07:26,263 [INFO] ThirdParty:1030 - CMSIS Pack Vendor :STMicroelectronics X-CUBE-DPower 1.3.0
2026-02-17 10:07:26,263 [INFO] ThirdParty:1030 - CMSIS Pack Vendor :STMicroelectronics USB_DEVICE 1.0.0
2026-02-17 10:07:26,263 [INFO] ThirdParty:1030 - CMSIS Pack Vendor :STMicroelectronics X-CUBE-AZRTOS-H7RS 1.2.0
2026-02-17 10:07:26,263 [INFO] ThirdParty:1030 - CMSIS Pack Vendor :STMicroelectronics X-CUBE-AZRTOS-L4 2.0.0
2026-02-17 10:07:26,263 [INFO] ThirdParty:1030 - CMSIS Pack Vendor :STMicroelectronics ThreadX 0.0.2
2026-02-17 10:07:26,263 [INFO] ThirdParty:1030 - CMSIS Pack Vendor :STMicroelectronics lwIP 2.1.2
2026-02-17 10:07:26,263 [INFO] ThirdParty:1030 - CMSIS Pack Vendor :STMicroelectronics X-CUBE-SFXS2LP1 4.0.0
2026-02-17 10:07:26,263 [INFO] ThirdParty:1030 - CMSIS Pack Vendor :STMicroelectronics X-CUBE-BLE2 3.3.0
2026-02-17 10:07:26,263 [INFO] ThirdParty:1030 - CMSIS Pack Vendor :Avnet-IOTCONNECT X-CUBE-iotc-st67-sdk 1.0.0
2026-02-17 10:07:26,263 [INFO] ThirdParty:1030 - CMSIS Pack Vendor :STMicroelectronics X-CUBE-TOF1 3.4.3
2026-02-17 10:07:26,264 [INFO] ThirdParty:1030 - CMSIS Pack Vendor :Infineon AIROC-Wi-Fi-Bluetooth-STM32 1.8.0
2026-02-17 10:07:26,264 [INFO] ThirdParty:1030 - CMSIS Pack Vendor :STMicroelectronics PDM2PCM 3.2.0
2026-02-17 10:07:26,264 [INFO] ThirdParty:1030 - CMSIS Pack Vendor :STMicroelectronics X-CUBE-ST67W61 1.2.0
2026-02-17 10:07:26,264 [INFO] ThirdParty:841 - exiting critical section [change project]
2026-02-17 10:07:27,072 [INFO] PinOutPanel:1589 - setPackage(No Configuration,No Configuration)
2026-02-17 10:07:27,072 [INFO] PinOutPanel:1589 - setPackage(STM32L476RGTx,LQFP64)
2026-02-17 10:07:28,148 [INFO] UtilMem:75 - Before build in PCC Used Memory: 839824952 Bytes (1073741824)
2026-02-17 10:07:28,824 [INFO] UtilMem:75 - After build in PCC Used Memory: 922662456 Bytes (1073741824)
2026-02-17 10:07:28,866 [INFO] IPUIPlugin:80 - create IPUIPlugin
2026-02-17 10:07:28,867 [INFO] IPUIPlugin:80 - create IPUIPlugin
2026-02-17 10:07:28,867 [INFO] IPUIPlugin:80 - create IPUIPlugin
2026-02-17 10:07:28,867 [INFO] IPUIPlugin:80 - create IPUIPlugin
2026-02-17 10:07:28,867 [INFO] IPUIPlugin:80 - create IPUIPlugin
2026-02-17 10:07:28,867 [INFO] IPUIPlugin:80 - create IPUIPlugin
2026-02-17 10:07:28,867 [INFO] IPUIPlugin:80 - create IPUIPlugin
2026-02-17 10:07:28,867 [INFO] IPUIPlugin:80 - create IPUIPlugin
2026-02-17 10:07:28,867 [INFO] IPUIPlugin:80 - create IPUIPlugin
2026-02-17 10:07:28,867 [INFO] IPUIPlugin:80 - create IPUIPlugin
2026-02-17 10:07:28,867 [INFO] IPUIPlugin:80 - create IPUIPlugin
2026-02-17 10:07:28,868 [INFO] IPUIPlugin:80 - create IPUIPlugin
2026-02-17 10:07:28,868 [INFO] IPUIPlugin:80 - create IPUIPlugin
2026-02-17 10:07:28,868 [INFO] IPUIPlugin:80 - create IPUIPlugin
2026-02-17 10:07:28,868 [INFO] IPUIPlugin:80 - create IPUIPlugin
2026-02-17 10:07:28,868 [INFO] IPUIPlugin:80 - create IPUIPlugin
2026-02-17 10:07:28,868 [INFO] IPUIPlugin:80 - create IPUIPlugin
2026-02-17 10:07:28,868 [INFO] IPUIPlugin:80 - create IPUIPlugin
2026-02-17 10:07:28,869 [INFO] IPUIPlugin:80 - create IPUIPlugin
2026-02-17 10:07:28,869 [INFO] IPUIPlugin:80 - create IPUIPlugin
2026-02-17 10:07:28,869 [INFO] IPUIPlugin:80 - create IPUIPlugin
2026-02-17 10:07:28,869 [INFO] IPUIPlugin:80 - create IPUIPlugin
2026-02-17 10:07:28,870 [INFO] IPUIPlugin:80 - create IPUIPlugin
2026-02-17 10:07:28,870 [INFO] IPUIPlugin:80 - create IPUIPlugin
2026-02-17 10:07:28,870 [INFO] IPUIPlugin:80 - create IPUIPlugin
2026-02-17 10:07:28,870 [INFO] IPUIPlugin:80 - create IPUIPlugin
2026-02-17 10:07:28,870 [INFO] IPUIPlugin:80 - create IPUIPlugin
2026-02-17 10:07:28,871 [INFO] IPUIPlugin:80 - create IPUIPlugin
2026-02-17 10:07:28,871 [INFO] IPUIPlugin:80 - create IPUIPlugin
2026-02-17 10:07:28,871 [INFO] IPUIPlugin:80 - create IPUIPlugin
2026-02-17 10:07:28,871 [INFO] IPUIPlugin:80 - create IPUIPlugin
2026-02-17 10:07:28,872 [INFO] IPUIPlugin:80 - create IPUIPlugin
2026-02-17 10:07:28,872 [INFO] IPUIPlugin:80 - create IPUIPlugin
2026-02-17 10:07:28,872 [INFO] IPUIPlugin:80 - create IPUIPlugin
2026-02-17 10:07:28,872 [INFO] IPUIPlugin:80 - create IPUIPlugin
2026-02-17 10:07:28,873 [INFO] IPUIPlugin:80 - create IPUIPlugin
2026-02-17 10:07:28,873 [INFO] IPUIPlugin:80 - create IPUIPlugin
2026-02-17 10:07:28,873 [INFO] IPUIPlugin:80 - create IPUIPlugin
2026-02-17 10:07:28,873 [INFO] IPUIPlugin:80 - create IPUIPlugin
2026-02-17 10:07:28,874 [INFO] IPUIPlugin:80 - create IPUIPlugin
2026-02-17 10:07:28,874 [INFO] IPUIPlugin:80 - create IPUIPlugin
2026-02-17 10:07:28,874 [INFO] IPUIPlugin:80 - create IPUIPlugin
2026-02-17 10:07:28,874 [INFO] IPUIPlugin:80 - create IPUIPlugin
2026-02-17 10:07:28,875 [INFO] IPUIPlugin:80 - create IPUIPlugin
2026-02-17 10:07:28,875 [INFO] IPUIPlugin:80 - create IPUIPlugin
2026-02-17 10:07:28,876 [INFO] IPUIPlugin:80 - create IPUIPlugin
2026-02-17 10:07:28,876 [INFO] IPUIPlugin:80 - create IPUIPlugin
2026-02-17 10:07:28,877 [INFO] IPUIPlugin:80 - create IPUIPlugin
2026-02-17 10:07:28,877 [INFO] IPUIPlugin:80 - create IPUIPlugin
2026-02-17 10:07:28,878 [INFO] IPUIPlugin:80 - create IPUIPlugin
2026-02-17 10:07:28,879 [INFO] IPUIPlugin:80 - create IPUIPlugin
2026-02-17 10:07:28,879 [INFO] IPUIPlugin:80 - create IPUIPlugin
2026-02-17 10:07:28,880 [INFO] IPUIPlugin:80 - create IPUIPlugin
2026-02-17 10:07:28,880 [INFO] IPUIPlugin:80 - create IPUIPlugin
2026-02-17 10:07:28,881 [INFO] IPUIPlugin:80 - create IPUIPlugin
2026-02-17 10:07:28,881 [INFO] IPUIPlugin:80 - create IPUIPlugin
2026-02-17 10:07:28,882 [INFO] IPUIPlugin:80 - create IPUIPlugin
2026-02-17 10:07:28,882 [INFO] IPUIPlugin:80 - create IPUIPlugin
2026-02-17 10:07:28,882 [INFO] IPUIPlugin:80 - create IPUIPlugin
2026-02-17 10:07:29,014 [INFO] CADModel:165 - CPN selected for project levelSTM32L476RGT3
2026-02-17 10:07:29,014 [INFO] CADModel:114 - Register for checkConnection events
2026-02-17 10:07:29,070 [INFO] OpenFileManager:386 - Restore cursor
2026-02-17 10:07:29,890 [INFO] UtilMem:75 - End SaveConfig() Used Memory: 813169000 Bytes (1073741824)
2026-02-17 10:07:30,026 [INFO] UtilMem:75 - End SaveConfig() Used Memory: 838109000 Bytes (1073741824)
2026-02-17 10:07:30,664 [INFO] BlockDiagram:2775 - set Specific Code input for plugin: SYS
2026-02-17 10:07:30,665 [INFO] BlockDiagram:2775 - set Specific Code input for plugin: RCC
2026-02-17 10:07:30,665 [INFO] BlockDiagram:2775 - set Specific Code input for plugin: NVIC
2026-02-17 10:07:30,665 [INFO] BlockDiagram:2775 - set Specific Code input for plugin: USART
2026-02-17 10:07:30,665 [INFO] BlockDiagram:2775 - set Specific Code input for plugin: GPIO
2026-02-17 10:07:30,667 [INFO] CodeGenerator:892 - code generatio: config db path: D:\STM32CubeIDE_1.19.0\STM32CubeIDE\plugins\com.st.stm32cube.common.mx_6.15.0.202507011659\\db\
2026-02-17 10:07:30,939 [INFO] CodeEngine:265 - oldGeneratedFile, D:\UART_Interrupt_BareMetal\MXTmpFiles\license.tmp_save
2026-02-17 10:07:31,654 [INFO] CodeEngine:289 - Generated code: D:\UART_Interrupt_BareMetal\MXTmpFiles\license.tmp
2026-02-17 10:07:31,752 [INFO] CodeEngine:265 - oldGeneratedFile, D:\UART_Interrupt_BareMetal\MXTmpFiles\gpio.tmp_save
2026-02-17 10:07:32,135 [INFO] CodeEngine:289 - Generated code: D:\UART_Interrupt_BareMetal\MXTmpFiles\gpio.tmp
2026-02-17 10:07:32,329 [INFO] CodeEngine:265 - oldGeneratedFile, D:\UART_Interrupt_BareMetal\Core\Src\stm32l4xx_it.c_save
2026-02-17 10:07:32,888 [INFO] CodeEngine:289 - Generated code: D:\UART_Interrupt_BareMetal\Core\Src\stm32l4xx_it.c
2026-02-17 10:07:32,901 [INFO] CodeEngine:265 - oldGeneratedFile, D:\UART_Interrupt_BareMetal\Core\Inc\stm32l4xx_it.h_save
2026-02-17 10:07:33,033 [INFO] CodeEngine:289 - Generated code: D:\UART_Interrupt_BareMetal\Core\Inc\stm32l4xx_it.h
2026-02-17 10:07:33,054 [INFO] CodeEngine:265 - oldGeneratedFile, D:\UART_Interrupt_BareMetal\Core\Src\stm32l4xx_hal_msp.c_save
2026-02-17 10:07:33,422 [INFO] CodeEngine:289 - Generated code: D:\UART_Interrupt_BareMetal\Core\Src\stm32l4xx_hal_msp.c
2026-02-17 10:07:33,447 [INFO] CodeEngine:265 - oldGeneratedFile, D:\UART_Interrupt_BareMetal\MXTmpFiles\system.tmp_save
2026-02-17 10:07:33,576 [INFO] CodeEngine:289 - Generated code: D:\UART_Interrupt_BareMetal\MXTmpFiles\system.tmp
2026-02-17 10:07:33,604 [INFO] CodeEngine:321 - oldGeneratedFile, D:\UART_Interrupt_BareMetal\Core\Inc\stm32l4xx_hal_conf.h_save
2026-02-17 10:07:33,855 [INFO] CodeEngine:345 - Generated code: D:\UART_Interrupt_BareMetal\Core\Inc\stm32l4xx_hal_conf.h
2026-02-17 10:07:33,958 [INFO] ApiDbMcu:532 - Load IP Config File for USART2
2026-02-17 10:07:33,964 [INFO] ApiDbMcu:532 - Load IP Config File for RCC
2026-02-17 10:07:33,977 [INFO] CodeEngine:265 - oldGeneratedFile, D:\UART_Interrupt_BareMetal\Core\Inc\main.h_save
2026-02-17 10:07:34,246 [INFO] CodeEngine:289 - Generated code: D:\UART_Interrupt_BareMetal\Core\Inc\main.h
2026-02-17 10:07:34,267 [INFO] CodeEngine:265 - oldGeneratedFile, D:\UART_Interrupt_BareMetal\Core\Src\main.c_save
2026-02-17 10:07:34,473 [INFO] CodeEngine:289 - Generated code: D:\UART_Interrupt_BareMetal\Core\Src\main.c
2026-02-17 10:07:35,178 [INFO] ProjectBuilder:3606 - Time for Copy HAL[1] : 373mS.
2026-02-17 10:07:35,188 [INFO] ProjectBuilder:5216 - Project Generator version: 4.7.0-B52
2026-02-17 10:07:35,332 [INFO] ConfigFileManager:1595 - The Die is : DIE415
2026-02-17 10:07:35,342 [INFO] ApiDbMcu:532 - Load IP Config File for FATFS
2026-02-17 10:07:35,354 [INFO] ApiDbMcu:532 - Load IP Config File for FREERTOS
2026-02-17 10:07:35,376 [INFO] ApiDbMcu:532 - Load IP Config File for TOUCHSENSING
2026-02-17 10:07:35,390 [INFO] ApiDbMcu:532 - Load IP Config File for USB_DEVICE
2026-02-17 10:07:35,400 [INFO] ApiDbMcu:532 - Load IP Config File for USB_HOST
2026-02-17 10:07:38,169 [INFO] ProjectBuilder:5496 - Time for Generating toolchain IDE Files: 2981mS.
2026-02-17 10:07:38,170 [INFO] ProjectBuilder:3463 - Time for Copy CMSIS : 0mS.
2026-02-17 10:07:38,172 [INFO] ProjectBuilder:3463 - Time for Copy CMSIS : 0mS.
2026-02-17 10:07:40,350 [INFO] McuFinderGlobals:76 - Set McuFinderConnectedMode to true
2026-02-17 10:07:40,353 [INFO] ApiDb:448 - Save user favorites file C:\Users\Hemanth Madu/.stm32cubeide/favorites.mcus.txt: 0 item(s)
2026-02-17 10:07:40,353 [INFO] ApiDb:452 - User favorites MCUs=[]
2026-02-17 10:07:40,359 [INFO] ApiDb:448 - Save user favorites file C:\Users\Hemanth Madu/.stm32cubeide/favorites.boards.txt: 0 item(s)
2026-02-17 10:07:40,359 [INFO] ApiDb:452 - User favorites Boards=[]
2026-02-17 10:08:32,576 [INFO] NvicIntPanel:101 - NVIC parent = com.st.microxplorer.plugins.ip.nvic.MultiNvicIntPanel[,0,0,0x0,invalid,layout=javax.swing.BoxLayout,alignmentX=0.0,alignmentY=0.0,border=,flags=9,maximumSize=,minimumSize=,preferredSize=]
2026-02-17 10:08:42,816 [INFO] UtilMem:75 - End SaveConfig() Used Memory: 884850120 Bytes (1073741824)
2026-02-17 10:08:46,824 [INFO] UtilMem:75 - End SaveConfig() Used Memory: 1004914120 Bytes (1073741824)
2026-02-17 10:08:47,279 [INFO] BlockDiagram:2775 - set Specific Code input for plugin: SYS
2026-02-17 10:08:47,279 [INFO] BlockDiagram:2775 - set Specific Code input for plugin: RCC
2026-02-17 10:08:47,279 [INFO] BlockDiagram:2775 - set Specific Code input for plugin: NVIC
2026-02-17 10:08:47,279 [INFO] BlockDiagram:2775 - set Specific Code input for plugin: USART
2026-02-17 10:08:47,280 [INFO] BlockDiagram:2775 - set Specific Code input for plugin: GPIO
2026-02-17 10:08:47,281 [INFO] CodeGenerator:892 - code generatio: config db path: D:\STM32CubeIDE_1.19.0\STM32CubeIDE\plugins\com.st.stm32cube.common.mx_6.15.0.202507011659\\db\
2026-02-17 10:08:47,466 [INFO] CodeEngine:265 - oldGeneratedFile, D:\UART_Interrupt_BareMetal\MXTmpFiles\license.tmp_save
2026-02-17 10:08:47,677 [INFO] CodeEngine:289 - Generated code: D:\UART_Interrupt_BareMetal\MXTmpFiles\license.tmp
2026-02-17 10:08:47,754 [INFO] CodeEngine:265 - oldGeneratedFile, D:\UART_Interrupt_BareMetal\MXTmpFiles\gpio.tmp_save
2026-02-17 10:08:47,996 [INFO] CodeEngine:289 - Generated code: D:\UART_Interrupt_BareMetal\MXTmpFiles\gpio.tmp
2026-02-17 10:08:48,191 [INFO] CodeEngine:265 - oldGeneratedFile, D:\UART_Interrupt_BareMetal\Core\Src\stm32l4xx_it.c_save
2026-02-17 10:08:48,471 [INFO] CodeEngine:289 - Generated code: D:\UART_Interrupt_BareMetal\Core\Src\stm32l4xx_it.c
2026-02-17 10:08:48,476 [INFO] CodeEngine:265 - oldGeneratedFile, D:\UART_Interrupt_BareMetal\Core\Inc\stm32l4xx_it.h_save
2026-02-17 10:08:48,586 [INFO] CodeEngine:289 - Generated code: D:\UART_Interrupt_BareMetal\Core\Inc\stm32l4xx_it.h
2026-02-17 10:08:48,599 [INFO] CodeEngine:265 - oldGeneratedFile, D:\UART_Interrupt_BareMetal\Core\Src\stm32l4xx_hal_msp.c_save
2026-02-17 10:08:48,883 [INFO] CodeEngine:289 - Generated code: D:\UART_Interrupt_BareMetal\Core\Src\stm32l4xx_hal_msp.c
2026-02-17 10:08:48,888 [INFO] CodeEngine:265 - oldGeneratedFile, D:\UART_Interrupt_BareMetal\MXTmpFiles\system.tmp_save
2026-02-17 10:08:49,005 [INFO] CodeEngine:289 - Generated code: D:\UART_Interrupt_BareMetal\MXTmpFiles\system.tmp
2026-02-17 10:08:49,015 [INFO] CodeEngine:321 - oldGeneratedFile, D:\UART_Interrupt_BareMetal\Core\Inc\stm32l4xx_hal_conf.h_save
2026-02-17 10:08:49,382 [INFO] CodeEngine:345 - Generated code: D:\UART_Interrupt_BareMetal\Core\Inc\stm32l4xx_hal_conf.h
2026-02-17 10:08:49,465 [INFO] CodeEngine:265 - oldGeneratedFile, D:\UART_Interrupt_BareMetal\Core\Inc\main.h_save
2026-02-17 10:08:49,705 [INFO] CodeEngine:289 - Generated code: D:\UART_Interrupt_BareMetal\Core\Inc\main.h
2026-02-17 10:08:49,709 [INFO] CodeEngine:265 - oldGeneratedFile, D:\UART_Interrupt_BareMetal\Core\Src\main.c_save
2026-02-17 10:08:49,939 [INFO] CodeEngine:289 - Generated code: D:\UART_Interrupt_BareMetal\Core\Src\main.c
2026-02-17 10:08:50,333 [INFO] ProjectBuilder:3606 - Time for Copy HAL[1] : 174mS.
2026-02-17 10:08:50,336 [INFO] ProjectBuilder:5216 - Project Generator version: 4.7.0-B52
2026-02-17 10:08:50,478 [INFO] ConfigFileManager:1595 - The Die is : DIE415
2026-02-17 10:08:51,577 [INFO] ProjectBuilder:5496 - Time for Generating toolchain IDE Files: 1241mS.
2026-02-17 10:08:51,578 [INFO] ProjectBuilder:3463 - Time for Copy CMSIS : 1mS.
2026-02-17 10:08:51,580 [INFO] ProjectBuilder:3463 - Time for Copy CMSIS : 0mS.
2026-02-17 10:21:57,994 [INFO] WebApp:194 - Connection lost
2026-02-17 10:22:04,447 [INFO] WebApp:191 - Connection restablished
2026-02-17 10:22:49,962 [INFO] MainUpdater:2872 - connection check result : 10
2026-02-17 10:22:50,178 [INFO] McuFinderGlobals:76 - Set McuFinderConnectedMode to true
2026-02-17 10:22:50,183 [INFO] MultiScanPanel:200 - Auto-refresh data requested => check proxy status ongoing
2026-02-17 10:22:50,184 [INFO] FinderPluginLoader:96 - Searching for filters in installed packs
2026-02-17 10:22:53,263 [INFO] LoadUrlFilesThread:185 - End of LoadServerUrlFiles without Thread
2026-02-17 10:22:53,263 [INFO] DetailPanel:341 - Set advertising image to C:/Users/Hemanth Madu/STM32Cube/Repository/\en.prom-stm32c0-entry-level-graphic-0226.png
2026-02-17 10:23:04,171 [INFO] MultiScanPanel:200 - Auto-refresh data requested => check proxy status ongoing
2026-02-17 10:23:04,317 [INFO] LoadUrlFilesThread:185 - End of LoadServerUrlFiles without Thread
2026-02-17 10:23:04,317 [INFO] DetailPanel:341 - Set advertising image to C:/Users/Hemanth Madu/STM32Cube/Repository/\en.prom-stm32c0-entry-level-graphic-0226.png
2026-02-17 10:24:33,269 [INFO] MainUpdater:2872 - connection check result : 10
2026-02-17 10:24:33,269 [INFO] MainUpdater:2872 - connection check result : 10
2026-02-17 10:24:33,428 [INFO] MicroXplorer:468 - Change Database Path : 
2026-02-17 10:24:33,429 [INFO] MicroXplorer:498 - Change Database Version : DB.6.0.150
2026-02-17 10:24:33,473 [ERROR] ProjectManagerView:395 - 
java.lang.NullPointerException: Cannot invoke "javax.swing.JTextField.getText()" because the return value of "java.util.List.get(int)" is null
	at com.st.microxplorer.plugins.projectmanager.gui.ProjectChoiceTab$9.caretUpdate(ProjectChoiceTab.java:2706) ~[filemanager.jar:?]
	at javax.swing.text.JTextComponent.fireCaretUpdate(JTextComponent.java:408) ~[?:?]
	at javax.swing.text.JTextComponent$MutableCaretEvent.fire(JTextComponent.java:4484) ~[?:?]
	at javax.swing.text.JTextComponent$MutableCaretEvent.stateChanged(JTextComponent.java:4506) ~[?:?]
	at javax.swing.text.DefaultCaret.fireStateChanged(DefaultCaret.java:857) ~[?:?]
	at javax.swing.text.DefaultCaret.changeCaretPosition(DefaultCaret.java:1343) ~[?:?]
	at javax.swing.text.DefaultCaret.handleSetDot(DefaultCaret.java:1242) ~[?:?]
	at javax.swing.text.DefaultCaret.setDot(DefaultCaret.java:1223) ~[?:?]
	at javax.swing.text.DefaultCaret$Handler.insertUpdate(DefaultCaret.java:1819) ~[?:?]
	at javax.swing.text.AbstractDocument.fireInsertUpdate(AbstractDocument.java:227) ~[?:?]
	at javax.swing.text.AbstractDocument.handleInsertString(AbstractDocument.java:781) ~[?:?]
	at javax.swing.text.AbstractDocument.insertString(AbstractDocument.java:740) ~[?:?]
	at javax.swing.text.PlainDocument.insertString(PlainDocument.java:131) ~[?:?]
	at javax.swing.text.AbstractDocument.replace(AbstractDocument.java:699) ~[?:?]
	at javax.swing.text.JTextComponent.setText(JTextComponent.java:1725) ~[?:?]
	at com.st.microxplorer.plugins.projectmanager.gui.ProjectChoiceTab.createHeapStackFields(ProjectChoiceTab.java:993) ~[filemanager.jar:?]
	at com.st.microxplorer.plugins.projectmanager.gui.ProjectChoiceTab.buildLinkSettingsPanel(ProjectChoiceTab.java:3813) ~[filemanager.jar:?]
	at com.st.microxplorer.plugins.projectmanager.gui.ProjectChoiceTab.defineWindowsFields(ProjectChoiceTab.java:1987) ~[filemanager.jar:?]
	at com.st.microxplorer.plugins.projectmanager.gui.ProjectChoiceTab.updateSettings(ProjectChoiceTab.java:558) ~[filemanager.jar:?]
	at com.st.microxplorer.plugins.projectmanager.gui.ProjectSettingsPanel.UpdateDialog(ProjectSettingsPanel.java:247) ~[filemanager.jar:?]
	at com.st.microxplorer.plugins.projectmanager.ProjectManagerView.propertyChange(ProjectManagerView.java:392) ~[filemanager.jar:?]
	at java.beans.PropertyChangeSupport.fire(PropertyChangeSupport.java:343) ~[?:?]
	at java.beans.PropertyChangeSupport.firePropertyChange(PropertyChangeSupport.java:335) ~[?:?]
	at java.beans.PropertyChangeSupport.firePropertyChange(PropertyChangeSupport.java:268) ~[?:?]
	at com.st.microxplorer.util.MXPropertyChangeSupport.firePropertyChange(MXPropertyChangeSupport.java:54) ~[STM32CubeMX.jar:?]
	at com.st.microxplorer.mxsystem.MxSystem.closeConfig(MxSystem.java:899) ~[STM32CubeMX.jar:?]
	at com.st.microxplorer.maingui.MainPanel.closeConfig(MainPanel.java:792) ~[STM32CubeMX.jar:?]
	at com.st.microxplorer.plugins.filemanager.engine.OpenFileManager.loadConfigurationFile(OpenFileManager.java:288) ~[filemanager.jar:?]
	at com.st.microxplorer.plugins.filemanager.engine.MainFileManager.userLoadConfig(MainFileManager.java:364) ~[filemanager.jar:?]
	at com.st.microxplorer.plugins.filemanager.FileManagerView.getSpecificTask(FileManagerView.java:268) ~[filemanager.jar:?]
	at com.st.stm32cube.common.mx.editor.CubeMxEditor.getMxTabbedPaneInstance(CubeMxEditor.java:1191) ~[com.st.stm32cube.common.mx_6.15.0.202507011659/:?]
	at com.st.stm32cube.common.mx.editor.CubeMxEditor$12$1.createSwingComponent(CubeMxEditor.java:1068) ~[com.st.stm32cube.common.mx_6.15.0.202507011659/:?]
	at com.st.stm32cube.common.mx.oss.core.awtswtbridge.EmbeddedSwingComposite.doComponentCreation(EmbeddedSwingComposite.java:492) ~[com.st.stm32cube.common.mx.oss_6.15.0.202507011659/:?]
	at com.st.stm32cube.common.mx.oss.core.awtswtbridge.EmbeddedSwingComposite$4.run(EmbeddedSwingComposite.java:291) ~[com.st.stm32cube.common.mx.oss_6.15.0.202507011659/:?]
	at com.st.stm32cube.common.mx.oss.core.awtswtbridge.AwtEnvironment$2.run(AwtEnvironment.java:166) ~[com.st.stm32cube.common.mx.oss_6.15.0.202507011659/:?]
	at java.awt.event.InvocationEvent.dispatch(InvocationEvent.java:318) ~[?:?]
	at java.awt.EventQueue.dispatchEventImpl(EventQueue.java:773) ~[?:?]
	at java.awt.EventQueue$4.run(EventQueue.java:720) ~[?:?]
	at java.awt.EventQueue$4.run(EventQueue.java:714) ~[?:?]
	at java.security.AccessController.doPrivileged(AccessController.java:400) ~[?:?]
	at java.security.ProtectionDomain$JavaSecurityAccessImpl.doIntersectionPrivilege(ProtectionDomain.java:87) ~[?:?]
	at java.awt.EventQueue.dispatchEvent(EventQueue.java:742) ~[?:?]
	at java.awt.EventDispatchThread.pumpOneEventForFilters(EventDispatchThread.java:203) ~[?:?]
	at java.awt.EventDispatchThread.pumpEventsForFilter(EventDispatchThread.java:124) ~[?:?]
	at java.awt.EventDispatchThread.pumpEventsForHierarchy(EventDispatchThread.java:113) ~[?:?]
	at java.awt.EventDispatchThread.pumpEvents(EventDispatchThread.java:109) ~[?:?]
	at java.awt.EventDispatchThread.pumpEvents(EventDispatchThread.java:101) ~[?:?]
	at java.awt.EventDispatchThread.run(EventDispatchThread.java:90) ~[?:?]
2026-02-17 10:24:33,475 [WARN] ThirdParty:871 - waiting for thirdparty lock release [close project]
2026-02-17 10:24:33,475 [INFO] ThirdParty:873 - entering critical section [close project]
2026-02-17 10:24:33,475 [INFO] ThirdParty:883 - exiting critical section [close project]
2026-02-17 10:24:33,478 [INFO] PinOutPanel:1589 - setPackage(No Configuration,No Configuration)
2026-02-17 10:24:33,487 [INFO] UtilMem:75 - Begin LoadConfig() Used Memory: 955145136 Bytes (1073741824)
2026-02-17 10:24:33,488 [INFO] OpenFileManager:355 - Change cursor
2026-02-17 10:24:33,595 [INFO] RulesReader:64 - Compatibility file has been processed (317 Rules)
2026-02-17 10:24:33,628 [INFO] ProjectFactory:514 - No CPN specified for board NUCLEO-L476RG => set CPN to STM32L476RGT3
2026-02-17 10:24:33,629 [INFO] Mcu:2029 - Initializing MCU STM32L476R(C-E-G)Tx STM32L476RGTx STM32L476RGT3
2026-02-17 10:24:37,542 [INFO] Context:786 - Trying to add GPIOservice into a context  which must be forbidden
2026-02-17 10:24:38,802 [INFO] Rule:233 - rule 117617 - U5Cobra4M][GTZC] default value MPCBB3 and MPCBB5 - Not Secured memory - MPCBB1 is applicable
2026-02-17 10:24:38,803 [INFO] Rule:233 - rule 117617 - U5Cobra4M][GTZC] default value MPCBB3 and MPCBB5 - Not Secured memory - MPCBB1 is applicable
2026-02-17 10:24:38,803 [INFO] Rule:233 - rule 117617 - U5Cobra4M][GTZC] default value MPCBB3 and MPCBB5 - Not Secured memory - MPCBB2 is applicable
2026-02-17 10:24:38,803 [INFO] Rule:233 - rule 117617 - U5Cobra4M][GTZC] default value MPCBB3 and MPCBB5 - Not Secured memory - MPCBB2 is applicable
2026-02-17 10:24:38,803 [INFO] Rule:233 - rule 117617 - U5Cobra4M][GTZC] default value MPCBB3 and MPCBB5 - Not Secured memory - MPCBB3 is applicable
2026-02-17 10:24:38,803 [INFO] Rule:233 - rule 117617 - U5Cobra4M][GTZC] default value MPCBB3 and MPCBB5 - Not Secured memory - MPCBB3 is applicable
2026-02-17 10:24:38,803 [INFO] Rule:233 - rule 117617 - U5Cobra4M][GTZC] default value MPCBB3 and MPCBB5 - Not Secured memory - MPCBB4 is applicable
2026-02-17 10:24:38,803 [INFO] Rule:233 - rule 117617 - U5Cobra4M][GTZC] default value MPCBB3 and MPCBB5 - Not Secured memory - MPCBB4 is applicable
2026-02-17 10:24:38,803 [INFO] Rule:233 - rule 117617 - U5Cobra4M][GTZC] default value MPCBB3 and MPCBB5 - Secured memory - MPCBB1 is applicable
2026-02-17 10:24:38,803 [INFO] Rule:233 - rule 117617 - U5Cobra4M][GTZC] default value MPCBB3 and MPCBB5 - Secured memory - MPCBB2 is applicable
2026-02-17 10:24:38,803 [INFO] Rule:233 - rule 117617 - U5Cobra4M][GTZC] default value MPCBB3 and MPCBB5 - Secured memory - MPCBB3 is applicable
2026-02-17 10:24:38,803 [INFO] Rule:233 - rule 117617 - U5Cobra4M][GTZC] default value MPCBB3 and MPCBB5 - Secured memory - MPCBB4 is applicable
2026-02-17 10:24:38,803 [INFO] Rule:233 - rule 117617 - U5Cobra4M][GTZC] default value MPCBB3 and MPCBB5 - Privileged memory - MPCBB1 is applicable
2026-02-17 10:24:38,803 [INFO] Rule:233 - rule 117617 - U5Cobra4M][GTZC] default value MPCBB3 and MPCBB5 - Privileged memory - MPCBB2 is applicable
2026-02-17 10:24:38,803 [INFO] Rule:233 - rule 117617 - U5Cobra4M][GTZC] default value MPCBB3 and MPCBB5 - Privileged memory - MPCBB3 is applicable
2026-02-17 10:24:38,803 [INFO] Rule:233 - rule 117617 - U5Cobra4M][GTZC] default value MPCBB3 and MPCBB5 - Privileged memory - MPCBB4 is applicable
2026-02-17 10:24:38,803 [INFO] Rule:233 - rule 117617 - U5Cobra4M][GTZC] default value MPCBB3 and MPCBB5 - Not Privileged memory - MPCBB1 is applicable
2026-02-17 10:24:38,803 [INFO] Rule:233 - rule 117617 - U5Cobra4M][GTZC] default value MPCBB3 and MPCBB5 - Not Privileged memory - MPCBB2 is applicable
2026-02-17 10:24:38,803 [INFO] Rule:233 - rule 117617 - U5Cobra4M][GTZC] default value MPCBB3 and MPCBB5 - Not Privileged memory - MPCBB3 is applicable
2026-02-17 10:24:38,803 [INFO] Rule:233 - rule 117617 - U5Cobra4M][GTZC] default value MPCBB3 and MPCBB5 - Not Privileged memory - MPCBB4 is applicable
2026-02-17 10:24:38,803 [INFO] Rule:233 - rule 117617 - U5Cobra4M][GTZC] default value MPCBB3 and MPCBB5 - Privileged memory - MPCBB1 is applicable
2026-02-17 10:24:38,803 [INFO] Rule:233 - rule 117617 - U5Cobra4M][GTZC] default value MPCBB3 and MPCBB5 - Privileged memory - MPCBB2 is applicable
2026-02-17 10:24:38,804 [INFO] Rule:233 - rule 117617 - U5Cobra4M][GTZC] default value MPCBB3 and MPCBB5 - Privileged memory - MPCBB3 is applicable
2026-02-17 10:24:38,804 [INFO] Rule:233 - rule 117617 - U5Cobra4M][GTZC] default value MPCBB3 and MPCBB5 - Privileged memory - MPCBB4 is applicable
2026-02-17 10:24:38,804 [INFO] Rule:233 - rule 117617 - U5Cobra4M][GTZC] default value MPCBB3 and MPCBB5 - Privileged memory - MPCBB1 is applicable
2026-02-17 10:24:38,804 [INFO] Rule:233 - rule 117617 - U5Cobra4M][GTZC] default value MPCBB3 and MPCBB5 - Privileged memory - MPCBB2 is applicable
2026-02-17 10:24:38,804 [INFO] Rule:233 - rule 117617 - U5Cobra4M][GTZC] default value MPCBB3 and MPCBB5 - Privileged memory - MPCBB3 is applicable
2026-02-17 10:24:38,804 [INFO] Rule:233 - rule 117617 - U5Cobra4M][GTZC] default value MPCBB3 and MPCBB5 - Privileged memory - MPCBB4 is applicable
2026-02-17 10:24:38,804 [INFO] Rule:233 - rule 117617 - U5Cobra4M][GTZC] default value MPCBB3 and MPCBB5 - Not Privileged memory - MPCBB1 is applicable
2026-02-17 10:24:38,804 [INFO] Rule:233 - rule 117617 - U5Cobra4M][GTZC] default value MPCBB3 and MPCBB5 - Not Privileged memory - MPCBB2 is applicable
2026-02-17 10:24:38,804 [INFO] Rule:233 - rule 117617 - U5Cobra4M][GTZC] default value MPCBB3 and MPCBB5 - Not Privileged memory - MPCBB3 is applicable
2026-02-17 10:24:38,804 [INFO] Rule:233 - rule 117617 - U5Cobra4M][GTZC] default value MPCBB3 and MPCBB5 - Not Privileged memory - MPCBB4 is applicable
2026-02-17 10:24:38,804 [INFO] Rule:233 - rule 117617 - U5Cobra4M][GTZC] default value MPCBB3 and MPCBB5 - Privileged memory - MPCBB1 is applicable
2026-02-17 10:24:38,804 [INFO] Rule:233 - rule 117617 - U5Cobra4M][GTZC] default value MPCBB3 and MPCBB5 - Privileged memory - MPCBB2 is applicable
2026-02-17 10:24:38,804 [INFO] Rule:233 - rule 117617 - U5Cobra4M][GTZC] default value MPCBB3 and MPCBB5 - Privileged memory - MPCBB3 is applicable
2026-02-17 10:24:38,804 [INFO] Rule:233 - rule 117617 - U5Cobra4M][GTZC] default value MPCBB3 and MPCBB5 - Privileged memory - MPCBB4 is applicable
2026-02-17 10:24:38,804 [INFO] Rule:233 - rule Rename SubGHz_Phy SUBGHZ_APPLICATION SUBGHZ_PINGPONG to SUBGHZ_ADV_APPLICATION is applicable
2026-02-17 10:24:38,804 [INFO] Rule:233 - rule Rename Enabled to IBEACON is applicable
2026-02-17 10:24:38,804 [INFO] Rule:233 - rule GTZC_S instance for project manager is applicable
2026-02-17 10:24:38,804 [INFO] Rule:233 - rule GTZC_S instance for context M33S is applicable
2026-02-17 10:24:38,804 [INFO] Rule:233 - rule GTZC_S instance value for IP GTZC is applicable
2026-02-17 10:24:38,804 [INFO] Rule:233 - rule GTZC_S instance for mcu.IP is applicable
2026-02-17 10:24:38,804 [INFO] Rule:233 - rule GTZC_S instance for VP is applicable
2026-02-17 10:24:38,804 [INFO] Rule:233 - rule GTZC_S instance for signal is applicable
2026-02-17 10:24:38,804 [INFO] Rule:233 - rule GTZC_S instance for mcu.Pin is applicable
2026-02-17 10:24:38,804 [INFO] Rule:233 - rule GTZC_S instance for VP is applicable
2026-02-17 10:24:38,804 [INFO] Rule:233 - rule GTZC_S instance for signal is applicable
2026-02-17 10:24:38,804 [INFO] Rule:233 - rule GTZC_S instance for mcu is applicable
2026-02-17 10:24:38,804 [INFO] Rule:233 - rule GTZC_S instance for mcu.Pin is applicable
2026-02-17 10:24:38,804 [INFO] Rule:233 - rule GTZC_S instance value for IP GTZC is applicable
2026-02-17 10:24:38,804 [INFO] Rule:233 - rule GTZC_S instance for project manager is applicable
2026-02-17 10:24:38,804 [INFO] Rule:233 - rule GTZC_S instance for context M33S is applicable
2026-02-17 10:24:38,804 [INFO] Rule:233 - rule GTZC_S instance for VP is applicable
2026-02-17 10:24:38,804 [INFO] Rule:233 - rule GTZC_S instance for signal is applicable
2026-02-17 10:24:38,805 [INFO] Rule:233 - rule SPDIFRX instance for mcu is applicable
2026-02-17 10:24:38,805 [INFO] Rule:233 - rule Rename Tracer Mode is applicable
2026-02-17 10:24:38,805 [INFO] Rule:233 - rule SPDIFRX instance value for IP SPDIFRX is applicable
2026-02-17 10:24:38,805 [INFO] Rule:233 - rule SPDIFRX instance for signal is applicable
2026-02-17 10:24:38,805 [INFO] Rule:233 - rule SPDIFRX instance for project manager is applicable
2026-02-17 10:24:38,805 [INFO] Rule:233 - rule SPDIFRX instance for project manager is applicable
2026-02-17 10:24:38,805 [INFO] Rule:233 - rule ADC Scan  fix with FW F7 is applicable
2026-02-17 10:24:38,805 [INFO] Rule:233 - rule ADC Scan  fix with FW F7 is applicable
2026-02-17 10:24:38,805 [INFO] Rule:233 - rule WakeUp0 Mode is applicable
2026-02-17 10:24:38,805 [INFO] Rule:233 - rule WakeUp0 SIGNAL is applicable
2026-02-17 10:24:38,805 [INFO] Rule:233 - rule WakeUp1 Mode is applicable
2026-02-17 10:24:38,805 [INFO] Rule:233 - rule WakeUp1 SIGNAL is applicable
2026-02-17 10:24:38,805 [INFO] Rule:233 - rule WakeUp2 Mode is applicable
2026-02-17 10:24:38,805 [INFO] Rule:233 - rule WakeUp2 SIGNAL is applicable
2026-02-17 10:24:38,805 [INFO] Rule:233 - rule WakeUp4 Mode is applicable
2026-02-17 10:24:38,805 [INFO] Rule:233 - rule WakeUp4 SIGNAL is applicable
2026-02-17 10:24:38,805 [INFO] Rule:233 - rule WakeUp5 Mode is applicable
2026-02-17 10:24:38,805 [INFO] Rule:233 - rule WakeUp5 SIGNAL is applicable
2026-02-17 10:24:38,805 [INFO] Rule:233 - rule Add RTC Activate Clock Source is applicable
2026-02-17 10:24:38,805 [INFO] Rule:233 - rule Add RTC Activate Calendar 1 is applicable
2026-02-17 10:24:38,805 [INFO] Rule:233 - rule Add RTC Activate Calendar 2 is applicable
2026-02-17 10:24:38,805 [INFO] Rule:233 - rule Add RTC Activate Calendar 3 is applicable
2026-02-17 10:24:38,805 [INFO] Rule:233 - rule UART/USART TX Mode is applicable
2026-02-17 10:24:38,806 [INFO] Rule:233 - rule UART/USART RX Mode is applicable
2026-02-17 10:24:38,806 [INFO] Rule:233 - rule UART/USART RX TX Mode is applicable
2026-02-17 10:24:38,806 [INFO] Rule:233 - rule UART/USART PARITY NONE is applicable
2026-02-17 10:24:38,806 [INFO] Rule:233 - rule UART/USART PARITY EVEN is applicable
2026-02-17 10:24:38,806 [INFO] Rule:233 - rule UART/USART PARITY ODD is applicable
2026-02-17 10:24:38,806 [INFO] Rule:233 - rule USART StopBits 1 is applicable
2026-02-17 10:24:38,806 [INFO] Rule:233 - rule USART StopBits 2 is applicable
2026-02-17 10:24:38,806 [INFO] Rule:233 - rule USART StopBits 1.5 is applicable
2026-02-17 10:24:38,806 [INFO] Rule:233 - rule USART StopBits 0.5 is applicable
2026-02-17 10:24:38,806 [INFO] Rule:233 - rule UART/USART WORD LENGTH 7 is applicable
2026-02-17 10:24:38,806 [INFO] Rule:233 - rule UART/USART WORD LENGTH 8 is applicable
2026-02-17 10:24:38,806 [INFO] Rule:233 - rule UART/USART WORD LENGTH 9 is applicable
2026-02-17 10:24:38,806 [INFO] Rule:233 - rule Rename FMC NAND NCE signal is applicable
2026-02-17 10:24:38,806 [INFO] Rule:233 - rule Rename FMC NAND INT signal is applicable
2026-02-17 10:24:38,806 [INFO] Rule:233 - rule Change Default Value for LSE Drive Capability for WB family is applicable
2026-02-17 10:24:38,807 [INFO] Rule:233 - rule Change Default Value for ADC Clock Prescaler G0 family is applicable
2026-02-17 10:24:38,807 [INFO] Rule:233 - rule Change Default Value for ADC ExternalTrigConv L4 family is applicable
2026-02-17 10:24:38,807 [INFO] Rule:233 - rule Change Default Value for ADC ExternalTrigInjecConv L4 family is applicable
2026-02-17 10:24:38,807 [INFO] Rule:233 - rule Change Default Value for ADC ExternalTrigConv F3 family is applicable
2026-02-17 10:24:38,807 [INFO] Rule:233 - rule Change Default Value for ADC ExternalTrigInjecConv F3 family is applicable
2026-02-17 10:24:38,807 [INFO] Rule:233 - rule Change Default Value for ADC ExternalTrigConv Goldfish serie is applicable
2026-02-17 10:24:38,807 [INFO] Rule:233 - rule Change Default Value for ADC ExternalTrigInjecConv Goldfish serie is applicable
2026-02-17 10:24:38,807 [INFO] Rule:233 - rule Change Default Value for ADC ExternalTrigConv L0 family is applicable
2026-02-17 10:24:38,807 [INFO] Rule:233 - rule Change Default Value for ADC ExternalTrigConv F0 family is applicable
2026-02-17 10:24:38,807 [INFO] Rule:233 - rule Change Default Value for ADC ExternalTrigConvn L1 family is applicable
2026-02-17 10:24:38,807 [INFO] Rule:233 - rule Change Default Value for ADC ExternalTrigInjecConv L1 family is applicable
2026-02-17 10:24:38,807 [INFO] Rule:233 - rule Change Default Value for ADC ExternalTrigConv F1 family is applicable
2026-02-17 10:24:38,807 [INFO] Rule:233 - rule Change Default Value for ADC ExternalTrigInjecConv F1 family is applicable
2026-02-17 10:24:38,807 [INFO] Rule:233 - rule Change Default Value for ADC ExternalTrigConv F7 family is applicable
2026-02-17 10:24:38,807 [INFO] Rule:233 - rule Change Default Value for ADC ExternalTrigInjecConv F7 family is applicable
2026-02-17 10:24:38,807 [INFO] Rule:233 - rule Change Default Value for ADC ExternalTrigConv F4 and F2 family is applicable
2026-02-17 10:24:38,808 [INFO] Rule:233 - rule Change Default Value for ADC ExternalTrigInjecConv F4 and F2 family is applicable
2026-02-17 10:24:38,808 [INFO] Rule:233 - rule ADC SamplingTime fix with FW L0  is applicable
2026-02-17 10:24:38,808 [INFO] Rule:233 - rule ADC SamplingTime fix with FW L0  is applicable
2026-02-17 10:24:38,808 [INFO] Rule:233 - rule ADC SamplingTime fix with FW L0 is applicable
2026-02-17 10:24:38,808 [INFO] Rule:233 - rule ADC SamplingTime fix with FW L0 is applicable
2026-02-17 10:24:38,808 [INFO] Rule:233 - rule ADC SamplingTime fix with FW L0  is applicable
2026-02-17 10:24:38,808 [INFO] Rule:233 - rule ADC SamplingTime fix with FW L0 is applicable
2026-02-17 10:24:38,808 [INFO] Rule:233 - rule Rename USB_OE Signal is applicable
2026-02-17 10:24:38,808 [INFO] Rule:233 - rule Rename Activate_OE Mode is applicable
2026-02-17 10:24:38,808 [INFO] Rule:233 - rule Rename DIE462/DIE415 pin PC14/OSC32_IN -> PC14-OSC32_IN (PC14) is applicable
2026-02-17 10:24:38,808 [INFO] Rule:233 - rule Rename DIE462/DIE415 pin PC15/OSC32_OUT -> PC15-OSC32_OUT (PC15) is applicable
2026-02-17 10:24:38,808 [INFO] Rule:233 - rule Rename DIE462/DIE415 pin PH0/OSC_IN -> PH0-OSC_IN (PH0) is applicable
2026-02-17 10:24:38,808 [INFO] Rule:233 - rule Rename DIE462/DIE415 pin PH1/OSC_OUT -> PH1-OSC_OUT (PH1) is applicable
2026-02-17 10:24:38,808 [INFO] Rule:233 - rule Rename DIE462 pin PA13 -> PA13 (JTMS/SWDIO) is applicable
2026-02-17 10:24:38,808 [INFO] Rule:233 - rule Rename DIE415 pin PA13 -> PA13 (JTMS/SWDIO) is applicable
2026-02-17 10:24:38,808 [INFO] Rule:233 - rule Rename DIE462 pin PA14 -> PA14 (JTCK/SWCLK) is applicable
2026-02-17 10:24:38,808 [INFO] Rule:233 - rule Rename DIE415 pin PA14 -> PA14 (JTCK/SWCLK) is applicable
2026-02-17 10:24:38,808 [INFO] Rule:233 - rule Rename DIE462/DIE415 pin PA15 -> PA15 (JTDI) is applicable
2026-02-17 10:24:38,808 [INFO] Rule:233 - rule Rename DIE462 pin PB3 -> PB3 (JTD0/TRACESWO) is applicable
2026-02-17 10:24:38,808 [INFO] Rule:233 - rule Rename DIE415 pin PB3 -> PB3 (JTD0-TRACESWO) is applicable
2026-02-17 10:24:38,808 [INFO] Rule:233 - rule Rename DIE462/DIE415 pin PB4 -> PB4 (NJTRST) is applicable
2026-02-17 10:24:38,808 [INFO] Rule:233 - rule Rename DIE462 pin PH3/BOOT0 -> PH3-BOOT0 (BOOT0) is applicable
2026-02-17 10:24:38,809 [INFO] Rule:233 - rule Rename CRYP DataEncryptionTypesList to Algorithm is applicable
2026-02-17 10:24:38,809 [INFO] Rule:233 - rule Rename AES DataEncryptionTypesList to Algorithm is applicable
2026-02-17 10:24:38,809 [INFO] Rule:233 - rule Rename TDESECB to CRYP_TDES_ECB is applicable
2026-02-17 10:24:38,809 [INFO] Rule:233 - rule Rename TDESCBC to CRYP_TDES_CBC is applicable
2026-02-17 10:24:38,809 [INFO] Rule:233 - rule Rename DESECB to CRYP_DES_ECB is applicable
2026-02-17 10:24:38,809 [INFO] Rule:233 - rule Rename DESCBC to CRYP_DES_CBC is applicable
2026-02-17 10:24:38,809 [INFO] Rule:233 - rule Rename AESECB to CRYP_AES_ECB is applicable
2026-02-17 10:24:38,809 [INFO] Rule:233 - rule Rename AESCBC to CRYP_AES_CBC is applicable
2026-02-17 10:24:38,809 [INFO] Rule:233 - rule Rename AESCTR to CRYP_AES_CTR is applicable
2026-02-17 10:24:38,809 [INFO] Rule:233 - rule Rename AESGCM to CRYP_AES_GCM is applicable
2026-02-17 10:24:38,809 [INFO] Rule:233 - rule Rename AESCCM to CRYP_AES_CCM is applicable
2026-02-17 10:24:38,809 [INFO] Rule:233 - rule Rename CAN TimeSeg1 to BS1 is applicable
2026-02-17 10:24:38,809 [INFO] Rule:233 - rule Rename CAN TimeSeg2 to BS2 is applicable
2026-02-17 10:24:38,809 [INFO] Rule:233 - rule Rename CAN SyncJumpWidth to SJW is applicable
2026-02-17 10:24:38,809 [INFO] Rule:233 - rule TimeTriggeredMode to TTCM is applicable
2026-02-17 10:24:38,809 [INFO] Rule:233 - rule Rename CAN AutoBusOff to ABOM is applicable
2026-02-17 10:24:38,809 [INFO] Rule:233 - rule Rename CAN AutoWakeUp to AWUM is applicable
2026-02-17 10:24:38,809 [INFO] Rule:233 - rule Rename CAN AutoRetransmission to NART is applicable
2026-02-17 10:24:38,809 [INFO] Rule:233 - rule Rename CAN ReceiveFifoLocked to RFLM is applicable
2026-02-17 10:24:38,809 [INFO] Rule:233 - rule Rename CAN TransmitFifoPriority to TXFP is applicable
2026-02-17 10:24:38,809 [INFO] Rule:233 - rule Rename HRTIMER HRTIM_OUTPUTFAULTLEVEL_HIGH in HRTIMER HRTIM_OUTPUTFAULTLEVEL_HIGHZ is applicable
2026-02-17 10:24:38,810 [INFO] Rule:233 - rule Rename TIMER TIM_CLEARINPUTSOURCE_OCREFCLR in  TIMER TIM_CLEARINPUTSOURCE_NONE for F7 family is applicable
2026-02-17 10:24:38,810 [INFO] Rule:233 - rule FDCAN_R1 - Rename FDCAN mode Master into Classic is applicable
2026-02-17 10:24:38,810 [INFO] Rule:233 - rule FDCAN_R2 - Rename FDCAN mode Slave into Classic is applicable
2026-02-17 10:24:38,810 [INFO] Rule:233 - rule FDCAN1_R3 - if PA10.Mode=FullDuplex, add Pin PA12 is applicable
2026-02-17 10:24:38,810 [INFO] Rule:233 - rule FDCAN1_R3 - if PA9.Mode=FullDuplex, add Pin PA11 is applicable
2026-02-17 10:24:38,810 [INFO] Rule:233 - rule FDCAN1_R3 - Alternatepin_1 - if PE1.Mode=FullDuplex, add Pin PB9 is applicable
2026-02-17 10:24:38,810 [INFO] Rule:233 - rule FDCAN1_R3 - Alternatepin_1 - if PE0.Mode=FullDuplex, add Pin PB8 is applicable
2026-02-17 10:24:38,810 [INFO] Rule:233 - rule FDCAN1_R3 - Alternatepin_2 - if PD5.Mode=FullDuplex, add Pin PD1 is applicable
2026-02-17 10:24:38,810 [INFO] Rule:233 - rule FDCAN1_R3 - Alternatepin_2 - if PD4.Mode=FullDuplex, add Pin PD0 is applicable
2026-02-17 10:24:38,810 [INFO] Rule:233 - rule FDCAN1_R4 - Rename Mode FullDuplex into Enable FDCAN_TXFD for pin PA10 is applicable
2026-02-17 10:24:38,810 [INFO] Rule:233 - rule FDCAN1_R4 - Rename Mode FullDuplex into Enable FDCAN_TXFD for pin PA9 is applicable
2026-02-17 10:24:38,810 [INFO] Rule:233 - rule FDCAN1_R4 - Alternatepin_1 - Rename Mode FullDuplex into Enable FDCAN_TXFD for pin PE1 is applicable
2026-02-17 10:24:38,810 [INFO] Rule:233 - rule FDCAN1_R4 - Alternatepin_1 - Rename Mode FullDuplex into Enable FDCAN_TXFD for pin PE0 is applicable
2026-02-17 10:24:38,810 [INFO] Rule:233 - rule FDCAN1_R4 - Alternatepin_2 - Rename Mode FullDuplex into Enable FDCAN_TXFD for pin PD5 is applicable
2026-02-17 10:24:38,810 [INFO] Rule:233 - rule FDCAN1_R4 - Alternatepin_2 - Rename Mode FullDuplex into Enable FDCAN_TXFD for pin PD4 is applicable
2026-02-17 10:24:38,810 [INFO] Rule:233 - rule FDCAN2_R3 - if PD10.Mode=FullDuplex, add Pin PB13 is applicable
2026-02-17 10:24:38,810 [INFO] Rule:233 - rule FDCAN2_R3 - if PD9.Mode=FullDuplex, add Pin PB12 is applicable
2026-02-17 10:24:38,810 [INFO] Rule:233 - rule FDCAN2_R3 - Alternatepin_1 - if PB7.Mode=FullDuplex, add Pin PB6 is applicable
2026-02-17 10:24:38,810 [INFO] Rule:233 - rule FDCAN2_R3 - Alternatepin_1 - if PD9.Mode=FullDuplex, add Pin PB12 is applicable
2026-02-17 10:24:38,810 [INFO] Rule:233 - rule FDCAN2_R4 - Rename Mode FullDuplex into Enable FDCAN_TXFD for pin PD10 is applicable
2026-02-17 10:24:38,811 [INFO] Rule:233 - rule FDCAN2_R4 - Rename Mode FullDuplex into Enable FDCAN_TXFD for pin PD9 is applicable
2026-02-17 10:24:38,811 [INFO] Rule:233 - rule FDCAN2_R4 - Alternatepin_1 - Rename Mode FullDuplex into Enable FDCAN_TXFD for pin PB7 is applicable
2026-02-17 10:24:38,811 [INFO] Rule:233 - rule FDCAN2_R4 - Alternatepin_1 - Rename Mode FullDuplex into Enable FDCAN_TXFD for pin PD6 is applicable
2026-02-17 10:24:38,811 [INFO] Rule:233 - rule USART TxPinLevelInvertParam Mode is applicable
2026-02-17 10:24:38,811 [INFO] Rule:233 - rule USART RxPinLevelInvertParam Mode is applicable
2026-02-17 10:24:38,811 [INFO] Rule:233 - rule USART DataInvertParam Mode is applicable
2026-02-17 10:24:38,811 [INFO] Rule:233 - rule USART SwapParam Mode is applicable
2026-02-17 10:24:38,811 [INFO] Rule:233 - rule USART OverrunDisableParam Mode is applicable
2026-02-17 10:24:38,811 [INFO] Rule:233 - rule USART DMADisableonRxErrorParam Mode is applicable
2026-02-17 10:24:38,811 [INFO] Rule:233 - rule USART MSBFirstParam Mode is applicable
2026-02-17 10:24:38,811 [INFO] Rule:233 - rule Update MwName for USB_DEVICE is applicable
2026-02-17 10:24:38,811 [INFO] Rule:233 - rule Change PWR_Regulator_Voltage_Scale Default Value for RCC  H7 family is applicable
2026-02-17 10:24:38,811 [INFO] Rule:233 - rule UART/USART IPParameter rename Prescaler parameter to ClockPrescaler is applicable
2026-02-17 10:24:38,811 [INFO] Rule:233 - rule UART/USART Prescaler rename Prescaler parameter to ClockPrescaler is applicable
2026-02-17 10:24:38,811 [INFO] Rule:233 - rule TIM1CLockSelection is applicable
2026-02-17 10:24:38,811 [INFO] Rule:233 - rule TIM15CLockSelection is applicable
2026-02-17 10:24:38,811 [INFO] Rule:233 - rule align RCC SDMMC3CLockSelection default value on MP1 is applicable
2026-02-17 10:24:38,811 [INFO] Rule:233 - rule align RCC SDMMC12CLockSelection default value on MP1 is applicable
2026-02-17 10:24:38,811 [INFO] Rule:233 - rule align RCC QSPICLockSelection default value on MP1 is applicable
2026-02-17 10:24:38,811 [INFO] Rule:233 - rule align RCC QSPICLockSelection default value on MP1 is applicable
2026-02-17 10:24:38,811 [INFO] Rule:233 - rule align RCC SPI6CLockSelection default value on MP1 is applicable
2026-02-17 10:24:38,811 [INFO] Rule:233 - rule align RCC LPTIM23CLockSelection default value on MP1 is applicable
2026-02-17 10:24:38,811 [INFO] Rule:233 - rule align RCC LPTIM1CLockSelection default value on MP1 is applicable
2026-02-17 10:24:38,811 [INFO] Rule:233 - rule align RCC USART1CLockSelection default value on MP1 is applicable
2026-02-17 10:24:38,811 [INFO] Rule:233 - rule align RCC USART24CLockSelection default value on MP1 is applicable
2026-02-17 10:24:38,811 [INFO] Rule:233 - rule align RCC USART6CLockSelection default value on MP1 is applicable
2026-02-17 10:24:38,811 [INFO] Rule:233 - rule align RCC UART78CLockSelection default value on MP1 is applicable
2026-02-17 10:24:38,811 [INFO] Rule:233 - rule align RCC USART35CLockSelection default value on MP1 is applicable
2026-02-17 10:24:38,811 [INFO] Rule:233 - rule align RCC SPI45CLockSelection default value on MP1 is applicable
2026-02-17 10:24:38,811 [INFO] Rule:233 - rule align RCC I2C46CLockSelection BCLK value on MP1 is applicable
2026-02-17 10:24:38,811 [INFO] Rule:233 - rule align RCC SPI45CLockSelection default value on MP1 is applicable
2026-02-17 10:24:38,811 [INFO] Rule:233 - rule align RCC I2C12CLockSelection default value on MP1 is applicable
2026-02-17 10:24:38,812 [INFO] Rule:233 - rule align RCC I2C35CLockSelection default value on MP1 is applicable
2026-02-17 10:24:38,812 [INFO] Rule:233 - rule align RCC LPTIM45CLockSelection default value on MP1 is applicable
2026-02-17 10:24:38,812 [INFO] Rule:233 - rule Rename DCMI PIXCK signal is applicable
2026-02-17 10:24:38,812 [INFO] Rule:233 - rule Change Default Value for I2C46CLockSelection MP1 family is applicable
2026-02-17 10:24:38,812 [INFO] Rule:233 - rule Change Default Value for UART for G4, G0 and WB families is applicable
2026-02-17 10:24:38,812 [INFO] Rule:233 - rule Change Default Value for USART for G4, G0 and WB families is applicable
2026-02-17 10:24:38,812 [INFO] Rule:233 - rule Change Default Value for USART for G4 family is applicable
2026-02-17 10:24:38,812 [INFO] Rule:233 - rule Change USART1CLockSelection refparam name for MP1 is applicable
2026-02-17 10:24:38,812 [INFO] Rule:233 - rule Change USART2CLockSelection refparam name for MP1 is applicable
2026-02-17 10:24:38,812 [INFO] Rule:233 - rule Change USART3CLockSelection refparam name for MP1 is applicable
2026-02-17 10:24:38,812 [INFO] Rule:233 - rule Change UART4CLockSelection refparam name for MP1 is applicable
2026-02-17 10:24:38,812 [INFO] Rule:233 - rule Change UART5CLockSelection refparam name for MP1 is applicable
2026-02-17 10:24:38,812 [INFO] Rule:233 - rule Change LPUART1CLockSelection refparam name for MP1 is applicable
2026-02-17 10:24:38,812 [INFO] Rule:233 - rule Change LPTIM1CLockSelection refparam name for MP1 is applicable
2026-02-17 10:24:38,812 [INFO] Rule:233 - rule Change LPTIM2CLockSelection refparam name for MP1 is applicable
2026-02-17 10:24:38,812 [INFO] Rule:233 - rule Change RCC_MCO1Source refparam name for MP1 is applicable
2026-02-17 10:24:38,812 [INFO] Rule:233 - rule Change LSCOSource1 refparam name for MP1 is applicable
2026-02-17 10:24:38,812 [INFO] Rule:233 - rule Change SMPSCLockSelection refparam name for MP1 is applicable
2026-02-17 10:24:38,812 [INFO] Rule:233 - rule Change LPTIM3CLockSelection refparam name for MP1 is applicable
2026-02-17 10:24:38,812 [INFO] Rule:233 - rule Change MPCBB* Default Template Mode to Parameters is applicable
2026-02-17 10:24:38,812 [INFO] Rule:233 - rule Change MPCWM* or MPCBB* Secure Mode to Parameters is applicable
2026-02-17 10:24:38,812 [INFO] Rule:233 - rule Change MPCWM* or MPCBB* No Secure Mode to Parameters is applicable
2026-02-17 10:24:38,812 [INFO] Rule:233 - rule Change TZSC IP Secure Mode to Parameters is applicable
2026-02-17 10:24:38,812 [INFO] Rule:233 - rule Change TZSC IP No Secure Mode to Parameters is applicable
2026-02-17 10:24:38,812 [INFO] Rule:233 - rule Change TZSC IP Privilege Mode to Parameters is applicable
2026-02-17 10:24:38,812 [INFO] Rule:233 - rule Change TZSC IP No Privilege Mode to Parameters is applicable
2026-02-17 10:24:38,812 [INFO] Rule:233 - rule Change TZIC IT Secure Mode to Parameters is applicable
2026-02-17 10:24:38,812 [INFO] Rule:233 - rule Change TZIC IT No Secure Mode to Parameters is applicable
2026-02-17 10:24:38,813 [INFO] Rule:233 - rule Add MPCBB1_NonSecureArea_Start_Address value with referenced to MPCBB1_NonSecureArea_Start value is applicable
2026-02-17 10:24:38,813 [INFO] Rule:233 - rule Add MPCBB2_NonSecureArea_Start_Address value with referenced to MPCBB2_NonSecureArea_Start value is applicable
2026-02-17 10:24:38,813 [INFO] Rule:233 - rule Add MPCWM1_NonSecureArea*_Start_Address value with referenced to MPCWM1_NonSecureArea*_Start value is applicable
2026-02-17 10:24:38,813 [INFO] Rule:233 - rule Add MPCWM2_NonSecureArea*_Start_Address value with referenced to MPCWM2_NonSecureArea*_Start value is applicable
2026-02-17 10:24:38,813 [INFO] Rule:233 - rule Add MPCWM3_NonSecureArea_Start_Address value with referenced to MPCWM3_NonSecureArea_Start value is applicable
2026-02-17 10:24:38,813 [INFO] Rule:233 - rule Change Default Value for PLL1UserDefinedConfig is applicable
2026-02-17 10:24:38,813 [INFO] Rule:233 - rule Change GPIO_PuPd Default Value for USART in async mode is applicable
2026-02-17 10:24:38,813 [INFO] Rule:233 - rule Change SMPSDivider Default Value is applicable
2026-02-17 10:24:38,813 [INFO] Rule:233 - rule OPAMP is applicable
2026-02-17 10:24:38,813 [INFO] Rule:233 - rule LPUART IPParameter rename Prescaler parameter to ClockPrescaler for STM32H7 is applicable
2026-02-17 10:24:38,813 [INFO] Rule:233 - rule LPUART IPParameter rename Prescaler parameter to ClockPrescaler for STM32H7 is applicable
2026-02-17 10:24:38,813 [INFO] Rule:233 - rule LPUART IPParameter rename Prescaler parameter to ClockPrescaler for STM32WB is applicable
2026-02-17 10:24:38,813 [INFO] Rule:233 - rule LPUART IPParameter rename Prescaler parameter to ClockPrescaler for STM32WB is applicable
2026-02-17 10:24:38,813 [INFO] Rule:233 - rule LPUART IPParameter rename Prescaler parameter to ClockPrescaler for STM32G4 is applicable
2026-02-17 10:24:38,813 [INFO] Rule:233 - rule LPUART IPParameter rename Prescaler parameter to ClockPrescaler for STM32G4 is applicable
2026-02-17 10:24:38,813 [INFO] Rule:233 - rule LPUART IPParameter rename Prescaler parameter to ClockPrescaler for STM32L5 is applicable
2026-02-17 10:24:38,813 [INFO] Rule:233 - rule LPUART IPParameter rename Prescaler parameter to ClockPrescaler for STM32L5 is applicable
2026-02-17 10:24:38,813 [INFO] Rule:233 - rule LPUART IPParameter rename Prescaler parameter to ClockPrescaler for STM32G4 is applicable
2026-02-17 10:24:38,813 [INFO] Rule:233 - rule LPUART IPParameter rename Prescaler parameter to ClockPrescaler for STM32G4 is applicable
2026-02-17 10:24:38,813 [INFO] Rule:233 - rule USB device lib V2.5.3 for L0 rename USBD_SUPPORT_USER_STRING parameter to USBD_SUPPORT_USER_STRING_DESC4 is applicable
2026-02-17 10:24:38,814 [INFO] Rule:233 - rule I2SCLockSelection clock entry align is applicable
2026-02-17 10:24:38,814 [INFO] Rule:233 - rule Assign TIMx context if used as SYS timebase is applicable
2026-02-17 10:24:38,814 [INFO] Rule:233 - rule Change GPIO_Pu Default Value for I2C is applicable
2026-02-17 10:24:38,814 [INFO] Rule:233 - rule Change GPIO_Pu Default Value for SMBus is applicable
2026-02-17 10:24:38,814 [INFO] Rule:233 - rule change FDCAN default value is applicable
2026-02-17 10:24:38,814 [INFO] Rule:233 - rule Change mode sai is applicable
2026-02-17 10:24:38,814 [INFO] Rule:233 - rule **Change sai mode is applicable
2026-02-17 10:24:38,814 [INFO] Rule:233 - rule Rename STM32WPAN CFG_BLE_IRK to CFG_BLE_IR is applicable
2026-02-17 10:24:38,814 [INFO] Rule:233 - rule Rename STM32WPAN CFG_BLE_ERK to CFG_BLE_ER is applicable
2026-02-17 10:24:38,814 [INFO] Rule:233 - rule Rename STM32WPAN CFG_BLE_IRK_HEX to CFG_BLE_IR_HEX is applicable
2026-02-17 10:24:38,814 [INFO] Rule:233 - rule Rename STM32WPAN CFG_BLE_ERK_HEX to CFG_BLE_ER_HEX is applicable
2026-02-17 10:24:38,814 [INFO] Rule:233 - rule Adapt Old IOC before rework replace old CORTEX_M33/CORTEX_M55 attributes by the new one. is applicable
2026-02-17 10:24:38,814 [INFO] Rule:233 - rule Rename parametre of RCC RCC_APBDBG_DIV2 to RCC_TIMPRES_DIV2 is applicable
2026-02-17 10:24:38,814 [INFO] Rule:233 - rule Rename DIE493 pin PA10 [PA12] -> PA10 is applicable
2026-02-17 10:24:38,814 [INFO] Rule:233 - rule Rename DIE493 pin PA9 [PA11] -> PA9 is applicable
2026-02-17 10:24:38,814 [INFO] Rule:233 - rule Rename DIE492 PartNumber CPN STM32WBA5MJGHx -> STM32WBA5MMGHx is applicable
2026-02-17 10:24:38,815 [INFO] Rule:233 - rule Rename DIE492 PartNumber  Name STM32WBA5MJGHx -> STM32WBA5MMGHx is applicable
2026-02-17 10:24:38,815 [INFO] Rule:233 - rule Rename DIE492 PartNumber UserName STM32WBA5MJGHx -> STM32WBA5MMGHx is applicable
2026-02-17 10:24:38,815 [INFO] Rule:233 - rule Rename DIE492 PartNumber DeviceId STM32WBA5MJGHx -> STM32WBA5MMGHx is applicable
2026-02-17 10:24:38,815 [INFO] Rule:233 - rule Adapt Old IOC CSI. is applicable
2026-02-17 10:24:38,815 [INFO] Rule:233 - rule Adapt Old IOC DCMIPP. is applicable
2026-02-17 10:24:38,815 [INFO] Rule:233 - rule Adapt Old IOC DCMIPP Mode Parallel. is applicable
2026-02-17 10:24:38,815 [INFO] Rule:233 - rule Adapt Old IOC LTDC. is applicable
2026-02-17 10:24:38,815 [INFO] Rule:233 - rule Rename STM32MP2 RIF Peripheral LTDC RIF.RISUP.LTDC_L0L1.Privilege -> RIF.RISUP.LTDC_L1L2.Privilege is applicable
2026-02-17 10:24:38,815 [INFO] Rule:233 - rule Rename STM32MP2 RIF Peripheral LTDC RIF.RISUP.LTDC_L0L1.Privilege -> RIF.RISUP.LTDC_L1L2.Privilege is applicable
2026-02-17 10:24:38,815 [INFO] Rule:233 - rule Rename STM32MP2 RIF Peripheral LTDC RIF.RISUP.LTDC_L0L1.Lock -> RIF.RISUP.LTDC_L1L2.Lock is applicable
2026-02-17 10:24:38,815 [INFO] Rule:233 - rule Rename STM32MP2 RIF Peripheral LTDC RIF.RISUP.LTDC_L2.Lock -> RIF.RISUP.LTDC_L3.Lock is applicable
2026-02-17 10:24:38,815 [INFO] Rule:233 - rule Adapt the old IOC example for updating the SYS when it is misconfigured. is applicable
2026-02-17 10:24:38,815 [INFO] Rule:233 - rule Rename STM32C09 Mcu.Package LQFP64 -> LQFP48 is applicable
2026-02-17 10:24:38,815 [INFO] Rule:233 - rule Adapt the old IOC example for updating the SYS when it is misconfigured. is applicable
2026-02-17 10:24:38,815 [INFO] Rule:233 - rule Adapt the old IOC example for updating the SYS when it is misconfigured. is applicable
2026-02-17 10:24:38,838 [INFO] DbConfProperties:307 - Apply Compatibility (53/282 Rules)
2026-02-17 10:24:38,870 [INFO] ImportTextPane:234 - (OptionalMessage_ERROR) Unable to find key (Mcu.ThirdPartyNb) in loaded IOC file
2026-02-17 10:24:38,873 [INFO] ImportTextPane:234 - (OptionalMessage_ERROR) Pin12 (VP_RIF_VS_RIF1) cannot be retrieved for this MCU
2026-02-17 10:24:39,240 [INFO] RtosManager:558 - Registered RTOS mode: class=CMSIS, group=RTOS, mode=CMSIS_V1, owner=FREERTOS
2026-02-17 10:24:39,240 [INFO] RtosManager:558 - Registered RTOS mode: class=CMSIS, group=RTOS2, mode=CMSIS_V2, owner=FREERTOS
2026-02-17 10:24:39,240 [INFO] RtosManager:558 - Registered RTOS mode: class=RTOS, group=Core, mode=CMSIS_V1, owner=FREERTOS
2026-02-17 10:24:39,241 [INFO] RtosManager:558 - Registered RTOS mode: class=RTOS, group=Core, mode=CMSIS_V2, owner=FREERTOS
2026-02-17 10:24:39,241 [WARN] ModelIntegratedComponent:184 - Missing modes for component STMicroelectronics:FreeRTOS:0.0.1:STMicroelectronics:RTOS:FreeRTOS:Core:::10.2.0:
2026-02-17 10:24:39,254 [WARN] ModelIntegratedComponent:63 - No mode defined for component null
2026-02-17 10:24:39,255 [WARN] ModelIntegratedComponent:63 - No mode defined for component null
2026-02-17 10:24:39,255 [WARN] ModelIntegratedComponent:63 - No mode defined for component null
2026-02-17 10:24:39,255 [WARN] ModelIntegratedComponent:63 - No mode defined for component null
2026-02-17 10:24:39,255 [WARN] ModelIntegratedComponent:63 - No mode defined for component null
2026-02-17 10:24:39,255 [WARN] ModelIntegratedComponent:63 - No mode defined for component null
2026-02-17 10:24:39,255 [WARN] ModelIntegratedComponent:63 - No mode defined for component null
2026-02-17 10:24:39,255 [WARN] ModelIntegratedComponent:63 - No mode defined for component null
2026-02-17 10:24:39,255 [WARN] ModelIntegratedComponent:63 - No mode defined for component null
2026-02-17 10:24:39,255 [WARN] ModelIntegratedComponent:63 - No mode defined for component null
2026-02-17 10:24:39,255 [WARN] ModelIntegratedComponent:63 - No mode defined for component null
2026-02-17 10:24:39,255 [WARN] ModelIntegratedComponent:63 - No mode defined for component null
2026-02-17 10:24:39,255 [WARN] ModelIntegratedComponent:63 - No mode defined for component null
2026-02-17 10:24:39,255 [WARN] ModelIntegratedComponent:63 - No mode defined for component null
2026-02-17 10:24:39,255 [WARN] ModelIntegratedComponent:63 - No mode defined for component null
2026-02-17 10:24:39,255 [WARN] ModelIntegratedComponent:63 - No mode defined for component null
2026-02-17 10:24:39,255 [WARN] ModelIntegratedComponent:63 - No mode defined for component null
2026-02-17 10:24:39,255 [WARN] ModelIntegratedComponent:63 - No mode defined for component null
2026-02-17 10:24:39,256 [WARN] ModelIntegratedComponent:63 - No mode defined for component null
2026-02-17 10:24:39,256 [WARN] ModelIntegratedComponent:63 - No mode defined for component null
2026-02-17 10:24:39,256 [WARN] ModelIntegratedComponent:63 - No mode defined for component null
2026-02-17 10:24:39,256 [WARN] ModelIntegratedComponent:63 - No mode defined for component null
2026-02-17 10:24:39,256 [WARN] ModelIntegratedComponent:63 - No mode defined for component null
2026-02-17 10:24:39,256 [WARN] ModelIntegratedComponent:63 - No mode defined for component null
2026-02-17 10:24:39,256 [WARN] ModelIntegratedComponent:63 - No mode defined for component null
2026-02-17 10:24:39,256 [WARN] ModelIntegratedComponent:63 - No mode defined for component null
2026-02-17 10:24:39,256 [WARN] ModelIntegratedComponent:63 - No mode defined for component null
2026-02-17 10:24:39,256 [WARN] ModelIntegratedComponent:63 - No mode defined for component null
2026-02-17 10:24:39,256 [WARN] ModelIntegratedComponent:63 - No mode defined for component null
2026-02-17 10:24:39,256 [WARN] ModelIntegratedComponent:63 - No mode defined for component null
2026-02-17 10:24:39,256 [WARN] ModelIntegratedComponent:63 - No mode defined for component null
2026-02-17 10:24:39,256 [WARN] ModelIntegratedComponent:63 - No mode defined for component null
2026-02-17 10:24:39,256 [WARN] ModelIntegratedComponent:63 - No mode defined for component null
2026-02-17 10:24:39,256 [WARN] ModelIntegratedComponent:63 - No mode defined for component null
2026-02-17 10:24:39,256 [WARN] ModelIntegratedComponent:63 - No mode defined for component null
2026-02-17 10:24:39,257 [WARN] ModelPack:524 - Component already loaded: STMicroelectronics:HAL Drivers:0.0.0:STMicroelectronics:Device:STMicro_Driver:XSPI:HAL::0.0.1:HAL_XSPI
2026-02-17 10:24:39,284 [INFO] ThirdPartyModel:298 - Start build external matchings
2026-02-17 10:24:40,581 [INFO] ThirdPartyModel:316 - End build external matchings
2026-02-17 10:24:40,605 [INFO] ImportTextPane:234 - (OptionalMessage_ERROR) IP (RCC) : Invalid parameter (FamilyName)
2026-02-17 10:24:40,618 [INFO] ImportTextPane:234 - (OptionalMessage_ERROR) IP (RCC) : Parameter (RNGFreq_Value) has invalid value (64000000)
2026-02-17 10:24:40,618 [INFO] ImportTextPane:234 - (OptionalMessage_ERROR) IP (RCC) : Parameter (SDMMCFreq_Value) has invalid value (64000000)
2026-02-17 10:24:40,618 [INFO] ImportTextPane:234 - (OptionalMessage_ERROR) IP (RCC) : Parameter (USBFreq_Value) has invalid value (64000000)
2026-02-17 10:24:41,228 [INFO] UtilMem:75 - End LoadConfig() Used Memory: 975236424 Bytes (1073741824)
2026-02-17 10:24:41,273 [WARN] ThirdParty:833 - waiting for thirdparty lock release [change project]
2026-02-17 10:24:41,273 [INFO] ThirdParty:835 - entering critical section [change project]
2026-02-17 10:24:41,273 [INFO] ThirdParty:1030 - CMSIS Pack Vendor :STMicroelectronics X-CUBE-PM33A1 1.0.0
2026-02-17 10:24:41,273 [INFO] ThirdParty:1030 - CMSIS Pack Vendor :STMicroelectronics USBPD 4.1
2026-02-17 10:24:41,273 [INFO] ThirdParty:1030 - CMSIS Pack Vendor :STMicroelectronics X-CUBE-NFC9 1.0.0
2026-02-17 10:24:41,273 [INFO] ThirdParty:1030 - CMSIS Pack Vendor :STMicroelectronics USB_HOST 2.0.0
2026-02-17 10:24:41,273 [INFO] ThirdParty:1030 - CMSIS Pack Vendor :STMicroelectronics FP-SNS-MOTENVWB1 1.4.0
2026-02-17 10:24:41,274 [INFO] ThirdParty:1030 - CMSIS Pack Vendor :STMicroelectronics X-CUBE-AZRTOS-F4 1.1.0
2026-02-17 10:24:41,274 [INFO] ThirdParty:1030 - CMSIS Pack Vendor :STMicroelectronics LIBJPEG 8.0.0
2026-02-17 10:24:41,274 [INFO] ThirdParty:1030 - CMSIS Pack Vendor :STMicroelectronics FP-ATR-ASTRA1 2.0.2
2026-02-17 10:24:41,274 [INFO] ThirdParty:1030 - CMSIS Pack Vendor :STMicroelectronics X-CUBE-BLE1 7.1.0
2026-02-17 10:24:41,274 [INFO] ThirdParty:1030 - CMSIS Pack Vendor :STMicroelectronics X-CUBE-SMBUS 2.1.0
2026-02-17 10:24:41,274 [INFO] ThirdParty:1030 - CMSIS Pack Vendor :wolfSSL I-CUBE-wolfMQTT 1.19.2
2026-02-17 10:24:41,274 [INFO] ThirdParty:1030 - CMSIS Pack Vendor :STMicroelectronics USB_DEVICE 3.0.0
2026-02-17 10:24:41,274 [INFO] ThirdParty:1030 - CMSIS Pack Vendor :STMicroelectronics X-CUBE-ISPU 2.1.0
2026-02-17 10:24:41,274 [INFO] ThirdParty:1030 - CMSIS Pack Vendor :STMicroelectronics X-CUBE-FREERTOS 1.4.0
2026-02-17 10:24:41,274 [INFO] ThirdParty:1030 - CMSIS Pack Vendor :STMicroelectronics X-CUBE-EEPRMA1 5.2.0
2026-02-17 10:24:41,274 [INFO] ThirdParty:1030 - CMSIS Pack Vendor :STMicroelectronics X-CUBE-IPS 3.2.0
2026-02-17 10:24:41,274 [INFO] ThirdParty:1030 - CMSIS Pack Vendor :STMicroelectronics X-CUBE-BLEMGR 4.1.0
2026-02-17 10:24:41,274 [INFO] ThirdParty:1030 - CMSIS Pack Vendor :STMicroelectronics X-CUBE-AZRTOS-WB 2.0.0
2026-02-17 10:24:41,274 [INFO] ThirdParty:1030 - CMSIS Pack Vendor :wolfSSL I-CUBE-wolfSSL 5.8.4
2026-02-17 10:24:41,274 [INFO] ThirdParty:1030 - CMSIS Pack Vendor :Cesanta I-CUBE-Mongoose 7.20.0
2026-02-17 10:24:41,274 [INFO] ThirdParty:1030 - CMSIS Pack Vendor :STMicroelectronics X-CUBE-NFC12 1.0.0
2026-02-17 10:24:41,274 [INFO] ThirdParty:1030 - CMSIS Pack Vendor :STMicroelectronics X-CUBE-AZRTOS-F7 1.1.0
2026-02-17 10:24:41,274 [INFO] ThirdParty:1030 - CMSIS Pack Vendor :STMicroelectronics X-CUBE-AZRTOS-L5 2.0.0
2026-02-17 10:24:41,274 [INFO] ThirdParty:1030 - CMSIS Pack Vendor :STMicroelectronics USB_DEVICE 2.0.0
2026-02-17 10:24:41,274 [INFO] ThirdParty:1030 - CMSIS Pack Vendor :quantropi X-CUBE-qispace-sdk-base 2.1.0
2026-02-17 10:24:41,274 [INFO] ThirdParty:1030 - CMSIS Pack Vendor :STMicroelectronics X-CUBE-MEMS1 12.0.0
2026-02-17 10:24:41,274 [INFO] ThirdParty:1030 - CMSIS Pack Vendor :STMicroelectronics X-CUBE-STSE01 2.0.0
2026-02-17 10:24:41,275 [INFO] ThirdParty:1030 - CMSIS Pack Vendor :STMicroelectronics FP-SNS-MOTENV1 5.1.0
2026-02-17 10:24:41,275 [INFO] ThirdParty:1030 - CMSIS Pack Vendor :STMicroelectronics FreeRTOS 0.0.1
2026-02-17 10:24:41,275 [INFO] ThirdParty:1030 - CMSIS Pack Vendor :STMicroelectronics X-CUBE-AZRTOS-G0 1.1.0
2026-02-17 10:24:41,275 [INFO] ThirdParty:1030 - CMSIS Pack Vendor :STMicroelectronics X-CUBE-NFC4 3.0.0
2026-02-17 10:24:41,275 [INFO] ThirdParty:1030 - CMSIS Pack Vendor :STMicroelectronics X-CUBE-SUBG2 5.0.0
2026-02-17 10:24:41,275 [INFO] ThirdParty:1030 - CMSIS Pack Vendor :STMicroelectronics STM32_WPAN 1.0.0
2026-02-17 10:24:41,275 [INFO] ThirdParty:1030 - CMSIS Pack Vendor :EmbeddedOffice I-CUBE-FS-RTOS 1.0.1
2026-02-17 10:24:41,275 [INFO] ThirdParty:1030 - CMSIS Pack Vendor :STMicroelectronics lwIP 2.0.3
2026-02-17 10:24:41,275 [INFO] ThirdParty:1030 - CMSIS Pack Vendor :WES I-CUBE-Cesium 1.4.0
2026-02-17 10:24:41,275 [INFO] ThirdParty:1030 - CMSIS Pack Vendor :STMicroelectronics USB_HOST 1.0.0
2026-02-17 10:24:41,275 [INFO] ThirdParty:1030 - CMSIS Pack Vendor :STMicroelectronics X-CUBE-AZRTOS-G4 2.0.0
2026-02-17 10:24:41,275 [INFO] ThirdParty:1030 - CMSIS Pack Vendor :STMicroelectronics X-CUBE-WB05N 2.0.0
2026-02-17 10:24:41,275 [INFO] ThirdParty:1030 - CMSIS Pack Vendor :STMicroelectronics PDM2PCM 3.1.0
2026-02-17 10:24:41,275 [INFO] ThirdParty:1030 - CMSIS Pack Vendor :STMicroelectronics PDM2PCM 3.3.0
2026-02-17 10:24:41,275 [INFO] ThirdParty:1030 - CMSIS Pack Vendor :wolfSSL I-CUBE-wolfTPM 3.8.0
2026-02-17 10:24:41,275 [INFO] ThirdParty:1030 - CMSIS Pack Vendor :STMicroelectronics X-CUBE-AZRTOS-H7 3.4.0
2026-02-17 10:24:41,275 [INFO] ThirdParty:1030 - CMSIS Pack Vendor :STMicroelectronics X-CUBE-DISPLAY 3.0.0
2026-02-17 10:24:41,276 [INFO] ThirdParty:1030 - CMSIS Pack Vendor :wolfSSL I-CUBE-wolfSSH 1.4.20
2026-02-17 10:24:41,276 [INFO] ThirdParty:1030 - CMSIS Pack Vendor :STMicroelectronics X-CUBE-NFC7 2.0.0
2026-02-17 10:24:41,276 [INFO] ThirdParty:1030 - CMSIS Pack Vendor :STMicroelectronics X-CUBE-TCPP 4.2.0
2026-02-17 10:24:41,276 [INFO] ThirdParty:1030 - CMSIS Pack Vendor :RealThread X-CUBE-RT-Thread_Nano 4.1.1
2026-02-17 10:24:41,276 [INFO] ThirdParty:1030 - CMSIS Pack Vendor :STMicroelectronics FP-ATR-SIGFOX1 3.2.0
2026-02-17 10:24:41,276 [INFO] ThirdParty:1030 - CMSIS Pack Vendor :STMicroelectronics X-CUBE-NFC10 1.0.0
2026-02-17 10:24:41,276 [INFO] ThirdParty:1030 - CMSIS Pack Vendor :STMicroelectronics HAL Drivers 0.0.0
2026-02-17 10:24:41,276 [INFO] ThirdParty:1030 - CMSIS Pack Vendor :STMicroelectronics MBEDTLS 2.16.2
2026-02-17 10:24:41,276 [INFO] ThirdParty:1030 - CMSIS Pack Vendor :STMicroelectronics X-CUBE-ST60 1.1.0
2026-02-17 10:24:41,276 [INFO] ThirdParty:1030 - CMSIS Pack Vendor :STMicroelectronics X-CUBE-ALS 1.0.2
2026-02-17 10:24:41,276 [INFO] ThirdParty:1030 - CMSIS Pack Vendor :emotas I-CUBE-CANOPEN 1.3.0
2026-02-17 10:24:41,276 [INFO] ThirdParty:1030 - CMSIS Pack Vendor :STMicroelectronics MBEDTLS 2.14.1
2026-02-17 10:24:41,276 [INFO] ThirdParty:1030 - CMSIS Pack Vendor :STMicroelectronics X-CUBE-GNSS1 7.1.0
2026-02-17 10:24:41,276 [INFO] ThirdParty:1030 - CMSIS Pack Vendor :ITTIA_DB I-CUBE-ITTIADB 8.9.0
2026-02-17 10:24:41,277 [INFO] ThirdParty:1030 - CMSIS Pack Vendor :STMicroelectronics X-CUBE-TOUCHGFX 4.26.0
2026-02-17 10:24:41,277 [INFO] ThirdParty:1030 - CMSIS Pack Vendor :STMicroelectronics X-CUBE-NFC6 3.2.0
2026-02-17 10:24:41,277 [INFO] ThirdParty:1030 - CMSIS Pack Vendor :STMicroelectronics FP-SNS-STBOX1 2.1.0
2026-02-17 10:24:41,277 [INFO] ThirdParty:1030 - CMSIS Pack Vendor :STMicroelectronics X-CUBE-AI 10.2.0
2026-02-17 10:24:41,277 [INFO] ThirdParty:1030 - CMSIS Pack Vendor :STMicroelectronics FP-SNS-STAIOTCFT 1.0.0
2026-02-17 10:24:41,277 [INFO] ThirdParty:1030 - CMSIS Pack Vendor :STMicroelectronics ThreadX 1.0.0
2026-02-17 10:24:41,277 [INFO] ThirdParty:1030 - CMSIS Pack Vendor :STMicroelectronics FP-SNS-SMARTAG2 1.2.0
2026-02-17 10:24:41,277 [INFO] ThirdParty:1030 - CMSIS Pack Vendor :STMicroelectronics FP-SNS-FLIGHT1 5.1.0
2026-02-17 10:24:41,277 [INFO] ThirdParty:1030 - CMSIS Pack Vendor :STMicroelectronics X-CUBE-AZRTOS-WL 2.0.0
2026-02-17 10:24:41,277 [INFO] ThirdParty:1030 - CMSIS Pack Vendor :SEGGER I-CUBE-embOS 1.3.1
2026-02-17 10:24:41,277 [INFO] ThirdParty:1030 - CMSIS Pack Vendor :STMicroelectronics X-CUBE-ALGOBUILD 1.4.0
2026-02-17 10:24:41,277 [INFO] ThirdParty:1030 - CMSIS Pack Vendor :STMicroelectronics X-CUBE-DPower 1.3.0
2026-02-17 10:24:41,277 [INFO] ThirdParty:1030 - CMSIS Pack Vendor :STMicroelectronics USB_DEVICE 1.0.0
2026-02-17 10:24:41,277 [INFO] ThirdParty:1030 - CMSIS Pack Vendor :STMicroelectronics X-CUBE-AZRTOS-H7RS 1.2.0
2026-02-17 10:24:41,277 [INFO] ThirdParty:1030 - CMSIS Pack Vendor :STMicroelectronics X-CUBE-AZRTOS-L4 2.0.0
2026-02-17 10:24:41,278 [INFO] ThirdParty:1030 - CMSIS Pack Vendor :STMicroelectronics ThreadX 0.0.2
2026-02-17 10:24:41,278 [INFO] ThirdParty:1030 - CMSIS Pack Vendor :STMicroelectronics lwIP 2.1.2
2026-02-17 10:24:41,278 [INFO] ThirdParty:1030 - CMSIS Pack Vendor :STMicroelectronics X-CUBE-SFXS2LP1 4.0.0
2026-02-17 10:24:41,278 [INFO] ThirdParty:1030 - CMSIS Pack Vendor :STMicroelectronics X-CUBE-BLE2 3.3.0
2026-02-17 10:24:41,278 [INFO] ThirdParty:1030 - CMSIS Pack Vendor :Avnet-IOTCONNECT X-CUBE-iotc-st67-sdk 1.0.0
2026-02-17 10:24:41,278 [INFO] ThirdParty:1030 - CMSIS Pack Vendor :STMicroelectronics X-CUBE-TOF1 3.4.3
2026-02-17 10:24:41,278 [INFO] ThirdParty:1030 - CMSIS Pack Vendor :Infineon AIROC-Wi-Fi-Bluetooth-STM32 1.8.0
2026-02-17 10:24:41,278 [INFO] ThirdParty:1030 - CMSIS Pack Vendor :STMicroelectronics PDM2PCM 3.2.0
2026-02-17 10:24:41,278 [INFO] ThirdParty:1030 - CMSIS Pack Vendor :STMicroelectronics X-CUBE-ST67W61 1.2.0
2026-02-17 10:24:41,278 [INFO] ThirdParty:841 - exiting critical section [change project]
2026-02-17 10:24:41,892 [INFO] PinOutPanel:1589 - setPackage(No Configuration,No Configuration)
2026-02-17 10:24:41,893 [INFO] PinOutPanel:1589 - setPackage(STM32L476RGTx,LQFP64)
2026-02-17 10:24:43,036 [INFO] UtilMem:75 - Before build in PCC Used Memory: 867593280 Bytes (1073741824)
2026-02-17 10:24:43,712 [INFO] UtilMem:75 - After build in PCC Used Memory: 950430784 Bytes (1073741824)
2026-02-17 10:24:43,758 [INFO] IPUIPlugin:80 - create IPUIPlugin
2026-02-17 10:24:43,758 [INFO] IPUIPlugin:80 - create IPUIPlugin
2026-02-17 10:24:43,758 [INFO] IPUIPlugin:80 - create IPUIPlugin
2026-02-17 10:24:43,758 [INFO] IPUIPlugin:80 - create IPUIPlugin
2026-02-17 10:24:43,758 [INFO] IPUIPlugin:80 - create IPUIPlugin
2026-02-17 10:24:43,759 [INFO] IPUIPlugin:80 - create IPUIPlugin
2026-02-17 10:24:43,759 [INFO] IPUIPlugin:80 - create IPUIPlugin
2026-02-17 10:24:43,760 [INFO] IPUIPlugin:80 - create IPUIPlugin
2026-02-17 10:24:43,760 [INFO] IPUIPlugin:80 - create IPUIPlugin
2026-02-17 10:24:43,760 [INFO] IPUIPlugin:80 - create IPUIPlugin
2026-02-17 10:24:43,760 [INFO] IPUIPlugin:80 - create IPUIPlugin
2026-02-17 10:24:43,761 [INFO] IPUIPlugin:80 - create IPUIPlugin
2026-02-17 10:24:43,761 [INFO] IPUIPlugin:80 - create IPUIPlugin
2026-02-17 10:24:43,761 [INFO] IPUIPlugin:80 - create IPUIPlugin
2026-02-17 10:24:43,761 [INFO] IPUIPlugin:80 - create IPUIPlugin
2026-02-17 10:24:43,761 [INFO] IPUIPlugin:80 - create IPUIPlugin
2026-02-17 10:24:43,761 [INFO] IPUIPlugin:80 - create IPUIPlugin
2026-02-17 10:24:43,762 [INFO] IPUIPlugin:80 - create IPUIPlugin
2026-02-17 10:24:43,764 [INFO] IPUIPlugin:80 - create IPUIPlugin
2026-02-17 10:24:43,764 [INFO] IPUIPlugin:80 - create IPUIPlugin
2026-02-17 10:24:43,766 [INFO] IPUIPlugin:80 - create IPUIPlugin
2026-02-17 10:24:43,766 [INFO] IPUIPlugin:80 - create IPUIPlugin
2026-02-17 10:24:43,766 [INFO] IPUIPlugin:80 - create IPUIPlugin
2026-02-17 10:24:43,766 [INFO] IPUIPlugin:80 - create IPUIPlugin
2026-02-17 10:24:43,767 [INFO] IPUIPlugin:80 - create IPUIPlugin
2026-02-17 10:24:43,767 [INFO] IPUIPlugin:80 - create IPUIPlugin
2026-02-17 10:24:43,767 [INFO] IPUIPlugin:80 - create IPUIPlugin
2026-02-17 10:24:43,767 [INFO] IPUIPlugin:80 - create IPUIPlugin
2026-02-17 10:24:43,768 [INFO] IPUIPlugin:80 - create IPUIPlugin
2026-02-17 10:24:43,769 [INFO] IPUIPlugin:80 - create IPUIPlugin
2026-02-17 10:24:43,769 [INFO] IPUIPlugin:80 - create IPUIPlugin
2026-02-17 10:24:43,769 [INFO] IPUIPlugin:80 - create IPUIPlugin
2026-02-17 10:24:43,769 [INFO] IPUIPlugin:80 - create IPUIPlugin
2026-02-17 10:24:43,770 [INFO] IPUIPlugin:80 - create IPUIPlugin
2026-02-17 10:24:43,770 [INFO] IPUIPlugin:80 - create IPUIPlugin
2026-02-17 10:24:43,771 [INFO] IPUIPlugin:80 - create IPUIPlugin
2026-02-17 10:24:43,771 [INFO] IPUIPlugin:80 - create IPUIPlugin
2026-02-17 10:24:43,771 [INFO] IPUIPlugin:80 - create IPUIPlugin
2026-02-17 10:24:43,771 [INFO] IPUIPlugin:80 - create IPUIPlugin
2026-02-17 10:24:43,772 [INFO] IPUIPlugin:80 - create IPUIPlugin
2026-02-17 10:24:43,772 [INFO] IPUIPlugin:80 - create IPUIPlugin
2026-02-17 10:24:43,773 [INFO] IPUIPlugin:80 - create IPUIPlugin
2026-02-17 10:24:43,773 [INFO] IPUIPlugin:80 - create IPUIPlugin
2026-02-17 10:24:43,773 [INFO] IPUIPlugin:80 - create IPUIPlugin
2026-02-17 10:24:43,773 [INFO] IPUIPlugin:80 - create IPUIPlugin
2026-02-17 10:24:43,773 [INFO] IPUIPlugin:80 - create IPUIPlugin
2026-02-17 10:24:43,774 [INFO] IPUIPlugin:80 - create IPUIPlugin
2026-02-17 10:24:43,774 [INFO] IPUIPlugin:80 - create IPUIPlugin
2026-02-17 10:24:43,774 [INFO] IPUIPlugin:80 - create IPUIPlugin
2026-02-17 10:24:43,775 [INFO] IPUIPlugin:80 - create IPUIPlugin
2026-02-17 10:24:43,775 [INFO] IPUIPlugin:80 - create IPUIPlugin
2026-02-17 10:24:43,775 [INFO] IPUIPlugin:80 - create IPUIPlugin
2026-02-17 10:24:43,776 [INFO] IPUIPlugin:80 - create IPUIPlugin
2026-02-17 10:24:43,776 [INFO] IPUIPlugin:80 - create IPUIPlugin
2026-02-17 10:24:43,777 [INFO] IPUIPlugin:80 - create IPUIPlugin
2026-02-17 10:24:43,777 [INFO] IPUIPlugin:80 - create IPUIPlugin
2026-02-17 10:24:43,777 [INFO] IPUIPlugin:80 - create IPUIPlugin
2026-02-17 10:24:43,778 [INFO] IPUIPlugin:80 - create IPUIPlugin
2026-02-17 10:24:43,779 [INFO] IPUIPlugin:80 - create IPUIPlugin
2026-02-17 10:24:44,001 [INFO] CADModel:165 - CPN selected for project levelSTM32L476RGT3
2026-02-17 10:24:44,002 [INFO] CADModel:114 - Register for checkConnection events
2026-02-17 10:24:44,060 [INFO] OpenFileManager:386 - Restore cursor
2026-02-17 10:24:44,901 [INFO] UtilMem:75 - End SaveConfig() Used Memory: 856585784 Bytes (1073741824)
2026-02-17 10:24:45,066 [INFO] UtilMem:75 - End SaveConfig() Used Memory: 881841384 Bytes (1073741824)
2026-02-17 10:24:45,847 [INFO] BlockDiagram:2775 - set Specific Code input for plugin: SYS
2026-02-17 10:24:45,847 [INFO] BlockDiagram:2775 - set Specific Code input for plugin: RCC
2026-02-17 10:24:45,847 [INFO] BlockDiagram:2775 - set Specific Code input for plugin: NVIC
2026-02-17 10:24:45,848 [INFO] BlockDiagram:2775 - set Specific Code input for plugin: USART
2026-02-17 10:24:45,851 [INFO] BlockDiagram:2775 - set Specific Code input for plugin: GPIO
2026-02-17 10:24:45,858 [INFO] CodeGenerator:892 - code generatio: config db path: D:\STM32CubeIDE_1.19.0\STM32CubeIDE\plugins\com.st.stm32cube.common.mx_6.15.0.202507011659\\db\
2026-02-17 10:24:46,082 [INFO] CodeEngine:265 - oldGeneratedFile, D:\SPI_BareMetal\MXTmpFiles\license.tmp_save
2026-02-17 10:24:46,686 [INFO] CodeEngine:289 - Generated code: D:\SPI_BareMetal\MXTmpFiles\license.tmp
2026-02-17 10:24:46,826 [INFO] CodeEngine:265 - oldGeneratedFile, D:\SPI_BareMetal\MXTmpFiles\gpio.tmp_save
2026-02-17 10:24:47,144 [INFO] CodeEngine:289 - Generated code: D:\SPI_BareMetal\MXTmpFiles\gpio.tmp
2026-02-17 10:24:47,324 [INFO] CodeEngine:265 - oldGeneratedFile, D:\SPI_BareMetal\Core\Src\stm32l4xx_it.c_save
2026-02-17 10:24:47,766 [INFO] CodeEngine:289 - Generated code: D:\SPI_BareMetal\Core\Src\stm32l4xx_it.c
2026-02-17 10:24:47,777 [INFO] CodeEngine:265 - oldGeneratedFile, D:\SPI_BareMetal\Core\Inc\stm32l4xx_it.h_save
2026-02-17 10:24:47,909 [INFO] CodeEngine:289 - Generated code: D:\SPI_BareMetal\Core\Inc\stm32l4xx_it.h
2026-02-17 10:24:47,930 [INFO] CodeEngine:265 - oldGeneratedFile, D:\SPI_BareMetal\Core\Src\stm32l4xx_hal_msp.c_save
2026-02-17 10:24:48,245 [INFO] CodeEngine:289 - Generated code: D:\SPI_BareMetal\Core\Src\stm32l4xx_hal_msp.c
2026-02-17 10:24:48,258 [INFO] CodeEngine:265 - oldGeneratedFile, D:\SPI_BareMetal\MXTmpFiles\system.tmp_save
2026-02-17 10:24:48,391 [INFO] CodeEngine:289 - Generated code: D:\SPI_BareMetal\MXTmpFiles\system.tmp
2026-02-17 10:24:48,409 [INFO] CodeEngine:321 - oldGeneratedFile, D:\SPI_BareMetal\Core\Inc\stm32l4xx_hal_conf.h_save
2026-02-17 10:24:48,707 [INFO] CodeEngine:345 - Generated code: D:\SPI_BareMetal\Core\Inc\stm32l4xx_hal_conf.h
2026-02-17 10:24:48,817 [INFO] ApiDbMcu:532 - Load IP Config File for USART2
2026-02-17 10:24:48,821 [INFO] ApiDbMcu:532 - Load IP Config File for RCC
2026-02-17 10:24:48,859 [INFO] CodeEngine:265 - oldGeneratedFile, D:\SPI_BareMetal\Core\Inc\main.h_save
2026-02-17 10:24:49,101 [INFO] CodeEngine:289 - Generated code: D:\SPI_BareMetal\Core\Inc\main.h
2026-02-17 10:24:49,113 [INFO] CodeEngine:265 - oldGeneratedFile, D:\SPI_BareMetal\Core\Src\main.c_save
2026-02-17 10:24:49,279 [INFO] CodeEngine:289 - Generated code: D:\SPI_BareMetal\Core\Src\main.c
2026-02-17 10:24:50,294 [INFO] ProjectBuilder:3606 - Time for Copy HAL[1] : 354mS.
2026-02-17 10:24:50,299 [INFO] ProjectBuilder:5216 - Project Generator version: 4.7.0-B52
2026-02-17 10:24:50,475 [INFO] ConfigFileManager:1595 - The Die is : DIE415
2026-02-17 10:24:50,484 [INFO] ApiDbMcu:532 - Load IP Config File for FATFS
2026-02-17 10:24:50,500 [INFO] ApiDbMcu:532 - Load IP Config File for FREERTOS
2026-02-17 10:24:50,521 [INFO] ApiDbMcu:532 - Load IP Config File for TOUCHSENSING
2026-02-17 10:24:50,533 [INFO] ApiDbMcu:532 - Load IP Config File for USB_DEVICE
2026-02-17 10:24:50,541 [INFO] ApiDbMcu:532 - Load IP Config File for USB_HOST
2026-02-17 10:24:53,727 [INFO] ProjectBuilder:5496 - Time for Generating toolchain IDE Files: 3429mS.
2026-02-17 10:24:53,732 [INFO] ProjectBuilder:3463 - Time for Copy CMSIS : 4mS.
2026-02-17 10:24:53,734 [INFO] ProjectBuilder:3463 - Time for Copy CMSIS : 0mS.
2026-02-17 10:24:55,703 [INFO] McuFinderGlobals:76 - Set McuFinderConnectedMode to true
2026-02-17 10:24:55,708 [INFO] ApiDb:448 - Save user favorites file C:\Users\Hemanth Madu/.stm32cubeide/favorites.mcus.txt: 0 item(s)
2026-02-17 10:24:55,708 [INFO] ApiDb:452 - User favorites MCUs=[]
2026-02-17 10:24:55,716 [INFO] ApiDb:448 - Save user favorites file C:\Users\Hemanth Madu/.stm32cubeide/favorites.boards.txt: 0 item(s)
2026-02-17 10:24:55,717 [INFO] ApiDb:452 - User favorites Boards=[]
2026-02-17 10:25:38,911 [INFO] UtilMem:75 - End SaveConfig() Used Memory: 870079800 Bytes (1073741824)
2026-02-17 10:25:39,299 [INFO] BlockDiagram:2775 - set Specific Code input for plugin: SYS
2026-02-17 10:25:39,299 [INFO] BlockDiagram:2775 - set Specific Code input for plugin: RCC
2026-02-17 10:25:39,299 [INFO] BlockDiagram:2775 - set Specific Code input for plugin: NVIC
2026-02-17 10:25:39,299 [INFO] BlockDiagram:2775 - set Specific Code input for plugin: USART
2026-02-17 10:25:39,299 [INFO] BlockDiagram:2775 - set Specific Code input for plugin: GPIO
2026-02-17 10:25:39,300 [INFO] CodeGenerator:892 - code generatio: config db path: D:\STM32CubeIDE_1.19.0\STM32CubeIDE\plugins\com.st.stm32cube.common.mx_6.15.0.202507011659\\db\
2026-02-17 10:25:39,579 [INFO] CodeEngine:265 - oldGeneratedFile, D:\SPI_BareMetal\MXTmpFiles\license.tmp_save
2026-02-17 10:25:39,786 [INFO] CodeEngine:289 - Generated code: D:\SPI_BareMetal\MXTmpFiles\license.tmp
2026-02-17 10:25:39,862 [INFO] CodeEngine:265 - oldGeneratedFile, D:\SPI_BareMetal\MXTmpFiles\gpio.tmp_save
2026-02-17 10:25:40,024 [INFO] CodeEngine:289 - Generated code: D:\SPI_BareMetal\MXTmpFiles\gpio.tmp
2026-02-17 10:25:40,197 [INFO] CodeEngine:265 - oldGeneratedFile, D:\SPI_BareMetal\Core\Src\stm32l4xx_it.c_save
2026-02-17 10:25:40,472 [INFO] CodeEngine:289 - Generated code: D:\SPI_BareMetal\Core\Src\stm32l4xx_it.c
2026-02-17 10:25:40,478 [INFO] CodeEngine:265 - oldGeneratedFile, D:\SPI_BareMetal\Core\Inc\stm32l4xx_it.h_save
2026-02-17 10:25:40,545 [INFO] CodeEngine:289 - Generated code: D:\SPI_BareMetal\Core\Inc\stm32l4xx_it.h
2026-02-17 10:25:40,555 [INFO] CodeEngine:265 - oldGeneratedFile, D:\SPI_BareMetal\Core\Src\stm32l4xx_hal_msp.c_save
2026-02-17 10:25:40,792 [INFO] CodeEngine:289 - Generated code: D:\SPI_BareMetal\Core\Src\stm32l4xx_hal_msp.c
2026-02-17 10:25:40,807 [INFO] CodeEngine:265 - oldGeneratedFile, D:\SPI_BareMetal\MXTmpFiles\system.tmp_save
2026-02-17 10:25:40,897 [INFO] CodeEngine:289 - Generated code: D:\SPI_BareMetal\MXTmpFiles\system.tmp
2026-02-17 10:25:40,908 [INFO] CodeEngine:321 - oldGeneratedFile, D:\SPI_BareMetal\Core\Inc\stm32l4xx_hal_conf.h_save
2026-02-17 10:25:41,113 [INFO] CodeEngine:345 - Generated code: D:\SPI_BareMetal\Core\Inc\stm32l4xx_hal_conf.h
2026-02-17 10:25:41,165 [INFO] CodeEngine:265 - oldGeneratedFile, D:\SPI_BareMetal\Core\Inc\main.h_save
2026-02-17 10:25:41,340 [INFO] CodeEngine:289 - Generated code: D:\SPI_BareMetal\Core\Inc\main.h
2026-02-17 10:25:41,345 [INFO] CodeEngine:265 - oldGeneratedFile, D:\SPI_BareMetal\Core\Src\main.c_save
2026-02-17 10:25:41,464 [INFO] CodeEngine:289 - Generated code: D:\SPI_BareMetal\Core\Src\main.c
2026-02-17 10:25:42,081 [INFO] ProjectBuilder:3606 - Time for Copy HAL[1] : 213mS.
2026-02-17 10:25:42,084 [INFO] ProjectBuilder:5216 - Project Generator version: 4.7.0-B52
2026-02-17 10:25:42,366 [INFO] ConfigFileManager:1595 - The Die is : DIE415
2026-02-17 10:25:43,602 [INFO] ProjectBuilder:5496 - Time for Generating toolchain IDE Files: 1518mS.
2026-02-17 10:25:43,603 [INFO] ProjectBuilder:3463 - Time for Copy CMSIS : 1mS.
2026-02-17 10:25:43,605 [INFO] ProjectBuilder:3463 - Time for Copy CMSIS : 0mS.
2026-02-17 10:28:43,201 [INFO] NvicIntPanel:101 - NVIC parent = com.st.microxplorer.plugins.ip.nvic.MultiNvicIntPanel[,0,0,0x0,invalid,layout=javax.swing.BoxLayout,alignmentX=0.0,alignmentY=0.0,border=,flags=9,maximumSize=,minimumSize=,preferredSize=]
2026-02-17 10:28:50,998 [INFO] UtilMem:75 - End SaveConfig() Used Memory: 954278264 Bytes (1073741824)
2026-02-17 10:28:52,497 [INFO] UtilMem:75 - End SaveConfig() Used Memory: 982067576 Bytes (1073741824)
2026-02-17 10:28:54,378 [INFO] UtilMem:75 - End SaveConfig() Used Memory: 796607656 Bytes (1073741824)
2026-02-17 10:28:54,722 [INFO] BlockDiagram:2775 - set Specific Code input for plugin: SYS
2026-02-17 10:28:54,724 [INFO] BlockDiagram:2775 - set Specific Code input for plugin: RCC
2026-02-17 10:28:54,724 [INFO] BlockDiagram:2775 - set Specific Code input for plugin: NVIC
2026-02-17 10:28:54,724 [INFO] BlockDiagram:2775 - set Specific Code input for plugin: USART
2026-02-17 10:28:54,725 [INFO] BlockDiagram:2775 - set Specific Code input for plugin: GPIO
2026-02-17 10:28:54,726 [INFO] CodeGenerator:892 - code generatio: config db path: D:\STM32CubeIDE_1.19.0\STM32CubeIDE\plugins\com.st.stm32cube.common.mx_6.15.0.202507011659\\db\
2026-02-17 10:28:54,994 [INFO] CodeEngine:265 - oldGeneratedFile, D:\SPI_BareMetal\MXTmpFiles\license.tmp_save
2026-02-17 10:28:55,243 [INFO] CodeEngine:289 - Generated code: D:\SPI_BareMetal\MXTmpFiles\license.tmp
2026-02-17 10:28:55,290 [INFO] CodeEngine:265 - oldGeneratedFile, D:\SPI_BareMetal\MXTmpFiles\gpio.tmp_save
2026-02-17 10:28:55,517 [INFO] CodeEngine:289 - Generated code: D:\SPI_BareMetal\MXTmpFiles\gpio.tmp
2026-02-17 10:28:55,679 [INFO] CodeEngine:265 - oldGeneratedFile, D:\SPI_BareMetal\Core\Src\stm32l4xx_it.c_save
2026-02-17 10:28:56,008 [INFO] CodeEngine:289 - Generated code: D:\SPI_BareMetal\Core\Src\stm32l4xx_it.c
2026-02-17 10:28:56,014 [INFO] CodeEngine:265 - oldGeneratedFile, D:\SPI_BareMetal\Core\Inc\stm32l4xx_it.h_save
2026-02-17 10:28:56,149 [INFO] CodeEngine:289 - Generated code: D:\SPI_BareMetal\Core\Inc\stm32l4xx_it.h
2026-02-17 10:28:56,176 [INFO] CodeEngine:265 - oldGeneratedFile, D:\SPI_BareMetal\Core\Src\stm32l4xx_hal_msp.c_save
2026-02-17 10:28:56,370 [INFO] CodeEngine:289 - Generated code: D:\SPI_BareMetal\Core\Src\stm32l4xx_hal_msp.c
2026-02-17 10:28:56,374 [INFO] CodeEngine:265 - oldGeneratedFile, D:\SPI_BareMetal\MXTmpFiles\system.tmp_save
2026-02-17 10:28:56,446 [INFO] CodeEngine:289 - Generated code: D:\SPI_BareMetal\MXTmpFiles\system.tmp
2026-02-17 10:28:56,455 [INFO] CodeEngine:321 - oldGeneratedFile, D:\SPI_BareMetal\Core\Inc\stm32l4xx_hal_conf.h_save
2026-02-17 10:28:56,673 [INFO] CodeEngine:345 - Generated code: D:\SPI_BareMetal\Core\Inc\stm32l4xx_hal_conf.h
2026-02-17 10:28:56,719 [INFO] CodeEngine:265 - oldGeneratedFile, D:\SPI_BareMetal\Core\Inc\main.h_save
2026-02-17 10:28:56,903 [INFO] CodeEngine:289 - Generated code: D:\SPI_BareMetal\Core\Inc\main.h
2026-02-17 10:28:56,908 [INFO] CodeEngine:265 - oldGeneratedFile, D:\SPI_BareMetal\Core\Src\main.c_save
2026-02-17 10:28:57,022 [INFO] CodeEngine:289 - Generated code: D:\SPI_BareMetal\Core\Src\main.c
2026-02-17 10:28:57,350 [INFO] ProjectBuilder:3606 - Time for Copy HAL[1] : 135mS.
2026-02-17 10:28:57,353 [INFO] ProjectBuilder:5216 - Project Generator version: 4.7.0-B52
2026-02-17 10:28:57,443 [INFO] ConfigFileManager:1595 - The Die is : DIE415
2026-02-17 10:28:58,551 [INFO] ProjectBuilder:5496 - Time for Generating toolchain IDE Files: 1198mS.
2026-02-17 10:28:58,551 [INFO] ProjectBuilder:3463 - Time for Copy CMSIS : 0mS.
2026-02-17 10:28:58,553 [INFO] ProjectBuilder:3463 - Time for Copy CMSIS : 0mS.
2026-02-17 10:35:52,078 [INFO] UtilMem:75 - End SaveConfig() Used Memory: 919461576 Bytes (1073741824)
2026-02-17 10:35:54,185 [INFO] UtilMem:75 - End SaveConfig() Used Memory: 983480872 Bytes (1073741824)
2026-02-17 10:35:58,384 [INFO] UtilMem:75 - End SaveConfig() Used Memory: 877469976 Bytes (1073741824)
2026-02-17 10:35:58,898 [INFO] BlockDiagram:2775 - set Specific Code input for plugin: SYS
2026-02-17 10:35:58,898 [INFO] BlockDiagram:2775 - set Specific Code input for plugin: RCC
2026-02-17 10:35:58,899 [INFO] BlockDiagram:2775 - set Specific Code input for plugin: NVIC
2026-02-17 10:35:58,899 [INFO] BlockDiagram:2775 - set Specific Code input for plugin: USART
2026-02-17 10:35:58,901 [INFO] BlockDiagram:2775 - set Specific Code input for plugin: GPIO
2026-02-17 10:35:58,902 [INFO] CodeGenerator:892 - code generatio: config db path: D:\STM32CubeIDE_1.19.0\STM32CubeIDE\plugins\com.st.stm32cube.common.mx_6.15.0.202507011659\\db\
2026-02-17 10:35:59,199 [INFO] CodeEngine:265 - oldGeneratedFile, D:\SPI_BareMetal\MXTmpFiles\license.tmp_save
2026-02-17 10:36:00,116 [INFO] CodeEngine:289 - Generated code: D:\SPI_BareMetal\MXTmpFiles\license.tmp
2026-02-17 10:36:00,212 [INFO] CodeEngine:265 - oldGeneratedFile, D:\SPI_BareMetal\MXTmpFiles\gpio.tmp_save
2026-02-17 10:36:00,567 [INFO] CodeEngine:289 - Generated code: D:\SPI_BareMetal\MXTmpFiles\gpio.tmp
2026-02-17 10:36:00,948 [INFO] CodeEngine:265 - oldGeneratedFile, D:\SPI_BareMetal\Core\Src\stm32l4xx_it.c_save
2026-02-17 10:36:01,518 [INFO] CodeEngine:289 - Generated code: D:\SPI_BareMetal\Core\Src\stm32l4xx_it.c
2026-02-17 10:36:01,525 [INFO] CodeEngine:265 - oldGeneratedFile, D:\SPI_BareMetal\Core\Inc\stm32l4xx_it.h_save
2026-02-17 10:36:01,741 [INFO] CodeEngine:289 - Generated code: D:\SPI_BareMetal\Core\Inc\stm32l4xx_it.h
2026-02-17 10:36:01,758 [INFO] CodeEngine:265 - oldGeneratedFile, D:\SPI_BareMetal\Core\Src\stm32l4xx_hal_msp.c_save
2026-02-17 10:36:02,129 [INFO] CodeEngine:289 - Generated code: D:\SPI_BareMetal\Core\Src\stm32l4xx_hal_msp.c
2026-02-17 10:36:02,136 [INFO] CodeEngine:265 - oldGeneratedFile, D:\SPI_BareMetal\MXTmpFiles\system.tmp_save
2026-02-17 10:36:02,268 [INFO] CodeEngine:289 - Generated code: D:\SPI_BareMetal\MXTmpFiles\system.tmp
2026-02-17 10:36:02,286 [INFO] CodeEngine:321 - oldGeneratedFile, D:\SPI_BareMetal\Core\Inc\stm32l4xx_hal_conf.h_save
2026-02-17 10:36:02,570 [INFO] CodeEngine:345 - Generated code: D:\SPI_BareMetal\Core\Inc\stm32l4xx_hal_conf.h
2026-02-17 10:36:02,650 [INFO] CodeEngine:265 - oldGeneratedFile, D:\SPI_BareMetal\Core\Inc\main.h_save
2026-02-17 10:36:03,004 [INFO] CodeEngine:289 - Generated code: D:\SPI_BareMetal\Core\Inc\main.h
2026-02-17 10:36:03,014 [INFO] CodeEngine:265 - oldGeneratedFile, D:\SPI_BareMetal\Core\Src\main.c_save
2026-02-17 10:36:03,466 [INFO] CodeEngine:289 - Generated code: D:\SPI_BareMetal\Core\Src\main.c
2026-02-17 10:36:04,504 [INFO] ProjectBuilder:3606 - Time for Copy HAL[1] : 285mS.
2026-02-17 10:36:04,509 [INFO] ProjectBuilder:5216 - Project Generator version: 4.7.0-B52
2026-02-17 10:36:04,814 [INFO] ConfigFileManager:1595 - The Die is : DIE415
2026-02-17 10:36:07,777 [INFO] ProjectBuilder:5496 - Time for Generating toolchain IDE Files: 3268mS.
2026-02-17 10:36:07,778 [INFO] ProjectBuilder:3463 - Time for Copy CMSIS : 0mS.
2026-02-17 10:36:07,781 [INFO] ProjectBuilder:3463 - Time for Copy CMSIS : 1mS.
2026-02-17 10:47:04,546 [INFO] MainUpdater:2872 - connection check result : 10
2026-02-17 10:47:04,672 [INFO] McuFinderGlobals:76 - Set McuFinderConnectedMode to true
2026-02-17 10:47:04,673 [INFO] MultiScanPanel:200 - Auto-refresh data requested => check proxy status ongoing
2026-02-17 10:47:04,674 [INFO] FinderPluginLoader:96 - Searching for filters in installed packs
2026-02-17 10:47:06,821 [INFO] LoadUrlFilesThread:185 - End of LoadServerUrlFiles without Thread
2026-02-17 10:47:06,822 [INFO] DetailPanel:341 - Set advertising image to C:/Users/Hemanth Madu/STM32Cube/Repository/\en.prom-stm32c0-entry-level-graphic-0226.png
2026-02-17 10:47:20,113 [INFO] MultiScanPanel:200 - Auto-refresh data requested => check proxy status ongoing
2026-02-17 10:47:20,292 [INFO] LoadUrlFilesThread:185 - End of LoadServerUrlFiles without Thread
2026-02-17 10:47:20,293 [INFO] DetailPanel:341 - Set advertising image to C:/Users/Hemanth Madu/STM32Cube/Repository/\en.prom-stm32c0-entry-level-graphic-0226.png
2026-02-17 10:48:16,188 [INFO] MainUpdater:2872 - connection check result : 10
2026-02-17 10:48:16,188 [INFO] MainUpdater:2872 - connection check result : 10
2026-02-17 10:48:16,396 [INFO] MicroXplorer:468 - Change Database Path : 
2026-02-17 10:48:16,397 [INFO] MicroXplorer:498 - Change Database Version : DB.6.0.150
2026-02-17 10:48:16,429 [ERROR] ProjectManagerView:395 - 
java.lang.NullPointerException: Cannot invoke "javax.swing.JTextField.getText()" because the return value of "java.util.List.get(int)" is null
	at com.st.microxplorer.plugins.projectmanager.gui.ProjectChoiceTab$9.caretUpdate(ProjectChoiceTab.java:2706) ~[filemanager.jar:?]
	at javax.swing.text.JTextComponent.fireCaretUpdate(JTextComponent.java:408) ~[?:?]
	at javax.swing.text.JTextComponent$MutableCaretEvent.fire(JTextComponent.java:4484) ~[?:?]
	at javax.swing.text.JTextComponent$MutableCaretEvent.stateChanged(JTextComponent.java:4506) ~[?:?]
	at javax.swing.text.DefaultCaret.fireStateChanged(DefaultCaret.java:857) ~[?:?]
	at javax.swing.text.DefaultCaret.changeCaretPosition(DefaultCaret.java:1343) ~[?:?]
	at javax.swing.text.DefaultCaret.handleSetDot(DefaultCaret.java:1242) ~[?:?]
	at javax.swing.text.DefaultCaret.setDot(DefaultCaret.java:1223) ~[?:?]
	at javax.swing.text.DefaultCaret$Handler.insertUpdate(DefaultCaret.java:1819) ~[?:?]
	at javax.swing.text.AbstractDocument.fireInsertUpdate(AbstractDocument.java:227) ~[?:?]
	at javax.swing.text.AbstractDocument.handleInsertString(AbstractDocument.java:781) ~[?:?]
	at javax.swing.text.AbstractDocument.insertString(AbstractDocument.java:740) ~[?:?]
	at javax.swing.text.PlainDocument.insertString(PlainDocument.java:131) ~[?:?]
	at javax.swing.text.AbstractDocument.replace(AbstractDocument.java:699) ~[?:?]
	at javax.swing.text.JTextComponent.setText(JTextComponent.java:1725) ~[?:?]
	at com.st.microxplorer.plugins.projectmanager.gui.ProjectChoiceTab.createHeapStackFields(ProjectChoiceTab.java:993) ~[filemanager.jar:?]
	at com.st.microxplorer.plugins.projectmanager.gui.ProjectChoiceTab.buildLinkSettingsPanel(ProjectChoiceTab.java:3813) ~[filemanager.jar:?]
	at com.st.microxplorer.plugins.projectmanager.gui.ProjectChoiceTab.defineWindowsFields(ProjectChoiceTab.java:1987) ~[filemanager.jar:?]
	at com.st.microxplorer.plugins.projectmanager.gui.ProjectChoiceTab.updateSettings(ProjectChoiceTab.java:558) ~[filemanager.jar:?]
	at com.st.microxplorer.plugins.projectmanager.gui.ProjectSettingsPanel.UpdateDialog(ProjectSettingsPanel.java:247) ~[filemanager.jar:?]
	at com.st.microxplorer.plugins.projectmanager.ProjectManagerView.propertyChange(ProjectManagerView.java:392) ~[filemanager.jar:?]
	at java.beans.PropertyChangeSupport.fire(PropertyChangeSupport.java:343) ~[?:?]
	at java.beans.PropertyChangeSupport.firePropertyChange(PropertyChangeSupport.java:335) ~[?:?]
	at java.beans.PropertyChangeSupport.firePropertyChange(PropertyChangeSupport.java:268) ~[?:?]
	at com.st.microxplorer.util.MXPropertyChangeSupport.firePropertyChange(MXPropertyChangeSupport.java:54) ~[STM32CubeMX.jar:?]
	at com.st.microxplorer.mxsystem.MxSystem.closeConfig(MxSystem.java:899) ~[STM32CubeMX.jar:?]
	at com.st.microxplorer.maingui.MainPanel.closeConfig(MainPanel.java:792) ~[STM32CubeMX.jar:?]
	at com.st.microxplorer.plugins.filemanager.engine.OpenFileManager.loadConfigurationFile(OpenFileManager.java:288) ~[filemanager.jar:?]
	at com.st.microxplorer.plugins.filemanager.engine.MainFileManager.userLoadConfig(MainFileManager.java:364) ~[filemanager.jar:?]
	at com.st.microxplorer.plugins.filemanager.FileManagerView.getSpecificTask(FileManagerView.java:268) ~[filemanager.jar:?]
	at com.st.stm32cube.common.mx.editor.CubeMxEditor.getMxTabbedPaneInstance(CubeMxEditor.java:1191) ~[com.st.stm32cube.common.mx_6.15.0.202507011659/:?]
	at com.st.stm32cube.common.mx.editor.CubeMxEditor$12$1.createSwingComponent(CubeMxEditor.java:1068) ~[com.st.stm32cube.common.mx_6.15.0.202507011659/:?]
	at com.st.stm32cube.common.mx.oss.core.awtswtbridge.EmbeddedSwingComposite.doComponentCreation(EmbeddedSwingComposite.java:492) ~[com.st.stm32cube.common.mx.oss_6.15.0.202507011659/:?]
	at com.st.stm32cube.common.mx.oss.core.awtswtbridge.EmbeddedSwingComposite$4.run(EmbeddedSwingComposite.java:291) ~[com.st.stm32cube.common.mx.oss_6.15.0.202507011659/:?]
	at com.st.stm32cube.common.mx.oss.core.awtswtbridge.AwtEnvironment$2.run(AwtEnvironment.java:166) ~[com.st.stm32cube.common.mx.oss_6.15.0.202507011659/:?]
	at java.awt.event.InvocationEvent.dispatch(InvocationEvent.java:318) ~[?:?]
	at java.awt.EventQueue.dispatchEventImpl(EventQueue.java:773) ~[?:?]
	at java.awt.EventQueue$4.run(EventQueue.java:720) ~[?:?]
	at java.awt.EventQueue$4.run(EventQueue.java:714) ~[?:?]
	at java.security.AccessController.doPrivileged(AccessController.java:400) ~[?:?]
	at java.security.ProtectionDomain$JavaSecurityAccessImpl.doIntersectionPrivilege(ProtectionDomain.java:87) ~[?:?]
	at java.awt.EventQueue.dispatchEvent(EventQueue.java:742) ~[?:?]
	at java.awt.EventDispatchThread.pumpOneEventForFilters(EventDispatchThread.java:203) ~[?:?]
	at java.awt.EventDispatchThread.pumpEventsForFilter(EventDispatchThread.java:124) ~[?:?]
	at java.awt.EventDispatchThread.pumpEventsForHierarchy(EventDispatchThread.java:113) ~[?:?]
	at java.awt.EventDispatchThread.pumpEvents(EventDispatchThread.java:109) ~[?:?]
	at java.awt.EventDispatchThread.pumpEvents(EventDispatchThread.java:101) ~[?:?]
	at java.awt.EventDispatchThread.run(EventDispatchThread.java:90) ~[?:?]
2026-02-17 10:48:16,431 [WARN] ThirdParty:871 - waiting for thirdparty lock release [close project]
2026-02-17 10:48:16,431 [INFO] ThirdParty:873 - entering critical section [close project]
2026-02-17 10:48:16,431 [INFO] ThirdParty:883 - exiting critical section [close project]
2026-02-17 10:48:16,436 [INFO] PinOutPanel:1589 - setPackage(No Configuration,No Configuration)
2026-02-17 10:48:16,442 [INFO] UtilMem:75 - Begin LoadConfig() Used Memory: 882632168 Bytes (1073741824)
2026-02-17 10:48:16,444 [INFO] OpenFileManager:355 - Change cursor
2026-02-17 10:48:16,511 [INFO] RulesReader:64 - Compatibility file has been processed (317 Rules)
2026-02-17 10:48:16,531 [INFO] ProjectFactory:514 - No CPN specified for board NUCLEO-L476RG => set CPN to STM32L476RGT3
2026-02-17 10:48:16,531 [INFO] Mcu:2029 - Initializing MCU STM32L476R(C-E-G)Tx STM32L476RGTx STM32L476RGT3
2026-02-17 10:48:19,258 [INFO] Context:786 - Trying to add GPIOservice into a context  which must be forbidden
2026-02-17 10:48:20,207 [INFO] Rule:233 - rule 117617 - U5Cobra4M][GTZC] default value MPCBB3 and MPCBB5 - Not Secured memory - MPCBB1 is applicable
2026-02-17 10:48:20,207 [INFO] Rule:233 - rule 117617 - U5Cobra4M][GTZC] default value MPCBB3 and MPCBB5 - Not Secured memory - MPCBB1 is applicable
2026-02-17 10:48:20,207 [INFO] Rule:233 - rule 117617 - U5Cobra4M][GTZC] default value MPCBB3 and MPCBB5 - Not Secured memory - MPCBB2 is applicable
2026-02-17 10:48:20,207 [INFO] Rule:233 - rule 117617 - U5Cobra4M][GTZC] default value MPCBB3 and MPCBB5 - Not Secured memory - MPCBB2 is applicable
2026-02-17 10:48:20,207 [INFO] Rule:233 - rule 117617 - U5Cobra4M][GTZC] default value MPCBB3 and MPCBB5 - Not Secured memory - MPCBB3 is applicable
2026-02-17 10:48:20,208 [INFO] Rule:233 - rule 117617 - U5Cobra4M][GTZC] default value MPCBB3 and MPCBB5 - Not Secured memory - MPCBB3 is applicable
2026-02-17 10:48:20,208 [INFO] Rule:233 - rule 117617 - U5Cobra4M][GTZC] default value MPCBB3 and MPCBB5 - Not Secured memory - MPCBB4 is applicable
2026-02-17 10:48:20,208 [INFO] Rule:233 - rule 117617 - U5Cobra4M][GTZC] default value MPCBB3 and MPCBB5 - Not Secured memory - MPCBB4 is applicable
2026-02-17 10:48:20,208 [INFO] Rule:233 - rule 117617 - U5Cobra4M][GTZC] default value MPCBB3 and MPCBB5 - Secured memory - MPCBB1 is applicable
2026-02-17 10:48:20,208 [INFO] Rule:233 - rule 117617 - U5Cobra4M][GTZC] default value MPCBB3 and MPCBB5 - Secured memory - MPCBB2 is applicable
2026-02-17 10:48:20,208 [INFO] Rule:233 - rule 117617 - U5Cobra4M][GTZC] default value MPCBB3 and MPCBB5 - Secured memory - MPCBB3 is applicable
2026-02-17 10:48:20,208 [INFO] Rule:233 - rule 117617 - U5Cobra4M][GTZC] default value MPCBB3 and MPCBB5 - Secured memory - MPCBB4 is applicable
2026-02-17 10:48:20,208 [INFO] Rule:233 - rule 117617 - U5Cobra4M][GTZC] default value MPCBB3 and MPCBB5 - Privileged memory - MPCBB1 is applicable
2026-02-17 10:48:20,208 [INFO] Rule:233 - rule 117617 - U5Cobra4M][GTZC] default value MPCBB3 and MPCBB5 - Privileged memory - MPCBB2 is applicable
2026-02-17 10:48:20,209 [INFO] Rule:233 - rule 117617 - U5Cobra4M][GTZC] default value MPCBB3 and MPCBB5 - Privileged memory - MPCBB3 is applicable
2026-02-17 10:48:20,209 [INFO] Rule:233 - rule 117617 - U5Cobra4M][GTZC] default value MPCBB3 and MPCBB5 - Privileged memory - MPCBB4 is applicable
2026-02-17 10:48:20,209 [INFO] Rule:233 - rule 117617 - U5Cobra4M][GTZC] default value MPCBB3 and MPCBB5 - Not Privileged memory - MPCBB1 is applicable
2026-02-17 10:48:20,209 [INFO] Rule:233 - rule 117617 - U5Cobra4M][GTZC] default value MPCBB3 and MPCBB5 - Not Privileged memory - MPCBB2 is applicable
2026-02-17 10:48:20,209 [INFO] Rule:233 - rule 117617 - U5Cobra4M][GTZC] default value MPCBB3 and MPCBB5 - Not Privileged memory - MPCBB3 is applicable
2026-02-17 10:48:20,209 [INFO] Rule:233 - rule 117617 - U5Cobra4M][GTZC] default value MPCBB3 and MPCBB5 - Not Privileged memory - MPCBB4 is applicable
2026-02-17 10:48:20,209 [INFO] Rule:233 - rule 117617 - U5Cobra4M][GTZC] default value MPCBB3 and MPCBB5 - Privileged memory - MPCBB1 is applicable
2026-02-17 10:48:20,209 [INFO] Rule:233 - rule 117617 - U5Cobra4M][GTZC] default value MPCBB3 and MPCBB5 - Privileged memory - MPCBB2 is applicable
2026-02-17 10:48:20,209 [INFO] Rule:233 - rule 117617 - U5Cobra4M][GTZC] default value MPCBB3 and MPCBB5 - Privileged memory - MPCBB3 is applicable
2026-02-17 10:48:20,209 [INFO] Rule:233 - rule 117617 - U5Cobra4M][GTZC] default value MPCBB3 and MPCBB5 - Privileged memory - MPCBB4 is applicable
2026-02-17 10:48:20,209 [INFO] Rule:233 - rule 117617 - U5Cobra4M][GTZC] default value MPCBB3 and MPCBB5 - Privileged memory - MPCBB1 is applicable
2026-02-17 10:48:20,210 [INFO] Rule:233 - rule 117617 - U5Cobra4M][GTZC] default value MPCBB3 and MPCBB5 - Privileged memory - MPCBB2 is applicable
2026-02-17 10:48:20,210 [INFO] Rule:233 - rule 117617 - U5Cobra4M][GTZC] default value MPCBB3 and MPCBB5 - Privileged memory - MPCBB3 is applicable
2026-02-17 10:48:20,210 [INFO] Rule:233 - rule 117617 - U5Cobra4M][GTZC] default value MPCBB3 and MPCBB5 - Privileged memory - MPCBB4 is applicable
2026-02-17 10:48:20,210 [INFO] Rule:233 - rule 117617 - U5Cobra4M][GTZC] default value MPCBB3 and MPCBB5 - Not Privileged memory - MPCBB1 is applicable
2026-02-17 10:48:20,210 [INFO] Rule:233 - rule 117617 - U5Cobra4M][GTZC] default value MPCBB3 and MPCBB5 - Not Privileged memory - MPCBB2 is applicable
2026-02-17 10:48:20,210 [INFO] Rule:233 - rule 117617 - U5Cobra4M][GTZC] default value MPCBB3 and MPCBB5 - Not Privileged memory - MPCBB3 is applicable
2026-02-17 10:48:20,210 [INFO] Rule:233 - rule 117617 - U5Cobra4M][GTZC] default value MPCBB3 and MPCBB5 - Not Privileged memory - MPCBB4 is applicable
2026-02-17 10:48:20,210 [INFO] Rule:233 - rule 117617 - U5Cobra4M][GTZC] default value MPCBB3 and MPCBB5 - Privileged memory - MPCBB1 is applicable
2026-02-17 10:48:20,210 [INFO] Rule:233 - rule 117617 - U5Cobra4M][GTZC] default value MPCBB3 and MPCBB5 - Privileged memory - MPCBB2 is applicable
2026-02-17 10:48:20,210 [INFO] Rule:233 - rule 117617 - U5Cobra4M][GTZC] default value MPCBB3 and MPCBB5 - Privileged memory - MPCBB3 is applicable
2026-02-17 10:48:20,210 [INFO] Rule:233 - rule 117617 - U5Cobra4M][GTZC] default value MPCBB3 and MPCBB5 - Privileged memory - MPCBB4 is applicable
2026-02-17 10:48:20,211 [INFO] Rule:233 - rule Rename SubGHz_Phy SUBGHZ_APPLICATION SUBGHZ_PINGPONG to SUBGHZ_ADV_APPLICATION is applicable
2026-02-17 10:48:20,211 [INFO] Rule:233 - rule Rename Enabled to IBEACON is applicable
2026-02-17 10:48:20,211 [INFO] Rule:233 - rule GTZC_S instance for project manager is applicable
2026-02-17 10:48:20,211 [INFO] Rule:233 - rule GTZC_S instance for context M33S is applicable
2026-02-17 10:48:20,211 [INFO] Rule:233 - rule GTZC_S instance value for IP GTZC is applicable
2026-02-17 10:48:20,211 [INFO] Rule:233 - rule GTZC_S instance for mcu.IP is applicable
2026-02-17 10:48:20,211 [INFO] Rule:233 - rule GTZC_S instance for VP is applicable
2026-02-17 10:48:20,211 [INFO] Rule:233 - rule GTZC_S instance for signal is applicable
2026-02-17 10:48:20,211 [INFO] Rule:233 - rule GTZC_S instance for mcu.Pin is applicable
2026-02-17 10:48:20,211 [INFO] Rule:233 - rule GTZC_S instance for VP is applicable
2026-02-17 10:48:20,211 [INFO] Rule:233 - rule GTZC_S instance for signal is applicable
2026-02-17 10:48:20,212 [INFO] Rule:233 - rule GTZC_S instance for mcu is applicable
2026-02-17 10:48:20,212 [INFO] Rule:233 - rule GTZC_S instance for mcu.Pin is applicable
2026-02-17 10:48:20,212 [INFO] Rule:233 - rule GTZC_S instance value for IP GTZC is applicable
2026-02-17 10:48:20,212 [INFO] Rule:233 - rule GTZC_S instance for project manager is applicable
2026-02-17 10:48:20,212 [INFO] Rule:233 - rule GTZC_S instance for context M33S is applicable
2026-02-17 10:48:20,212 [INFO] Rule:233 - rule GTZC_S instance for VP is applicable
2026-02-17 10:48:20,212 [INFO] Rule:233 - rule GTZC_S instance for signal is applicable
2026-02-17 10:48:20,212 [INFO] Rule:233 - rule SPDIFRX instance for mcu is applicable
2026-02-17 10:48:20,212 [INFO] Rule:233 - rule Rename Tracer Mode is applicable
2026-02-17 10:48:20,212 [INFO] Rule:233 - rule SPDIFRX instance value for IP SPDIFRX is applicable
2026-02-17 10:48:20,212 [INFO] Rule:233 - rule SPDIFRX instance for signal is applicable
2026-02-17 10:48:20,212 [INFO] Rule:233 - rule SPDIFRX instance for project manager is applicable
2026-02-17 10:48:20,213 [INFO] Rule:233 - rule SPDIFRX instance for project manager is applicable
2026-02-17 10:48:20,213 [INFO] Rule:233 - rule ADC Scan  fix with FW F7 is applicable
2026-02-17 10:48:20,213 [INFO] Rule:233 - rule ADC Scan  fix with FW F7 is applicable
2026-02-17 10:48:20,213 [INFO] Rule:233 - rule WakeUp0 Mode is applicable
2026-02-17 10:48:20,213 [INFO] Rule:233 - rule WakeUp0 SIGNAL is applicable
2026-02-17 10:48:20,213 [INFO] Rule:233 - rule WakeUp1 Mode is applicable
2026-02-17 10:48:20,213 [INFO] Rule:233 - rule WakeUp1 SIGNAL is applicable
2026-02-17 10:48:20,213 [INFO] Rule:233 - rule WakeUp2 Mode is applicable
2026-02-17 10:48:20,213 [INFO] Rule:233 - rule WakeUp2 SIGNAL is applicable
2026-02-17 10:48:20,213 [INFO] Rule:233 - rule WakeUp4 Mode is applicable
2026-02-17 10:48:20,213 [INFO] Rule:233 - rule WakeUp4 SIGNAL is applicable
2026-02-17 10:48:20,214 [INFO] Rule:233 - rule WakeUp5 Mode is applicable
2026-02-17 10:48:20,214 [INFO] Rule:233 - rule WakeUp5 SIGNAL is applicable
2026-02-17 10:48:20,214 [INFO] Rule:233 - rule Add RTC Activate Clock Source is applicable
2026-02-17 10:48:20,214 [INFO] Rule:233 - rule Add RTC Activate Calendar 1 is applicable
2026-02-17 10:48:20,214 [INFO] Rule:233 - rule Add RTC Activate Calendar 2 is applicable
2026-02-17 10:48:20,214 [INFO] Rule:233 - rule Add RTC Activate Calendar 3 is applicable
2026-02-17 10:48:20,214 [INFO] Rule:233 - rule UART/USART TX Mode is applicable
2026-02-17 10:48:20,214 [INFO] Rule:233 - rule UART/USART RX Mode is applicable
2026-02-17 10:48:20,215 [INFO] Rule:233 - rule UART/USART RX TX Mode is applicable
2026-02-17 10:48:20,215 [INFO] Rule:233 - rule UART/USART PARITY NONE is applicable
2026-02-17 10:48:20,215 [INFO] Rule:233 - rule UART/USART PARITY EVEN is applicable
2026-02-17 10:48:20,215 [INFO] Rule:233 - rule UART/USART PARITY ODD is applicable
2026-02-17 10:48:20,215 [INFO] Rule:233 - rule USART StopBits 1 is applicable
2026-02-17 10:48:20,215 [INFO] Rule:233 - rule USART StopBits 2 is applicable
2026-02-17 10:48:20,215 [INFO] Rule:233 - rule USART StopBits 1.5 is applicable
2026-02-17 10:48:20,215 [INFO] Rule:233 - rule USART StopBits 0.5 is applicable
2026-02-17 10:48:20,215 [INFO] Rule:233 - rule UART/USART WORD LENGTH 7 is applicable
2026-02-17 10:48:20,215 [INFO] Rule:233 - rule UART/USART WORD LENGTH 8 is applicable
2026-02-17 10:48:20,216 [INFO] Rule:233 - rule UART/USART WORD LENGTH 9 is applicable
2026-02-17 10:48:20,216 [INFO] Rule:233 - rule Rename FMC NAND NCE signal is applicable
2026-02-17 10:48:20,216 [INFO] Rule:233 - rule Rename FMC NAND INT signal is applicable
2026-02-17 10:48:20,216 [INFO] Rule:233 - rule Change Default Value for LSE Drive Capability for WB family is applicable
2026-02-17 10:48:20,216 [INFO] Rule:233 - rule Change Default Value for ADC Clock Prescaler G0 family is applicable
2026-02-17 10:48:20,216 [INFO] Rule:233 - rule Change Default Value for ADC ExternalTrigConv L4 family is applicable
2026-02-17 10:48:20,216 [INFO] Rule:233 - rule Change Default Value for ADC ExternalTrigInjecConv L4 family is applicable
2026-02-17 10:48:20,216 [INFO] Rule:233 - rule Change Default Value for ADC ExternalTrigConv F3 family is applicable
2026-02-17 10:48:20,216 [INFO] Rule:233 - rule Change Default Value for ADC ExternalTrigInjecConv F3 family is applicable
2026-02-17 10:48:20,217 [INFO] Rule:233 - rule Change Default Value for ADC ExternalTrigConv Goldfish serie is applicable
2026-02-17 10:48:20,217 [INFO] Rule:233 - rule Change Default Value for ADC ExternalTrigInjecConv Goldfish serie is applicable
2026-02-17 10:48:20,217 [INFO] Rule:233 - rule Change Default Value for ADC ExternalTrigConv L0 family is applicable
2026-02-17 10:48:20,217 [INFO] Rule:233 - rule Change Default Value for ADC ExternalTrigConv F0 family is applicable
2026-02-17 10:48:20,217 [INFO] Rule:233 - rule Change Default Value for ADC ExternalTrigConvn L1 family is applicable
2026-02-17 10:48:20,217 [INFO] Rule:233 - rule Change Default Value for ADC ExternalTrigInjecConv L1 family is applicable
2026-02-17 10:48:20,217 [INFO] Rule:233 - rule Change Default Value for ADC ExternalTrigConv F1 family is applicable
2026-02-17 10:48:20,217 [INFO] Rule:233 - rule Change Default Value for ADC ExternalTrigInjecConv F1 family is applicable
2026-02-17 10:48:20,217 [INFO] Rule:233 - rule Change Default Value for ADC ExternalTrigConv F7 family is applicable
2026-02-17 10:48:20,217 [INFO] Rule:233 - rule Change Default Value for ADC ExternalTrigInjecConv F7 family is applicable
2026-02-17 10:48:20,218 [INFO] Rule:233 - rule Change Default Value for ADC ExternalTrigConv F4 and F2 family is applicable
2026-02-17 10:48:20,218 [INFO] Rule:233 - rule Change Default Value for ADC ExternalTrigInjecConv F4 and F2 family is applicable
2026-02-17 10:48:20,218 [INFO] Rule:233 - rule ADC SamplingTime fix with FW L0  is applicable
2026-02-17 10:48:20,218 [INFO] Rule:233 - rule ADC SamplingTime fix with FW L0  is applicable
2026-02-17 10:48:20,218 [INFO] Rule:233 - rule ADC SamplingTime fix with FW L0 is applicable
2026-02-17 10:48:20,218 [INFO] Rule:233 - rule ADC SamplingTime fix with FW L0 is applicable
2026-02-17 10:48:20,218 [INFO] Rule:233 - rule ADC SamplingTime fix with FW L0  is applicable
2026-02-17 10:48:20,218 [INFO] Rule:233 - rule ADC SamplingTime fix with FW L0 is applicable
2026-02-17 10:48:20,218 [INFO] Rule:233 - rule Rename USB_OE Signal is applicable
2026-02-17 10:48:20,218 [INFO] Rule:233 - rule Rename Activate_OE Mode is applicable
2026-02-17 10:48:20,218 [INFO] Rule:233 - rule Rename DIE462/DIE415 pin PC14/OSC32_IN -> PC14-OSC32_IN (PC14) is applicable
2026-02-17 10:48:20,218 [INFO] Rule:233 - rule Rename DIE462/DIE415 pin PC15/OSC32_OUT -> PC15-OSC32_OUT (PC15) is applicable
2026-02-17 10:48:20,219 [INFO] Rule:233 - rule Rename DIE462/DIE415 pin PH0/OSC_IN -> PH0-OSC_IN (PH0) is applicable
2026-02-17 10:48:20,219 [INFO] Rule:233 - rule Rename DIE462/DIE415 pin PH1/OSC_OUT -> PH1-OSC_OUT (PH1) is applicable
2026-02-17 10:48:20,219 [INFO] Rule:233 - rule Rename DIE462 pin PA13 -> PA13 (JTMS/SWDIO) is applicable
2026-02-17 10:48:20,219 [INFO] Rule:233 - rule Rename DIE415 pin PA13 -> PA13 (JTMS/SWDIO) is applicable
2026-02-17 10:48:20,219 [INFO] Rule:233 - rule Rename DIE462 pin PA14 -> PA14 (JTCK/SWCLK) is applicable
2026-02-17 10:48:20,219 [INFO] Rule:233 - rule Rename DIE415 pin PA14 -> PA14 (JTCK/SWCLK) is applicable
2026-02-17 10:48:20,219 [INFO] Rule:233 - rule Rename DIE462/DIE415 pin PA15 -> PA15 (JTDI) is applicable
2026-02-17 10:48:20,220 [INFO] Rule:233 - rule Rename DIE462 pin PB3 -> PB3 (JTD0/TRACESWO) is applicable
2026-02-17 10:48:20,220 [INFO] Rule:233 - rule Rename DIE415 pin PB3 -> PB3 (JTD0-TRACESWO) is applicable
2026-02-17 10:48:20,220 [INFO] Rule:233 - rule Rename DIE462/DIE415 pin PB4 -> PB4 (NJTRST) is applicable
2026-02-17 10:48:20,220 [INFO] Rule:233 - rule Rename DIE462 pin PH3/BOOT0 -> PH3-BOOT0 (BOOT0) is applicable
2026-02-17 10:48:20,220 [INFO] Rule:233 - rule Rename CRYP DataEncryptionTypesList to Algorithm is applicable
2026-02-17 10:48:20,220 [INFO] Rule:233 - rule Rename AES DataEncryptionTypesList to Algorithm is applicable
2026-02-17 10:48:20,220 [INFO] Rule:233 - rule Rename TDESECB to CRYP_TDES_ECB is applicable
2026-02-17 10:48:20,220 [INFO] Rule:233 - rule Rename TDESCBC to CRYP_TDES_CBC is applicable
2026-02-17 10:48:20,220 [INFO] Rule:233 - rule Rename DESECB to CRYP_DES_ECB is applicable
2026-02-17 10:48:20,220 [INFO] Rule:233 - rule Rename DESCBC to CRYP_DES_CBC is applicable
2026-02-17 10:48:20,220 [INFO] Rule:233 - rule Rename AESECB to CRYP_AES_ECB is applicable
2026-02-17 10:48:20,221 [INFO] Rule:233 - rule Rename AESCBC to CRYP_AES_CBC is applicable
2026-02-17 10:48:20,221 [INFO] Rule:233 - rule Rename AESCTR to CRYP_AES_CTR is applicable
2026-02-17 10:48:20,221 [INFO] Rule:233 - rule Rename AESGCM to CRYP_AES_GCM is applicable
2026-02-17 10:48:20,221 [INFO] Rule:233 - rule Rename AESCCM to CRYP_AES_CCM is applicable
2026-02-17 10:48:20,221 [INFO] Rule:233 - rule Rename CAN TimeSeg1 to BS1 is applicable
2026-02-17 10:48:20,221 [INFO] Rule:233 - rule Rename CAN TimeSeg2 to BS2 is applicable
2026-02-17 10:48:20,221 [INFO] Rule:233 - rule Rename CAN SyncJumpWidth to SJW is applicable
2026-02-17 10:48:20,221 [INFO] Rule:233 - rule TimeTriggeredMode to TTCM is applicable
2026-02-17 10:48:20,221 [INFO] Rule:233 - rule Rename CAN AutoBusOff to ABOM is applicable
2026-02-17 10:48:20,221 [INFO] Rule:233 - rule Rename CAN AutoWakeUp to AWUM is applicable
2026-02-17 10:48:20,221 [INFO] Rule:233 - rule Rename CAN AutoRetransmission to NART is applicable
2026-02-17 10:48:20,222 [INFO] Rule:233 - rule Rename CAN ReceiveFifoLocked to RFLM is applicable
2026-02-17 10:48:20,222 [INFO] Rule:233 - rule Rename CAN TransmitFifoPriority to TXFP is applicable
2026-02-17 10:48:20,222 [INFO] Rule:233 - rule Rename HRTIMER HRTIM_OUTPUTFAULTLEVEL_HIGH in HRTIMER HRTIM_OUTPUTFAULTLEVEL_HIGHZ is applicable
2026-02-17 10:48:20,222 [INFO] Rule:233 - rule Rename TIMER TIM_CLEARINPUTSOURCE_OCREFCLR in  TIMER TIM_CLEARINPUTSOURCE_NONE for F7 family is applicable
2026-02-17 10:48:20,222 [INFO] Rule:233 - rule FDCAN_R1 - Rename FDCAN mode Master into Classic is applicable
2026-02-17 10:48:20,222 [INFO] Rule:233 - rule FDCAN_R2 - Rename FDCAN mode Slave into Classic is applicable
2026-02-17 10:48:20,222 [INFO] Rule:233 - rule FDCAN1_R3 - if PA10.Mode=FullDuplex, add Pin PA12 is applicable
2026-02-17 10:48:20,222 [INFO] Rule:233 - rule FDCAN1_R3 - if PA9.Mode=FullDuplex, add Pin PA11 is applicable
2026-02-17 10:48:20,222 [INFO] Rule:233 - rule FDCAN1_R3 - Alternatepin_1 - if PE1.Mode=FullDuplex, add Pin PB9 is applicable
2026-02-17 10:48:20,222 [INFO] Rule:233 - rule FDCAN1_R3 - Alternatepin_1 - if PE0.Mode=FullDuplex, add Pin PB8 is applicable
2026-02-17 10:48:20,222 [INFO] Rule:233 - rule FDCAN1_R3 - Alternatepin_2 - if PD5.Mode=FullDuplex, add Pin PD1 is applicable
2026-02-17 10:48:20,222 [INFO] Rule:233 - rule FDCAN1_R3 - Alternatepin_2 - if PD4.Mode=FullDuplex, add Pin PD0 is applicable
2026-02-17 10:48:20,222 [INFO] Rule:233 - rule FDCAN1_R4 - Rename Mode FullDuplex into Enable FDCAN_TXFD for pin PA10 is applicable
2026-02-17 10:48:20,222 [INFO] Rule:233 - rule FDCAN1_R4 - Rename Mode FullDuplex into Enable FDCAN_TXFD for pin PA9 is applicable
2026-02-17 10:48:20,223 [INFO] Rule:233 - rule FDCAN1_R4 - Alternatepin_1 - Rename Mode FullDuplex into Enable FDCAN_TXFD for pin PE1 is applicable
2026-02-17 10:48:20,223 [INFO] Rule:233 - rule FDCAN1_R4 - Alternatepin_1 - Rename Mode FullDuplex into Enable FDCAN_TXFD for pin PE0 is applicable
2026-02-17 10:48:20,223 [INFO] Rule:233 - rule FDCAN1_R4 - Alternatepin_2 - Rename Mode FullDuplex into Enable FDCAN_TXFD for pin PD5 is applicable
2026-02-17 10:48:20,223 [INFO] Rule:233 - rule FDCAN1_R4 - Alternatepin_2 - Rename Mode FullDuplex into Enable FDCAN_TXFD for pin PD4 is applicable
2026-02-17 10:48:20,223 [INFO] Rule:233 - rule FDCAN2_R3 - if PD10.Mode=FullDuplex, add Pin PB13 is applicable
2026-02-17 10:48:20,223 [INFO] Rule:233 - rule FDCAN2_R3 - if PD9.Mode=FullDuplex, add Pin PB12 is applicable
2026-02-17 10:48:20,223 [INFO] Rule:233 - rule FDCAN2_R3 - Alternatepin_1 - if PB7.Mode=FullDuplex, add Pin PB6 is applicable
2026-02-17 10:48:20,223 [INFO] Rule:233 - rule FDCAN2_R3 - Alternatepin_1 - if PD9.Mode=FullDuplex, add Pin PB12 is applicable
2026-02-17 10:48:20,223 [INFO] Rule:233 - rule FDCAN2_R4 - Rename Mode FullDuplex into Enable FDCAN_TXFD for pin PD10 is applicable
2026-02-17 10:48:20,223 [INFO] Rule:233 - rule FDCAN2_R4 - Rename Mode FullDuplex into Enable FDCAN_TXFD for pin PD9 is applicable
2026-02-17 10:48:20,223 [INFO] Rule:233 - rule FDCAN2_R4 - Alternatepin_1 - Rename Mode FullDuplex into Enable FDCAN_TXFD for pin PB7 is applicable
2026-02-17 10:48:20,223 [INFO] Rule:233 - rule FDCAN2_R4 - Alternatepin_1 - Rename Mode FullDuplex into Enable FDCAN_TXFD for pin PD6 is applicable
2026-02-17 10:48:20,223 [INFO] Rule:233 - rule USART TxPinLevelInvertParam Mode is applicable
2026-02-17 10:48:20,223 [INFO] Rule:233 - rule USART RxPinLevelInvertParam Mode is applicable
2026-02-17 10:48:20,224 [INFO] Rule:233 - rule USART DataInvertParam Mode is applicable
2026-02-17 10:48:20,224 [INFO] Rule:233 - rule USART SwapParam Mode is applicable
2026-02-17 10:48:20,224 [INFO] Rule:233 - rule USART OverrunDisableParam Mode is applicable
2026-02-17 10:48:20,224 [INFO] Rule:233 - rule USART DMADisableonRxErrorParam Mode is applicable
2026-02-17 10:48:20,224 [INFO] Rule:233 - rule USART MSBFirstParam Mode is applicable
2026-02-17 10:48:20,224 [INFO] Rule:233 - rule Update MwName for USB_DEVICE is applicable
2026-02-17 10:48:20,224 [INFO] Rule:233 - rule Change PWR_Regulator_Voltage_Scale Default Value for RCC  H7 family is applicable
2026-02-17 10:48:20,224 [INFO] Rule:233 - rule UART/USART IPParameter rename Prescaler parameter to ClockPrescaler is applicable
2026-02-17 10:48:20,224 [INFO] Rule:233 - rule UART/USART Prescaler rename Prescaler parameter to ClockPrescaler is applicable
2026-02-17 10:48:20,224 [INFO] Rule:233 - rule TIM1CLockSelection is applicable
2026-02-17 10:48:20,224 [INFO] Rule:233 - rule TIM15CLockSelection is applicable
2026-02-17 10:48:20,224 [INFO] Rule:233 - rule align RCC SDMMC3CLockSelection default value on MP1 is applicable
2026-02-17 10:48:20,224 [INFO] Rule:233 - rule align RCC SDMMC12CLockSelection default value on MP1 is applicable
2026-02-17 10:48:20,224 [INFO] Rule:233 - rule align RCC QSPICLockSelection default value on MP1 is applicable
2026-02-17 10:48:20,224 [INFO] Rule:233 - rule align RCC QSPICLockSelection default value on MP1 is applicable
2026-02-17 10:48:20,225 [INFO] Rule:233 - rule align RCC SPI6CLockSelection default value on MP1 is applicable
2026-02-17 10:48:20,225 [INFO] Rule:233 - rule align RCC LPTIM23CLockSelection default value on MP1 is applicable
2026-02-17 10:48:20,225 [INFO] Rule:233 - rule align RCC LPTIM1CLockSelection default value on MP1 is applicable
2026-02-17 10:48:20,225 [INFO] Rule:233 - rule align RCC USART1CLockSelection default value on MP1 is applicable
2026-02-17 10:48:20,225 [INFO] Rule:233 - rule align RCC USART24CLockSelection default value on MP1 is applicable
2026-02-17 10:48:20,225 [INFO] Rule:233 - rule align RCC USART6CLockSelection default value on MP1 is applicable
2026-02-17 10:48:20,225 [INFO] Rule:233 - rule align RCC UART78CLockSelection default value on MP1 is applicable
2026-02-17 10:48:20,225 [INFO] Rule:233 - rule align RCC USART35CLockSelection default value on MP1 is applicable
2026-02-17 10:48:20,225 [INFO] Rule:233 - rule align RCC SPI45CLockSelection default value on MP1 is applicable
2026-02-17 10:48:20,225 [INFO] Rule:233 - rule align RCC I2C46CLockSelection BCLK value on MP1 is applicable
2026-02-17 10:48:20,225 [INFO] Rule:233 - rule align RCC SPI45CLockSelection default value on MP1 is applicable
2026-02-17 10:48:20,225 [INFO] Rule:233 - rule align RCC I2C12CLockSelection default value on MP1 is applicable
2026-02-17 10:48:20,225 [INFO] Rule:233 - rule align RCC I2C35CLockSelection default value on MP1 is applicable
2026-02-17 10:48:20,225 [INFO] Rule:233 - rule align RCC LPTIM45CLockSelection default value on MP1 is applicable
2026-02-17 10:48:20,225 [INFO] Rule:233 - rule Rename DCMI PIXCK signal is applicable
2026-02-17 10:48:20,226 [INFO] Rule:233 - rule Change Default Value for I2C46CLockSelection MP1 family is applicable
2026-02-17 10:48:20,226 [INFO] Rule:233 - rule Change Default Value for UART for G4, G0 and WB families is applicable
2026-02-17 10:48:20,226 [INFO] Rule:233 - rule Change Default Value for USART for G4, G0 and WB families is applicable
2026-02-17 10:48:20,226 [INFO] Rule:233 - rule Change Default Value for USART for G4 family is applicable
2026-02-17 10:48:20,226 [INFO] Rule:233 - rule Change USART1CLockSelection refparam name for MP1 is applicable
2026-02-17 10:48:20,226 [INFO] Rule:233 - rule Change USART2CLockSelection refparam name for MP1 is applicable
2026-02-17 10:48:20,226 [INFO] Rule:233 - rule Change USART3CLockSelection refparam name for MP1 is applicable
2026-02-17 10:48:20,226 [INFO] Rule:233 - rule Change UART4CLockSelection refparam name for MP1 is applicable
2026-02-17 10:48:20,226 [INFO] Rule:233 - rule Change UART5CLockSelection refparam name for MP1 is applicable
2026-02-17 10:48:20,226 [INFO] Rule:233 - rule Change LPUART1CLockSelection refparam name for MP1 is applicable
2026-02-17 10:48:20,226 [INFO] Rule:233 - rule Change LPTIM1CLockSelection refparam name for MP1 is applicable
2026-02-17 10:48:20,226 [INFO] Rule:233 - rule Change LPTIM2CLockSelection refparam name for MP1 is applicable
2026-02-17 10:48:20,226 [INFO] Rule:233 - rule Change RCC_MCO1Source refparam name for MP1 is applicable
2026-02-17 10:48:20,226 [INFO] Rule:233 - rule Change LSCOSource1 refparam name for MP1 is applicable
2026-02-17 10:48:20,227 [INFO] Rule:233 - rule Change SMPSCLockSelection refparam name for MP1 is applicable
2026-02-17 10:48:20,227 [INFO] Rule:233 - rule Change LPTIM3CLockSelection refparam name for MP1 is applicable
2026-02-17 10:48:20,227 [INFO] Rule:233 - rule Change MPCBB* Default Template Mode to Parameters is applicable
2026-02-17 10:48:20,227 [INFO] Rule:233 - rule Change MPCWM* or MPCBB* Secure Mode to Parameters is applicable
2026-02-17 10:48:20,227 [INFO] Rule:233 - rule Change MPCWM* or MPCBB* No Secure Mode to Parameters is applicable
2026-02-17 10:48:20,227 [INFO] Rule:233 - rule Change TZSC IP Secure Mode to Parameters is applicable
2026-02-17 10:48:20,227 [INFO] Rule:233 - rule Change TZSC IP No Secure Mode to Parameters is applicable
2026-02-17 10:48:20,227 [INFO] Rule:233 - rule Change TZSC IP Privilege Mode to Parameters is applicable
2026-02-17 10:48:20,227 [INFO] Rule:233 - rule Change TZSC IP No Privilege Mode to Parameters is applicable
2026-02-17 10:48:20,227 [INFO] Rule:233 - rule Change TZIC IT Secure Mode to Parameters is applicable
2026-02-17 10:48:20,227 [INFO] Rule:233 - rule Change TZIC IT No Secure Mode to Parameters is applicable
2026-02-17 10:48:20,227 [INFO] Rule:233 - rule Add MPCBB1_NonSecureArea_Start_Address value with referenced to MPCBB1_NonSecureArea_Start value is applicable
2026-02-17 10:48:20,227 [INFO] Rule:233 - rule Add MPCBB2_NonSecureArea_Start_Address value with referenced to MPCBB2_NonSecureArea_Start value is applicable
2026-02-17 10:48:20,227 [INFO] Rule:233 - rule Add MPCWM1_NonSecureArea*_Start_Address value with referenced to MPCWM1_NonSecureArea*_Start value is applicable
2026-02-17 10:48:20,228 [INFO] Rule:233 - rule Add MPCWM2_NonSecureArea*_Start_Address value with referenced to MPCWM2_NonSecureArea*_Start value is applicable
2026-02-17 10:48:20,228 [INFO] Rule:233 - rule Add MPCWM3_NonSecureArea_Start_Address value with referenced to MPCWM3_NonSecureArea_Start value is applicable
2026-02-17 10:48:20,228 [INFO] Rule:233 - rule Change Default Value for PLL1UserDefinedConfig is applicable
2026-02-17 10:48:20,228 [INFO] Rule:233 - rule Change GPIO_PuPd Default Value for USART in async mode is applicable
2026-02-17 10:48:20,228 [INFO] Rule:233 - rule Change SMPSDivider Default Value is applicable
2026-02-17 10:48:20,228 [INFO] Rule:233 - rule OPAMP is applicable
2026-02-17 10:48:20,228 [INFO] Rule:233 - rule LPUART IPParameter rename Prescaler parameter to ClockPrescaler for STM32H7 is applicable
2026-02-17 10:48:20,228 [INFO] Rule:233 - rule LPUART IPParameter rename Prescaler parameter to ClockPrescaler for STM32H7 is applicable
2026-02-17 10:48:20,228 [INFO] Rule:233 - rule LPUART IPParameter rename Prescaler parameter to ClockPrescaler for STM32WB is applicable
2026-02-17 10:48:20,228 [INFO] Rule:233 - rule LPUART IPParameter rename Prescaler parameter to ClockPrescaler for STM32WB is applicable
2026-02-17 10:48:20,228 [INFO] Rule:233 - rule LPUART IPParameter rename Prescaler parameter to ClockPrescaler for STM32G4 is applicable
2026-02-17 10:48:20,228 [INFO] Rule:233 - rule LPUART IPParameter rename Prescaler parameter to ClockPrescaler for STM32G4 is applicable
2026-02-17 10:48:20,228 [INFO] Rule:233 - rule LPUART IPParameter rename Prescaler parameter to ClockPrescaler for STM32L5 is applicable
2026-02-17 10:48:20,228 [INFO] Rule:233 - rule LPUART IPParameter rename Prescaler parameter to ClockPrescaler for STM32L5 is applicable
2026-02-17 10:48:20,228 [INFO] Rule:233 - rule LPUART IPParameter rename Prescaler parameter to ClockPrescaler for STM32G4 is applicable
2026-02-17 10:48:20,228 [INFO] Rule:233 - rule LPUART IPParameter rename Prescaler parameter to ClockPrescaler for STM32G4 is applicable
2026-02-17 10:48:20,228 [INFO] Rule:233 - rule USB device lib V2.5.3 for L0 rename USBD_SUPPORT_USER_STRING parameter to USBD_SUPPORT_USER_STRING_DESC4 is applicable
2026-02-17 10:48:20,229 [INFO] Rule:233 - rule I2SCLockSelection clock entry align is applicable
2026-02-17 10:48:20,229 [INFO] Rule:233 - rule Assign TIMx context if used as SYS timebase is applicable
2026-02-17 10:48:20,229 [INFO] Rule:233 - rule Change GPIO_Pu Default Value for I2C is applicable
2026-02-17 10:48:20,229 [INFO] Rule:233 - rule Change GPIO_Pu Default Value for SMBus is applicable
2026-02-17 10:48:20,229 [INFO] Rule:233 - rule change FDCAN default value is applicable
2026-02-17 10:48:20,229 [INFO] Rule:233 - rule Change mode sai is applicable
2026-02-17 10:48:20,229 [INFO] Rule:233 - rule **Change sai mode is applicable
2026-02-17 10:48:20,229 [INFO] Rule:233 - rule Rename STM32WPAN CFG_BLE_IRK to CFG_BLE_IR is applicable
2026-02-17 10:48:20,229 [INFO] Rule:233 - rule Rename STM32WPAN CFG_BLE_ERK to CFG_BLE_ER is applicable
2026-02-17 10:48:20,229 [INFO] Rule:233 - rule Rename STM32WPAN CFG_BLE_IRK_HEX to CFG_BLE_IR_HEX is applicable
2026-02-17 10:48:20,229 [INFO] Rule:233 - rule Rename STM32WPAN CFG_BLE_ERK_HEX to CFG_BLE_ER_HEX is applicable
2026-02-17 10:48:20,229 [INFO] Rule:233 - rule Adapt Old IOC before rework replace old CORTEX_M33/CORTEX_M55 attributes by the new one. is applicable
2026-02-17 10:48:20,229 [INFO] Rule:233 - rule Rename parametre of RCC RCC_APBDBG_DIV2 to RCC_TIMPRES_DIV2 is applicable
2026-02-17 10:48:20,229 [INFO] Rule:233 - rule Rename DIE493 pin PA10 [PA12] -> PA10 is applicable
2026-02-17 10:48:20,229 [INFO] Rule:233 - rule Rename DIE493 pin PA9 [PA11] -> PA9 is applicable
2026-02-17 10:48:20,229 [INFO] Rule:233 - rule Rename DIE492 PartNumber CPN STM32WBA5MJGHx -> STM32WBA5MMGHx is applicable
2026-02-17 10:48:20,229 [INFO] Rule:233 - rule Rename DIE492 PartNumber  Name STM32WBA5MJGHx -> STM32WBA5MMGHx is applicable
2026-02-17 10:48:20,229 [INFO] Rule:233 - rule Rename DIE492 PartNumber UserName STM32WBA5MJGHx -> STM32WBA5MMGHx is applicable
2026-02-17 10:48:20,229 [INFO] Rule:233 - rule Rename DIE492 PartNumber DeviceId STM32WBA5MJGHx -> STM32WBA5MMGHx is applicable
2026-02-17 10:48:20,229 [INFO] Rule:233 - rule Adapt Old IOC CSI. is applicable
2026-02-17 10:48:20,229 [INFO] Rule:233 - rule Adapt Old IOC DCMIPP. is applicable
2026-02-17 10:48:20,229 [INFO] Rule:233 - rule Adapt Old IOC DCMIPP Mode Parallel. is applicable
2026-02-17 10:48:20,229 [INFO] Rule:233 - rule Adapt Old IOC LTDC. is applicable
2026-02-17 10:48:20,229 [INFO] Rule:233 - rule Rename STM32MP2 RIF Peripheral LTDC RIF.RISUP.LTDC_L0L1.Privilege -> RIF.RISUP.LTDC_L1L2.Privilege is applicable
2026-02-17 10:48:20,230 [INFO] Rule:233 - rule Rename STM32MP2 RIF Peripheral LTDC RIF.RISUP.LTDC_L0L1.Privilege -> RIF.RISUP.LTDC_L1L2.Privilege is applicable
2026-02-17 10:48:20,230 [INFO] Rule:233 - rule Rename STM32MP2 RIF Peripheral LTDC RIF.RISUP.LTDC_L0L1.Lock -> RIF.RISUP.LTDC_L1L2.Lock is applicable
2026-02-17 10:48:20,230 [INFO] Rule:233 - rule Rename STM32MP2 RIF Peripheral LTDC RIF.RISUP.LTDC_L2.Lock -> RIF.RISUP.LTDC_L3.Lock is applicable
2026-02-17 10:48:20,230 [INFO] Rule:233 - rule Adapt the old IOC example for updating the SYS when it is misconfigured. is applicable
2026-02-17 10:48:20,230 [INFO] Rule:233 - rule Rename STM32C09 Mcu.Package LQFP64 -> LQFP48 is applicable
2026-02-17 10:48:20,230 [INFO] Rule:233 - rule Adapt the old IOC example for updating the SYS when it is misconfigured. is applicable
2026-02-17 10:48:20,230 [INFO] Rule:233 - rule Adapt the old IOC example for updating the SYS when it is misconfigured. is applicable
2026-02-17 10:48:20,256 [INFO] DbConfProperties:307 - Apply Compatibility (53/282 Rules)
2026-02-17 10:48:20,277 [INFO] ImportTextPane:234 - (OptionalMessage_ERROR) Unable to find key (Mcu.ThirdPartyNb) in loaded IOC file
2026-02-17 10:48:20,280 [INFO] ImportTextPane:234 - (OptionalMessage_ERROR) Pin12 (VP_RIF_VS_RIF1) cannot be retrieved for this MCU
2026-02-17 10:48:20,490 [INFO] RtosManager:558 - Registered RTOS mode: class=CMSIS, group=RTOS, mode=CMSIS_V1, owner=FREERTOS
2026-02-17 10:48:20,490 [INFO] RtosManager:558 - Registered RTOS mode: class=CMSIS, group=RTOS2, mode=CMSIS_V2, owner=FREERTOS
2026-02-17 10:48:20,490 [INFO] RtosManager:558 - Registered RTOS mode: class=RTOS, group=Core, mode=CMSIS_V1, owner=FREERTOS
2026-02-17 10:48:20,490 [INFO] RtosManager:558 - Registered RTOS mode: class=RTOS, group=Core, mode=CMSIS_V2, owner=FREERTOS
2026-02-17 10:48:20,490 [WARN] ModelIntegratedComponent:184 - Missing modes for component STMicroelectronics:FreeRTOS:0.0.1:STMicroelectronics:RTOS:FreeRTOS:Core:::10.2.0:
2026-02-17 10:48:20,503 [WARN] ModelIntegratedComponent:63 - No mode defined for component null
2026-02-17 10:48:20,503 [WARN] ModelIntegratedComponent:63 - No mode defined for component null
2026-02-17 10:48:20,503 [WARN] ModelIntegratedComponent:63 - No mode defined for component null
2026-02-17 10:48:20,503 [WARN] ModelIntegratedComponent:63 - No mode defined for component null
2026-02-17 10:48:20,503 [WARN] ModelIntegratedComponent:63 - No mode defined for component null
2026-02-17 10:48:20,504 [WARN] ModelIntegratedComponent:63 - No mode defined for component null
2026-02-17 10:48:20,504 [WARN] ModelIntegratedComponent:63 - No mode defined for component null
2026-02-17 10:48:20,504 [WARN] ModelIntegratedComponent:63 - No mode defined for component null
2026-02-17 10:48:20,504 [WARN] ModelIntegratedComponent:63 - No mode defined for component null
2026-02-17 10:48:20,504 [WARN] ModelIntegratedComponent:63 - No mode defined for component null
2026-02-17 10:48:20,504 [WARN] ModelIntegratedComponent:63 - No mode defined for component null
2026-02-17 10:48:20,504 [WARN] ModelIntegratedComponent:63 - No mode defined for component null
2026-02-17 10:48:20,504 [WARN] ModelIntegratedComponent:63 - No mode defined for component null
2026-02-17 10:48:20,504 [WARN] ModelIntegratedComponent:63 - No mode defined for component null
2026-02-17 10:48:20,504 [WARN] ModelIntegratedComponent:63 - No mode defined for component null
2026-02-17 10:48:20,504 [WARN] ModelIntegratedComponent:63 - No mode defined for component null
2026-02-17 10:48:20,504 [WARN] ModelIntegratedComponent:63 - No mode defined for component null
2026-02-17 10:48:20,504 [WARN] ModelIntegratedComponent:63 - No mode defined for component null
2026-02-17 10:48:20,504 [WARN] ModelIntegratedComponent:63 - No mode defined for component null
2026-02-17 10:48:20,504 [WARN] ModelIntegratedComponent:63 - No mode defined for component null
2026-02-17 10:48:20,504 [WARN] ModelIntegratedComponent:63 - No mode defined for component null
2026-02-17 10:48:20,504 [WARN] ModelIntegratedComponent:63 - No mode defined for component null
2026-02-17 10:48:20,505 [WARN] ModelIntegratedComponent:63 - No mode defined for component null
2026-02-17 10:48:20,505 [WARN] ModelIntegratedComponent:63 - No mode defined for component null
2026-02-17 10:48:20,505 [WARN] ModelIntegratedComponent:63 - No mode defined for component null
2026-02-17 10:48:20,505 [WARN] ModelIntegratedComponent:63 - No mode defined for component null
2026-02-17 10:48:20,505 [WARN] ModelIntegratedComponent:63 - No mode defined for component null
2026-02-17 10:48:20,505 [WARN] ModelIntegratedComponent:63 - No mode defined for component null
2026-02-17 10:48:20,505 [WARN] ModelIntegratedComponent:63 - No mode defined for component null
2026-02-17 10:48:20,505 [WARN] ModelIntegratedComponent:63 - No mode defined for component null
2026-02-17 10:48:20,505 [WARN] ModelIntegratedComponent:63 - No mode defined for component null
2026-02-17 10:48:20,505 [WARN] ModelIntegratedComponent:63 - No mode defined for component null
2026-02-17 10:48:20,505 [WARN] ModelIntegratedComponent:63 - No mode defined for component null
2026-02-17 10:48:20,505 [WARN] ModelIntegratedComponent:63 - No mode defined for component null
2026-02-17 10:48:20,505 [WARN] ModelIntegratedComponent:63 - No mode defined for component null
2026-02-17 10:48:20,505 [WARN] ModelPack:524 - Component already loaded: STMicroelectronics:HAL Drivers:0.0.0:STMicroelectronics:Device:STMicro_Driver:XSPI:HAL::0.0.1:HAL_XSPI
2026-02-17 10:48:20,540 [INFO] ThirdPartyModel:298 - Start build external matchings
2026-02-17 10:48:21,207 [INFO] ThirdPartyModel:316 - End build external matchings
2026-02-17 10:48:21,222 [INFO] ImportTextPane:234 - (OptionalMessage_ERROR) IP (RCC) : Invalid parameter (FamilyName)
2026-02-17 10:48:21,223 [INFO] ImportTextPane:234 - (OptionalMessage_ERROR) IP (RCC) : Parameter (RNGFreq_Value) has invalid value (64000000)
2026-02-17 10:48:21,224 [INFO] ImportTextPane:234 - (OptionalMessage_ERROR) IP (RCC) : Parameter (SDMMCFreq_Value) has invalid value (64000000)
2026-02-17 10:48:21,224 [INFO] ImportTextPane:234 - (OptionalMessage_ERROR) IP (RCC) : Parameter (USBFreq_Value) has invalid value (64000000)
2026-02-17 10:48:21,630 [INFO] UtilMem:75 - End LoadConfig() Used Memory: 894452184 Bytes (1073741824)
2026-02-17 10:48:21,673 [WARN] ThirdParty:833 - waiting for thirdparty lock release [change project]
2026-02-17 10:48:21,673 [INFO] ThirdParty:835 - entering critical section [change project]
2026-02-17 10:48:21,673 [INFO] ThirdParty:1030 - CMSIS Pack Vendor :STMicroelectronics X-CUBE-PM33A1 1.0.0
2026-02-17 10:48:21,673 [INFO] ThirdParty:1030 - CMSIS Pack Vendor :STMicroelectronics USBPD 4.1
2026-02-17 10:48:21,674 [INFO] ThirdParty:1030 - CMSIS Pack Vendor :STMicroelectronics X-CUBE-NFC9 1.0.0
2026-02-17 10:48:21,674 [INFO] ThirdParty:1030 - CMSIS Pack Vendor :STMicroelectronics USB_HOST 2.0.0
2026-02-17 10:48:21,674 [INFO] ThirdParty:1030 - CMSIS Pack Vendor :STMicroelectronics FP-SNS-MOTENVWB1 1.4.0
2026-02-17 10:48:21,674 [INFO] ThirdParty:1030 - CMSIS Pack Vendor :STMicroelectronics X-CUBE-AZRTOS-F4 1.1.0
2026-02-17 10:48:21,674 [INFO] ThirdParty:1030 - CMSIS Pack Vendor :STMicroelectronics LIBJPEG 8.0.0
2026-02-17 10:48:21,674 [INFO] ThirdParty:1030 - CMSIS Pack Vendor :STMicroelectronics FP-ATR-ASTRA1 2.0.2
2026-02-17 10:48:21,674 [INFO] ThirdParty:1030 - CMSIS Pack Vendor :STMicroelectronics X-CUBE-BLE1 7.1.0
2026-02-17 10:48:21,674 [INFO] ThirdParty:1030 - CMSIS Pack Vendor :STMicroelectronics X-CUBE-SMBUS 2.1.0
2026-02-17 10:48:21,674 [INFO] ThirdParty:1030 - CMSIS Pack Vendor :wolfSSL I-CUBE-wolfMQTT 1.19.2
2026-02-17 10:48:21,674 [INFO] ThirdParty:1030 - CMSIS Pack Vendor :STMicroelectronics USB_DEVICE 3.0.0
2026-02-17 10:48:21,674 [INFO] ThirdParty:1030 - CMSIS Pack Vendor :STMicroelectronics X-CUBE-ISPU 2.1.0
2026-02-17 10:48:21,674 [INFO] ThirdParty:1030 - CMSIS Pack Vendor :STMicroelectronics X-CUBE-FREERTOS 1.4.0
2026-02-17 10:48:21,674 [INFO] ThirdParty:1030 - CMSIS Pack Vendor :STMicroelectronics X-CUBE-EEPRMA1 5.2.0
2026-02-17 10:48:21,674 [INFO] ThirdParty:1030 - CMSIS Pack Vendor :STMicroelectronics X-CUBE-IPS 3.2.0
2026-02-17 10:48:21,674 [INFO] ThirdParty:1030 - CMSIS Pack Vendor :STMicroelectronics X-CUBE-BLEMGR 4.1.0
2026-02-17 10:48:21,674 [INFO] ThirdParty:1030 - CMSIS Pack Vendor :STMicroelectronics X-CUBE-AZRTOS-WB 2.0.0
2026-02-17 10:48:21,674 [INFO] ThirdParty:1030 - CMSIS Pack Vendor :wolfSSL I-CUBE-wolfSSL 5.8.4
2026-02-17 10:48:21,674 [INFO] ThirdParty:1030 - CMSIS Pack Vendor :Cesanta I-CUBE-Mongoose 7.20.0
2026-02-17 10:48:21,674 [INFO] ThirdParty:1030 - CMSIS Pack Vendor :STMicroelectronics X-CUBE-NFC12 1.0.0
2026-02-17 10:48:21,675 [INFO] ThirdParty:1030 - CMSIS Pack Vendor :STMicroelectronics X-CUBE-AZRTOS-F7 1.1.0
2026-02-17 10:48:21,675 [INFO] ThirdParty:1030 - CMSIS Pack Vendor :STMicroelectronics X-CUBE-AZRTOS-L5 2.0.0
2026-02-17 10:48:21,675 [INFO] ThirdParty:1030 - CMSIS Pack Vendor :STMicroelectronics USB_DEVICE 2.0.0
2026-02-17 10:48:21,675 [INFO] ThirdParty:1030 - CMSIS Pack Vendor :quantropi X-CUBE-qispace-sdk-base 2.1.0
2026-02-17 10:48:21,675 [INFO] ThirdParty:1030 - CMSIS Pack Vendor :STMicroelectronics X-CUBE-MEMS1 12.0.0
2026-02-17 10:48:21,675 [INFO] ThirdParty:1030 - CMSIS Pack Vendor :STMicroelectronics X-CUBE-STSE01 2.0.0
2026-02-17 10:48:21,675 [INFO] ThirdParty:1030 - CMSIS Pack Vendor :STMicroelectronics FP-SNS-MOTENV1 5.1.0
2026-02-17 10:48:21,675 [INFO] ThirdParty:1030 - CMSIS Pack Vendor :STMicroelectronics FreeRTOS 0.0.1
2026-02-17 10:48:21,675 [INFO] ThirdParty:1030 - CMSIS Pack Vendor :STMicroelectronics X-CUBE-AZRTOS-G0 1.1.0
2026-02-17 10:48:21,675 [INFO] ThirdParty:1030 - CMSIS Pack Vendor :STMicroelectronics X-CUBE-NFC4 3.0.0
2026-02-17 10:48:21,675 [INFO] ThirdParty:1030 - CMSIS Pack Vendor :STMicroelectronics X-CUBE-SUBG2 5.0.0
2026-02-17 10:48:21,675 [INFO] ThirdParty:1030 - CMSIS Pack Vendor :STMicroelectronics STM32_WPAN 1.0.0
2026-02-17 10:48:21,675 [INFO] ThirdParty:1030 - CMSIS Pack Vendor :EmbeddedOffice I-CUBE-FS-RTOS 1.0.1
2026-02-17 10:48:21,675 [INFO] ThirdParty:1030 - CMSIS Pack Vendor :STMicroelectronics lwIP 2.0.3
2026-02-17 10:48:21,675 [INFO] ThirdParty:1030 - CMSIS Pack Vendor :WES I-CUBE-Cesium 1.4.0
2026-02-17 10:48:21,675 [INFO] ThirdParty:1030 - CMSIS Pack Vendor :STMicroelectronics USB_HOST 1.0.0
2026-02-17 10:48:21,675 [INFO] ThirdParty:1030 - CMSIS Pack Vendor :STMicroelectronics X-CUBE-AZRTOS-G4 2.0.0
2026-02-17 10:48:21,676 [INFO] ThirdParty:1030 - CMSIS Pack Vendor :STMicroelectronics X-CUBE-WB05N 2.0.0
2026-02-17 10:48:21,676 [INFO] ThirdParty:1030 - CMSIS Pack Vendor :STMicroelectronics PDM2PCM 3.1.0
2026-02-17 10:48:21,676 [INFO] ThirdParty:1030 - CMSIS Pack Vendor :STMicroelectronics PDM2PCM 3.3.0
2026-02-17 10:48:21,676 [INFO] ThirdParty:1030 - CMSIS Pack Vendor :wolfSSL I-CUBE-wolfTPM 3.8.0
2026-02-17 10:48:21,676 [INFO] ThirdParty:1030 - CMSIS Pack Vendor :STMicroelectronics X-CUBE-AZRTOS-H7 3.4.0
2026-02-17 10:48:21,676 [INFO] ThirdParty:1030 - CMSIS Pack Vendor :STMicroelectronics X-CUBE-DISPLAY 3.0.0
2026-02-17 10:48:21,676 [INFO] ThirdParty:1030 - CMSIS Pack Vendor :wolfSSL I-CUBE-wolfSSH 1.4.20
2026-02-17 10:48:21,676 [INFO] ThirdParty:1030 - CMSIS Pack Vendor :STMicroelectronics X-CUBE-NFC7 2.0.0
2026-02-17 10:48:21,676 [INFO] ThirdParty:1030 - CMSIS Pack Vendor :STMicroelectronics X-CUBE-TCPP 4.2.0
2026-02-17 10:48:21,676 [INFO] ThirdParty:1030 - CMSIS Pack Vendor :RealThread X-CUBE-RT-Thread_Nano 4.1.1
2026-02-17 10:48:21,676 [INFO] ThirdParty:1030 - CMSIS Pack Vendor :STMicroelectronics FP-ATR-SIGFOX1 3.2.0
2026-02-17 10:48:21,676 [INFO] ThirdParty:1030 - CMSIS Pack Vendor :STMicroelectronics X-CUBE-NFC10 1.0.0
2026-02-17 10:48:21,676 [INFO] ThirdParty:1030 - CMSIS Pack Vendor :STMicroelectronics HAL Drivers 0.0.0
2026-02-17 10:48:21,676 [INFO] ThirdParty:1030 - CMSIS Pack Vendor :STMicroelectronics MBEDTLS 2.16.2
2026-02-17 10:48:21,676 [INFO] ThirdParty:1030 - CMSIS Pack Vendor :STMicroelectronics X-CUBE-ST60 1.1.0
2026-02-17 10:48:21,676 [INFO] ThirdParty:1030 - CMSIS Pack Vendor :STMicroelectronics X-CUBE-ALS 1.0.2
2026-02-17 10:48:21,677 [INFO] ThirdParty:1030 - CMSIS Pack Vendor :emotas I-CUBE-CANOPEN 1.3.0
2026-02-17 10:48:21,677 [INFO] ThirdParty:1030 - CMSIS Pack Vendor :STMicroelectronics MBEDTLS 2.14.1
2026-02-17 10:48:21,677 [INFO] ThirdParty:1030 - CMSIS Pack Vendor :STMicroelectronics X-CUBE-GNSS1 7.1.0
2026-02-17 10:48:21,677 [INFO] ThirdParty:1030 - CMSIS Pack Vendor :ITTIA_DB I-CUBE-ITTIADB 8.9.0
2026-02-17 10:48:21,677 [INFO] ThirdParty:1030 - CMSIS Pack Vendor :STMicroelectronics X-CUBE-TOUCHGFX 4.26.0
2026-02-17 10:48:21,677 [INFO] ThirdParty:1030 - CMSIS Pack Vendor :STMicroelectronics X-CUBE-NFC6 3.2.0
2026-02-17 10:48:21,677 [INFO] ThirdParty:1030 - CMSIS Pack Vendor :STMicroelectronics FP-SNS-STBOX1 2.1.0
2026-02-17 10:48:21,677 [INFO] ThirdParty:1030 - CMSIS Pack Vendor :STMicroelectronics X-CUBE-AI 10.2.0
2026-02-17 10:48:21,677 [INFO] ThirdParty:1030 - CMSIS Pack Vendor :STMicroelectronics FP-SNS-STAIOTCFT 1.0.0
2026-02-17 10:48:21,677 [INFO] ThirdParty:1030 - CMSIS Pack Vendor :STMicroelectronics ThreadX 1.0.0
2026-02-17 10:48:21,677 [INFO] ThirdParty:1030 - CMSIS Pack Vendor :STMicroelectronics FP-SNS-SMARTAG2 1.2.0
2026-02-17 10:48:21,677 [INFO] ThirdParty:1030 - CMSIS Pack Vendor :STMicroelectronics FP-SNS-FLIGHT1 5.1.0
2026-02-17 10:48:21,677 [INFO] ThirdParty:1030 - CMSIS Pack Vendor :STMicroelectronics X-CUBE-AZRTOS-WL 2.0.0
2026-02-17 10:48:21,677 [INFO] ThirdParty:1030 - CMSIS Pack Vendor :SEGGER I-CUBE-embOS 1.3.1
2026-02-17 10:48:21,677 [INFO] ThirdParty:1030 - CMSIS Pack Vendor :STMicroelectronics X-CUBE-ALGOBUILD 1.4.0
2026-02-17 10:48:21,677 [INFO] ThirdParty:1030 - CMSIS Pack Vendor :STMicroelectronics X-CUBE-DPower 1.3.0
2026-02-17 10:48:21,677 [INFO] ThirdParty:1030 - CMSIS Pack Vendor :STMicroelectronics USB_DEVICE 1.0.0
2026-02-17 10:48:21,677 [INFO] ThirdParty:1030 - CMSIS Pack Vendor :STMicroelectronics X-CUBE-AZRTOS-H7RS 1.2.0
2026-02-17 10:48:21,678 [INFO] ThirdParty:1030 - CMSIS Pack Vendor :STMicroelectronics X-CUBE-AZRTOS-L4 2.0.0
2026-02-17 10:48:21,678 [INFO] ThirdParty:1030 - CMSIS Pack Vendor :STMicroelectronics ThreadX 0.0.2
2026-02-17 10:48:21,678 [INFO] ThirdParty:1030 - CMSIS Pack Vendor :STMicroelectronics lwIP 2.1.2
2026-02-17 10:48:21,678 [INFO] ThirdParty:1030 - CMSIS Pack Vendor :STMicroelectronics X-CUBE-SFXS2LP1 4.0.0
2026-02-17 10:48:21,678 [INFO] ThirdParty:1030 - CMSIS Pack Vendor :STMicroelectronics X-CUBE-BLE2 3.3.0
2026-02-17 10:48:21,678 [INFO] ThirdParty:1030 - CMSIS Pack Vendor :Avnet-IOTCONNECT X-CUBE-iotc-st67-sdk 1.0.0
2026-02-17 10:48:21,678 [INFO] ThirdParty:1030 - CMSIS Pack Vendor :STMicroelectronics X-CUBE-TOF1 3.4.3
2026-02-17 10:48:21,678 [INFO] ThirdParty:1030 - CMSIS Pack Vendor :Infineon AIROC-Wi-Fi-Bluetooth-STM32 1.8.0
2026-02-17 10:48:21,678 [INFO] ThirdParty:1030 - CMSIS Pack Vendor :STMicroelectronics PDM2PCM 3.2.0
2026-02-17 10:48:21,678 [INFO] ThirdParty:1030 - CMSIS Pack Vendor :STMicroelectronics X-CUBE-ST67W61 1.2.0
2026-02-17 10:48:21,678 [INFO] ThirdParty:841 - exiting critical section [change project]
2026-02-17 10:48:22,196 [INFO] PinOutPanel:1589 - setPackage(No Configuration,No Configuration)
2026-02-17 10:48:22,197 [INFO] PinOutPanel:1589 - setPackage(STM32L476RGTx,LQFP64)
2026-02-17 10:48:23,238 [INFO] UtilMem:75 - Before build in PCC Used Memory: 768732944 Bytes (1073741824)
2026-02-17 10:48:23,729 [INFO] UtilMem:75 - After build in PCC Used Memory: 849473296 Bytes (1073741824)
2026-02-17 10:48:23,764 [INFO] IPUIPlugin:80 - create IPUIPlugin
2026-02-17 10:48:23,764 [INFO] IPUIPlugin:80 - create IPUIPlugin
2026-02-17 10:48:23,764 [INFO] IPUIPlugin:80 - create IPUIPlugin
2026-02-17 10:48:23,764 [INFO] IPUIPlugin:80 - create IPUIPlugin
2026-02-17 10:48:23,766 [INFO] IPUIPlugin:80 - create IPUIPlugin
2026-02-17 10:48:23,767 [INFO] IPUIPlugin:80 - create IPUIPlugin
2026-02-17 10:48:23,767 [INFO] IPUIPlugin:80 - create IPUIPlugin
2026-02-17 10:48:23,768 [INFO] IPUIPlugin:80 - create IPUIPlugin
2026-02-17 10:48:23,768 [INFO] IPUIPlugin:80 - create IPUIPlugin
2026-02-17 10:48:23,768 [INFO] IPUIPlugin:80 - create IPUIPlugin
2026-02-17 10:48:23,768 [INFO] IPUIPlugin:80 - create IPUIPlugin
2026-02-17 10:48:23,768 [INFO] IPUIPlugin:80 - create IPUIPlugin
2026-02-17 10:48:23,768 [INFO] IPUIPlugin:80 - create IPUIPlugin
2026-02-17 10:48:23,768 [INFO] IPUIPlugin:80 - create IPUIPlugin
2026-02-17 10:48:23,768 [INFO] IPUIPlugin:80 - create IPUIPlugin
2026-02-17 10:48:23,768 [INFO] IPUIPlugin:80 - create IPUIPlugin
2026-02-17 10:48:23,768 [INFO] IPUIPlugin:80 - create IPUIPlugin
2026-02-17 10:48:23,769 [INFO] IPUIPlugin:80 - create IPUIPlugin
2026-02-17 10:48:23,769 [INFO] IPUIPlugin:80 - create IPUIPlugin
2026-02-17 10:48:23,769 [INFO] IPUIPlugin:80 - create IPUIPlugin
2026-02-17 10:48:23,769 [INFO] IPUIPlugin:80 - create IPUIPlugin
2026-02-17 10:48:23,770 [INFO] IPUIPlugin:80 - create IPUIPlugin
2026-02-17 10:48:23,770 [INFO] IPUIPlugin:80 - create IPUIPlugin
2026-02-17 10:48:23,770 [INFO] IPUIPlugin:80 - create IPUIPlugin
2026-02-17 10:48:23,770 [INFO] IPUIPlugin:80 - create IPUIPlugin
2026-02-17 10:48:23,770 [INFO] IPUIPlugin:80 - create IPUIPlugin
2026-02-17 10:48:23,771 [INFO] IPUIPlugin:80 - create IPUIPlugin
2026-02-17 10:48:23,771 [INFO] IPUIPlugin:80 - create IPUIPlugin
2026-02-17 10:48:23,771 [INFO] IPUIPlugin:80 - create IPUIPlugin
2026-02-17 10:48:23,771 [INFO] IPUIPlugin:80 - create IPUIPlugin
2026-02-17 10:48:23,771 [INFO] IPUIPlugin:80 - create IPUIPlugin
2026-02-17 10:48:23,772 [INFO] IPUIPlugin:80 - create IPUIPlugin
2026-02-17 10:48:23,772 [INFO] IPUIPlugin:80 - create IPUIPlugin
2026-02-17 10:48:23,772 [INFO] IPUIPlugin:80 - create IPUIPlugin
2026-02-17 10:48:23,773 [INFO] IPUIPlugin:80 - create IPUIPlugin
2026-02-17 10:48:23,773 [INFO] IPUIPlugin:80 - create IPUIPlugin
2026-02-17 10:48:23,774 [INFO] IPUIPlugin:80 - create IPUIPlugin
2026-02-17 10:48:23,774 [INFO] IPUIPlugin:80 - create IPUIPlugin
2026-02-17 10:48:23,775 [INFO] IPUIPlugin:80 - create IPUIPlugin
2026-02-17 10:48:23,775 [INFO] IPUIPlugin:80 - create IPUIPlugin
2026-02-17 10:48:23,775 [INFO] IPUIPlugin:80 - create IPUIPlugin
2026-02-17 10:48:23,775 [INFO] IPUIPlugin:80 - create IPUIPlugin
2026-02-17 10:48:23,776 [INFO] IPUIPlugin:80 - create IPUIPlugin
2026-02-17 10:48:23,776 [INFO] IPUIPlugin:80 - create IPUIPlugin
2026-02-17 10:48:23,776 [INFO] IPUIPlugin:80 - create IPUIPlugin
2026-02-17 10:48:23,776 [INFO] IPUIPlugin:80 - create IPUIPlugin
2026-02-17 10:48:23,776 [INFO] IPUIPlugin:80 - create IPUIPlugin
2026-02-17 10:48:23,777 [INFO] IPUIPlugin:80 - create IPUIPlugin
2026-02-17 10:48:23,777 [INFO] IPUIPlugin:80 - create IPUIPlugin
2026-02-17 10:48:23,777 [INFO] IPUIPlugin:80 - create IPUIPlugin
2026-02-17 10:48:23,778 [INFO] IPUIPlugin:80 - create IPUIPlugin
2026-02-17 10:48:23,778 [INFO] IPUIPlugin:80 - create IPUIPlugin
2026-02-17 10:48:23,779 [INFO] IPUIPlugin:80 - create IPUIPlugin
2026-02-17 10:48:23,779 [INFO] IPUIPlugin:80 - create IPUIPlugin
2026-02-17 10:48:23,780 [INFO] IPUIPlugin:80 - create IPUIPlugin
2026-02-17 10:48:23,781 [INFO] IPUIPlugin:80 - create IPUIPlugin
2026-02-17 10:48:23,783 [INFO] IPUIPlugin:80 - create IPUIPlugin
2026-02-17 10:48:23,784 [INFO] IPUIPlugin:80 - create IPUIPlugin
2026-02-17 10:48:23,785 [INFO] IPUIPlugin:80 - create IPUIPlugin
2026-02-17 10:48:23,935 [INFO] CADModel:165 - CPN selected for project levelSTM32L476RGT3
2026-02-17 10:48:23,935 [INFO] CADModel:114 - Register for checkConnection events
2026-02-17 10:48:23,975 [INFO] OpenFileManager:386 - Restore cursor
2026-02-17 10:48:24,629 [INFO] UtilMem:75 - End SaveConfig() Used Memory: 751143208 Bytes (1073741824)
2026-02-17 10:48:24,730 [INFO] UtilMem:75 - End SaveConfig() Used Memory: 774785632 Bytes (1073741824)
2026-02-17 10:48:25,087 [INFO] BlockDiagram:2775 - set Specific Code input for plugin: SYS
2026-02-17 10:48:25,088 [INFO] BlockDiagram:2775 - set Specific Code input for plugin: RCC
2026-02-17 10:48:25,088 [INFO] BlockDiagram:2775 - set Specific Code input for plugin: NVIC
2026-02-17 10:48:25,088 [INFO] BlockDiagram:2775 - set Specific Code input for plugin: USART
2026-02-17 10:48:25,089 [INFO] BlockDiagram:2775 - set Specific Code input for plugin: GPIO
2026-02-17 10:48:25,090 [INFO] CodeGenerator:892 - code generatio: config db path: D:\STM32CubeIDE_1.19.0\STM32CubeIDE\plugins\com.st.stm32cube.common.mx_6.15.0.202507011659\\db\
2026-02-17 10:48:25,203 [INFO] CodeEngine:265 - oldGeneratedFile, D:\SPI_Interrupt_BareMetal\MXTmpFiles\license.tmp_save
2026-02-17 10:48:25,578 [INFO] CodeEngine:289 - Generated code: D:\SPI_Interrupt_BareMetal\MXTmpFiles\license.tmp
2026-02-17 10:48:25,640 [INFO] CodeEngine:265 - oldGeneratedFile, D:\SPI_Interrupt_BareMetal\MXTmpFiles\gpio.tmp_save
2026-02-17 10:48:25,918 [INFO] CodeEngine:289 - Generated code: D:\SPI_Interrupt_BareMetal\MXTmpFiles\gpio.tmp
2026-02-17 10:48:26,033 [INFO] CodeEngine:265 - oldGeneratedFile, D:\SPI_Interrupt_BareMetal\Core\Src\stm32l4xx_it.c_save
2026-02-17 10:48:26,435 [INFO] CodeEngine:289 - Generated code: D:\SPI_Interrupt_BareMetal\Core\Src\stm32l4xx_it.c
2026-02-17 10:48:26,462 [INFO] CodeEngine:265 - oldGeneratedFile, D:\SPI_Interrupt_BareMetal\Core\Inc\stm32l4xx_it.h_save
2026-02-17 10:48:26,702 [INFO] CodeEngine:289 - Generated code: D:\SPI_Interrupt_BareMetal\Core\Inc\stm32l4xx_it.h
2026-02-17 10:48:26,726 [INFO] CodeEngine:265 - oldGeneratedFile, D:\SPI_Interrupt_BareMetal\Core\Src\stm32l4xx_hal_msp.c_save
2026-02-17 10:48:27,072 [INFO] CodeEngine:289 - Generated code: D:\SPI_Interrupt_BareMetal\Core\Src\stm32l4xx_hal_msp.c
2026-02-17 10:48:27,077 [INFO] CodeEngine:265 - oldGeneratedFile, D:\SPI_Interrupt_BareMetal\MXTmpFiles\system.tmp_save
2026-02-17 10:48:27,175 [INFO] CodeEngine:289 - Generated code: D:\SPI_Interrupt_BareMetal\MXTmpFiles\system.tmp
2026-02-17 10:48:27,187 [INFO] CodeEngine:321 - oldGeneratedFile, D:\SPI_Interrupt_BareMetal\Core\Inc\stm32l4xx_hal_conf.h_save
2026-02-17 10:48:27,379 [INFO] CodeEngine:345 - Generated code: D:\SPI_Interrupt_BareMetal\Core\Inc\stm32l4xx_hal_conf.h
2026-02-17 10:48:27,454 [INFO] ApiDbMcu:532 - Load IP Config File for USART2
2026-02-17 10:48:27,457 [INFO] ApiDbMcu:532 - Load IP Config File for RCC
2026-02-17 10:48:27,473 [INFO] CodeEngine:265 - oldGeneratedFile, D:\SPI_Interrupt_BareMetal\Core\Inc\main.h_save
2026-02-17 10:48:27,789 [INFO] CodeEngine:289 - Generated code: D:\SPI_Interrupt_BareMetal\Core\Inc\main.h
2026-02-17 10:48:27,794 [INFO] CodeEngine:265 - oldGeneratedFile, D:\SPI_Interrupt_BareMetal\Core\Src\main.c_save
2026-02-17 10:48:27,919 [INFO] CodeEngine:289 - Generated code: D:\SPI_Interrupt_BareMetal\Core\Src\main.c
2026-02-17 10:48:28,591 [INFO] ProjectBuilder:3606 - Time for Copy HAL[1] : 235mS.
2026-02-17 10:48:28,597 [INFO] ProjectBuilder:5216 - Project Generator version: 4.7.0-B52
2026-02-17 10:48:28,770 [INFO] ConfigFileManager:1595 - The Die is : DIE415
2026-02-17 10:48:28,774 [INFO] ApiDbMcu:532 - Load IP Config File for FATFS
2026-02-17 10:48:28,784 [INFO] ApiDbMcu:532 - Load IP Config File for FREERTOS
2026-02-17 10:48:28,802 [INFO] ApiDbMcu:532 - Load IP Config File for TOUCHSENSING
2026-02-17 10:48:28,807 [INFO] ApiDbMcu:532 - Load IP Config File for USB_DEVICE
2026-02-17 10:48:28,812 [INFO] ApiDbMcu:532 - Load IP Config File for USB_HOST
2026-02-17 10:48:31,444 [INFO] ProjectBuilder:5496 - Time for Generating toolchain IDE Files: 2847mS.
2026-02-17 10:48:31,445 [INFO] ProjectBuilder:3463 - Time for Copy CMSIS : 0mS.
2026-02-17 10:48:31,453 [INFO] ProjectBuilder:3463 - Time for Copy CMSIS : 0mS.
2026-02-17 10:48:33,415 [INFO] McuFinderGlobals:76 - Set McuFinderConnectedMode to true
2026-02-17 10:48:33,430 [INFO] ApiDb:448 - Save user favorites file C:\Users\Hemanth Madu/.stm32cubeide/favorites.mcus.txt: 0 item(s)
2026-02-17 10:48:33,430 [INFO] ApiDb:452 - User favorites MCUs=[]
2026-02-17 10:48:33,430 [INFO] ApiDb:448 - Save user favorites file C:\Users\Hemanth Madu/.stm32cubeide/favorites.boards.txt: 0 item(s)
2026-02-17 10:48:33,430 [INFO] ApiDb:452 - User favorites Boards=[]
2026-02-17 10:48:51,165 [INFO] NvicIntPanel:101 - NVIC parent = com.st.microxplorer.plugins.ip.nvic.MultiNvicIntPanel[,0,0,0x0,invalid,layout=javax.swing.BoxLayout,alignmentX=0.0,alignmentY=0.0,border=,flags=9,maximumSize=,minimumSize=,preferredSize=]
2026-02-17 10:49:07,824 [INFO] UtilMem:75 - End SaveConfig() Used Memory: 865586864 Bytes (1073741824)
2026-02-17 10:49:09,952 [INFO] UtilMem:75 - End SaveConfig() Used Memory: 910183720 Bytes (1073741824)
2026-02-17 10:49:14,771 [INFO] UtilMem:75 - End SaveConfig() Used Memory: 971315072 Bytes (1073741824)
2026-02-17 10:49:14,988 [INFO] BlockDiagram:2775 - set Specific Code input for plugin: SYS
2026-02-17 10:49:14,988 [INFO] BlockDiagram:2775 - set Specific Code input for plugin: RCC
2026-02-17 10:49:14,988 [INFO] BlockDiagram:2775 - set Specific Code input for plugin: NVIC
2026-02-17 10:49:14,988 [INFO] BlockDiagram:2775 - set Specific Code input for plugin: USART
2026-02-17 10:49:14,988 [INFO] BlockDiagram:2775 - set Specific Code input for plugin: GPIO
2026-02-17 10:49:14,989 [INFO] CodeGenerator:892 - code generatio: config db path: D:\STM32CubeIDE_1.19.0\STM32CubeIDE\plugins\com.st.stm32cube.common.mx_6.15.0.202507011659\\db\
2026-02-17 10:49:15,114 [INFO] CodeEngine:265 - oldGeneratedFile, D:\SPI_Interrupt_BareMetal\MXTmpFiles\license.tmp_save
2026-02-17 10:49:15,286 [INFO] CodeEngine:289 - Generated code: D:\SPI_Interrupt_BareMetal\MXTmpFiles\license.tmp
2026-02-17 10:49:15,314 [INFO] CodeEngine:265 - oldGeneratedFile, D:\SPI_Interrupt_BareMetal\MXTmpFiles\gpio.tmp_save
2026-02-17 10:49:15,518 [INFO] CodeEngine:289 - Generated code: D:\SPI_Interrupt_BareMetal\MXTmpFiles\gpio.tmp
2026-02-17 10:49:15,685 [INFO] CodeEngine:265 - oldGeneratedFile, D:\SPI_Interrupt_BareMetal\Core\Src\stm32l4xx_it.c_save
2026-02-17 10:49:15,946 [INFO] CodeEngine:289 - Generated code: D:\SPI_Interrupt_BareMetal\Core\Src\stm32l4xx_it.c
2026-02-17 10:49:15,952 [INFO] CodeEngine:265 - oldGeneratedFile, D:\SPI_Interrupt_BareMetal\Core\Inc\stm32l4xx_it.h_save
2026-02-17 10:49:16,041 [INFO] CodeEngine:289 - Generated code: D:\SPI_Interrupt_BareMetal\Core\Inc\stm32l4xx_it.h
2026-02-17 10:49:16,053 [INFO] CodeEngine:265 - oldGeneratedFile, D:\SPI_Interrupt_BareMetal\Core\Src\stm32l4xx_hal_msp.c_save
2026-02-17 10:49:16,256 [INFO] CodeEngine:289 - Generated code: D:\SPI_Interrupt_BareMetal\Core\Src\stm32l4xx_hal_msp.c
2026-02-17 10:49:16,261 [INFO] CodeEngine:265 - oldGeneratedFile, D:\SPI_Interrupt_BareMetal\MXTmpFiles\system.tmp_save
2026-02-17 10:49:16,344 [INFO] CodeEngine:289 - Generated code: D:\SPI_Interrupt_BareMetal\MXTmpFiles\system.tmp
2026-02-17 10:49:16,353 [INFO] CodeEngine:321 - oldGeneratedFile, D:\SPI_Interrupt_BareMetal\Core\Inc\stm32l4xx_hal_conf.h_save
2026-02-17 10:49:16,543 [INFO] CodeEngine:345 - Generated code: D:\SPI_Interrupt_BareMetal\Core\Inc\stm32l4xx_hal_conf.h
2026-02-17 10:49:16,585 [INFO] CodeEngine:265 - oldGeneratedFile, D:\SPI_Interrupt_BareMetal\Core\Inc\main.h_save
2026-02-17 10:49:16,737 [INFO] CodeEngine:289 - Generated code: D:\SPI_Interrupt_BareMetal\Core\Inc\main.h
2026-02-17 10:49:16,741 [INFO] CodeEngine:265 - oldGeneratedFile, D:\SPI_Interrupt_BareMetal\Core\Src\main.c_save
2026-02-17 10:49:16,871 [INFO] CodeEngine:289 - Generated code: D:\SPI_Interrupt_BareMetal\Core\Src\main.c
2026-02-17 10:49:17,278 [INFO] ProjectBuilder:3606 - Time for Copy HAL[1] : 154mS.
2026-02-17 10:49:17,281 [INFO] ProjectBuilder:5216 - Project Generator version: 4.7.0-B52
2026-02-17 10:49:17,421 [INFO] ConfigFileManager:1595 - The Die is : DIE415
2026-02-17 10:49:18,716 [INFO] ProjectBuilder:5496 - Time for Generating toolchain IDE Files: 1435mS.
2026-02-17 10:49:18,717 [INFO] ProjectBuilder:3463 - Time for Copy CMSIS : 0mS.
2026-02-17 10:49:18,719 [INFO] ProjectBuilder:3463 - Time for Copy CMSIS : 0mS.
2026-02-17 10:58:28,155 [INFO] MainUpdater:2872 - connection check result : 10
2026-02-17 10:58:30,448 [INFO] McuFinderGlobals:76 - Set McuFinderConnectedMode to true
2026-02-17 10:58:30,450 [INFO] MultiScanPanel:200 - Auto-refresh data requested => check proxy status ongoing
2026-02-17 10:58:30,451 [INFO] FinderPluginLoader:96 - Searching for filters in installed packs
2026-02-17 10:58:33,733 [INFO] LoadUrlFilesThread:185 - End of LoadServerUrlFiles without Thread
2026-02-17 10:58:33,733 [INFO] DetailPanel:341 - Set advertising image to C:/Users/Hemanth Madu/STM32Cube/Repository/\en.prom-stm32c0-entry-level-graphic-0226.png
2026-02-17 10:59:42,687 [INFO] McuFinderGlobals:76 - Set McuFinderConnectedMode to true
2026-02-17 10:59:43,078 [INFO] ApiDb:448 - Save user favorites file C:\Users\Hemanth Madu/.stm32cubeide/favorites.mcus.txt: 0 item(s)
2026-02-17 10:59:43,081 [INFO] ApiDb:452 - User favorites MCUs=[]
2026-02-17 10:59:44,020 [ERROR] LogOutputStream:75 - [STDERR_REDIRECT] Exception in thread "AWT-EventQueue-0" java.lang.NullPointerException: Cannot invoke "com.st.stm32cube.common.mx.targetselector.IdeMcuFinder.cleanUp(boolean)" because "this.this$0.mcuFinder" is null
2026-02-17 10:59:44,023 [ERROR] LogOutputStream:75 - [STDERR_REDIRECT] 	at com.st.stm32cube.common.mx.targetselector.TargetSelectorAdapter$7.run(TargetSelectorAdapter.java:353)
2026-02-17 10:59:44,025 [ERROR] LogOutputStream:75 - [STDERR_REDIRECT] 	at com.st.stm32cube.common.mx.oss.core.awtswtbridge.AwtEnvironment$2.run(AwtEnvironment.java:166)
2026-02-17 10:59:44,028 [ERROR] LogOutputStream:75 - [STDERR_REDIRECT] 	at java.desktop/java.awt.event.InvocationEvent.dispatch(InvocationEvent.java:318)
2026-02-17 10:59:44,032 [ERROR] LogOutputStream:75 - [STDERR_REDIRECT] 	at java.desktop/java.awt.EventQueue.dispatchEventImpl(EventQueue.java:773)
2026-02-17 10:59:44,034 [ERROR] LogOutputStream:75 - [STDERR_REDIRECT] 	at java.desktop/java.awt.EventQueue$4.run(EventQueue.java:720)
2026-02-17 10:59:44,037 [ERROR] LogOutputStream:75 - [STDERR_REDIRECT] 	at java.desktop/java.awt.EventQueue$4.run(EventQueue.java:714)
2026-02-17 10:59:44,040 [ERROR] LogOutputStream:75 - [STDERR_REDIRECT] 	at java.base/java.security.AccessController.doPrivileged(AccessController.java:400)
2026-02-17 10:59:44,044 [ERROR] LogOutputStream:75 - [STDERR_REDIRECT] 	at java.base/java.security.ProtectionDomain$JavaSecurityAccessImpl.doIntersectionPrivilege(ProtectionDomain.java:87)
2026-02-17 10:59:44,047 [ERROR] LogOutputStream:75 - [STDERR_REDIRECT] 	at java.desktop/java.awt.EventQueue.dispatchEvent(EventQueue.java:742)
2026-02-17 10:59:44,050 [ERROR] LogOutputStream:75 - [STDERR_REDIRECT] 	at java.desktop/java.awt.EventDispatchThread.pumpOneEventForFilters(EventDispatchThread.java:203)
2026-02-17 10:59:44,053 [ERROR] LogOutputStream:75 - [STDERR_REDIRECT] 	at java.desktop/java.awt.EventDispatchThread.pumpEventsForFilter(EventDispatchThread.java:124)
2026-02-17 10:59:44,057 [ERROR] LogOutputStream:75 - [STDERR_REDIRECT] 	at java.desktop/java.awt.EventDispatchThread.pumpEventsForHierarchy(EventDispatchThread.java:113)
2026-02-17 10:59:44,060 [ERROR] LogOutputStream:75 - [STDERR_REDIRECT] 	at java.desktop/java.awt.EventDispatchThread.pumpEvents(EventDispatchThread.java:109)
2026-02-17 10:59:44,063 [ERROR] LogOutputStream:75 - [STDERR_REDIRECT] 	at java.desktop/java.awt.EventDispatchThread.pumpEvents(EventDispatchThread.java:101)
2026-02-17 10:59:44,066 [ERROR] LogOutputStream:75 - [STDERR_REDIRECT] 	at java.desktop/java.awt.EventDispatchThread.run(EventDispatchThread.java:90)
2026-02-17 10:59:50,110 [INFO] MainUpdater:2872 - connection check result : 10
2026-02-17 10:59:52,550 [INFO] McuFinderGlobals:76 - Set McuFinderConnectedMode to true
2026-02-17 10:59:52,551 [INFO] MultiScanPanel:200 - Auto-refresh data requested => check proxy status ongoing
2026-02-17 10:59:52,551 [INFO] FinderPluginLoader:96 - Searching for filters in installed packs
2026-02-17 10:59:53,981 [INFO] LoadUrlFilesThread:185 - End of LoadServerUrlFiles without Thread
2026-02-17 10:59:53,981 [INFO] DetailPanel:341 - Set advertising image to C:/Users/Hemanth Madu/STM32Cube/Repository/\en.prom-stm32c0-entry-level-graphic-0226.png
2026-02-17 10:59:54,820 [INFO] MultiScanPanel:728 - adjusting invalid saved split location: -0.11
2026-02-17 10:59:55,115 [INFO] MultiScanPanel:728 - adjusting invalid saved split location: -0.11
2026-02-17 11:00:05,401 [INFO] McuFinderGlobals:76 - Set McuFinderConnectedMode to true
2026-02-17 11:00:05,639 [INFO] ApiDb:448 - Save user favorites file C:\Users\Hemanth Madu/.stm32cubeide/favorites.mcus.txt: 0 item(s)
2026-02-17 11:00:05,639 [INFO] ApiDb:452 - User favorites MCUs=[]
2026-02-17 11:00:20,144 [ERROR] LogOutputStream:75 - [STDERR_REDIRECT] 
2026-02-17 11:00:20,145 [ERROR] LogOutputStream:75 - [STDERR_REDIRECT] 
2026-02-17 11:00:34,762 [INFO] Activator:176 - 


2026-02-17 11:00:34,771 [INFO] Activator:177 - !SESSION log4j initialized
2026-02-17 11:00:45,683 [INFO] LogOutputStream:77 - [STDOUT_REDIRECT] 
2026-02-17 11:00:50,013 [INFO] ApplicationProperties:184 - Using Application install path: D:\STM32CubeIDE_1.19.0\STM32CubeIDE\plugins\com.st.stm32cube.common.mx_6.15.0.202507011659
2026-02-17 11:00:50,064 [INFO] DbMcusXml:78 - Set database path to: D:\STM32CubeIDE_1.19.0\STM32CubeIDE\plugins\com.st.stm32cube.common.mx_6.15.0.202507011659\\db\/mcu/
2026-02-17 11:00:50,064 [INFO] ApiDb:274 - Set plugin database path to: D:\STM32CubeIDE_1.19.0\STM32CubeIDE\plugins\com.st.stm32cube.common.mx_6.15.0.202507011659\\db\/plugins/boardmanager/
2026-02-17 11:00:50,064 [WARN] ApiDb:259 - Overriding images path with different value:  => D:\STM32CubeIDE_1.19.0\STM32CubeIDE\plugins\com.st.stm32cube.common.mx_6.15.0.202507011659\\db\/plugins/mcufinder/images/
2026-02-17 11:00:50,085 [INFO] ApiDb:250 - Set database path to: C:\Users\Hemanth Madu\.stmcufinder\plugins\mcufinder//mcu/
2026-02-17 11:00:50,086 [INFO] DbMcusAds:125 - Set database path to: C:\Users\Hemanth Madu\.stmcufinder\plugins\mcufinder//mcu/
2026-02-17 11:00:50,095 [INFO] CrossReferenceDbSqlite:203 - Set database path to: C:\Users\Hemanth Madu\.stmcufinder\plugins\mcufinder//mcu/cs/
2026-02-17 11:00:50,270 [INFO] RulesReader:64 - Compatibility file has been processed (317 Rules)
2026-02-17 11:00:50,556 [INFO] DbMcusXml:78 - Set database path to: D:\STM32CubeIDE_1.19.0\STM32CubeIDE\plugins\com.st.stm32cube.common.mx_6.15.0.202507011659\\db\/mcu/
2026-02-17 11:00:50,556 [INFO] ApiDb:274 - Set plugin database path to: D:\STM32CubeIDE_1.19.0\STM32CubeIDE\plugins\com.st.stm32cube.common.mx_6.15.0.202507011659\\db\/plugins/boardmanager/
2026-02-17 11:00:50,556 [INFO] ApiDb:261 - Set plugin images path to: D:\STM32CubeIDE_1.19.0\STM32CubeIDE\plugins\com.st.stm32cube.common.mx_6.15.0.202507011659\\db\/plugins/mcufinder/images/
2026-02-17 11:00:50,557 [WARN] DbFile:41 - Overriding database path with different value: C:\Users\Hemanth Madu\.stmcufinder\plugins\mcufinder/ => C:\Users\Hemanth Madu\.stmcufinder\plugins\mcufinder
2026-02-17 11:00:50,557 [INFO] ApiDb:250 - Set database path to: C:\Users\Hemanth Madu\.stmcufinder\plugins\mcufinder//mcu/
2026-02-17 11:00:50,557 [WARN] DbFile:41 - Overriding database path with different value: C:\Users\Hemanth Madu\.stmcufinder\plugins\mcufinder/ => C:\Users\Hemanth Madu\.stmcufinder\plugins\mcufinder
2026-02-17 11:00:50,557 [INFO] DbMcusAds:125 - Set database path to: C:\Users\Hemanth Madu\.stmcufinder\plugins\mcufinder//mcu/
2026-02-17 11:00:50,557 [WARN] DbFile:41 - Overriding database path with different value: C:\Users\Hemanth Madu\.stmcufinder\plugins\mcufinder/ => C:\Users\Hemanth Madu\.stmcufinder\plugins\mcufinder
2026-02-17 11:00:50,557 [WARN] DbFile:41 - Overriding database path with different value: C:\Users\Hemanth Madu\.stmcufinder\plugins\mcufinder/ => C:\Users\Hemanth Madu\.stmcufinder\plugins\mcufinder
2026-02-17 11:00:50,557 [INFO] CrossReferenceDbSqlite:203 - Set database path to: C:\Users\Hemanth Madu\.stmcufinder\plugins\mcufinder//mcu/cs/
2026-02-17 11:00:50,770 [INFO] MainPanel:274 - HeapMemory: 268435456
2026-02-17 11:00:51,146 [INFO] DbMcusXml:78 - Set database path to: D:\STM32CubeIDE_1.19.0\STM32CubeIDE\plugins\com.st.stm32cube.common.mx_6.15.0.202507011659\\db\/mcu/
2026-02-17 11:00:51,146 [INFO] ApiDb:274 - Set plugin database path to: D:\STM32CubeIDE_1.19.0\STM32CubeIDE\plugins\com.st.stm32cube.common.mx_6.15.0.202507011659\\db\/plugins/boardmanager/
2026-02-17 11:00:51,146 [INFO] ApiDb:261 - Set plugin images path to: D:\STM32CubeIDE_1.19.0\STM32CubeIDE\plugins\com.st.stm32cube.common.mx_6.15.0.202507011659\\db\/plugins/mcufinder/images/
2026-02-17 11:00:51,147 [WARN] DbFile:41 - Overriding database path with different value: C:\Users\Hemanth Madu\.stmcufinder\plugins\mcufinder/ => C:\Users\Hemanth Madu\.stmcufinder\plugins\mcufinder
2026-02-17 11:00:51,147 [INFO] ApiDb:250 - Set database path to: C:\Users\Hemanth Madu\.stmcufinder\plugins\mcufinder//mcu/
2026-02-17 11:00:51,147 [WARN] DbFile:41 - Overriding database path with different value: C:\Users\Hemanth Madu\.stmcufinder\plugins\mcufinder/ => C:\Users\Hemanth Madu\.stmcufinder\plugins\mcufinder
2026-02-17 11:00:51,147 [INFO] DbMcusAds:125 - Set database path to: C:\Users\Hemanth Madu\.stmcufinder\plugins\mcufinder//mcu/
2026-02-17 11:00:51,147 [WARN] DbFile:41 - Overriding database path with different value: C:\Users\Hemanth Madu\.stmcufinder\plugins\mcufinder/ => C:\Users\Hemanth Madu\.stmcufinder\plugins\mcufinder
2026-02-17 11:00:51,147 [WARN] DbFile:41 - Overriding database path with different value: C:\Users\Hemanth Madu\.stmcufinder\plugins\mcufinder/ => C:\Users\Hemanth Madu\.stmcufinder\plugins\mcufinder
2026-02-17 11:00:51,147 [INFO] CrossReferenceDbSqlite:203 - Set database path to: C:\Users\Hemanth Madu\.stmcufinder\plugins\mcufinder//mcu/cs/
2026-02-17 11:00:51,193 [INFO] ApplicationProperties:184 - Using Application install path: D:\STM32CubeIDE_1.19.0\STM32CubeIDE\plugins\com.st.stm32cube.common.mx_6.15.0.202507011659
2026-02-17 11:00:51,194 [INFO] PluginManage:196 - Search for loadable plugins [exclusion list=, ]
2026-02-17 11:00:51,198 [INFO] PluginManage:310 - Check plugin analytics
2026-02-17 11:00:51,559 [INFO] AnalyticsPlugin:253 - Accepted Software Licenses: 
2026-02-17 11:00:51,559 [INFO] AnalyticsPlugin:255 - Accepted CMSIS Pack Licenses: 
2026-02-17 11:00:51,560 [INFO] AnalyticsPlugin:257 - Accepted Firmware Licenses: FW.L4.1.18.0
2026-02-17 11:00:51,564 [INFO] PluginManage:359 - Loaded plugin analytics (category:tool,tabindex:-1)
2026-02-17 11:00:51,564 [INFO] PluginManage:310 - Check plugin cadmodel
2026-02-17 11:00:51,582 [INFO] CADModel:105 - Init CAD model plugin
2026-02-17 11:00:51,582 [INFO] PluginManage:359 - Loaded plugin cadmodel (category:power,tabindex:5)
2026-02-17 11:00:51,583 [INFO] PluginManage:310 - Check plugin clock
2026-02-17 11:00:51,605 [INFO] PluginManage:359 - Loaded plugin clock (category:base,tabindex:2)
2026-02-17 11:00:51,605 [INFO] PluginManage:310 - Check plugin ddr
2026-02-17 11:00:51,610 [INFO] PluginManage:359 - Loaded plugin ddr (category:tool,tabindex:6)
2026-02-17 11:00:51,611 [INFO] PluginManage:310 - Check plugin filemanager
2026-02-17 11:00:52,016 [INFO] PluginManage:359 - Loaded plugin filemanager (category:base,tabindex:10)
2026-02-17 11:00:52,017 [INFO] PluginManage:310 - Check plugin ipmanager
2026-02-17 11:00:52,028 [INFO] PluginManage:359 - Loaded plugin ipmanager (category:base,tabindex:5)
2026-02-17 11:00:52,028 [INFO] PluginManage:310 - Check plugin lpbam
2026-02-17 11:00:52,036 [INFO] PluginManage:359 - Loaded plugin lpbam (category:base,tabindex:0)
2026-02-17 11:00:52,036 [INFO] PluginManage:310 - Check plugin memorymap
2026-02-17 11:00:52,080 [INFO] PluginManage:359 - Loaded plugin memorymap (category:base,tabindex:4)
2026-02-17 11:00:52,080 [INFO] PluginManage:310 - Check plugin pinoutandconfiguration
2026-02-17 11:00:52,110 [INFO] PluginManage:359 - Loaded plugin pinoutandconfiguration (category:base,tabindex:1)
2026-02-17 11:00:52,110 [INFO] PluginManage:310 - Check plugin pinoutconfig
2026-02-17 11:00:52,288 [WARN] SupportedApi:132 - Cannot load RTOS API schema: s4s-elt-must-match.1: The content of 'definitions' must match (annotation?, (simpleType | complexType)?, (unique | key | keyref)*)). A problem was found starting at: attribute.
2026-02-17 11:00:52,607 [INFO] PluginManage:359 - Loaded plugin pinoutconfig (category:base,tabindex:0)
2026-02-17 11:00:52,608 [INFO] PluginManage:310 - Check plugin power
2026-02-17 11:00:52,637 [INFO] PluginManage:359 - Loaded plugin power (category:power,tabindex:4)
2026-02-17 11:00:52,637 [INFO] PluginManage:310 - Check plugin projectmanager
2026-02-17 11:00:52,657 [INFO] PluginManage:359 - Loaded plugin projectmanager (category:projectmanager,tabindex:4)
2026-02-17 11:00:52,657 [INFO] PluginManage:310 - Check plugin rif
2026-02-17 11:00:52,682 [INFO] PluginManage:359 - Loaded plugin rif (category:base,tabindex:3)
2026-02-17 11:00:52,683 [INFO] PluginManage:310 - Check plugin thirdparty
2026-02-17 11:00:53,006 [INFO] PluginManage:359 - Loaded plugin thirdparty (category:base,tabindex:-1)
2026-02-17 11:00:53,006 [INFO] PluginManage:310 - Check plugin tools
2026-02-17 11:00:53,006 [WARN] IntegrityCheckThread:84 - waiting for thirdparty lock release [integrity check]
2026-02-17 11:00:53,006 [INFO] IntegrityCheckThread:86 - entering critical section [integrity check]
2026-02-17 11:00:53,006 [INFO] ThirdPartyUpdaterWithRetryManager:70 - Updater plugin not ready yet. [1/15]
2026-02-17 11:00:53,014 [INFO] PluginManage:359 - Loaded plugin tools (category:base,tabindex:7)
2026-02-17 11:00:53,014 [INFO] PluginManage:310 - Check plugin tutovideos
2026-02-17 11:00:53,582 [INFO] PluginManage:359 - Loaded plugin tutovideos (category:base,tabindex:-1)
2026-02-17 11:00:53,583 [INFO] PluginManage:310 - Check plugin updater
2026-02-17 11:00:53,607 [INFO] PluginManage:359 - Loaded plugin updater (category:base,tabindex:12)
2026-02-17 11:00:53,608 [INFO] PluginManage:310 - Check plugin userauth
2026-02-17 11:00:53,617 [INFO] UserAuth:118 - Init User Auth plugin
2026-02-17 11:00:53,618 [INFO] PluginManage:359 - Loaded plugin userauth (category:base,tabindex:14)
2026-02-17 11:00:53,618 [INFO] PluginManage:283 - PluginManage : Loaded plugins [18]
2026-02-17 11:00:54,117 [INFO] PinOutPanel:1589 - setPackage(No Configuration,No Configuration)
2026-02-17 11:00:54,302 [INFO] CADModel:165 - CPN selected for project level
2026-02-17 11:00:54,302 [INFO] CADModel:114 - Register for checkConnection events
2026-02-17 11:00:54,350 [INFO] IPUIPlugin:80 - create IPUIPlugin
2026-02-17 11:00:54,350 [INFO] PluginManager:220 - loadIPPluginJar : add adc
2026-02-17 11:00:54,353 [INFO] IPUIPlugin:80 - create IPUIPlugin
2026-02-17 11:00:54,353 [INFO] PluginManager:220 - loadIPPluginJar : add aes
2026-02-17 11:00:54,361 [INFO] IPUIPlugin:80 - create IPUIPlugin
2026-02-17 11:00:54,361 [INFO] PluginManager:220 - loadIPPluginJar : add can
2026-02-17 11:00:54,366 [INFO] IPUIPlugin:80 - create IPUIPlugin
2026-02-17 11:00:54,366 [INFO] PluginManager:220 - loadIPPluginJar : add comp
2026-02-17 11:00:54,372 [INFO] IPUIPlugin:80 - create IPUIPlugin
2026-02-17 11:00:54,372 [INFO] PluginManager:220 - loadIPPluginJar : add cryp
2026-02-17 11:00:54,380 [INFO] IPUIPlugin:80 - create IPUIPlugin
2026-02-17 11:00:54,380 [INFO] PluginManager:220 - loadIPPluginJar : add ddr_ctrl_phy
2026-02-17 11:00:54,382 [INFO] IPUIPlugin:80 - create IPUIPlugin
2026-02-17 11:00:54,382 [INFO] PluginManager:220 - loadIPPluginJar : add dfsdm
2026-02-17 11:00:54,390 [INFO] IPUIPlugin:80 - create IPUIPlugin
2026-02-17 11:00:54,392 [INFO] PluginManager:220 - loadIPPluginJar : add dma
2026-02-17 11:00:54,399 [INFO] IPUIPlugin:80 - create IPUIPlugin
2026-02-17 11:00:54,400 [INFO] PluginManager:220 - loadIPPluginJar : add dma3
2026-02-17 11:00:54,407 [INFO] IPUIPlugin:80 - create IPUIPlugin
2026-02-17 11:00:54,407 [INFO] PluginManager:220 - loadIPPluginJar : add extmemmanager
2026-02-17 11:00:54,412 [INFO] IPUIPlugin:80 - create IPUIPlugin
2026-02-17 11:00:54,412 [INFO] PluginManager:220 - loadIPPluginJar : add fatfs
2026-02-17 11:00:54,420 [INFO] IPUIPlugin:80 - create IPUIPlugin
2026-02-17 11:00:54,420 [INFO] PluginManager:220 - loadIPPluginJar : add fmc
2026-02-17 11:00:54,425 [INFO] IPUIPlugin:80 - create IPUIPlugin
2026-02-17 11:00:54,425 [INFO] PluginManager:220 - loadIPPluginJar : add freertos
2026-02-17 11:00:54,431 [INFO] IPUIPlugin:80 - create IPUIPlugin
2026-02-17 11:00:54,431 [INFO] PluginManager:220 - loadIPPluginJar : add genericplugin
2026-02-17 11:00:54,437 [INFO] IPUIPlugin:80 - create IPUIPlugin
2026-02-17 11:00:54,438 [INFO] PluginManager:220 - loadIPPluginJar : add gfxmmu
2026-02-17 11:00:54,441 [INFO] IPUIPlugin:80 - create IPUIPlugin
2026-02-17 11:00:54,441 [INFO] PluginManager:220 - loadIPPluginJar : add gic
2026-02-17 11:00:54,445 [INFO] IPUIPlugin:80 - create IPUIPlugin
2026-02-17 11:00:54,445 [INFO] PluginManager:220 - loadIPPluginJar : add gpio
2026-02-17 11:00:54,453 [INFO] IPUIPlugin:80 - create IPUIPlugin
2026-02-17 11:00:54,453 [INFO] PluginManager:220 - loadIPPluginJar : add gtzc
2026-02-17 11:00:54,459 [INFO] IPUIPlugin:80 - create IPUIPlugin
2026-02-17 11:00:54,459 [INFO] PluginManager:220 - loadIPPluginJar : add hash
2026-02-17 11:00:54,467 [INFO] IPUIPlugin:80 - create IPUIPlugin
2026-02-17 11:00:54,467 [INFO] PluginManager:220 - loadIPPluginJar : add i2c
2026-02-17 11:00:54,473 [INFO] IPUIPlugin:80 - create IPUIPlugin
2026-02-17 11:00:54,473 [INFO] PluginManager:220 - loadIPPluginJar : add i2s
2026-02-17 11:00:54,480 [INFO] IPUIPlugin:80 - create IPUIPlugin
2026-02-17 11:00:54,480 [INFO] PluginManager:220 - loadIPPluginJar : add i3c
2026-02-17 11:00:54,493 [INFO] IPUIPlugin:80 - create IPUIPlugin
2026-02-17 11:00:54,494 [INFO] PluginManager:220 - loadIPPluginJar : add ipddr
2026-02-17 11:00:54,509 [INFO] IPUIPlugin:80 - create IPUIPlugin
2026-02-17 11:00:54,509 [INFO] PluginManager:220 - loadIPPluginJar : add linkedlist
2026-02-17 11:00:54,511 [INFO] IPUIPlugin:80 - create IPUIPlugin
2026-02-17 11:00:54,511 [INFO] PluginManager:220 - loadIPPluginJar : add lorawan
2026-02-17 11:00:54,516 [INFO] IPUIPlugin:80 - create IPUIPlugin
2026-02-17 11:00:54,516 [INFO] PluginManager:220 - loadIPPluginJar : add ltdc
2026-02-17 11:00:54,522 [INFO] IPUIPlugin:80 - create IPUIPlugin
2026-02-17 11:00:54,523 [INFO] PluginManager:220 - loadIPPluginJar : add mdma
2026-02-17 11:00:54,531 [INFO] IPUIPlugin:80 - create IPUIPlugin
2026-02-17 11:00:54,532 [INFO] PluginManager:220 - loadIPPluginJar : add nvic
2026-02-17 11:00:54,537 [INFO] IPUIPlugin:80 - create IPUIPlugin
2026-02-17 11:00:54,537 [INFO] PluginManager:220 - loadIPPluginJar : add opamp
2026-02-17 11:00:54,540 [INFO] IPUIPlugin:80 - create IPUIPlugin
2026-02-17 11:00:54,540 [INFO] PluginManager:220 - loadIPPluginJar : add openamp
2026-02-17 11:00:54,544 [INFO] IPUIPlugin:80 - create IPUIPlugin
2026-02-17 11:00:54,545 [INFO] PluginManager:220 - loadIPPluginJar : add pdm2pcm
2026-02-17 11:00:54,554 [INFO] IPUIPlugin:80 - create IPUIPlugin
2026-02-17 11:00:54,558 [INFO] PluginManager:220 - loadIPPluginJar : add plateformsettings
2026-02-17 11:00:54,560 [INFO] IPUIPlugin:80 - create IPUIPlugin
2026-02-17 11:00:54,560 [INFO] PluginManager:220 - loadIPPluginJar : add quadspi
2026-02-17 11:00:54,568 [INFO] IPUIPlugin:80 - create IPUIPlugin
2026-02-17 11:00:54,568 [INFO] PluginManager:220 - loadIPPluginJar : add radio
2026-02-17 11:00:54,576 [INFO] IPUIPlugin:80 - create IPUIPlugin
2026-02-17 11:00:54,576 [INFO] PluginManager:220 - loadIPPluginJar : add resmgrutility
2026-02-17 11:00:54,579 [INFO] IPUIPlugin:80 - create IPUIPlugin
2026-02-17 11:00:54,579 [INFO] PluginManager:220 - loadIPPluginJar : add sai
2026-02-17 11:00:54,587 [INFO] IPUIPlugin:80 - create IPUIPlugin
2026-02-17 11:00:54,587 [INFO] PluginManager:220 - loadIPPluginJar : add spi
2026-02-17 11:00:54,596 [INFO] IPUIPlugin:80 - create IPUIPlugin
2026-02-17 11:00:54,596 [INFO] PluginManager:220 - loadIPPluginJar : add stm32_wpan
2026-02-17 11:00:54,597 [INFO] IPUIPlugin:80 - create IPUIPlugin
2026-02-17 11:00:54,597 [INFO] PluginManager:220 - loadIPPluginJar : add tim
2026-02-17 11:00:54,605 [INFO] IPUIPlugin:80 - create IPUIPlugin
2026-02-17 11:00:54,606 [INFO] PluginManager:220 - loadIPPluginJar : add touchsensing
2026-02-17 11:00:54,607 [INFO] IPUIPlugin:80 - create IPUIPlugin
2026-02-17 11:00:54,607 [INFO] PluginManager:220 - loadIPPluginJar : add tracer_emb
2026-02-17 11:00:54,609 [INFO] IPUIPlugin:80 - create IPUIPlugin
2026-02-17 11:00:54,609 [INFO] PluginManager:220 - loadIPPluginJar : add ts
2026-02-17 11:00:54,610 [INFO] IPUIPlugin:80 - create IPUIPlugin
2026-02-17 11:00:54,610 [INFO] PluginManager:220 - loadIPPluginJar : add tsc
2026-02-17 11:00:54,611 [INFO] IPUIPlugin:80 - create IPUIPlugin
2026-02-17 11:00:54,611 [INFO] PluginManager:220 - loadIPPluginJar : add ucpd
2026-02-17 11:00:54,622 [INFO] IPUIPlugin:80 - create IPUIPlugin
2026-02-17 11:00:54,622 [INFO] PluginManager:220 - loadIPPluginJar : add usart
2026-02-17 11:00:54,627 [INFO] IPUIPlugin:80 - create IPUIPlugin
2026-02-17 11:00:54,627 [INFO] PluginManager:220 - loadIPPluginJar : add usbx
2026-02-17 11:00:54,800 [FATAL] Updater:351 - Updater called before beeing initialized
2026-02-17 11:00:54,890 [INFO] RulesReader:64 - Compatibility file has been processed (317 Rules)
2026-02-17 11:00:54,903 [INFO] RulesReader:64 - Compatibility file has been processed (317 Rules)
2026-02-17 11:00:54,916 [INFO] CADModel:165 - CPN selected for project level
2026-02-17 11:00:54,917 [INFO] CADModel:114 - Register for checkConnection events
2026-02-17 11:00:54,917 [FATAL] Updater:351 - Updater called before beeing initialized
2026-02-17 11:00:54,917 [ERROR] CADModel:125 - Updater not yet initialized, retry later 
2026-02-17 11:00:55,301 [FATAL] Updater:351 - Updater called before beeing initialized
2026-02-17 11:00:55,309 [INFO] CADModel:165 - CPN selected for project level
2026-02-17 11:00:55,309 [INFO] CADModel:114 - Register for checkConnection events
2026-02-17 11:00:55,309 [FATAL] Updater:351 - Updater called before beeing initialized
2026-02-17 11:00:55,309 [ERROR] CADModel:125 - Updater not yet initialized, retry later 
2026-02-17 11:00:55,312 [FATAL] Updater:351 - Updater called before beeing initialized
2026-02-17 11:00:55,602 [FATAL] Updater:351 - Updater called before beeing initialized
2026-02-17 11:00:55,610 [INFO] DbMcusAds:53 - JSON generation date=Tue Feb 10 17:46:36 IST 2026 (1770725796209)
2026-02-17 11:00:55,610 [FATAL] Updater:351 - Updater called before beeing initialized
2026-02-17 11:00:55,741 [WARN] DetailPanel:346 - Failed to get advertising image, set to default
2026-02-17 11:00:55,891 [FATAL] Updater:351 - Updater called before beeing initialized
2026-02-17 11:00:55,893 [FATAL] Updater:351 - Updater called before beeing initialized
2026-02-17 11:00:55,893 [FATAL] Updater:351 - Updater called before beeing initialized
2026-02-17 11:00:55,893 [WARN] DetailPanel:346 - Failed to get advertising image, set to default
2026-02-17 11:00:55,894 [FATAL] Updater:351 - Updater called before beeing initialized
2026-02-17 11:00:55,975 [ERROR] Updater:1198 - MainUpdater not yet initialized. External WinMGr cannot be set.
2026-02-17 11:00:55,977 [INFO] Updater:1134 - Updater Version found : 6.15.0
2026-02-17 11:00:55,991 [INFO] ApplicationProperties:184 - Using Application install path: D:\STM32CubeIDE_1.19.0\STM32CubeIDE\plugins\com.st.stm32cube.common.mx_6.15.0.202507011659
2026-02-17 11:00:56,008 [INFO] ThirdPartyUpdaterWithRetryManager:70 - Updater plugin not ready yet. [2/15]
2026-02-17 11:00:57,582 [ERROR] LogOutputStream:75 - [STDERR_REDIRECT] Feb 17, 2026 11:00:57 AM java.util.prefs.WindowsPreferences <init>
2026-02-17 11:00:57,584 [ERROR] LogOutputStream:75 - [STDERR_REDIRECT] WARNING: Could not open/create prefs root node Software\JavaSoft\Prefs at root 0xffffffff80000002. Windows RegCreateKeyEx(...) returned error code 5.
2026-02-17 11:00:57,585 [ERROR] LogOutputStream:75 - [STDERR_REDIRECT] 
2026-02-17 11:00:58,047 [INFO] MainUpdater:2872 - connection check result : 10
2026-02-17 11:00:58,048 [INFO] MainUpdater:289 - Updater Check For Update Now.
2026-02-17 11:00:58,048 [INFO] MicroXplorer:498 - Change Database Version : DB.6.0.150
2026-02-17 11:00:58,062 [INFO] McuFinderGlobals:63 - Set McuFinder mode to 2 (CubeIDE integrated)
2026-02-17 11:00:58,068 [INFO] UserAuth:487 - Internet connection configuration mode: 1
2026-02-17 11:00:58,132 [INFO] JxBrowserEngine:152 - Initiate JxBrowser Engine with user profile folder
2026-02-17 11:00:58,278 [INFO] CheckServerUpdateThread:120 - End of CheckServer Thread
2026-02-17 11:00:59,599 [WARN] PackLoader:240 - Cannot read IP mode file for STMicroelectronics.FP-SNS-MOTENVWB1.1.4.0
2026-02-17 11:00:59,619 [WARN] PackLoader:240 - Cannot read IP mode file for STMicroelectronics.FP-ATR-ASTRA1.2.0.2
2026-02-17 11:00:59,639 [WARN] PackLoader:240 - Cannot read IP mode file for STMicroelectronics.X-CUBE-SMBUS.2.1.0
2026-02-17 11:00:59,694 [WARN] PackLoader:240 - Cannot read IP mode file for STMicroelectronics.X-CUBE-AZRTOS-F7.1.1.0
2026-02-17 11:00:59,711 [WARN] PackLoader:240 - Cannot read IP mode file for STMicroelectronics.FP-SNS-MOTENV1.5.1.0
2026-02-17 11:00:59,734 [WARN] PackLoader:240 - Cannot read IP mode file for WES.I-CUBE-Cesium.1.4.0
2026-02-17 11:00:59,790 [WARN] PackLoader:240 - Cannot read IP mode file for STMicroelectronics.X-CUBE-AZRTOS-H7.3.4.0
2026-02-17 11:00:59,819 [WARN] PackLoader:240 - Cannot read IP mode file for STMicroelectronics.X-CUBE-DISPLAY.3.0.0
2026-02-17 11:00:59,840 [WARN] PackLoader:240 - Cannot read IP mode file for STMicroelectronics.X-CUBE-NFC10.1.0.0
2026-02-17 11:00:59,850 [WARN] PackLoader:240 - Cannot read IP mode file for STMicroelectronics.X-CUBE-ST60.1.1.0
2026-02-17 11:00:59,859 [WARN] PackLoader:240 - Cannot read IP mode file for emotas.I-CUBE-CANOPEN.1.3.0
2026-02-17 11:00:59,868 [WARN] PackLoader:240 - Cannot read IP mode file for STMicroelectronics.X-CUBE-GNSS1.7.1.0
2026-02-17 11:00:59,882 [WARN] PackLoader:240 - Cannot read IP mode file for STMicroelectronics.FP-SNS-STBOX1.2.1.0
2026-02-17 11:00:59,892 [WARN] PackLoader:240 - Cannot read IP mode file for STMicroelectronics.FP-SNS-SMARTAG2.1.2.0
2026-02-17 11:00:59,902 [WARN] PackLoader:240 - Cannot read IP mode file for STMicroelectronics.FP-SNS-FLIGHT1.5.1.0
2026-02-17 11:00:59,916 [INFO] LogOutputStream:77 - [STDOUT_REDIRECT] 1 : Invalid condition id : UX_CORESTACK_Condition cause : null
2026-02-17 11:00:59,917 [INFO] LogOutputStream:77 - [STDOUT_REDIRECT] 1 : Invalid condition id : UX_CORESTACK_Condition cause : null
2026-02-17 11:00:59,919 [INFO] LogOutputStream:77 - [STDOUT_REDIRECT] 1 : Invalid condition id : UX_CORESTACK_Condition cause : null
2026-02-17 11:00:59,920 [INFO] LogOutputStream:77 - [STDOUT_REDIRECT] 1 : Invalid condition id : UX_CORESTACK_Condition cause : null
2026-02-17 11:00:59,921 [INFO] LogOutputStream:77 - [STDOUT_REDIRECT] 1 : Invalid condition id : UX_CORESTACK_Condition cause : null
2026-02-17 11:00:59,924 [WARN] PackLoader:240 - Cannot read IP mode file for STMicroelectronics.X-CUBE-AZRTOS-WL.2.0.0
2026-02-17 11:00:59,952 [WARN] PackLoader:240 - Cannot read IP mode file for STMicroelectronics.X-CUBE-AZRTOS-H7RS.1.2.0
2026-02-17 11:00:59,965 [WARN] PackLoader:240 - Cannot read IP mode file for STMicroelectronics.X-CUBE-BLE2.3.3.0
2026-02-17 11:01:00,055 [WARN] PackLoader:240 - Cannot read IP mode file for Infineon.AIROC-Wi-Fi-Bluetooth-STM32.1.8.0
2026-02-17 11:01:00,069 [WARN] PackLoader:240 - Cannot read IP mode file for STMicroelectronics.X-CUBE-NFC9.1.0.0
2026-02-17 11:01:00,080 [WARN] PackLoader:240 - Cannot read IP mode file for STMicroelectronics.X-CUBE-BLE1.7.1.0
2026-02-17 11:01:00,087 [WARN] PackLoader:240 - Cannot read IP mode file for wolfSSL.I-CUBE-wolfMQTT.1.19.2
2026-02-17 11:01:00,091 [INFO] WebApp:169 - Instantiating new browser for Auth
2026-02-17 11:01:00,099 [WARN] PackLoader:240 - Cannot read IP mode file for STMicroelectronics.X-CUBE-FREERTOS.1.4.0
2026-02-17 11:01:00,123 [WARN] PackLoader:240 - Cannot read IP mode file for STMicroelectronics.X-CUBE-EEPRMA1.5.2.0
2026-02-17 11:01:00,139 [WARN] PackLoader:240 - Cannot read IP mode file for wolfSSL.I-CUBE-wolfSSL.5.8.4
2026-02-17 11:01:00,146 [WARN] PackLoader:240 - Cannot read IP mode file for Cesanta.I-CUBE-Mongoose.7.20.0
2026-02-17 11:01:00,244 [WARN] PackLoader:240 - Cannot read IP mode file for STMicroelectronics.X-CUBE-MEMS1.12.0.0
2026-02-17 11:01:00,429 [WARN] PackLoader:240 - Cannot read IP mode file for STMicroelectronics.X-CUBE-AZRTOS-G0.1.1.0
2026-02-17 11:01:00,441 [WARN] PackLoader:240 - Cannot read IP mode file for STMicroelectronics.X-CUBE-NFC4.3.0.0
2026-02-17 11:01:00,453 [WARN] PackLoader:240 - Cannot read IP mode file for EmbeddedOffice.I-CUBE-FS-RTOS.1.0.1
2026-02-17 11:01:00,463 [WARN] PackLoader:240 - Cannot read IP mode file for STMicroelectronics.X-CUBE-WB05N.2.0.0
2026-02-17 11:01:00,470 [WARN] PackLoader:240 - Cannot read IP mode file for wolfSSL.I-CUBE-wolfTPM.3.8.0
2026-02-17 11:01:00,478 [WARN] PackLoader:240 - Cannot read IP mode file for STMicroelectronics.X-CUBE-TCPP.4.2.0
2026-02-17 11:01:00,486 [WARN] PackLoader:240 - Cannot read IP mode file for RealThread.X-CUBE-RT-Thread_Nano.4.1.1
2026-02-17 11:01:00,492 [WARN] PackLoader:240 - Cannot read IP mode file for STMicroelectronics.FP-ATR-SIGFOX1.3.2.0
2026-02-17 11:01:00,503 [WARN] PackLoader:240 - Cannot read IP mode file for ITTIA_DB.I-CUBE-ITTIADB.8.9.0
2026-02-17 11:01:00,513 [WARN] PackLoader:240 - Cannot read IP mode file for STMicroelectronics.X-CUBE-NFC6.3.2.0
2026-02-17 11:01:00,523 [WARN] PackLoader:240 - Cannot read IP mode file for STMicroelectronics.X-CUBE-AI.10.2.0
2026-02-17 11:01:00,567 [WARN] PackLoader:240 - Cannot read IP mode file for SEGGER.I-CUBE-embOS.1.3.1
2026-02-17 11:01:00,618 [WARN] PackLoader:240 - Cannot read IP mode file for STMicroelectronics.X-CUBE-ALGOBUILD.1.4.0
2026-02-17 11:01:00,628 [WARN] PackLoader:240 - Cannot read IP mode file for STMicroelectronics.X-CUBE-PM33A1.1.0.0
2026-02-17 11:01:00,658 [WARN] PackLoader:240 - Cannot read IP mode file for STMicroelectronics.X-CUBE-AZRTOS-F4.1.1.0
2026-02-17 11:01:00,672 [WARN] PackLoader:240 - Cannot read IP mode file for STMicroelectronics.X-CUBE-ISPU.2.1.0
2026-02-17 11:01:00,692 [WARN] PackLoader:240 - Cannot read IP mode file for STMicroelectronics.X-CUBE-IPS.3.2.0
2026-02-17 11:01:00,728 [WARN] PackLoader:240 - Cannot read IP mode file for STMicroelectronics.X-CUBE-NFC12.1.0.0
2026-02-17 11:01:00,757 [WARN] PackLoader:240 - Cannot read IP mode file for STMicroelectronics.X-CUBE-AZRTOS-L5.2.0.0
2026-02-17 11:01:00,773 [WARN] PackLoader:240 - Cannot read IP mode file for STMicroelectronics.X-CUBE-TOUCHGFX.4.26.0
2026-02-17 11:01:00,782 [WARN] PackLoader:240 - Cannot read IP mode file for STMicroelectronics.FP-SNS-STAIOTCFT.1.0.0
2026-02-17 11:01:00,795 [WARN] PackLoader:240 - Cannot read IP mode file for STMicroelectronics.X-CUBE-DPower.1.3.0
2026-02-17 11:01:00,822 [WARN] ConditionMgr:438 - getConditionDescription Invalid condition id : LAN8742 Phy interface Condition cause : null
2026-02-17 11:01:00,823 [WARN] PackLoader:240 - Cannot read IP mode file for STMicroelectronics.X-CUBE-AZRTOS-L4.2.0.0
2026-02-17 11:01:00,825 [WARN] ConditionMgr:1044 - genDependencies : Invalid condition id : LAN8742 Phy interface Condition cause : null
2026-02-17 11:01:00,826 [WARN] ConditionMgr:1044 - genDependencies : Invalid condition id : LAN8742 Phy interface Condition cause : null
2026-02-17 11:01:00,827 [WARN] ConditionMgr:1044 - genDependencies : Invalid condition id : LAN8742 Phy interface Condition cause : null
2026-02-17 11:01:00,838 [WARN] PackLoader:240 - Cannot read IP mode file for STMicroelectronics.X-CUBE-SFXS2LP1.4.0.0
2026-02-17 11:01:00,851 [WARN] PackLoader:240 - Cannot read IP mode file for STMicroelectronics.X-CUBE-ST67W61.1.2.0
2026-02-17 11:01:00,879 [WARN] PackLoader:240 - Cannot read IP mode file for STMicroelectronics.X-CUBE-BLEMGR.4.1.0
2026-02-17 11:01:00,897 [WARN] ConditionMgr:438 - getConditionDescription Invalid condition id : UX DEVICE CLASS RTOS Condition cause : null
2026-02-17 11:01:00,897 [WARN] ConditionMgr:438 - getConditionDescription Invalid condition id : UX DEVICE CLASS RTOS Condition cause : null
2026-02-17 11:01:00,899 [WARN] PackLoader:240 - Cannot read IP mode file for STMicroelectronics.X-CUBE-AZRTOS-WB.2.0.0
2026-02-17 11:01:00,899 [WARN] ConditionMgr:1044 - genDependencies : Invalid condition id : UX DEVICE CLASS RTOS Condition cause : null
2026-02-17 11:01:00,899 [WARN] ConditionMgr:1044 - genDependencies : Invalid condition id : UX DEVICE CLASS RTOS Condition cause : null
2026-02-17 11:01:00,900 [WARN] ConditionMgr:1044 - genDependencies : Invalid condition id : UX DEVICE CLASS RTOS Condition cause : null
2026-02-17 11:01:00,900 [WARN] ConditionMgr:1044 - genDependencies : Invalid condition id : UX DEVICE CLASS RTOS Condition cause : null
2026-02-17 11:01:00,900 [WARN] ConditionMgr:1044 - genDependencies : Invalid condition id : UX DEVICE CLASS RTOS Condition cause : null
2026-02-17 11:01:00,906 [WARN] ConditionMgr:438 - getConditionDescription Invalid condition id : Cortex-A Device cause : null
2026-02-17 11:01:00,937 [WARN] ConditionMgr:1044 - genDependencies : Invalid condition id : Cortex-A Device cause : null
2026-02-17 11:01:00,937 [WARN] ConditionMgr:1044 - genDependencies : Invalid condition id : Cortex-A Device cause : null
2026-02-17 11:01:00,938 [WARN] ConditionMgr:1044 - genDependencies : Invalid condition id : Cortex-A Device cause : null
2026-02-17 11:01:00,946 [WARN] PackLoader:240 - Cannot read IP mode file for STMicroelectronics.X-CUBE-STSE01.2.0.0
2026-02-17 11:01:00,957 [WARN] PackLoader:240 - Cannot read IP mode file for STMicroelectronics.X-CUBE-SUBG2.5.0.0
2026-02-17 11:01:00,979 [WARN] PackLoader:240 - Cannot read IP mode file for STMicroelectronics.X-CUBE-AZRTOS-G4.2.0.0
2026-02-17 11:01:00,992 [WARN] PackLoader:240 - Cannot read IP mode file for wolfSSL.I-CUBE-wolfSSH.1.4.20
2026-02-17 11:01:00,998 [WARN] PackLoader:240 - Cannot read IP mode file for STMicroelectronics.X-CUBE-NFC7.2.0.0
2026-02-17 11:01:01,008 [WARN] PackLoader:240 - Cannot read IP mode file for STMicroelectronics.X-CUBE-ALS.1.0.2
2026-02-17 11:01:01,020 [WARN] PackLoader:240 - Cannot read IP mode file for STMicroelectronics.X-CUBE-TOF1.3.4.3
2026-02-17 11:01:01,031 [INFO] ThirdParty:978 - Integrity check success = true
2026-02-17 11:01:01,031 [INFO] IntegrityCheckThread:100 - exiting critical section [integrity check]
2026-02-17 11:01:01,031 [INFO] IntegrityCheckThread:103 - End integrity checks thread
2026-02-17 11:01:01,874 [INFO] WebApp:463 - Apply proxy settings
2026-02-17 11:01:01,875 [INFO] WebApp:548 - Chromium requires no authentication
2026-02-17 11:01:01,900 [INFO] WebApp:491 - Direct internet connection detected
2026-02-17 11:01:01,954 [INFO] WebApp:900 - Register for checkConnection events
2026-02-17 11:01:01,955 [INFO] WebApp:463 - Apply proxy settings
2026-02-17 11:01:01,956 [INFO] WebApp:548 - Chromium requires no authentication
2026-02-17 11:01:01,957 [INFO] WebApp:491 - Direct internet connection detected
2026-02-17 11:01:02,206 [INFO] WebApp:191 - Connection restablished
2026-02-17 11:01:02,557 [INFO] WebApp:225 - Starting web application
2026-02-17 11:01:02,557 [INFO] WebApp:593 - Web application path used D:\STM32CubeIDE_1.19.0\STM32CubeIDE\plugins\com.st.stm32cube.common.mx_6.15.0.202507011659\db\plugins\mcufinder\reactClient1\index.html
2026-02-17 11:01:02,721 [INFO] UserAuth:487 - Internet connection configuration mode: 1
2026-02-17 11:02:13,269 [INFO] McuFinderGlobals:63 - Set McuFinder mode to 2 (CubeIDE integrated)
2026-02-17 11:02:13,283 [INFO] MainUpdater:2872 - connection check result : 10
2026-02-17 11:02:14,203 [INFO] ApiDb:581 - Connected to CubeFinder SQLite database (C:\Users\Hemanth Madu\.stmcufinder\plugins\mcufinder\mcu\cube-finder-db.db)
2026-02-17 11:02:14,403 [INFO] ApiDb:668 - CubeFinder database Data Model version=2.1
2026-02-17 11:02:14,403 [INFO] ApiDb:669 - CubeFinder database Configuration version=3.0.39
2026-02-17 11:02:14,403 [INFO] ApiDb:670 - CubeFinder database generation date=2025-12-22 (1766407740)
2026-02-17 11:02:14,403 [INFO] ApiDb:671 - CubeFinder database FW Pack versions=[FP-ATR-ASTRA1_V2.0.0, FP-SNS-FLIGHT1_V5.1.0, FP-SNS-MOTENV1_V5.1.0, FP-SNS-MOTENVWB1_V1.4.0, FP-SNS-SMARTAG2_V1.2.0, FP-SNS-STBOX1_V2.1.0, STM32Cube_FW_C0_V1.4.0, STM32Cube_FW_F4_V1.28.3, STM32Cube_FW_F7_V1.17.4, STM32Cube_FW_G0_V1.6.2, STM32Cube_FW_G4_V1.6.1, STM32Cube_FW_H5_V1.5.1, STM32Cube_FW_H7RS_V1.3.0, STM32Cube_FW_H7_V1.12.1, STM32Cube_FW_L0_V1.12.2, STM32Cube_FW_L4_V1.18.1, STM32Cube_FW_L5_V1.6.0, STM32Cube_FW_N6_V1.3.0, STM32Cube_FW_U0_V1.3.0, STM32Cube_FW_U3_V1.2.1, STM32Cube_FW_U5_V1.8.0, STM32Cube_FW_WB0_V1.4.0, STM32Cube_FW_WBA_V1.8.0, STM32Cube_FW_WB_V1.24.0, STM32Cube_FW_WL3_V1.3.0, STM32Cube_FW_WL_V1.4.0, X-CUBE-ALGOBUILD_V1.4.0, X-CUBE-ALS_V1.0.2, X-CUBE-AZRTOS-F4_V1.1.0, X-CUBE-AZRTOS-F7_V1.1.0, X-CUBE-AZRTOS-G0_V1.1.0, X-CUBE-AZRTOS-G4_V2.0.0, X-CUBE-AZRTOS-H7RS_V1.1.0, X-CUBE-AZRTOS-H7_V3.4.0, X-CUBE-AZRTOS-L4_V2.0.0, X-CUBE-AZRTOS-L5_V2.0.0, X-CUBE-AZRTOS-WB_V2.0.0, X-CUBE-AZRTOS-WL_V2.0.0, X-CUBE-BLE1_V7.1.0, X-CUBE-BLE2_V3.3.0, X-CUBE-BLEMGR_V4.1.0, X-CUBE-EEPRMA1_V5.2.0, X-CUBE-FREERTOS_V1.3.1, X-CUBE-GNSS1_V6.0.0, X-CUBE-MEMS1_V12.0.0, X-CUBE-NFC4_V3.0.0, X-CUBE-NFC7_V2.0.0, X-CUBE-SFXS2LP1_V4.0.0, X-CUBE-ST67W61_V1.1.0, X-CUBE-SUBG2_V5.0.0, X-CUBE-TOF1_V3.4.3]
2026-02-17 11:02:23,110 [INFO] ApiDb:240 - Found 880 in-development CPN: [B-G473E-ZEST1S, B-WB1M-WPAN1, B-WBA5M-WPAN, B-WL5M-SUBG1, NUCLEO-C031C6, NUCLEO-C051C8, NUCLEO-C071RB, NUCLEO-C092RC, NUCLEO-H503RB, NUCLEO-H533RE, NUCLEO-H563ZI, NUCLEO-H7S3L8, NUCLEO-N657X0-Q, NUCLEO-U031R8, NUCLEO-U083RC, NUCLEO-U385RG-Q, NUCLEO-U545RE-Q, NUCLEO-U5A5ZJ-Q, NUCLEO-WB05KZ, NUCLEO-WB07CC, NUCLEO-WB09KE, NUCLEO-WBA52CG, NUCLEO-WBA55CG, NUCLEO-WL33CC1, NUCLEO-WL33CC2, STEVAL-PROTEUS1, STEVAL-SMARTAG2, STEVAL-STWINBX1, STM320518-EVAL, STM32C0116-DK, STM32C011D6Y3TR, STM32C011D6Y6TR, STM32C011F4P3, STM32C011F4P6, STM32C011F4U3, STM32C011F4U6TR, STM32C011F6P3, STM32C011F6P6, STM32C011F6U3, STM32C011F6U6TR, STM32C011J4M3, STM32C011J4M6, STM32C011J6M3, STM32C011J6M6, STM32C0316-DK, STM32C031C4T3, STM32C031C4T6, STM32C031C4U3, STM32C031C4U6, STM32C031C6T3, STM32C031C6T6, STM32C031C6U3, STM32C031C6U6, STM32C031F4P3, STM32C031F4P6, STM32C031F6P3, STM32C031F6P6, STM32C031G4U3, STM32C031G4U6, STM32C031G6U3, STM32C031G6U6, STM32C031K4T3, STM32C031K4T6, STM32C031K4U3, STM32C031K4U6, STM32C031K6T3, STM32C031K6T6, STM32C031K6U3, STM32C031K6U6, STM32C051C6T6, STM32C051C6U6, STM32C051C8T6, STM32C051C8U6, STM32C051D8Y6TR, STM32C051F6P6, STM32C051F8P6, STM32C051G6U6, STM32C051G8U6, STM32C051K6T6, STM32C051K6U6, STM32C051K8T6, STM32C071C8T6, STM32C071C8T6N, STM32C071C8U6, STM32C071C8U6N, STM32C071CBT6, STM32C071CBT6N, STM32C071CBU6, STM32C071CBU6N, STM32C071F8P6, STM32C071F8P6N, STM32C071FBP6, STM32C071FBP6N, STM32C071FBY6TR, STM32C071G8U6, STM32C071G8U6N, STM32C071GBU6, STM32C071GBU6N, STM32C071K8T6, STM32C071K8T6N, STM32C071K8U6, STM32C071K8U6N, STM32C071KBT6, STM32C071KBT6N, STM32C071KBU6, STM32C071KBU6N, STM32C071R8T6, STM32C071R8T6N, STM32C071RBI6N, STM32C071RBT6, STM32C071RBT6N, STM32C091CBT6, STM32C091CBU6, STM32C091CCT6, STM32C091CCU6, STM32C091ECY6TR, STM32C091FBP6, STM32C091FCP6, STM32C091GBU6, STM32C091GCU6, STM32C091KBT6, STM32C091KBU6, STM32C091KCT6, STM32C091KCU6, STM32C091RBT6, STM32C091RCI6, STM32C091RCT6, STM32C092CBT6, STM32C092CBU6, STM32C092CCT6, STM32C092CCU6, STM32C092ECY6TR, STM32C092FBP6, STM32C092FCP6, STM32C092GBU6, STM32C092GCU6, STM32C092KBT6, STM32C092KBU6, STM32C092KCT6, STM32C092KCU6, STM32C092RBT6, STM32C092RCI6, STM32C092RCT6, STM32G071K8TXN, STM32G071K8UXN, STM32G081GBU6N, STM32G081KBT6N, STM32G081KBUXN, STM32G0B1CCT6N, STM32G0B1KCT6, STM32G0B1NEY6TR, STM32G0B1RCT6N, STM32G0C1CCT6, STM32G0C1CCT6N, STM32G0C1CCU6N, STM32G0C1CET6N, STM32G0C1CEU6N, STM32G0C1KCT6, STM32G0C1NEY6TR, STM32G0C1RCI6N, STM32G0C1RCT6N, STM32G0C1REI6N, STM32G0C1RET6N, STM32G0C1VCI6, STM32G0C1VEI6, STM32G411C6T3, STM32G411C6T6, STM32G411C6U3, STM32G411C6U6, STM32G411C8T3, STM32G411C8T6, STM32G411C8U3, STM32G411C8U6, STM32G411CBT3, STM32G411CBT6, STM32G411CBU3, STM32G411CBU6, STM32G411K6T3, STM32G411K6T6, STM32G411K6U3, STM32G411K6U6, STM32G411K8T3, STM32G411K8T6, STM32G411K8U3, STM32G411K8U6, STM32G411KBT3, STM32G411KBT6, STM32G411KBU3, STM32G411KBU6, STM32G411M6T3, STM32G411M6T6, STM32G411M8T3, STM32G411M8T6, STM32G411MBT3, STM32G411MBT6, STM32G411R6T3, STM32G411R6T6, STM32G411R8T3, STM32G411R8T6, STM32G411RBT3, STM32G411RBT6, STM32G414CBT3, STM32G414CBT6, STM32G414CBU3, STM32G414CBU6, STM32G414CCT3, STM32G414CCT6, STM32G414CCU3, STM32G414CCU6, STM32G414MBT3, STM32G414MBT6, STM32G414MCT3, STM32G414MCT6, STM32G414RBT3, STM32G414RBT6, STM32G414RCT3, STM32G414RCT6, STM32G414VBT3, STM32G414VBT6, STM32G414VCT3, STM32G414VCT6, STM32G431CBT3Z, STM32G431RBT3Z, STM32G471CCT6, STM32G471CCU6, STM32G471CET3, STM32G471CET6, STM32G471CEU3, STM32G471CEU6, STM32G471MCT6, STM32G471MET3, STM32G471MET6, STM32G471MEY6TR, STM32G471QCT6, STM32G471QET3, STM32G471RCT6, STM32G471RET3, STM32G471RET6, STM32G471VCH6, STM32G471VCI6, STM32G471VCT6, STM32G471VEH3, STM32G471VEH6, STM32G471VEI3, STM32G471VEI6, STM32G471VET3, STM32G471VET6, STM32G473QET3Z, STM32G473RET3Z, STM32G474CCT6, STM32G491RET3Z, STM32H503CBT6, STM32H503CBU6, STM32H503EBY6TR, STM32H503KBU6, STM32H503RBT6, STM32H523CCT6, STM32H523CCU6, STM32H523CET6, STM32H523CEU6, STM32H523HEY6TR, STM32H523RCT6, STM32H523RET6, STM32H523VCI6, STM32H523VCT6, STM32H523VEI6, STM32H523VET6, STM32H523ZCJ6, STM32H523ZCT6, STM32H523ZEJ6, STM32H523ZET6, STM32H533CET6, STM32H533CEU6, STM32H533HEY6TR, STM32H533RET6, STM32H533VEI6, STM32H533VET6, STM32H533ZEJ6, STM32H533ZET6, STM32H562AGI6, STM32H562AII6, STM32H562IGK6, STM32H562IGT6, STM32H562IIK6, STM32H562IIT6, STM32H562RGT6, STM32H562RGV6, STM32H562RIT6, STM32H562RIV6, STM32H562VGT6, STM32H562VIT6, STM32H562ZGT6, STM32H562ZIT6, STM32H563AGI6, STM32H563AII3Q, STM32H563AII6, STM32H563IGK6, STM32H563IGT6, STM32H563IIK3Q, STM32H563IIK6, STM32H563IIT3Q, STM32H563IIT6, STM32H563MIY3QTR, STM32H563RGT6, STM32H563RGV6, STM32H563RIT6, STM32H563RIV6, STM32H563VGT6, STM32H563VIT3Q, STM32H563VIT6, STM32H563ZGT6, STM32H563ZIT3Q, STM32H563ZIT6, STM32H573AII3Q, STM32H573AII6, STM32H573I-DK, STM32H573IIK3Q, STM32H573IIK6, STM32H573IIT3Q, STM32H573IIT6, STM32H573MIY3QTR, STM32H573RIT6, STM32H573RIV6, STM32H573VIT3Q, STM32H573VIT6, STM32H573ZIT3Q, STM32H573ZIT6, STM32H7R3A8I6, STM32H7R3I8K6, STM32H7R3I8T6, STM32H7R3L8H6, STM32H7R3L8H6H, STM32H7R3R8V6, STM32H7R3V8H6, STM32H7R3V8T6, STM32H7R3V8Y6TR, STM32H7R3Z8J6, STM32H7R3Z8T6, STM32H7R7A8I6, STM32H7R7I8K6, STM32H7R7I8T6, STM32H7R7L8H6, STM32H7R7L8H6H, STM32H7R7Z8J6, STM32H7S3A8I6, STM32H7S3I8K6, STM32H7S3I8T6, STM32H7S3L8H6, STM32H7S3L8H6H, STM32H7S3R8V6, STM32H7S3V8H6, STM32H7S3V8T6, STM32H7S3V8Y6TR, STM32H7S3Z8J6, STM32H7S3Z8T6, STM32H7S78-DK, STM32H7S7A8I6, STM32H7S7I8K6, STM32H7S7I8T6, STM32H7S7L8H6, STM32H7S7L8H6H, STM32H7S7Z8J6, STM32L4R5QGI6STR, STM32MP131AAE3, STM32MP131AAF3, STM32MP131AAG3, STM32MP131CAE3, STM32MP131CAF3, STM32MP131CAG3, STM32MP131DAE7, STM32MP131DAF7, STM32MP131DAG7, STM32MP131FAE7, STM32MP131FAF7, STM32MP131FAG7, STM32MP133AAE3, STM32MP133AAF3, STM32MP133AAG3, STM32MP133CAE3, STM32MP133CAF3, STM32MP133CAG3, STM32MP133DAE7, STM32MP133DAF7, STM32MP133DAG7, STM32MP133FAE7, STM32MP133FAF7, STM32MP133FAG7, STM32MP135AAE3, STM32MP135AAF3, STM32MP135AAG3, STM32MP135CAE3, STM32MP135CAF3, STM32MP135CAG3, STM32MP135DAE7, STM32MP135DAF7, STM32MP135DAG7, STM32MP135F-DK, STM32MP135FAE7, STM32MP135FAF7, STM32MP135FAF7T, STM32MP135FAF7U, STM32MP135FAG7, STM32MP211AAL3, STM32MP211AAM3, STM32MP211AAN3, STM32MP211AAO3, STM32MP211CAL3, STM32MP211CAM3, STM32MP211CAN3, STM32MP211CAO3, STM32MP211DAL3, STM32MP211DAM3, STM32MP211DAN3, STM32MP211DAO3, STM32MP211FAL3, STM32MP211FAM3, STM32MP211FAN3, STM32MP211FAO3, STM32MP213AAL3, STM32MP213AAM3, STM32MP213AAN3, STM32MP213AAO3, STM32MP213CAL3, STM32MP213CAM3, STM32MP213CAN3, STM32MP213CAO3, STM32MP213DAL3, STM32MP213DAM3, STM32MP213DAN3, STM32MP213DAO3, STM32MP213FAL3, STM32MP213FAM3, STM32MP213FAN3, STM32MP213FAO3, STM32MP215AAL3, STM32MP215AAM3, STM32MP215AAN3, STM32MP215AAO3, STM32MP215CAL3, STM32MP215CAM3, STM32MP215CAN3, STM32MP215CAO3, STM32MP215DAL3, STM32MP215DAM3, STM32MP215DAN3, STM32MP215DAO3, STM32MP215F-DK, STM32MP215FAL3, STM32MP215FAM3, STM32MP215FAN3, STM32MP215FAO3, STM32MP231AAJ3, STM32MP231AAK3, STM32MP231AAL3, STM32MP231CAJ3, STM32MP231CAK3, STM32MP231CAL3, STM32MP231DAJ3, STM32MP231DAK3, STM32MP231DAL3, STM32MP231FAJ3, STM32MP231FAK3, STM32MP231FAL3, STM32MP233AAJ3, STM32MP233AAK3, STM32MP233AAL3, STM32MP233CAJ3, STM32MP233CAK3, STM32MP233CAL3, STM32MP233DAJ3, STM32MP233DAK3, STM32MP233DAL3, STM32MP233FAJ3, STM32MP233FAK3, STM32MP233FAL3, STM32MP235AAJ3, STM32MP235AAK3, STM32MP235AAL3, STM32MP235CAJ3, STM32MP235CAK3, STM32MP235CAL3, STM32MP235DAJ3, STM32MP235DAK3, STM32MP235DAL3, STM32MP235FAJ3, STM32MP235FAK3, STM32MP235FAL3, STM32MP251AAI3, STM32MP251AAK3, STM32MP251AAL3, STM32MP251CAI3, STM32MP251CAK3, STM32MP251CAL3, STM32MP251DAI3, STM32MP251DAK3, STM32MP251DAL3, STM32MP251FAI3, STM32MP251FAK3, STM32MP251FAL3, STM32MP253AAI3, STM32MP253AAK3, STM32MP253AAL3, STM32MP253CAI3, STM32MP253CAK3, STM32MP253CAL3, STM32MP253DAI3, STM32MP253DAK3, STM32MP253DAL3, STM32MP253FAI3, STM32MP253FAK3, STM32MP253FAL3, STM32MP255AAI3, STM32MP255AAK3, STM32MP255AAL3, STM32MP255CAI3, STM32MP255CAK3, STM32MP255CAL3, STM32MP255DAI3, STM32MP255DAK3, STM32MP255DAL3, STM32MP255FAI3, STM32MP255FAK3, STM32MP255FAL3, STM32MP257AAI3, STM32MP257AAK3, STM32MP257AAL3, STM32MP257CAI3, STM32MP257CAK3, STM32MP257CAL3, STM32MP257DAI3, STM32MP257DAK3, STM32MP257DAL3, STM32MP257F-DK, STM32MP257F-EV1, STM32MP257FAI3, STM32MP257FAK3, STM32MP257FAL3, STM32N645A0H3Q, STM32N645B0H3Q, STM32N645I0H3Q, STM32N645L0H3Q, STM32N645X0H3Q, STM32N645Z0H3Q, STM32N647A0H3Q, STM32N647B0H3Q, STM32N647I0H3Q, STM32N647L0H3Q, STM32N647X0H3Q, STM32N647Z0H3Q, STM32N655A0H3Q, STM32N655B0H3Q, STM32N655I0H3Q, STM32N655L0H3Q, STM32N655X0H3Q, STM32N655Z0H3Q, STM32N6570-DK, STM32N657A0H3Q, STM32N657B0H3Q, STM32N657I0H3Q, STM32N657L0H3Q, STM32N657X0H3Q, STM32N657Z0H3Q, STM32U031C6T6, STM32U031C6U6, STM32U031C8T6, STM32U031C8U6, STM32U031F4P6, STM32U031F6P6, STM32U031F8P6, STM32U031G6Y6TR, STM32U031G8Y6TR, STM32U031K4U6, STM32U031K6U6, STM32U031K8U6, STM32U031R6I6, STM32U031R6T6, STM32U031R8I6, STM32U031R8T6, STM32U073C8T6, STM32U073C8U6, STM32U073CBT6, STM32U073CBU6, STM32U073CCT6, STM32U073CCU6, STM32U073H8Y6TR, STM32U073HBY6TR, STM32U073HCY6TR, STM32U073K8U6, STM32U073KBU6, STM32U073KCU6, STM32U073M8I6, STM32U073M8T6, STM32U073MBI6, STM32U073MBT6, STM32U073MCI6, STM32U073MCT6, STM32U073R8I6, STM32U073R8T6, STM32U073RBI6, STM32U073RBT6, STM32U073RCI6, STM32U073RCT6, STM32U083C-DK, STM32U083CCT6, STM32U083CCU6, STM32U083HCY6TR, STM32U083KCU6, STM32U083MCI6, STM32U083MCT6, STM32U083RCI6, STM32U083RCT6, STM32U375CET6, STM32U375CET6Q, STM32U375CEU6, STM32U375CEU6Q, STM32U375CEY6QTR, STM32U375CGT6, STM32U375CGT6Q, STM32U375CGU6, STM32U375CGU6Q, STM32U375CGY6QTR, STM32U375KEU6, STM32U375KGU6, STM32U375REI6, STM32U375REI6Q, STM32U375RET6, STM32U375RET6Q, STM32U375REY6GTR, STM32U375REY6QTR, STM32U375RGI6, STM32U375RGI6Q, STM32U375RGT6, STM32U375RGT6Q, STM32U375RGY6GTR, STM32U375RGY6QTR, STM32U375VEI6, STM32U375VEI6Q, STM32U375VET6, STM32U375VET6Q, STM32U375VGI6, STM32U375VGI6Q, STM32U375VGT6, STM32U375VGT6Q, STM32U385CGT6, STM32U385CGT6Q, STM32U385CGU6, STM32U385CGU6Q, STM32U385CGY6QTR, STM32U385KGU6, STM32U385RGI6, STM32U385RGI6Q, STM32U385RGT6, STM32U385RGT6Q, STM32U385RGY6GTR, STM32U385RGY6QTR, STM32U385VGI6, STM32U385VGI6Q, STM32U385VGT6, STM32U385VGT6Q, STM32U535CBT6, STM32U535CBT6Q, STM32U535CBU6, STM32U535CBU6Q, STM32U535CCT6, STM32U535CCT6Q, STM32U535CCU6, STM32U535CCU6Q, STM32U535CET6, STM32U535CET6Q, STM32U535CEU6, STM32U535CEU6Q, STM32U535JEY6QTR, STM32U535NCY6QTR, STM32U535NEY6QTR, STM32U535RBI6, STM32U535RBI6Q, STM32U535RBT6, STM32U535RBT6Q, STM32U535RCI6, STM32U535RCI6Q, STM32U535RCT6, STM32U535RCT6Q, STM32U535REI6, STM32U535REI6Q, STM32U535RET6, STM32U535RET6Q, STM32U535VCI6, STM32U535VCI6Q, STM32U535VCT6, STM32U535VCT6Q, STM32U535VEI6, STM32U535VEI6Q, STM32U535VET6, STM32U535VET6Q, STM32U545CET6, STM32U545CET6Q, STM32U545CEU6, STM32U545CEU6Q, STM32U545JEY6QTR, STM32U545NEY6QTR, STM32U545REI6, STM32U545REI6Q, STM32U545RET6, STM32U545RET6Q, STM32U545VEI6, STM32U545VEI6Q, STM32U545VET6, STM32U545VET6Q, STM32U595AIH6, STM32U595AIH6Q, STM32U595AJH6, STM32U595AJH6Q, STM32U595QII6, STM32U595QII6Q, STM32U595QJI6, STM32U595QJI6Q, STM32U595RIT6, STM32U595RIT6Q, STM32U595RJT6, STM32U595RJT6Q, STM32U595VIT6, STM32U595VIT6Q, STM32U595VJT6, STM32U595VJT6Q, STM32U595ZIT6, STM32U595ZIT6Q, STM32U595ZIY6QTR, STM32U595ZJT6, STM32U595ZJT6Q, STM32U595ZJY6QTR, STM32U599BJY6QTR, STM32U599NIH6Q, STM32U599NJH6Q, STM32U599VIT6Q, STM32U599VJT6, STM32U599VJT6Q, STM32U599ZIT6Q, STM32U599ZIY6QTR, STM32U599ZJT6Q, STM32U599ZJY6QTR, STM32U5A5AJH6, STM32U5A5AJH6Q, STM32U5A5QII3Q , STM32U5A5QJI6, STM32U5A5QJI6Q, STM32U5A5RJT6, STM32U5A5RJT6Q, STM32U5A5VJT6, STM32U5A5VJT6Q, STM32U5A5ZJT6, STM32U5A5ZJT6Q, STM32U5A5ZJY6QTR, STM32U5A9BJY6QTR, STM32U5A9J-DK, STM32U5A9NJH6Q, STM32U5A9VJT6Q, STM32U5A9ZJT6Q, STM32U5A9ZJY6QTR, STM32U5F7VIT6, STM32U5F7VIT6Q, STM32U5F7VJT6, STM32U5F7VJT6Q, STM32U5F9BJY6QTR, STM32U5F9NJH6Q, STM32U5F9VIT6Q, STM32U5F9VJT6Q, STM32U5F9ZIJ6QTR, STM32U5F9ZIT6Q, STM32U5F9ZJJ6QTR, STM32U5F9ZJT6Q, STM32U5G7VJT6, STM32U5G7VJT6Q, STM32U5G9BJY6QTR, STM32U5G9J-DK1, STM32U5G9J-DK2, STM32U5G9NJH6Q, STM32U5G9VJT6Q, STM32U5G9ZJJ6QTR, STM32U5G9ZJT6Q, STM32WB05KZV6TR, STM32WB05KZV7TR, STM32WB05TZF6TR, STM32WB05TZF7TR, STM32WB06CCF6TR, STM32WB06CCF7TR, STM32WB06CCV6TR, STM32WB06CCV7TR, STM32WB06KCV6TR, STM32WB06KCV7TR, STM32WB07CCF6TR, STM32WB07CCF7TR, STM32WB07CCV6TR, STM32WB07CCV7TR, STM32WB07KCV6TR, STM32WB07KCV7TR, STM32WB09KEV6TR, STM32WB09KEV7TR, STM32WB09TEF6TR, STM32WB09TEF7TR, STM32WB1MMCH6, STM32WBA50KGU6, STM32WBA50KGU6TR, STM32WBA52CEU6, STM32WBA52CEU6TR, STM32WBA52CEU7, STM32WBA52CEU7TR, STM32WBA52CGU6, STM32WBA52CGU6TR, STM32WBA52CGU6U, STM32WBA52CGU7, STM32WBA52CGU7TR, STM32WBA52KEU6, STM32WBA52KEU6TR, STM32WBA52KGU6, STM32WBA52KGU6TR, STM32WBA54CEU6, STM32WBA54CEU6TR, STM32WBA54CEU7, STM32WBA54CEU7TR, STM32WBA54CGU6, STM32WBA54CGU6TR, STM32WBA54CGU7, STM32WBA54CGU7TR, STM32WBA54KEU6, STM32WBA54KEU6TR, STM32WBA54KEU7, STM32WBA54KEU7TR, STM32WBA54KGU6, STM32WBA54KGU6TR, STM32WBA54KGU7, STM32WBA54KGU7TR, STM32WBA55CEU6, STM32WBA55CEU6TR, STM32WBA55CEU7, STM32WBA55CEU7TR, STM32WBA55CGU6, STM32WBA55CGU6TR, STM32WBA55CGU6U, STM32WBA55CGU7, STM32WBA55CGU7TR, STM32WBA55G-DK1, STM32WBA55HEF6, STM32WBA55HEF7, STM32WBA55HGF6, STM32WBA55HGF7, STM32WBA55UEI6, STM32WBA55UEI6TR, STM32WBA55UEI7, STM32WBA55UEI7TR, STM32WBA55UGI6, STM32WBA55UGI6TR, STM32WBA55UGI7, STM32WBA55UGI7TR, STM32WBA5MMGH6TR, STM32WBA62MGF6, STM32WBA62MIF6, STM32WBA65MGF7, STM32WBA65MIF6, STM32WBA65MIF7, STM32WL30K8V6, STM32WL30KBV6, STM32WL31C8V6, STM32WL31CBV6, STM32WL31K8V6, STM32WL31KBV6, STM32WL33C8V6, STM32WL33C8V6X, STM32WL33CBV6, STM32WL33CBV6X, STM32WL33CCV6, STM32WL33CCV6A, STM32WL33CCV6X, STM32WL33K8V7, STM32WL33K8V7X, STM32WL33KBV7 , STM32WL33KBV7X, STM32WL33KCV7, STM32WL33KCV7X, STM32WL5MOCH6, STM32WL5MOCH6TR]
2026-02-17 11:02:23,120 [INFO] DbMcus:218 - Found 4876 MCUs, 4876 are supported
2026-02-17 11:02:23,121 [INFO] ApiDb:423 - Load user favorites file C:\Users\Hemanth Madu/.stm32cubeide/favorites.mcus.txt: 0 item(s)
2026-02-17 11:02:23,121 [INFO] ApiDb:427 - User favorites MCUs=[]
2026-02-17 11:02:23,121 [INFO] DbMcus:224 - Set 0 / 0 favorites MCUs
2026-02-17 11:02:24,239 [INFO] ApiDb:668 - CubeFinder database Data Model version=2.1
2026-02-17 11:02:24,240 [INFO] ApiDb:669 - CubeFinder database Configuration version=3.0.39
2026-02-17 11:02:24,240 [INFO] ApiDb:670 - CubeFinder database generation date=2025-12-22 (1766407740)
2026-02-17 11:02:24,240 [INFO] ApiDb:671 - CubeFinder database FW Pack versions=[FP-ATR-ASTRA1_V2.0.0, FP-SNS-FLIGHT1_V5.1.0, FP-SNS-MOTENV1_V5.1.0, FP-SNS-MOTENVWB1_V1.4.0, FP-SNS-SMARTAG2_V1.2.0, FP-SNS-STBOX1_V2.1.0, STM32Cube_FW_C0_V1.4.0, STM32Cube_FW_F4_V1.28.3, STM32Cube_FW_F7_V1.17.4, STM32Cube_FW_G0_V1.6.2, STM32Cube_FW_G4_V1.6.1, STM32Cube_FW_H5_V1.5.1, STM32Cube_FW_H7RS_V1.3.0, STM32Cube_FW_H7_V1.12.1, STM32Cube_FW_L0_V1.12.2, STM32Cube_FW_L4_V1.18.1, STM32Cube_FW_L5_V1.6.0, STM32Cube_FW_N6_V1.3.0, STM32Cube_FW_U0_V1.3.0, STM32Cube_FW_U3_V1.2.1, STM32Cube_FW_U5_V1.8.0, STM32Cube_FW_WB0_V1.4.0, STM32Cube_FW_WBA_V1.8.0, STM32Cube_FW_WB_V1.24.0, STM32Cube_FW_WL3_V1.3.0, STM32Cube_FW_WL_V1.4.0, X-CUBE-ALGOBUILD_V1.4.0, X-CUBE-ALS_V1.0.2, X-CUBE-AZRTOS-F4_V1.1.0, X-CUBE-AZRTOS-F7_V1.1.0, X-CUBE-AZRTOS-G0_V1.1.0, X-CUBE-AZRTOS-G4_V2.0.0, X-CUBE-AZRTOS-H7RS_V1.1.0, X-CUBE-AZRTOS-H7_V3.4.0, X-CUBE-AZRTOS-L4_V2.0.0, X-CUBE-AZRTOS-L5_V2.0.0, X-CUBE-AZRTOS-WB_V2.0.0, X-CUBE-AZRTOS-WL_V2.0.0, X-CUBE-BLE1_V7.1.0, X-CUBE-BLE2_V3.3.0, X-CUBE-BLEMGR_V4.1.0, X-CUBE-EEPRMA1_V5.2.0, X-CUBE-FREERTOS_V1.3.1, X-CUBE-GNSS1_V6.0.0, X-CUBE-MEMS1_V12.0.0, X-CUBE-NFC4_V3.0.0, X-CUBE-NFC7_V2.0.0, X-CUBE-SFXS2LP1_V4.0.0, X-CUBE-ST67W61_V1.1.0, X-CUBE-SUBG2_V5.0.0, X-CUBE-TOF1_V3.4.3]
2026-02-17 11:02:24,439 [INFO] DbBoardsSqlite:226 - include board P-NUCLEO-WB55-NUCLEO as a kit item of type 'Nucleo-64'
2026-02-17 11:02:24,439 [INFO] DbBoardsSqlite:226 - include board P-NUCLEO-WB55-USBDONGLE as a kit item of type 'Nucleo USB Dongle'
2026-02-17 11:02:24,444 [INFO] DbBoardsSqlite:226 - include board STEVAL-IDP005V1 as a kit item of type 'Evaluation Board'
2026-02-17 11:02:24,445 [INFO] DbBoardsSqlite:226 - include board STEVAL-IDP005V2 as a kit item of type 'Evaluation Board'
2026-02-17 11:02:24,627 [INFO] ApiDb:240 - Found 880 in-development CPN: [B-G473E-ZEST1S, B-WB1M-WPAN1, B-WBA5M-WPAN, B-WL5M-SUBG1, NUCLEO-C031C6, NUCLEO-C051C8, NUCLEO-C071RB, NUCLEO-C092RC, NUCLEO-H503RB, NUCLEO-H533RE, NUCLEO-H563ZI, NUCLEO-H7S3L8, NUCLEO-N657X0-Q, NUCLEO-U031R8, NUCLEO-U083RC, NUCLEO-U385RG-Q, NUCLEO-U545RE-Q, NUCLEO-U5A5ZJ-Q, NUCLEO-WB05KZ, NUCLEO-WB07CC, NUCLEO-WB09KE, NUCLEO-WBA52CG, NUCLEO-WBA55CG, NUCLEO-WL33CC1, NUCLEO-WL33CC2, STEVAL-PROTEUS1, STEVAL-SMARTAG2, STEVAL-STWINBX1, STM320518-EVAL, STM32C0116-DK, STM32C011D6Y3TR, STM32C011D6Y6TR, STM32C011F4P3, STM32C011F4P6, STM32C011F4U3, STM32C011F4U6TR, STM32C011F6P3, STM32C011F6P6, STM32C011F6U3, STM32C011F6U6TR, STM32C011J4M3, STM32C011J4M6, STM32C011J6M3, STM32C011J6M6, STM32C0316-DK, STM32C031C4T3, STM32C031C4T6, STM32C031C4U3, STM32C031C4U6, STM32C031C6T3, STM32C031C6T6, STM32C031C6U3, STM32C031C6U6, STM32C031F4P3, STM32C031F4P6, STM32C031F6P3, STM32C031F6P6, STM32C031G4U3, STM32C031G4U6, STM32C031G6U3, STM32C031G6U6, STM32C031K4T3, STM32C031K4T6, STM32C031K4U3, STM32C031K4U6, STM32C031K6T3, STM32C031K6T6, STM32C031K6U3, STM32C031K6U6, STM32C051C6T6, STM32C051C6U6, STM32C051C8T6, STM32C051C8U6, STM32C051D8Y6TR, STM32C051F6P6, STM32C051F8P6, STM32C051G6U6, STM32C051G8U6, STM32C051K6T6, STM32C051K6U6, STM32C051K8T6, STM32C071C8T6, STM32C071C8T6N, STM32C071C8U6, STM32C071C8U6N, STM32C071CBT6, STM32C071CBT6N, STM32C071CBU6, STM32C071CBU6N, STM32C071F8P6, STM32C071F8P6N, STM32C071FBP6, STM32C071FBP6N, STM32C071FBY6TR, STM32C071G8U6, STM32C071G8U6N, STM32C071GBU6, STM32C071GBU6N, STM32C071K8T6, STM32C071K8T6N, STM32C071K8U6, STM32C071K8U6N, STM32C071KBT6, STM32C071KBT6N, STM32C071KBU6, STM32C071KBU6N, STM32C071R8T6, STM32C071R8T6N, STM32C071RBI6N, STM32C071RBT6, STM32C071RBT6N, STM32C091CBT6, STM32C091CBU6, STM32C091CCT6, STM32C091CCU6, STM32C091ECY6TR, STM32C091FBP6, STM32C091FCP6, STM32C091GBU6, STM32C091GCU6, STM32C091KBT6, STM32C091KBU6, STM32C091KCT6, STM32C091KCU6, STM32C091RBT6, STM32C091RCI6, STM32C091RCT6, STM32C092CBT6, STM32C092CBU6, STM32C092CCT6, STM32C092CCU6, STM32C092ECY6TR, STM32C092FBP6, STM32C092FCP6, STM32C092GBU6, STM32C092GCU6, STM32C092KBT6, STM32C092KBU6, STM32C092KCT6, STM32C092KCU6, STM32C092RBT6, STM32C092RCI6, STM32C092RCT6, STM32G071K8TXN, STM32G071K8UXN, STM32G081GBU6N, STM32G081KBT6N, STM32G081KBUXN, STM32G0B1CCT6N, STM32G0B1KCT6, STM32G0B1NEY6TR, STM32G0B1RCT6N, STM32G0C1CCT6, STM32G0C1CCT6N, STM32G0C1CCU6N, STM32G0C1CET6N, STM32G0C1CEU6N, STM32G0C1KCT6, STM32G0C1NEY6TR, STM32G0C1RCI6N, STM32G0C1RCT6N, STM32G0C1REI6N, STM32G0C1RET6N, STM32G0C1VCI6, STM32G0C1VEI6, STM32G411C6T3, STM32G411C6T6, STM32G411C6U3, STM32G411C6U6, STM32G411C8T3, STM32G411C8T6, STM32G411C8U3, STM32G411C8U6, STM32G411CBT3, STM32G411CBT6, STM32G411CBU3, STM32G411CBU6, STM32G411K6T3, STM32G411K6T6, STM32G411K6U3, STM32G411K6U6, STM32G411K8T3, STM32G411K8T6, STM32G411K8U3, STM32G411K8U6, STM32G411KBT3, STM32G411KBT6, STM32G411KBU3, STM32G411KBU6, STM32G411M6T3, STM32G411M6T6, STM32G411M8T3, STM32G411M8T6, STM32G411MBT3, STM32G411MBT6, STM32G411R6T3, STM32G411R6T6, STM32G411R8T3, STM32G411R8T6, STM32G411RBT3, STM32G411RBT6, STM32G414CBT3, STM32G414CBT6, STM32G414CBU3, STM32G414CBU6, STM32G414CCT3, STM32G414CCT6, STM32G414CCU3, STM32G414CCU6, STM32G414MBT3, STM32G414MBT6, STM32G414MCT3, STM32G414MCT6, STM32G414RBT3, STM32G414RBT6, STM32G414RCT3, STM32G414RCT6, STM32G414VBT3, STM32G414VBT6, STM32G414VCT3, STM32G414VCT6, STM32G431CBT3Z, STM32G431RBT3Z, STM32G471CCT6, STM32G471CCU6, STM32G471CET3, STM32G471CET6, STM32G471CEU3, STM32G471CEU6, STM32G471MCT6, STM32G471MET3, STM32G471MET6, STM32G471MEY6TR, STM32G471QCT6, STM32G471QET3, STM32G471RCT6, STM32G471RET3, STM32G471RET6, STM32G471VCH6, STM32G471VCI6, STM32G471VCT6, STM32G471VEH3, STM32G471VEH6, STM32G471VEI3, STM32G471VEI6, STM32G471VET3, STM32G471VET6, STM32G473QET3Z, STM32G473RET3Z, STM32G474CCT6, STM32G491RET3Z, STM32H503CBT6, STM32H503CBU6, STM32H503EBY6TR, STM32H503KBU6, STM32H503RBT6, STM32H523CCT6, STM32H523CCU6, STM32H523CET6, STM32H523CEU6, STM32H523HEY6TR, STM32H523RCT6, STM32H523RET6, STM32H523VCI6, STM32H523VCT6, STM32H523VEI6, STM32H523VET6, STM32H523ZCJ6, STM32H523ZCT6, STM32H523ZEJ6, STM32H523ZET6, STM32H533CET6, STM32H533CEU6, STM32H533HEY6TR, STM32H533RET6, STM32H533VEI6, STM32H533VET6, STM32H533ZEJ6, STM32H533ZET6, STM32H562AGI6, STM32H562AII6, STM32H562IGK6, STM32H562IGT6, STM32H562IIK6, STM32H562IIT6, STM32H562RGT6, STM32H562RGV6, STM32H562RIT6, STM32H562RIV6, STM32H562VGT6, STM32H562VIT6, STM32H562ZGT6, STM32H562ZIT6, STM32H563AGI6, STM32H563AII3Q, STM32H563AII6, STM32H563IGK6, STM32H563IGT6, STM32H563IIK3Q, STM32H563IIK6, STM32H563IIT3Q, STM32H563IIT6, STM32H563MIY3QTR, STM32H563RGT6, STM32H563RGV6, STM32H563RIT6, STM32H563RIV6, STM32H563VGT6, STM32H563VIT3Q, STM32H563VIT6, STM32H563ZGT6, STM32H563ZIT3Q, STM32H563ZIT6, STM32H573AII3Q, STM32H573AII6, STM32H573I-DK, STM32H573IIK3Q, STM32H573IIK6, STM32H573IIT3Q, STM32H573IIT6, STM32H573MIY3QTR, STM32H573RIT6, STM32H573RIV6, STM32H573VIT3Q, STM32H573VIT6, STM32H573ZIT3Q, STM32H573ZIT6, STM32H7R3A8I6, STM32H7R3I8K6, STM32H7R3I8T6, STM32H7R3L8H6, STM32H7R3L8H6H, STM32H7R3R8V6, STM32H7R3V8H6, STM32H7R3V8T6, STM32H7R3V8Y6TR, STM32H7R3Z8J6, STM32H7R3Z8T6, STM32H7R7A8I6, STM32H7R7I8K6, STM32H7R7I8T6, STM32H7R7L8H6, STM32H7R7L8H6H, STM32H7R7Z8J6, STM32H7S3A8I6, STM32H7S3I8K6, STM32H7S3I8T6, STM32H7S3L8H6, STM32H7S3L8H6H, STM32H7S3R8V6, STM32H7S3V8H6, STM32H7S3V8T6, STM32H7S3V8Y6TR, STM32H7S3Z8J6, STM32H7S3Z8T6, STM32H7S78-DK, STM32H7S7A8I6, STM32H7S7I8K6, STM32H7S7I8T6, STM32H7S7L8H6, STM32H7S7L8H6H, STM32H7S7Z8J6, STM32L4R5QGI6STR, STM32MP131AAE3, STM32MP131AAF3, STM32MP131AAG3, STM32MP131CAE3, STM32MP131CAF3, STM32MP131CAG3, STM32MP131DAE7, STM32MP131DAF7, STM32MP131DAG7, STM32MP131FAE7, STM32MP131FAF7, STM32MP131FAG7, STM32MP133AAE3, STM32MP133AAF3, STM32MP133AAG3, STM32MP133CAE3, STM32MP133CAF3, STM32MP133CAG3, STM32MP133DAE7, STM32MP133DAF7, STM32MP133DAG7, STM32MP133FAE7, STM32MP133FAF7, STM32MP133FAG7, STM32MP135AAE3, STM32MP135AAF3, STM32MP135AAG3, STM32MP135CAE3, STM32MP135CAF3, STM32MP135CAG3, STM32MP135DAE7, STM32MP135DAF7, STM32MP135DAG7, STM32MP135F-DK, STM32MP135FAE7, STM32MP135FAF7, STM32MP135FAF7T, STM32MP135FAF7U, STM32MP135FAG7, STM32MP211AAL3, STM32MP211AAM3, STM32MP211AAN3, STM32MP211AAO3, STM32MP211CAL3, STM32MP211CAM3, STM32MP211CAN3, STM32MP211CAO3, STM32MP211DAL3, STM32MP211DAM3, STM32MP211DAN3, STM32MP211DAO3, STM32MP211FAL3, STM32MP211FAM3, STM32MP211FAN3, STM32MP211FAO3, STM32MP213AAL3, STM32MP213AAM3, STM32MP213AAN3, STM32MP213AAO3, STM32MP213CAL3, STM32MP213CAM3, STM32MP213CAN3, STM32MP213CAO3, STM32MP213DAL3, STM32MP213DAM3, STM32MP213DAN3, STM32MP213DAO3, STM32MP213FAL3, STM32MP213FAM3, STM32MP213FAN3, STM32MP213FAO3, STM32MP215AAL3, STM32MP215AAM3, STM32MP215AAN3, STM32MP215AAO3, STM32MP215CAL3, STM32MP215CAM3, STM32MP215CAN3, STM32MP215CAO3, STM32MP215DAL3, STM32MP215DAM3, STM32MP215DAN3, STM32MP215DAO3, STM32MP215F-DK, STM32MP215FAL3, STM32MP215FAM3, STM32MP215FAN3, STM32MP215FAO3, STM32MP231AAJ3, STM32MP231AAK3, STM32MP231AAL3, STM32MP231CAJ3, STM32MP231CAK3, STM32MP231CAL3, STM32MP231DAJ3, STM32MP231DAK3, STM32MP231DAL3, STM32MP231FAJ3, STM32MP231FAK3, STM32MP231FAL3, STM32MP233AAJ3, STM32MP233AAK3, STM32MP233AAL3, STM32MP233CAJ3, STM32MP233CAK3, STM32MP233CAL3, STM32MP233DAJ3, STM32MP233DAK3, STM32MP233DAL3, STM32MP233FAJ3, STM32MP233FAK3, STM32MP233FAL3, STM32MP235AAJ3, STM32MP235AAK3, STM32MP235AAL3, STM32MP235CAJ3, STM32MP235CAK3, STM32MP235CAL3, STM32MP235DAJ3, STM32MP235DAK3, STM32MP235DAL3, STM32MP235FAJ3, STM32MP235FAK3, STM32MP235FAL3, STM32MP251AAI3, STM32MP251AAK3, STM32MP251AAL3, STM32MP251CAI3, STM32MP251CAK3, STM32MP251CAL3, STM32MP251DAI3, STM32MP251DAK3, STM32MP251DAL3, STM32MP251FAI3, STM32MP251FAK3, STM32MP251FAL3, STM32MP253AAI3, STM32MP253AAK3, STM32MP253AAL3, STM32MP253CAI3, STM32MP253CAK3, STM32MP253CAL3, STM32MP253DAI3, STM32MP253DAK3, STM32MP253DAL3, STM32MP253FAI3, STM32MP253FAK3, STM32MP253FAL3, STM32MP255AAI3, STM32MP255AAK3, STM32MP255AAL3, STM32MP255CAI3, STM32MP255CAK3, STM32MP255CAL3, STM32MP255DAI3, STM32MP255DAK3, STM32MP255DAL3, STM32MP255FAI3, STM32MP255FAK3, STM32MP255FAL3, STM32MP257AAI3, STM32MP257AAK3, STM32MP257AAL3, STM32MP257CAI3, STM32MP257CAK3, STM32MP257CAL3, STM32MP257DAI3, STM32MP257DAK3, STM32MP257DAL3, STM32MP257F-DK, STM32MP257F-EV1, STM32MP257FAI3, STM32MP257FAK3, STM32MP257FAL3, STM32N645A0H3Q, STM32N645B0H3Q, STM32N645I0H3Q, STM32N645L0H3Q, STM32N645X0H3Q, STM32N645Z0H3Q, STM32N647A0H3Q, STM32N647B0H3Q, STM32N647I0H3Q, STM32N647L0H3Q, STM32N647X0H3Q, STM32N647Z0H3Q, STM32N655A0H3Q, STM32N655B0H3Q, STM32N655I0H3Q, STM32N655L0H3Q, STM32N655X0H3Q, STM32N655Z0H3Q, STM32N6570-DK, STM32N657A0H3Q, STM32N657B0H3Q, STM32N657I0H3Q, STM32N657L0H3Q, STM32N657X0H3Q, STM32N657Z0H3Q, STM32U031C6T6, STM32U031C6U6, STM32U031C8T6, STM32U031C8U6, STM32U031F4P6, STM32U031F6P6, STM32U031F8P6, STM32U031G6Y6TR, STM32U031G8Y6TR, STM32U031K4U6, STM32U031K6U6, STM32U031K8U6, STM32U031R6I6, STM32U031R6T6, STM32U031R8I6, STM32U031R8T6, STM32U073C8T6, STM32U073C8U6, STM32U073CBT6, STM32U073CBU6, STM32U073CCT6, STM32U073CCU6, STM32U073H8Y6TR, STM32U073HBY6TR, STM32U073HCY6TR, STM32U073K8U6, STM32U073KBU6, STM32U073KCU6, STM32U073M8I6, STM32U073M8T6, STM32U073MBI6, STM32U073MBT6, STM32U073MCI6, STM32U073MCT6, STM32U073R8I6, STM32U073R8T6, STM32U073RBI6, STM32U073RBT6, STM32U073RCI6, STM32U073RCT6, STM32U083C-DK, STM32U083CCT6, STM32U083CCU6, STM32U083HCY6TR, STM32U083KCU6, STM32U083MCI6, STM32U083MCT6, STM32U083RCI6, STM32U083RCT6, STM32U375CET6, STM32U375CET6Q, STM32U375CEU6, STM32U375CEU6Q, STM32U375CEY6QTR, STM32U375CGT6, STM32U375CGT6Q, STM32U375CGU6, STM32U375CGU6Q, STM32U375CGY6QTR, STM32U375KEU6, STM32U375KGU6, STM32U375REI6, STM32U375REI6Q, STM32U375RET6, STM32U375RET6Q, STM32U375REY6GTR, STM32U375REY6QTR, STM32U375RGI6, STM32U375RGI6Q, STM32U375RGT6, STM32U375RGT6Q, STM32U375RGY6GTR, STM32U375RGY6QTR, STM32U375VEI6, STM32U375VEI6Q, STM32U375VET6, STM32U375VET6Q, STM32U375VGI6, STM32U375VGI6Q, STM32U375VGT6, STM32U375VGT6Q, STM32U385CGT6, STM32U385CGT6Q, STM32U385CGU6, STM32U385CGU6Q, STM32U385CGY6QTR, STM32U385KGU6, STM32U385RGI6, STM32U385RGI6Q, STM32U385RGT6, STM32U385RGT6Q, STM32U385RGY6GTR, STM32U385RGY6QTR, STM32U385VGI6, STM32U385VGI6Q, STM32U385VGT6, STM32U385VGT6Q, STM32U535CBT6, STM32U535CBT6Q, STM32U535CBU6, STM32U535CBU6Q, STM32U535CCT6, STM32U535CCT6Q, STM32U535CCU6, STM32U535CCU6Q, STM32U535CET6, STM32U535CET6Q, STM32U535CEU6, STM32U535CEU6Q, STM32U535JEY6QTR, STM32U535NCY6QTR, STM32U535NEY6QTR, STM32U535RBI6, STM32U535RBI6Q, STM32U535RBT6, STM32U535RBT6Q, STM32U535RCI6, STM32U535RCI6Q, STM32U535RCT6, STM32U535RCT6Q, STM32U535REI6, STM32U535REI6Q, STM32U535RET6, STM32U535RET6Q, STM32U535VCI6, STM32U535VCI6Q, STM32U535VCT6, STM32U535VCT6Q, STM32U535VEI6, STM32U535VEI6Q, STM32U535VET6, STM32U535VET6Q, STM32U545CET6, STM32U545CET6Q, STM32U545CEU6, STM32U545CEU6Q, STM32U545JEY6QTR, STM32U545NEY6QTR, STM32U545REI6, STM32U545REI6Q, STM32U545RET6, STM32U545RET6Q, STM32U545VEI6, STM32U545VEI6Q, STM32U545VET6, STM32U545VET6Q, STM32U595AIH6, STM32U595AIH6Q, STM32U595AJH6, STM32U595AJH6Q, STM32U595QII6, STM32U595QII6Q, STM32U595QJI6, STM32U595QJI6Q, STM32U595RIT6, STM32U595RIT6Q, STM32U595RJT6, STM32U595RJT6Q, STM32U595VIT6, STM32U595VIT6Q, STM32U595VJT6, STM32U595VJT6Q, STM32U595ZIT6, STM32U595ZIT6Q, STM32U595ZIY6QTR, STM32U595ZJT6, STM32U595ZJT6Q, STM32U595ZJY6QTR, STM32U599BJY6QTR, STM32U599NIH6Q, STM32U599NJH6Q, STM32U599VIT6Q, STM32U599VJT6, STM32U599VJT6Q, STM32U599ZIT6Q, STM32U599ZIY6QTR, STM32U599ZJT6Q, STM32U599ZJY6QTR, STM32U5A5AJH6, STM32U5A5AJH6Q, STM32U5A5QII3Q , STM32U5A5QJI6, STM32U5A5QJI6Q, STM32U5A5RJT6, STM32U5A5RJT6Q, STM32U5A5VJT6, STM32U5A5VJT6Q, STM32U5A5ZJT6, STM32U5A5ZJT6Q, STM32U5A5ZJY6QTR, STM32U5A9BJY6QTR, STM32U5A9J-DK, STM32U5A9NJH6Q, STM32U5A9VJT6Q, STM32U5A9ZJT6Q, STM32U5A9ZJY6QTR, STM32U5F7VIT6, STM32U5F7VIT6Q, STM32U5F7VJT6, STM32U5F7VJT6Q, STM32U5F9BJY6QTR, STM32U5F9NJH6Q, STM32U5F9VIT6Q, STM32U5F9VJT6Q, STM32U5F9ZIJ6QTR, STM32U5F9ZIT6Q, STM32U5F9ZJJ6QTR, STM32U5F9ZJT6Q, STM32U5G7VJT6, STM32U5G7VJT6Q, STM32U5G9BJY6QTR, STM32U5G9J-DK1, STM32U5G9J-DK2, STM32U5G9NJH6Q, STM32U5G9VJT6Q, STM32U5G9ZJJ6QTR, STM32U5G9ZJT6Q, STM32WB05KZV6TR, STM32WB05KZV7TR, STM32WB05TZF6TR, STM32WB05TZF7TR, STM32WB06CCF6TR, STM32WB06CCF7TR, STM32WB06CCV6TR, STM32WB06CCV7TR, STM32WB06KCV6TR, STM32WB06KCV7TR, STM32WB07CCF6TR, STM32WB07CCF7TR, STM32WB07CCV6TR, STM32WB07CCV7TR, STM32WB07KCV6TR, STM32WB07KCV7TR, STM32WB09KEV6TR, STM32WB09KEV7TR, STM32WB09TEF6TR, STM32WB09TEF7TR, STM32WB1MMCH6, STM32WBA50KGU6, STM32WBA50KGU6TR, STM32WBA52CEU6, STM32WBA52CEU6TR, STM32WBA52CEU7, STM32WBA52CEU7TR, STM32WBA52CGU6, STM32WBA52CGU6TR, STM32WBA52CGU6U, STM32WBA52CGU7, STM32WBA52CGU7TR, STM32WBA52KEU6, STM32WBA52KEU6TR, STM32WBA52KGU6, STM32WBA52KGU6TR, STM32WBA54CEU6, STM32WBA54CEU6TR, STM32WBA54CEU7, STM32WBA54CEU7TR, STM32WBA54CGU6, STM32WBA54CGU6TR, STM32WBA54CGU7, STM32WBA54CGU7TR, STM32WBA54KEU6, STM32WBA54KEU6TR, STM32WBA54KEU7, STM32WBA54KEU7TR, STM32WBA54KGU6, STM32WBA54KGU6TR, STM32WBA54KGU7, STM32WBA54KGU7TR, STM32WBA55CEU6, STM32WBA55CEU6TR, STM32WBA55CEU7, STM32WBA55CEU7TR, STM32WBA55CGU6, STM32WBA55CGU6TR, STM32WBA55CGU6U, STM32WBA55CGU7, STM32WBA55CGU7TR, STM32WBA55G-DK1, STM32WBA55HEF6, STM32WBA55HEF7, STM32WBA55HGF6, STM32WBA55HGF7, STM32WBA55UEI6, STM32WBA55UEI6TR, STM32WBA55UEI7, STM32WBA55UEI7TR, STM32WBA55UGI6, STM32WBA55UGI6TR, STM32WBA55UGI7, STM32WBA55UGI7TR, STM32WBA5MMGH6TR, STM32WBA62MGF6, STM32WBA62MIF6, STM32WBA65MGF7, STM32WBA65MIF6, STM32WBA65MIF7, STM32WL30K8V6, STM32WL30KBV6, STM32WL31C8V6, STM32WL31CBV6, STM32WL31K8V6, STM32WL31KBV6, STM32WL33C8V6, STM32WL33C8V6X, STM32WL33CBV6, STM32WL33CBV6X, STM32WL33CCV6, STM32WL33CCV6A, STM32WL33CCV6X, STM32WL33K8V7, STM32WL33K8V7X, STM32WL33KBV7 , STM32WL33KBV7X, STM32WL33KCV7, STM32WL33KCV7X, STM32WL5MOCH6, STM32WL5MOCH6TR]
2026-02-17 11:02:24,868 [INFO] BoardInfo:889 - No configuration file found for board P-NUCLEO-WB55
2026-02-17 11:02:24,868 [INFO] DbBoards:161 - Kit is not supported: P-NUCLEO-WB55
2026-02-17 11:02:24,873 [INFO] BoardInfo:889 - No configuration file found for board STEVAL-BFA001V1B
2026-02-17 11:02:24,873 [INFO] DbBoards:161 - Kit is not supported: STEVAL-BFA001V1B
2026-02-17 11:02:24,875 [INFO] BoardInfo:889 - No configuration file found for board STEVAL-BFA001V2B
2026-02-17 11:02:24,876 [INFO] DbBoards:161 - Kit is not supported: STEVAL-BFA001V2B
2026-02-17 11:02:25,015 [INFO] DbBoards:168 - Found 212 boards, 209 are supported
2026-02-17 11:02:25,015 [INFO] DbBoards:169 - Found 212 boards, 43 of them is supported for  Bsp
2026-02-17 11:02:25,016 [INFO] ApiDb:423 - Load user favorites file C:\Users\Hemanth Madu/.stm32cubeide/favorites.boards.txt: 0 item(s)
2026-02-17 11:02:25,016 [INFO] ApiDb:427 - User favorites Boards=[]
2026-02-17 11:02:25,016 [INFO] DbBoards:198 - Set 0 / 0 favorites Boards
2026-02-17 11:02:25,016 [INFO] McuFinderGlobals:76 - Set McuFinderConnectedMode to true
2026-02-17 11:02:25,035 [INFO] MultiScanPanel:200 - Auto-refresh data requested => check proxy status ongoing
2026-02-17 11:02:25,043 [INFO] FinderPluginLoader:96 - Searching for filters in installed packs
2026-02-17 11:02:26,884 [INFO] LoadUrlFilesThread:185 - End of LoadServerUrlFiles without Thread
2026-02-17 11:02:26,944 [INFO] DetailPanel:341 - Set advertising image to C:/Users/Hemanth Madu/STM32Cube/Repository/\en.prom-stm32c0-entry-level-graphic-0226.png
2026-02-17 11:02:27,915 [INFO] MultiScanPanel:728 - adjusting invalid saved split location: -0.1
2026-02-17 11:02:28,425 [INFO] MultiScanPanel:728 - adjusting invalid saved split location: -0.1
2026-02-17 11:02:37,606 [INFO] MultiScanPanel:200 - Auto-refresh data requested => check proxy status ongoing
2026-02-17 11:02:37,840 [INFO] LoadUrlFilesThread:185 - End of LoadServerUrlFiles without Thread
2026-02-17 11:02:37,840 [INFO] DetailPanel:341 - Set advertising image to C:/Users/Hemanth Madu/STM32Cube/Repository/\en.prom-stm32c0-entry-level-graphic-0226.png
2026-02-17 11:02:37,861 [INFO] DbBoards:642 - Loading board mini-images...
2026-02-17 11:02:42,020 [ERROR] DbBoards:659 - Image file not found for board STM32MP215F-DK: C:\Users\Hemanth Madu\.stmcufinder\plugins\mcufinder//mcu//boards_images/STM32MP215F-DK.jpg
2026-02-17 11:02:42,256 [INFO] DbBoards:665 - Loaded 211 board mini-images
2026-02-17 11:02:48,683 [INFO] MainUpdater:2872 - connection check result : 10
2026-02-17 11:02:48,684 [INFO] MainUpdater:2872 - connection check result : 10
2026-02-17 11:02:48,707 [INFO] MicroXplorer:468 - Change Database Path : 
2026-02-17 11:02:48,707 [INFO] MicroXplorer:498 - Change Database Version : DB.6.0.150
2026-02-17 11:02:48,718 [WARN] ThirdParty:871 - waiting for thirdparty lock release [close project]
2026-02-17 11:02:48,718 [INFO] ThirdParty:873 - entering critical section [close project]
2026-02-17 11:02:48,719 [INFO] ThirdParty:883 - exiting critical section [close project]
2026-02-17 11:02:48,723 [INFO] PinOutPanel:1589 - setPackage(No Configuration,No Configuration)
2026-02-17 11:02:48,726 [INFO] UtilMem:75 - Begin LoadConfig() Used Memory: 789125528 Bytes (1073741824)
2026-02-17 11:02:48,731 [INFO] OpenFileManager:355 - Change cursor
2026-02-17 11:02:48,798 [INFO] ProjectFactory:514 - No CPN specified for board NUCLEO-L476RG => set CPN to STM32L476RGT3
2026-02-17 11:02:48,799 [INFO] Mcu:2029 - Initializing MCU STM32L476R(C-E-G)Tx STM32L476RGTx STM32L476RGT3
2026-02-17 11:02:51,782 [INFO] Context:786 - Trying to add GPIOservice into a context  which must be forbidden
2026-02-17 11:02:52,781 [INFO] Rule:233 - rule 117617 - U5Cobra4M][GTZC] default value MPCBB3 and MPCBB5 - Not Secured memory - MPCBB1 is applicable
2026-02-17 11:02:52,782 [INFO] Rule:233 - rule 117617 - U5Cobra4M][GTZC] default value MPCBB3 and MPCBB5 - Not Secured memory - MPCBB1 is applicable
2026-02-17 11:02:52,782 [INFO] Rule:233 - rule 117617 - U5Cobra4M][GTZC] default value MPCBB3 and MPCBB5 - Not Secured memory - MPCBB2 is applicable
2026-02-17 11:02:52,782 [INFO] Rule:233 - rule 117617 - U5Cobra4M][GTZC] default value MPCBB3 and MPCBB5 - Not Secured memory - MPCBB2 is applicable
2026-02-17 11:02:52,782 [INFO] Rule:233 - rule 117617 - U5Cobra4M][GTZC] default value MPCBB3 and MPCBB5 - Not Secured memory - MPCBB3 is applicable
2026-02-17 11:02:52,782 [INFO] Rule:233 - rule 117617 - U5Cobra4M][GTZC] default value MPCBB3 and MPCBB5 - Not Secured memory - MPCBB3 is applicable
2026-02-17 11:02:52,782 [INFO] Rule:233 - rule 117617 - U5Cobra4M][GTZC] default value MPCBB3 and MPCBB5 - Not Secured memory - MPCBB4 is applicable
2026-02-17 11:02:52,782 [INFO] Rule:233 - rule 117617 - U5Cobra4M][GTZC] default value MPCBB3 and MPCBB5 - Not Secured memory - MPCBB4 is applicable
2026-02-17 11:02:52,782 [INFO] Rule:233 - rule 117617 - U5Cobra4M][GTZC] default value MPCBB3 and MPCBB5 - Secured memory - MPCBB1 is applicable
2026-02-17 11:02:52,782 [INFO] Rule:233 - rule 117617 - U5Cobra4M][GTZC] default value MPCBB3 and MPCBB5 - Secured memory - MPCBB2 is applicable
2026-02-17 11:02:52,782 [INFO] Rule:233 - rule 117617 - U5Cobra4M][GTZC] default value MPCBB3 and MPCBB5 - Secured memory - MPCBB3 is applicable
2026-02-17 11:02:52,782 [INFO] Rule:233 - rule 117617 - U5Cobra4M][GTZC] default value MPCBB3 and MPCBB5 - Secured memory - MPCBB4 is applicable
2026-02-17 11:02:52,782 [INFO] Rule:233 - rule 117617 - U5Cobra4M][GTZC] default value MPCBB3 and MPCBB5 - Privileged memory - MPCBB1 is applicable
2026-02-17 11:02:52,782 [INFO] Rule:233 - rule 117617 - U5Cobra4M][GTZC] default value MPCBB3 and MPCBB5 - Privileged memory - MPCBB2 is applicable
2026-02-17 11:02:52,782 [INFO] Rule:233 - rule 117617 - U5Cobra4M][GTZC] default value MPCBB3 and MPCBB5 - Privileged memory - MPCBB3 is applicable
2026-02-17 11:02:52,783 [INFO] Rule:233 - rule 117617 - U5Cobra4M][GTZC] default value MPCBB3 and MPCBB5 - Privileged memory - MPCBB4 is applicable
2026-02-17 11:02:52,783 [INFO] Rule:233 - rule 117617 - U5Cobra4M][GTZC] default value MPCBB3 and MPCBB5 - Not Privileged memory - MPCBB1 is applicable
2026-02-17 11:02:52,783 [INFO] Rule:233 - rule 117617 - U5Cobra4M][GTZC] default value MPCBB3 and MPCBB5 - Not Privileged memory - MPCBB2 is applicable
2026-02-17 11:02:52,783 [INFO] Rule:233 - rule 117617 - U5Cobra4M][GTZC] default value MPCBB3 and MPCBB5 - Not Privileged memory - MPCBB3 is applicable
2026-02-17 11:02:52,783 [INFO] Rule:233 - rule 117617 - U5Cobra4M][GTZC] default value MPCBB3 and MPCBB5 - Not Privileged memory - MPCBB4 is applicable
2026-02-17 11:02:52,783 [INFO] Rule:233 - rule 117617 - U5Cobra4M][GTZC] default value MPCBB3 and MPCBB5 - Privileged memory - MPCBB1 is applicable
2026-02-17 11:02:52,783 [INFO] Rule:233 - rule 117617 - U5Cobra4M][GTZC] default value MPCBB3 and MPCBB5 - Privileged memory - MPCBB2 is applicable
2026-02-17 11:02:52,783 [INFO] Rule:233 - rule 117617 - U5Cobra4M][GTZC] default value MPCBB3 and MPCBB5 - Privileged memory - MPCBB3 is applicable
2026-02-17 11:02:52,783 [INFO] Rule:233 - rule 117617 - U5Cobra4M][GTZC] default value MPCBB3 and MPCBB5 - Privileged memory - MPCBB4 is applicable
2026-02-17 11:02:52,783 [INFO] Rule:233 - rule 117617 - U5Cobra4M][GTZC] default value MPCBB3 and MPCBB5 - Privileged memory - MPCBB1 is applicable
2026-02-17 11:02:52,783 [INFO] Rule:233 - rule 117617 - U5Cobra4M][GTZC] default value MPCBB3 and MPCBB5 - Privileged memory - MPCBB2 is applicable
2026-02-17 11:02:52,783 [INFO] Rule:233 - rule 117617 - U5Cobra4M][GTZC] default value MPCBB3 and MPCBB5 - Privileged memory - MPCBB3 is applicable
2026-02-17 11:02:52,783 [INFO] Rule:233 - rule 117617 - U5Cobra4M][GTZC] default value MPCBB3 and MPCBB5 - Privileged memory - MPCBB4 is applicable
2026-02-17 11:02:52,784 [INFO] Rule:233 - rule 117617 - U5Cobra4M][GTZC] default value MPCBB3 and MPCBB5 - Not Privileged memory - MPCBB1 is applicable
2026-02-17 11:02:52,784 [INFO] Rule:233 - rule 117617 - U5Cobra4M][GTZC] default value MPCBB3 and MPCBB5 - Not Privileged memory - MPCBB2 is applicable
2026-02-17 11:02:52,784 [INFO] Rule:233 - rule 117617 - U5Cobra4M][GTZC] default value MPCBB3 and MPCBB5 - Not Privileged memory - MPCBB3 is applicable
2026-02-17 11:02:52,784 [INFO] Rule:233 - rule 117617 - U5Cobra4M][GTZC] default value MPCBB3 and MPCBB5 - Not Privileged memory - MPCBB4 is applicable
2026-02-17 11:02:52,784 [INFO] Rule:233 - rule 117617 - U5Cobra4M][GTZC] default value MPCBB3 and MPCBB5 - Privileged memory - MPCBB1 is applicable
2026-02-17 11:02:52,784 [INFO] Rule:233 - rule 117617 - U5Cobra4M][GTZC] default value MPCBB3 and MPCBB5 - Privileged memory - MPCBB2 is applicable
2026-02-17 11:02:52,784 [INFO] Rule:233 - rule 117617 - U5Cobra4M][GTZC] default value MPCBB3 and MPCBB5 - Privileged memory - MPCBB3 is applicable
2026-02-17 11:02:52,784 [INFO] Rule:233 - rule 117617 - U5Cobra4M][GTZC] default value MPCBB3 and MPCBB5 - Privileged memory - MPCBB4 is applicable
2026-02-17 11:02:52,785 [INFO] Rule:233 - rule Rename SubGHz_Phy SUBGHZ_APPLICATION SUBGHZ_PINGPONG to SUBGHZ_ADV_APPLICATION is applicable
2026-02-17 11:02:52,785 [INFO] Rule:233 - rule Rename Enabled to IBEACON is applicable
2026-02-17 11:02:52,785 [INFO] Rule:233 - rule GTZC_S instance for project manager is applicable
2026-02-17 11:02:52,785 [INFO] Rule:233 - rule GTZC_S instance for context M33S is applicable
2026-02-17 11:02:52,785 [INFO] Rule:233 - rule GTZC_S instance value for IP GTZC is applicable
2026-02-17 11:02:52,785 [INFO] Rule:233 - rule GTZC_S instance for mcu.IP is applicable
2026-02-17 11:02:52,785 [INFO] Rule:233 - rule GTZC_S instance for VP is applicable
2026-02-17 11:02:52,785 [INFO] Rule:233 - rule GTZC_S instance for signal is applicable
2026-02-17 11:02:52,785 [INFO] Rule:233 - rule GTZC_S instance for mcu.Pin is applicable
2026-02-17 11:02:52,785 [INFO] Rule:233 - rule GTZC_S instance for VP is applicable
2026-02-17 11:02:52,786 [INFO] Rule:233 - rule GTZC_S instance for signal is applicable
2026-02-17 11:02:52,786 [INFO] Rule:233 - rule GTZC_S instance for mcu is applicable
2026-02-17 11:02:52,786 [INFO] Rule:233 - rule GTZC_S instance for mcu.Pin is applicable
2026-02-17 11:02:52,786 [INFO] Rule:233 - rule GTZC_S instance value for IP GTZC is applicable
2026-02-17 11:02:52,786 [INFO] Rule:233 - rule GTZC_S instance for project manager is applicable
2026-02-17 11:02:52,786 [INFO] Rule:233 - rule GTZC_S instance for context M33S is applicable
2026-02-17 11:02:52,786 [INFO] Rule:233 - rule GTZC_S instance for VP is applicable
2026-02-17 11:02:52,786 [INFO] Rule:233 - rule GTZC_S instance for signal is applicable
2026-02-17 11:02:52,786 [INFO] Rule:233 - rule SPDIFRX instance for mcu is applicable
2026-02-17 11:02:52,786 [INFO] Rule:233 - rule Rename Tracer Mode is applicable
2026-02-17 11:02:52,786 [INFO] Rule:233 - rule SPDIFRX instance value for IP SPDIFRX is applicable
2026-02-17 11:02:52,786 [INFO] Rule:233 - rule SPDIFRX instance for signal is applicable
2026-02-17 11:02:52,786 [INFO] Rule:233 - rule SPDIFRX instance for project manager is applicable
2026-02-17 11:02:52,786 [INFO] Rule:233 - rule SPDIFRX instance for project manager is applicable
2026-02-17 11:02:52,786 [INFO] Rule:233 - rule ADC Scan  fix with FW F7 is applicable
2026-02-17 11:02:52,787 [INFO] Rule:233 - rule ADC Scan  fix with FW F7 is applicable
2026-02-17 11:02:52,787 [INFO] Rule:233 - rule WakeUp0 Mode is applicable
2026-02-17 11:02:52,787 [INFO] Rule:233 - rule WakeUp0 SIGNAL is applicable
2026-02-17 11:02:52,788 [INFO] Rule:233 - rule WakeUp1 Mode is applicable
2026-02-17 11:02:52,788 [INFO] Rule:233 - rule WakeUp1 SIGNAL is applicable
2026-02-17 11:02:52,788 [INFO] Rule:233 - rule WakeUp2 Mode is applicable
2026-02-17 11:02:52,788 [INFO] Rule:233 - rule WakeUp2 SIGNAL is applicable
2026-02-17 11:02:52,788 [INFO] Rule:233 - rule WakeUp4 Mode is applicable
2026-02-17 11:02:52,788 [INFO] Rule:233 - rule WakeUp4 SIGNAL is applicable
2026-02-17 11:02:52,788 [INFO] Rule:233 - rule WakeUp5 Mode is applicable
2026-02-17 11:02:52,788 [INFO] Rule:233 - rule WakeUp5 SIGNAL is applicable
2026-02-17 11:02:52,789 [INFO] Rule:233 - rule Add RTC Activate Clock Source is applicable
2026-02-17 11:02:52,789 [INFO] Rule:233 - rule Add RTC Activate Calendar 1 is applicable
2026-02-17 11:02:52,789 [INFO] Rule:233 - rule Add RTC Activate Calendar 2 is applicable
2026-02-17 11:02:52,789 [INFO] Rule:233 - rule Add RTC Activate Calendar 3 is applicable
2026-02-17 11:02:52,789 [INFO] Rule:233 - rule UART/USART TX Mode is applicable
2026-02-17 11:02:52,789 [INFO] Rule:233 - rule UART/USART RX Mode is applicable
2026-02-17 11:02:52,789 [INFO] Rule:233 - rule UART/USART RX TX Mode is applicable
2026-02-17 11:02:52,790 [INFO] Rule:233 - rule UART/USART PARITY NONE is applicable
2026-02-17 11:02:52,790 [INFO] Rule:233 - rule UART/USART PARITY EVEN is applicable
2026-02-17 11:02:52,790 [INFO] Rule:233 - rule UART/USART PARITY ODD is applicable
2026-02-17 11:02:52,790 [INFO] Rule:233 - rule USART StopBits 1 is applicable
2026-02-17 11:02:52,790 [INFO] Rule:233 - rule USART StopBits 2 is applicable
2026-02-17 11:02:52,790 [INFO] Rule:233 - rule USART StopBits 1.5 is applicable
2026-02-17 11:02:52,790 [INFO] Rule:233 - rule USART StopBits 0.5 is applicable
2026-02-17 11:02:52,790 [INFO] Rule:233 - rule UART/USART WORD LENGTH 7 is applicable
2026-02-17 11:02:52,790 [INFO] Rule:233 - rule UART/USART WORD LENGTH 8 is applicable
2026-02-17 11:02:52,790 [INFO] Rule:233 - rule UART/USART WORD LENGTH 9 is applicable
2026-02-17 11:02:52,791 [INFO] Rule:233 - rule Rename FMC NAND NCE signal is applicable
2026-02-17 11:02:52,791 [INFO] Rule:233 - rule Rename FMC NAND INT signal is applicable
2026-02-17 11:02:52,791 [INFO] Rule:233 - rule Change Default Value for LSE Drive Capability for WB family is applicable
2026-02-17 11:02:52,791 [INFO] Rule:233 - rule Change Default Value for ADC Clock Prescaler G0 family is applicable
2026-02-17 11:02:52,791 [INFO] Rule:233 - rule Change Default Value for ADC ExternalTrigConv L4 family is applicable
2026-02-17 11:02:52,791 [INFO] Rule:233 - rule Change Default Value for ADC ExternalTrigInjecConv L4 family is applicable
2026-02-17 11:02:52,791 [INFO] Rule:233 - rule Change Default Value for ADC ExternalTrigConv F3 family is applicable
2026-02-17 11:02:52,791 [INFO] Rule:233 - rule Change Default Value for ADC ExternalTrigInjecConv F3 family is applicable
2026-02-17 11:02:52,791 [INFO] Rule:233 - rule Change Default Value for ADC ExternalTrigConv Goldfish serie is applicable
2026-02-17 11:02:52,791 [INFO] Rule:233 - rule Change Default Value for ADC ExternalTrigInjecConv Goldfish serie is applicable
2026-02-17 11:02:52,791 [INFO] Rule:233 - rule Change Default Value for ADC ExternalTrigConv L0 family is applicable
2026-02-17 11:02:52,791 [INFO] Rule:233 - rule Change Default Value for ADC ExternalTrigConv F0 family is applicable
2026-02-17 11:02:52,791 [INFO] Rule:233 - rule Change Default Value for ADC ExternalTrigConvn L1 family is applicable
2026-02-17 11:02:52,791 [INFO] Rule:233 - rule Change Default Value for ADC ExternalTrigInjecConv L1 family is applicable
2026-02-17 11:02:52,791 [INFO] Rule:233 - rule Change Default Value for ADC ExternalTrigConv F1 family is applicable
2026-02-17 11:02:52,791 [INFO] Rule:233 - rule Change Default Value for ADC ExternalTrigInjecConv F1 family is applicable
2026-02-17 11:02:52,792 [INFO] Rule:233 - rule Change Default Value for ADC ExternalTrigConv F7 family is applicable
2026-02-17 11:02:52,792 [INFO] Rule:233 - rule Change Default Value for ADC ExternalTrigInjecConv F7 family is applicable
2026-02-17 11:02:52,792 [INFO] Rule:233 - rule Change Default Value for ADC ExternalTrigConv F4 and F2 family is applicable
2026-02-17 11:02:52,792 [INFO] Rule:233 - rule Change Default Value for ADC ExternalTrigInjecConv F4 and F2 family is applicable
2026-02-17 11:02:52,792 [INFO] Rule:233 - rule ADC SamplingTime fix with FW L0  is applicable
2026-02-17 11:02:52,792 [INFO] Rule:233 - rule ADC SamplingTime fix with FW L0  is applicable
2026-02-17 11:02:52,792 [INFO] Rule:233 - rule ADC SamplingTime fix with FW L0 is applicable
2026-02-17 11:02:52,792 [INFO] Rule:233 - rule ADC SamplingTime fix with FW L0 is applicable
2026-02-17 11:02:52,792 [INFO] Rule:233 - rule ADC SamplingTime fix with FW L0  is applicable
2026-02-17 11:02:52,792 [INFO] Rule:233 - rule ADC SamplingTime fix with FW L0 is applicable
2026-02-17 11:02:52,792 [INFO] Rule:233 - rule Rename USB_OE Signal is applicable
2026-02-17 11:02:52,792 [INFO] Rule:233 - rule Rename Activate_OE Mode is applicable
2026-02-17 11:02:52,792 [INFO] Rule:233 - rule Rename DIE462/DIE415 pin PC14/OSC32_IN -> PC14-OSC32_IN (PC14) is applicable
2026-02-17 11:02:52,792 [INFO] Rule:233 - rule Rename DIE462/DIE415 pin PC15/OSC32_OUT -> PC15-OSC32_OUT (PC15) is applicable
2026-02-17 11:02:52,792 [INFO] Rule:233 - rule Rename DIE462/DIE415 pin PH0/OSC_IN -> PH0-OSC_IN (PH0) is applicable
2026-02-17 11:02:52,792 [INFO] Rule:233 - rule Rename DIE462/DIE415 pin PH1/OSC_OUT -> PH1-OSC_OUT (PH1) is applicable
2026-02-17 11:02:52,792 [INFO] Rule:233 - rule Rename DIE462 pin PA13 -> PA13 (JTMS/SWDIO) is applicable
2026-02-17 11:02:52,793 [INFO] Rule:233 - rule Rename DIE415 pin PA13 -> PA13 (JTMS/SWDIO) is applicable
2026-02-17 11:02:52,793 [INFO] Rule:233 - rule Rename DIE462 pin PA14 -> PA14 (JTCK/SWCLK) is applicable
2026-02-17 11:02:52,793 [INFO] Rule:233 - rule Rename DIE415 pin PA14 -> PA14 (JTCK/SWCLK) is applicable
2026-02-17 11:02:52,793 [INFO] Rule:233 - rule Rename DIE462/DIE415 pin PA15 -> PA15 (JTDI) is applicable
2026-02-17 11:02:52,793 [INFO] Rule:233 - rule Rename DIE462 pin PB3 -> PB3 (JTD0/TRACESWO) is applicable
2026-02-17 11:02:52,793 [INFO] Rule:233 - rule Rename DIE415 pin PB3 -> PB3 (JTD0-TRACESWO) is applicable
2026-02-17 11:02:52,793 [INFO] Rule:233 - rule Rename DIE462/DIE415 pin PB4 -> PB4 (NJTRST) is applicable
2026-02-17 11:02:52,793 [INFO] Rule:233 - rule Rename DIE462 pin PH3/BOOT0 -> PH3-BOOT0 (BOOT0) is applicable
2026-02-17 11:02:52,793 [INFO] Rule:233 - rule Rename CRYP DataEncryptionTypesList to Algorithm is applicable
2026-02-17 11:02:52,793 [INFO] Rule:233 - rule Rename AES DataEncryptionTypesList to Algorithm is applicable
2026-02-17 11:02:52,793 [INFO] Rule:233 - rule Rename TDESECB to CRYP_TDES_ECB is applicable
2026-02-17 11:02:52,793 [INFO] Rule:233 - rule Rename TDESCBC to CRYP_TDES_CBC is applicable
2026-02-17 11:02:52,793 [INFO] Rule:233 - rule Rename DESECB to CRYP_DES_ECB is applicable
2026-02-17 11:02:52,793 [INFO] Rule:233 - rule Rename DESCBC to CRYP_DES_CBC is applicable
2026-02-17 11:02:52,793 [INFO] Rule:233 - rule Rename AESECB to CRYP_AES_ECB is applicable
2026-02-17 11:02:52,793 [INFO] Rule:233 - rule Rename AESCBC to CRYP_AES_CBC is applicable
2026-02-17 11:02:52,793 [INFO] Rule:233 - rule Rename AESCTR to CRYP_AES_CTR is applicable
2026-02-17 11:02:52,794 [INFO] Rule:233 - rule Rename AESGCM to CRYP_AES_GCM is applicable
2026-02-17 11:02:52,794 [INFO] Rule:233 - rule Rename AESCCM to CRYP_AES_CCM is applicable
2026-02-17 11:02:52,794 [INFO] Rule:233 - rule Rename CAN TimeSeg1 to BS1 is applicable
2026-02-17 11:02:52,794 [INFO] Rule:233 - rule Rename CAN TimeSeg2 to BS2 is applicable
2026-02-17 11:02:52,794 [INFO] Rule:233 - rule Rename CAN SyncJumpWidth to SJW is applicable
2026-02-17 11:02:52,794 [INFO] Rule:233 - rule TimeTriggeredMode to TTCM is applicable
2026-02-17 11:02:52,794 [INFO] Rule:233 - rule Rename CAN AutoBusOff to ABOM is applicable
2026-02-17 11:02:52,794 [INFO] Rule:233 - rule Rename CAN AutoWakeUp to AWUM is applicable
2026-02-17 11:02:52,794 [INFO] Rule:233 - rule Rename CAN AutoRetransmission to NART is applicable
2026-02-17 11:02:52,794 [INFO] Rule:233 - rule Rename CAN ReceiveFifoLocked to RFLM is applicable
2026-02-17 11:02:52,794 [INFO] Rule:233 - rule Rename CAN TransmitFifoPriority to TXFP is applicable
2026-02-17 11:02:52,794 [INFO] Rule:233 - rule Rename HRTIMER HRTIM_OUTPUTFAULTLEVEL_HIGH in HRTIMER HRTIM_OUTPUTFAULTLEVEL_HIGHZ is applicable
2026-02-17 11:02:52,794 [INFO] Rule:233 - rule Rename TIMER TIM_CLEARINPUTSOURCE_OCREFCLR in  TIMER TIM_CLEARINPUTSOURCE_NONE for F7 family is applicable
2026-02-17 11:02:52,794 [INFO] Rule:233 - rule FDCAN_R1 - Rename FDCAN mode Master into Classic is applicable
2026-02-17 11:02:52,794 [INFO] Rule:233 - rule FDCAN_R2 - Rename FDCAN mode Slave into Classic is applicable
2026-02-17 11:02:52,794 [INFO] Rule:233 - rule FDCAN1_R3 - if PA10.Mode=FullDuplex, add Pin PA12 is applicable
2026-02-17 11:02:52,794 [INFO] Rule:233 - rule FDCAN1_R3 - if PA9.Mode=FullDuplex, add Pin PA11 is applicable
2026-02-17 11:02:52,795 [INFO] Rule:233 - rule FDCAN1_R3 - Alternatepin_1 - if PE1.Mode=FullDuplex, add Pin PB9 is applicable
2026-02-17 11:02:52,795 [INFO] Rule:233 - rule FDCAN1_R3 - Alternatepin_1 - if PE0.Mode=FullDuplex, add Pin PB8 is applicable
2026-02-17 11:02:52,795 [INFO] Rule:233 - rule FDCAN1_R3 - Alternatepin_2 - if PD5.Mode=FullDuplex, add Pin PD1 is applicable
2026-02-17 11:02:52,795 [INFO] Rule:233 - rule FDCAN1_R3 - Alternatepin_2 - if PD4.Mode=FullDuplex, add Pin PD0 is applicable
2026-02-17 11:02:52,795 [INFO] Rule:233 - rule FDCAN1_R4 - Rename Mode FullDuplex into Enable FDCAN_TXFD for pin PA10 is applicable
2026-02-17 11:02:52,795 [INFO] Rule:233 - rule FDCAN1_R4 - Rename Mode FullDuplex into Enable FDCAN_TXFD for pin PA9 is applicable
2026-02-17 11:02:52,795 [INFO] Rule:233 - rule FDCAN1_R4 - Alternatepin_1 - Rename Mode FullDuplex into Enable FDCAN_TXFD for pin PE1 is applicable
2026-02-17 11:02:52,795 [INFO] Rule:233 - rule FDCAN1_R4 - Alternatepin_1 - Rename Mode FullDuplex into Enable FDCAN_TXFD for pin PE0 is applicable
2026-02-17 11:02:52,795 [INFO] Rule:233 - rule FDCAN1_R4 - Alternatepin_2 - Rename Mode FullDuplex into Enable FDCAN_TXFD for pin PD5 is applicable
2026-02-17 11:02:52,795 [INFO] Rule:233 - rule FDCAN1_R4 - Alternatepin_2 - Rename Mode FullDuplex into Enable FDCAN_TXFD for pin PD4 is applicable
2026-02-17 11:02:52,795 [INFO] Rule:233 - rule FDCAN2_R3 - if PD10.Mode=FullDuplex, add Pin PB13 is applicable
2026-02-17 11:02:52,796 [INFO] Rule:233 - rule FDCAN2_R3 - if PD9.Mode=FullDuplex, add Pin PB12 is applicable
2026-02-17 11:02:52,796 [INFO] Rule:233 - rule FDCAN2_R3 - Alternatepin_1 - if PB7.Mode=FullDuplex, add Pin PB6 is applicable
2026-02-17 11:02:52,796 [INFO] Rule:233 - rule FDCAN2_R3 - Alternatepin_1 - if PD9.Mode=FullDuplex, add Pin PB12 is applicable
2026-02-17 11:02:52,796 [INFO] Rule:233 - rule FDCAN2_R4 - Rename Mode FullDuplex into Enable FDCAN_TXFD for pin PD10 is applicable
2026-02-17 11:02:52,796 [INFO] Rule:233 - rule FDCAN2_R4 - Rename Mode FullDuplex into Enable FDCAN_TXFD for pin PD9 is applicable
2026-02-17 11:02:52,796 [INFO] Rule:233 - rule FDCAN2_R4 - Alternatepin_1 - Rename Mode FullDuplex into Enable FDCAN_TXFD for pin PB7 is applicable
2026-02-17 11:02:52,796 [INFO] Rule:233 - rule FDCAN2_R4 - Alternatepin_1 - Rename Mode FullDuplex into Enable FDCAN_TXFD for pin PD6 is applicable
2026-02-17 11:02:52,796 [INFO] Rule:233 - rule USART TxPinLevelInvertParam Mode is applicable
2026-02-17 11:02:52,796 [INFO] Rule:233 - rule USART RxPinLevelInvertParam Mode is applicable
2026-02-17 11:02:52,796 [INFO] Rule:233 - rule USART DataInvertParam Mode is applicable
2026-02-17 11:02:52,796 [INFO] Rule:233 - rule USART SwapParam Mode is applicable
2026-02-17 11:02:52,796 [INFO] Rule:233 - rule USART OverrunDisableParam Mode is applicable
2026-02-17 11:02:52,796 [INFO] Rule:233 - rule USART DMADisableonRxErrorParam Mode is applicable
2026-02-17 11:02:52,796 [INFO] Rule:233 - rule USART MSBFirstParam Mode is applicable
2026-02-17 11:02:52,797 [INFO] Rule:233 - rule Update MwName for USB_DEVICE is applicable
2026-02-17 11:02:52,797 [INFO] Rule:233 - rule Change PWR_Regulator_Voltage_Scale Default Value for RCC  H7 family is applicable
2026-02-17 11:02:52,797 [INFO] Rule:233 - rule UART/USART IPParameter rename Prescaler parameter to ClockPrescaler is applicable
2026-02-17 11:02:52,797 [INFO] Rule:233 - rule UART/USART Prescaler rename Prescaler parameter to ClockPrescaler is applicable
2026-02-17 11:02:52,797 [INFO] Rule:233 - rule TIM1CLockSelection is applicable
2026-02-17 11:02:52,797 [INFO] Rule:233 - rule TIM15CLockSelection is applicable
2026-02-17 11:02:52,797 [INFO] Rule:233 - rule align RCC SDMMC3CLockSelection default value on MP1 is applicable
2026-02-17 11:02:52,797 [INFO] Rule:233 - rule align RCC SDMMC12CLockSelection default value on MP1 is applicable
2026-02-17 11:02:52,797 [INFO] Rule:233 - rule align RCC QSPICLockSelection default value on MP1 is applicable
2026-02-17 11:02:52,797 [INFO] Rule:233 - rule align RCC QSPICLockSelection default value on MP1 is applicable
2026-02-17 11:02:52,797 [INFO] Rule:233 - rule align RCC SPI6CLockSelection default value on MP1 is applicable
2026-02-17 11:02:52,797 [INFO] Rule:233 - rule align RCC LPTIM23CLockSelection default value on MP1 is applicable
2026-02-17 11:02:52,797 [INFO] Rule:233 - rule align RCC LPTIM1CLockSelection default value on MP1 is applicable
2026-02-17 11:02:52,797 [INFO] Rule:233 - rule align RCC USART1CLockSelection default value on MP1 is applicable
2026-02-17 11:02:52,797 [INFO] Rule:233 - rule align RCC USART24CLockSelection default value on MP1 is applicable
2026-02-17 11:02:52,798 [INFO] Rule:233 - rule align RCC USART6CLockSelection default value on MP1 is applicable
2026-02-17 11:02:52,798 [INFO] Rule:233 - rule align RCC UART78CLockSelection default value on MP1 is applicable
2026-02-17 11:02:52,798 [INFO] Rule:233 - rule align RCC USART35CLockSelection default value on MP1 is applicable
2026-02-17 11:02:52,798 [INFO] Rule:233 - rule align RCC SPI45CLockSelection default value on MP1 is applicable
2026-02-17 11:02:52,798 [INFO] Rule:233 - rule align RCC I2C46CLockSelection BCLK value on MP1 is applicable
2026-02-17 11:02:52,798 [INFO] Rule:233 - rule align RCC SPI45CLockSelection default value on MP1 is applicable
2026-02-17 11:02:52,798 [INFO] Rule:233 - rule align RCC I2C12CLockSelection default value on MP1 is applicable
2026-02-17 11:02:52,798 [INFO] Rule:233 - rule align RCC I2C35CLockSelection default value on MP1 is applicable
2026-02-17 11:02:52,798 [INFO] Rule:233 - rule align RCC LPTIM45CLockSelection default value on MP1 is applicable
2026-02-17 11:02:52,798 [INFO] Rule:233 - rule Rename DCMI PIXCK signal is applicable
2026-02-17 11:02:52,798 [INFO] Rule:233 - rule Change Default Value for I2C46CLockSelection MP1 family is applicable
2026-02-17 11:02:52,798 [INFO] Rule:233 - rule Change Default Value for UART for G4, G0 and WB families is applicable
2026-02-17 11:02:52,798 [INFO] Rule:233 - rule Change Default Value for USART for G4, G0 and WB families is applicable
2026-02-17 11:02:52,798 [INFO] Rule:233 - rule Change Default Value for USART for G4 family is applicable
2026-02-17 11:02:52,798 [INFO] Rule:233 - rule Change USART1CLockSelection refparam name for MP1 is applicable
2026-02-17 11:02:52,798 [INFO] Rule:233 - rule Change USART2CLockSelection refparam name for MP1 is applicable
2026-02-17 11:02:52,799 [INFO] Rule:233 - rule Change USART3CLockSelection refparam name for MP1 is applicable
2026-02-17 11:02:52,799 [INFO] Rule:233 - rule Change UART4CLockSelection refparam name for MP1 is applicable
2026-02-17 11:02:52,799 [INFO] Rule:233 - rule Change UART5CLockSelection refparam name for MP1 is applicable
2026-02-17 11:02:52,799 [INFO] Rule:233 - rule Change LPUART1CLockSelection refparam name for MP1 is applicable
2026-02-17 11:02:52,799 [INFO] Rule:233 - rule Change LPTIM1CLockSelection refparam name for MP1 is applicable
2026-02-17 11:02:52,799 [INFO] Rule:233 - rule Change LPTIM2CLockSelection refparam name for MP1 is applicable
2026-02-17 11:02:52,799 [INFO] Rule:233 - rule Change RCC_MCO1Source refparam name for MP1 is applicable
2026-02-17 11:02:52,799 [INFO] Rule:233 - rule Change LSCOSource1 refparam name for MP1 is applicable
2026-02-17 11:02:52,799 [INFO] Rule:233 - rule Change SMPSCLockSelection refparam name for MP1 is applicable
2026-02-17 11:02:52,799 [INFO] Rule:233 - rule Change LPTIM3CLockSelection refparam name for MP1 is applicable
2026-02-17 11:02:52,799 [INFO] Rule:233 - rule Change MPCBB* Default Template Mode to Parameters is applicable
2026-02-17 11:02:52,799 [INFO] Rule:233 - rule Change MPCWM* or MPCBB* Secure Mode to Parameters is applicable
2026-02-17 11:02:52,799 [INFO] Rule:233 - rule Change MPCWM* or MPCBB* No Secure Mode to Parameters is applicable
2026-02-17 11:02:52,799 [INFO] Rule:233 - rule Change TZSC IP Secure Mode to Parameters is applicable
2026-02-17 11:02:52,799 [INFO] Rule:233 - rule Change TZSC IP No Secure Mode to Parameters is applicable
2026-02-17 11:02:52,799 [INFO] Rule:233 - rule Change TZSC IP Privilege Mode to Parameters is applicable
2026-02-17 11:02:52,800 [INFO] Rule:233 - rule Change TZSC IP No Privilege Mode to Parameters is applicable
2026-02-17 11:02:52,800 [INFO] Rule:233 - rule Change TZIC IT Secure Mode to Parameters is applicable
2026-02-17 11:02:52,800 [INFO] Rule:233 - rule Change TZIC IT No Secure Mode to Parameters is applicable
2026-02-17 11:02:52,800 [INFO] Rule:233 - rule Add MPCBB1_NonSecureArea_Start_Address value with referenced to MPCBB1_NonSecureArea_Start value is applicable
2026-02-17 11:02:52,800 [INFO] Rule:233 - rule Add MPCBB2_NonSecureArea_Start_Address value with referenced to MPCBB2_NonSecureArea_Start value is applicable
2026-02-17 11:02:52,800 [INFO] Rule:233 - rule Add MPCWM1_NonSecureArea*_Start_Address value with referenced to MPCWM1_NonSecureArea*_Start value is applicable
2026-02-17 11:02:52,800 [INFO] Rule:233 - rule Add MPCWM2_NonSecureArea*_Start_Address value with referenced to MPCWM2_NonSecureArea*_Start value is applicable
2026-02-17 11:02:52,800 [INFO] Rule:233 - rule Add MPCWM3_NonSecureArea_Start_Address value with referenced to MPCWM3_NonSecureArea_Start value is applicable
2026-02-17 11:02:52,800 [INFO] Rule:233 - rule Change Default Value for PLL1UserDefinedConfig is applicable
2026-02-17 11:02:52,800 [INFO] Rule:233 - rule Change GPIO_PuPd Default Value for USART in async mode is applicable
2026-02-17 11:02:52,800 [INFO] Rule:233 - rule Change SMPSDivider Default Value is applicable
2026-02-17 11:02:52,800 [INFO] Rule:233 - rule OPAMP is applicable
2026-02-17 11:02:52,800 [INFO] Rule:233 - rule LPUART IPParameter rename Prescaler parameter to ClockPrescaler for STM32H7 is applicable
2026-02-17 11:02:52,800 [INFO] Rule:233 - rule LPUART IPParameter rename Prescaler parameter to ClockPrescaler for STM32H7 is applicable
2026-02-17 11:02:52,800 [INFO] Rule:233 - rule LPUART IPParameter rename Prescaler parameter to ClockPrescaler for STM32WB is applicable
2026-02-17 11:02:52,800 [INFO] Rule:233 - rule LPUART IPParameter rename Prescaler parameter to ClockPrescaler for STM32WB is applicable
2026-02-17 11:02:52,800 [INFO] Rule:233 - rule LPUART IPParameter rename Prescaler parameter to ClockPrescaler for STM32G4 is applicable
2026-02-17 11:02:52,801 [INFO] Rule:233 - rule LPUART IPParameter rename Prescaler parameter to ClockPrescaler for STM32G4 is applicable
2026-02-17 11:02:52,801 [INFO] Rule:233 - rule LPUART IPParameter rename Prescaler parameter to ClockPrescaler for STM32L5 is applicable
2026-02-17 11:02:52,801 [INFO] Rule:233 - rule LPUART IPParameter rename Prescaler parameter to ClockPrescaler for STM32L5 is applicable
2026-02-17 11:02:52,801 [INFO] Rule:233 - rule LPUART IPParameter rename Prescaler parameter to ClockPrescaler for STM32G4 is applicable
2026-02-17 11:02:52,801 [INFO] Rule:233 - rule LPUART IPParameter rename Prescaler parameter to ClockPrescaler for STM32G4 is applicable
2026-02-17 11:02:52,801 [INFO] Rule:233 - rule USB device lib V2.5.3 for L0 rename USBD_SUPPORT_USER_STRING parameter to USBD_SUPPORT_USER_STRING_DESC4 is applicable
2026-02-17 11:02:52,801 [INFO] Rule:233 - rule I2SCLockSelection clock entry align is applicable
2026-02-17 11:02:52,801 [INFO] Rule:233 - rule Assign TIMx context if used as SYS timebase is applicable
2026-02-17 11:02:52,801 [INFO] Rule:233 - rule Change GPIO_Pu Default Value for I2C is applicable
2026-02-17 11:02:52,801 [INFO] Rule:233 - rule Change GPIO_Pu Default Value for SMBus is applicable
2026-02-17 11:02:52,801 [INFO] Rule:233 - rule change FDCAN default value is applicable
2026-02-17 11:02:52,801 [INFO] Rule:233 - rule Change mode sai is applicable
2026-02-17 11:02:52,801 [INFO] Rule:233 - rule **Change sai mode is applicable
2026-02-17 11:02:52,801 [INFO] Rule:233 - rule Rename STM32WPAN CFG_BLE_IRK to CFG_BLE_IR is applicable
2026-02-17 11:02:52,801 [INFO] Rule:233 - rule Rename STM32WPAN CFG_BLE_ERK to CFG_BLE_ER is applicable
2026-02-17 11:02:52,801 [INFO] Rule:233 - rule Rename STM32WPAN CFG_BLE_IRK_HEX to CFG_BLE_IR_HEX is applicable
2026-02-17 11:02:52,801 [INFO] Rule:233 - rule Rename STM32WPAN CFG_BLE_ERK_HEX to CFG_BLE_ER_HEX is applicable
2026-02-17 11:02:52,801 [INFO] Rule:233 - rule Adapt Old IOC before rework replace old CORTEX_M33/CORTEX_M55 attributes by the new one. is applicable
2026-02-17 11:02:52,802 [INFO] Rule:233 - rule Rename parametre of RCC RCC_APBDBG_DIV2 to RCC_TIMPRES_DIV2 is applicable
2026-02-17 11:02:52,802 [INFO] Rule:233 - rule Rename DIE493 pin PA10 [PA12] -> PA10 is applicable
2026-02-17 11:02:52,802 [INFO] Rule:233 - rule Rename DIE493 pin PA9 [PA11] -> PA9 is applicable
2026-02-17 11:02:52,802 [INFO] Rule:233 - rule Rename DIE492 PartNumber CPN STM32WBA5MJGHx -> STM32WBA5MMGHx is applicable
2026-02-17 11:02:52,802 [INFO] Rule:233 - rule Rename DIE492 PartNumber  Name STM32WBA5MJGHx -> STM32WBA5MMGHx is applicable
2026-02-17 11:02:52,802 [INFO] Rule:233 - rule Rename DIE492 PartNumber UserName STM32WBA5MJGHx -> STM32WBA5MMGHx is applicable
2026-02-17 11:02:52,802 [INFO] Rule:233 - rule Rename DIE492 PartNumber DeviceId STM32WBA5MJGHx -> STM32WBA5MMGHx is applicable
2026-02-17 11:02:52,802 [INFO] Rule:233 - rule Adapt Old IOC CSI. is applicable
2026-02-17 11:02:52,802 [INFO] Rule:233 - rule Adapt Old IOC DCMIPP. is applicable
2026-02-17 11:02:52,802 [INFO] Rule:233 - rule Adapt Old IOC DCMIPP Mode Parallel. is applicable
2026-02-17 11:02:52,802 [INFO] Rule:233 - rule Adapt Old IOC LTDC. is applicable
2026-02-17 11:02:52,802 [INFO] Rule:233 - rule Rename STM32MP2 RIF Peripheral LTDC RIF.RISUP.LTDC_L0L1.Privilege -> RIF.RISUP.LTDC_L1L2.Privilege is applicable
2026-02-17 11:02:52,802 [INFO] Rule:233 - rule Rename STM32MP2 RIF Peripheral LTDC RIF.RISUP.LTDC_L0L1.Privilege -> RIF.RISUP.LTDC_L1L2.Privilege is applicable
2026-02-17 11:02:52,802 [INFO] Rule:233 - rule Rename STM32MP2 RIF Peripheral LTDC RIF.RISUP.LTDC_L0L1.Lock -> RIF.RISUP.LTDC_L1L2.Lock is applicable
2026-02-17 11:02:52,802 [INFO] Rule:233 - rule Rename STM32MP2 RIF Peripheral LTDC RIF.RISUP.LTDC_L2.Lock -> RIF.RISUP.LTDC_L3.Lock is applicable
2026-02-17 11:02:52,802 [INFO] Rule:233 - rule Adapt the old IOC example for updating the SYS when it is misconfigured. is applicable
2026-02-17 11:02:52,802 [INFO] Rule:233 - rule Rename STM32C09 Mcu.Package LQFP64 -> LQFP48 is applicable
2026-02-17 11:02:52,802 [INFO] Rule:233 - rule Adapt the old IOC example for updating the SYS when it is misconfigured. is applicable
2026-02-17 11:02:52,803 [INFO] Rule:233 - rule Adapt the old IOC example for updating the SYS when it is misconfigured. is applicable
2026-02-17 11:02:52,830 [INFO] DbConfProperties:307 - Apply Compatibility (53/282 Rules)
2026-02-17 11:02:52,861 [INFO] ImportTextPane:234 - (OptionalMessage_ERROR) Unable to find key (Mcu.ThirdPartyNb) in loaded IOC file
2026-02-17 11:02:52,866 [INFO] ImportTextPane:234 - (OptionalMessage_ERROR) Pin12 (VP_RIF_VS_RIF1) cannot be retrieved for this MCU
2026-02-17 11:02:53,287 [INFO] RtosManager:558 - Registered RTOS mode: class=CMSIS, group=RTOS, mode=CMSIS_V1, owner=FREERTOS
2026-02-17 11:02:53,287 [INFO] RtosManager:558 - Registered RTOS mode: class=CMSIS, group=RTOS2, mode=CMSIS_V2, owner=FREERTOS
2026-02-17 11:02:53,287 [INFO] RtosManager:558 - Registered RTOS mode: class=RTOS, group=Core, mode=CMSIS_V1, owner=FREERTOS
2026-02-17 11:02:53,288 [INFO] RtosManager:558 - Registered RTOS mode: class=RTOS, group=Core, mode=CMSIS_V2, owner=FREERTOS
2026-02-17 11:02:53,288 [WARN] ModelIntegratedComponent:184 - Missing modes for component STMicroelectronics:FreeRTOS:0.0.1:STMicroelectronics:RTOS:FreeRTOS:Core:::10.2.0:
2026-02-17 11:02:53,317 [WARN] ModelIntegratedComponent:63 - No mode defined for component null
2026-02-17 11:02:53,318 [WARN] ModelIntegratedComponent:63 - No mode defined for component null
2026-02-17 11:02:53,318 [WARN] ModelIntegratedComponent:63 - No mode defined for component null
2026-02-17 11:02:53,318 [WARN] ModelIntegratedComponent:63 - No mode defined for component null
2026-02-17 11:02:53,318 [WARN] ModelIntegratedComponent:63 - No mode defined for component null
2026-02-17 11:02:53,318 [WARN] ModelIntegratedComponent:63 - No mode defined for component null
2026-02-17 11:02:53,318 [WARN] ModelIntegratedComponent:63 - No mode defined for component null
2026-02-17 11:02:53,318 [WARN] ModelIntegratedComponent:63 - No mode defined for component null
2026-02-17 11:02:53,318 [WARN] ModelIntegratedComponent:63 - No mode defined for component null
2026-02-17 11:02:53,318 [WARN] ModelIntegratedComponent:63 - No mode defined for component null
2026-02-17 11:02:53,318 [WARN] ModelIntegratedComponent:63 - No mode defined for component null
2026-02-17 11:02:53,319 [WARN] ModelIntegratedComponent:63 - No mode defined for component null
2026-02-17 11:02:53,319 [WARN] ModelIntegratedComponent:63 - No mode defined for component null
2026-02-17 11:02:53,319 [WARN] ModelIntegratedComponent:63 - No mode defined for component null
2026-02-17 11:02:53,319 [WARN] ModelIntegratedComponent:63 - No mode defined for component null
2026-02-17 11:02:53,319 [WARN] ModelIntegratedComponent:63 - No mode defined for component null
2026-02-17 11:02:53,319 [WARN] ModelIntegratedComponent:63 - No mode defined for component null
2026-02-17 11:02:53,319 [WARN] ModelIntegratedComponent:63 - No mode defined for component null
2026-02-17 11:02:53,319 [WARN] ModelIntegratedComponent:63 - No mode defined for component null
2026-02-17 11:02:53,319 [WARN] ModelIntegratedComponent:63 - No mode defined for component null
2026-02-17 11:02:53,319 [WARN] ModelIntegratedComponent:63 - No mode defined for component null
2026-02-17 11:02:53,319 [WARN] ModelIntegratedComponent:63 - No mode defined for component null
2026-02-17 11:02:53,319 [WARN] ModelIntegratedComponent:63 - No mode defined for component null
2026-02-17 11:02:53,319 [WARN] ModelIntegratedComponent:63 - No mode defined for component null
2026-02-17 11:02:53,319 [WARN] ModelIntegratedComponent:63 - No mode defined for component null
2026-02-17 11:02:53,320 [WARN] ModelIntegratedComponent:63 - No mode defined for component null
2026-02-17 11:02:53,320 [WARN] ModelIntegratedComponent:63 - No mode defined for component null
2026-02-17 11:02:53,320 [WARN] ModelIntegratedComponent:63 - No mode defined for component null
2026-02-17 11:02:53,320 [WARN] ModelIntegratedComponent:63 - No mode defined for component null
2026-02-17 11:02:53,320 [WARN] ModelIntegratedComponent:63 - No mode defined for component null
2026-02-17 11:02:53,320 [WARN] ModelIntegratedComponent:63 - No mode defined for component null
2026-02-17 11:02:53,320 [WARN] ModelIntegratedComponent:63 - No mode defined for component null
2026-02-17 11:02:53,320 [WARN] ModelIntegratedComponent:63 - No mode defined for component null
2026-02-17 11:02:53,321 [WARN] ModelIntegratedComponent:63 - No mode defined for component null
2026-02-17 11:02:53,321 [WARN] ModelIntegratedComponent:63 - No mode defined for component null
2026-02-17 11:02:53,321 [WARN] ModelPack:524 - Component already loaded: STMicroelectronics:HAL Drivers:0.0.0:STMicroelectronics:Device:STMicro_Driver:XSPI:HAL::0.0.1:HAL_XSPI
2026-02-17 11:02:53,390 [INFO] ThirdPartyModel:298 - Start build external matchings
2026-02-17 11:02:54,403 [INFO] ThirdPartyModel:316 - End build external matchings
2026-02-17 11:02:54,448 [INFO] ImportTextPane:234 - (OptionalMessage_ERROR) IP (RCC) : Invalid parameter (FamilyName)
2026-02-17 11:02:54,453 [INFO] ImportTextPane:234 - (OptionalMessage_ERROR) IP (RCC) : Parameter (RNGFreq_Value) has invalid value (64000000)
2026-02-17 11:02:54,454 [INFO] ImportTextPane:234 - (OptionalMessage_ERROR) IP (RCC) : Parameter (SDMMCFreq_Value) has invalid value (64000000)
2026-02-17 11:02:54,454 [INFO] ImportTextPane:234 - (OptionalMessage_ERROR) IP (RCC) : Parameter (USBFreq_Value) has invalid value (64000000)
2026-02-17 11:02:55,075 [INFO] UtilMem:75 - End LoadConfig() Used Memory: 903850304 Bytes (1073741824)
2026-02-17 11:02:55,127 [WARN] ThirdParty:833 - waiting for thirdparty lock release [change project]
2026-02-17 11:02:55,127 [INFO] ThirdParty:835 - entering critical section [change project]
2026-02-17 11:02:55,128 [INFO] ThirdParty:1030 - CMSIS Pack Vendor :STMicroelectronics X-CUBE-PM33A1 1.0.0
2026-02-17 11:02:55,128 [INFO] ThirdParty:1030 - CMSIS Pack Vendor :STMicroelectronics USBPD 4.1
2026-02-17 11:02:55,128 [INFO] ThirdParty:1030 - CMSIS Pack Vendor :STMicroelectronics X-CUBE-NFC9 1.0.0
2026-02-17 11:02:55,128 [INFO] ThirdParty:1030 - CMSIS Pack Vendor :STMicroelectronics USB_HOST 2.0.0
2026-02-17 11:02:55,128 [INFO] ThirdParty:1030 - CMSIS Pack Vendor :STMicroelectronics FP-SNS-MOTENVWB1 1.4.0
2026-02-17 11:02:55,129 [INFO] ThirdParty:1030 - CMSIS Pack Vendor :STMicroelectronics X-CUBE-AZRTOS-F4 1.1.0
2026-02-17 11:02:55,129 [INFO] ThirdParty:1030 - CMSIS Pack Vendor :STMicroelectronics LIBJPEG 8.0.0
2026-02-17 11:02:55,129 [INFO] ThirdParty:1030 - CMSIS Pack Vendor :STMicroelectronics FP-ATR-ASTRA1 2.0.2
2026-02-17 11:02:55,129 [INFO] ThirdParty:1030 - CMSIS Pack Vendor :STMicroelectronics X-CUBE-BLE1 7.1.0
2026-02-17 11:02:55,129 [INFO] ThirdParty:1030 - CMSIS Pack Vendor :STMicroelectronics X-CUBE-SMBUS 2.1.0
2026-02-17 11:02:55,129 [INFO] ThirdParty:1030 - CMSIS Pack Vendor :wolfSSL I-CUBE-wolfMQTT 1.19.2
2026-02-17 11:02:55,129 [INFO] ThirdParty:1030 - CMSIS Pack Vendor :STMicroelectronics USB_DEVICE 3.0.0
2026-02-17 11:02:55,129 [INFO] ThirdParty:1030 - CMSIS Pack Vendor :STMicroelectronics X-CUBE-ISPU 2.1.0
2026-02-17 11:02:55,129 [INFO] ThirdParty:1030 - CMSIS Pack Vendor :STMicroelectronics X-CUBE-FREERTOS 1.4.0
2026-02-17 11:02:55,129 [INFO] ThirdParty:1030 - CMSIS Pack Vendor :STMicroelectronics X-CUBE-EEPRMA1 5.2.0
2026-02-17 11:02:55,129 [INFO] ThirdParty:1030 - CMSIS Pack Vendor :STMicroelectronics X-CUBE-IPS 3.2.0
2026-02-17 11:02:55,129 [INFO] ThirdParty:1030 - CMSIS Pack Vendor :STMicroelectronics X-CUBE-BLEMGR 4.1.0
2026-02-17 11:02:55,130 [INFO] ThirdParty:1030 - CMSIS Pack Vendor :STMicroelectronics X-CUBE-AZRTOS-WB 2.0.0
2026-02-17 11:02:55,130 [INFO] ThirdParty:1030 - CMSIS Pack Vendor :wolfSSL I-CUBE-wolfSSL 5.8.4
2026-02-17 11:02:55,130 [INFO] ThirdParty:1030 - CMSIS Pack Vendor :Cesanta I-CUBE-Mongoose 7.20.0
2026-02-17 11:02:55,130 [INFO] ThirdParty:1030 - CMSIS Pack Vendor :STMicroelectronics X-CUBE-NFC12 1.0.0
2026-02-17 11:02:55,130 [INFO] ThirdParty:1030 - CMSIS Pack Vendor :STMicroelectronics X-CUBE-AZRTOS-F7 1.1.0
2026-02-17 11:02:55,130 [INFO] ThirdParty:1030 - CMSIS Pack Vendor :STMicroelectronics X-CUBE-AZRTOS-L5 2.0.0
2026-02-17 11:02:55,130 [INFO] ThirdParty:1030 - CMSIS Pack Vendor :STMicroelectronics USB_DEVICE 2.0.0
2026-02-17 11:02:55,130 [INFO] ThirdParty:1030 - CMSIS Pack Vendor :quantropi X-CUBE-qispace-sdk-base 2.1.0
2026-02-17 11:02:55,130 [INFO] ThirdParty:1030 - CMSIS Pack Vendor :STMicroelectronics X-CUBE-MEMS1 12.0.0
2026-02-17 11:02:55,130 [INFO] ThirdParty:1030 - CMSIS Pack Vendor :STMicroelectronics X-CUBE-STSE01 2.0.0
2026-02-17 11:02:55,130 [INFO] ThirdParty:1030 - CMSIS Pack Vendor :STMicroelectronics FP-SNS-MOTENV1 5.1.0
2026-02-17 11:02:55,130 [INFO] ThirdParty:1030 - CMSIS Pack Vendor :STMicroelectronics FreeRTOS 0.0.1
2026-02-17 11:02:55,130 [INFO] ThirdParty:1030 - CMSIS Pack Vendor :STMicroelectronics X-CUBE-AZRTOS-G0 1.1.0
2026-02-17 11:02:55,131 [INFO] ThirdParty:1030 - CMSIS Pack Vendor :STMicroelectronics X-CUBE-NFC4 3.0.0
2026-02-17 11:02:55,131 [INFO] ThirdParty:1030 - CMSIS Pack Vendor :STMicroelectronics X-CUBE-SUBG2 5.0.0
2026-02-17 11:02:55,131 [INFO] ThirdParty:1030 - CMSIS Pack Vendor :STMicroelectronics STM32_WPAN 1.0.0
2026-02-17 11:02:55,131 [INFO] ThirdParty:1030 - CMSIS Pack Vendor :EmbeddedOffice I-CUBE-FS-RTOS 1.0.1
2026-02-17 11:02:55,131 [INFO] ThirdParty:1030 - CMSIS Pack Vendor :STMicroelectronics lwIP 2.0.3
2026-02-17 11:02:55,131 [INFO] ThirdParty:1030 - CMSIS Pack Vendor :WES I-CUBE-Cesium 1.4.0
2026-02-17 11:02:55,131 [INFO] ThirdParty:1030 - CMSIS Pack Vendor :STMicroelectronics USB_HOST 1.0.0
2026-02-17 11:02:55,131 [INFO] ThirdParty:1030 - CMSIS Pack Vendor :STMicroelectronics X-CUBE-AZRTOS-G4 2.0.0
2026-02-17 11:02:55,131 [INFO] ThirdParty:1030 - CMSIS Pack Vendor :STMicroelectronics X-CUBE-WB05N 2.0.0
2026-02-17 11:02:55,131 [INFO] ThirdParty:1030 - CMSIS Pack Vendor :STMicroelectronics PDM2PCM 3.1.0
2026-02-17 11:02:55,131 [INFO] ThirdParty:1030 - CMSIS Pack Vendor :STMicroelectronics PDM2PCM 3.3.0
2026-02-17 11:02:55,132 [INFO] ThirdParty:1030 - CMSIS Pack Vendor :wolfSSL I-CUBE-wolfTPM 3.8.0
2026-02-17 11:02:55,132 [INFO] ThirdParty:1030 - CMSIS Pack Vendor :STMicroelectronics X-CUBE-AZRTOS-H7 3.4.0
2026-02-17 11:02:55,132 [INFO] ThirdParty:1030 - CMSIS Pack Vendor :STMicroelectronics X-CUBE-DISPLAY 3.0.0
2026-02-17 11:02:55,132 [INFO] ThirdParty:1030 - CMSIS Pack Vendor :wolfSSL I-CUBE-wolfSSH 1.4.20
2026-02-17 11:02:55,132 [INFO] ThirdParty:1030 - CMSIS Pack Vendor :STMicroelectronics X-CUBE-NFC7 2.0.0
2026-02-17 11:02:55,132 [INFO] ThirdParty:1030 - CMSIS Pack Vendor :STMicroelectronics X-CUBE-TCPP 4.2.0
2026-02-17 11:02:55,132 [INFO] ThirdParty:1030 - CMSIS Pack Vendor :RealThread X-CUBE-RT-Thread_Nano 4.1.1
2026-02-17 11:02:55,132 [INFO] ThirdParty:1030 - CMSIS Pack Vendor :STMicroelectronics FP-ATR-SIGFOX1 3.2.0
2026-02-17 11:02:55,132 [INFO] ThirdParty:1030 - CMSIS Pack Vendor :STMicroelectronics X-CUBE-NFC10 1.0.0
2026-02-17 11:02:55,132 [INFO] ThirdParty:1030 - CMSIS Pack Vendor :STMicroelectronics HAL Drivers 0.0.0
2026-02-17 11:02:55,133 [INFO] ThirdParty:1030 - CMSIS Pack Vendor :STMicroelectronics MBEDTLS 2.16.2
2026-02-17 11:02:55,133 [INFO] ThirdParty:1030 - CMSIS Pack Vendor :STMicroelectronics X-CUBE-ST60 1.1.0
2026-02-17 11:02:55,133 [INFO] ThirdParty:1030 - CMSIS Pack Vendor :STMicroelectronics X-CUBE-ALS 1.0.2
2026-02-17 11:02:55,133 [INFO] ThirdParty:1030 - CMSIS Pack Vendor :emotas I-CUBE-CANOPEN 1.3.0
2026-02-17 11:02:55,133 [INFO] ThirdParty:1030 - CMSIS Pack Vendor :STMicroelectronics MBEDTLS 2.14.1
2026-02-17 11:02:55,133 [INFO] ThirdParty:1030 - CMSIS Pack Vendor :STMicroelectronics X-CUBE-GNSS1 7.1.0
2026-02-17 11:02:55,133 [INFO] ThirdParty:1030 - CMSIS Pack Vendor :ITTIA_DB I-CUBE-ITTIADB 8.9.0
2026-02-17 11:02:55,133 [INFO] ThirdParty:1030 - CMSIS Pack Vendor :STMicroelectronics X-CUBE-TOUCHGFX 4.26.0
2026-02-17 11:02:55,133 [INFO] ThirdParty:1030 - CMSIS Pack Vendor :STMicroelectronics X-CUBE-NFC6 3.2.0
2026-02-17 11:02:55,133 [INFO] ThirdParty:1030 - CMSIS Pack Vendor :STMicroelectronics FP-SNS-STBOX1 2.1.0
2026-02-17 11:02:55,133 [INFO] ThirdParty:1030 - CMSIS Pack Vendor :STMicroelectronics X-CUBE-AI 10.2.0
2026-02-17 11:02:55,133 [INFO] ThirdParty:1030 - CMSIS Pack Vendor :STMicroelectronics FP-SNS-STAIOTCFT 1.0.0
2026-02-17 11:02:55,133 [INFO] ThirdParty:1030 - CMSIS Pack Vendor :STMicroelectronics ThreadX 1.0.0
2026-02-17 11:02:55,134 [INFO] ThirdParty:1030 - CMSIS Pack Vendor :STMicroelectronics FP-SNS-SMARTAG2 1.2.0
2026-02-17 11:02:55,134 [INFO] ThirdParty:1030 - CMSIS Pack Vendor :STMicroelectronics FP-SNS-FLIGHT1 5.1.0
2026-02-17 11:02:55,134 [INFO] ThirdParty:1030 - CMSIS Pack Vendor :STMicroelectronics X-CUBE-AZRTOS-WL 2.0.0
2026-02-17 11:02:55,134 [INFO] ThirdParty:1030 - CMSIS Pack Vendor :SEGGER I-CUBE-embOS 1.3.1
2026-02-17 11:02:55,134 [INFO] ThirdParty:1030 - CMSIS Pack Vendor :STMicroelectronics X-CUBE-ALGOBUILD 1.4.0
2026-02-17 11:02:55,134 [INFO] ThirdParty:1030 - CMSIS Pack Vendor :STMicroelectronics X-CUBE-DPower 1.3.0
2026-02-17 11:02:55,134 [INFO] ThirdParty:1030 - CMSIS Pack Vendor :STMicroelectronics USB_DEVICE 1.0.0
2026-02-17 11:02:55,134 [INFO] ThirdParty:1030 - CMSIS Pack Vendor :STMicroelectronics X-CUBE-AZRTOS-H7RS 1.2.0
2026-02-17 11:02:55,134 [INFO] ThirdParty:1030 - CMSIS Pack Vendor :STMicroelectronics X-CUBE-AZRTOS-L4 2.0.0
2026-02-17 11:02:55,134 [INFO] ThirdParty:1030 - CMSIS Pack Vendor :STMicroelectronics ThreadX 0.0.2
2026-02-17 11:02:55,134 [INFO] ThirdParty:1030 - CMSIS Pack Vendor :STMicroelectronics lwIP 2.1.2
2026-02-17 11:02:55,134 [INFO] ThirdParty:1030 - CMSIS Pack Vendor :STMicroelectronics X-CUBE-SFXS2LP1 4.0.0
2026-02-17 11:02:55,134 [INFO] ThirdParty:1030 - CMSIS Pack Vendor :STMicroelectronics X-CUBE-BLE2 3.3.0
2026-02-17 11:02:55,135 [INFO] ThirdParty:1030 - CMSIS Pack Vendor :Avnet-IOTCONNECT X-CUBE-iotc-st67-sdk 1.0.0
2026-02-17 11:02:55,135 [INFO] ThirdParty:1030 - CMSIS Pack Vendor :STMicroelectronics X-CUBE-TOF1 3.4.3
2026-02-17 11:02:55,135 [INFO] ThirdParty:1030 - CMSIS Pack Vendor :Infineon AIROC-Wi-Fi-Bluetooth-STM32 1.8.0
2026-02-17 11:02:55,135 [INFO] ThirdParty:1030 - CMSIS Pack Vendor :STMicroelectronics PDM2PCM 3.2.0
2026-02-17 11:02:55,135 [INFO] ThirdParty:1030 - CMSIS Pack Vendor :STMicroelectronics X-CUBE-ST67W61 1.2.0
2026-02-17 11:02:55,135 [INFO] ThirdParty:841 - exiting critical section [change project]
2026-02-17 11:02:56,061 [INFO] PinOutPanel:1589 - setPackage(No Configuration,No Configuration)
2026-02-17 11:02:56,063 [INFO] PinOutPanel:1589 - setPackage(STM32L476RGTx,LQFP64)
2026-02-17 11:02:57,612 [INFO] UtilMem:75 - Before build in PCC Used Memory: 997564216 Bytes (1073741824)
2026-02-17 11:02:59,292 [INFO] UtilMem:75 - After build in PCC Used Memory: 919343224 Bytes (1073741824)
2026-02-17 11:02:59,345 [INFO] IPUIPlugin:80 - create IPUIPlugin
2026-02-17 11:02:59,345 [INFO] IPUIPlugin:80 - create IPUIPlugin
2026-02-17 11:02:59,346 [INFO] IPUIPlugin:80 - create IPUIPlugin
2026-02-17 11:02:59,346 [INFO] IPUIPlugin:80 - create IPUIPlugin
2026-02-17 11:02:59,346 [INFO] IPUIPlugin:80 - create IPUIPlugin
2026-02-17 11:02:59,346 [INFO] IPUIPlugin:80 - create IPUIPlugin
2026-02-17 11:02:59,346 [INFO] IPUIPlugin:80 - create IPUIPlugin
2026-02-17 11:02:59,347 [INFO] IPUIPlugin:80 - create IPUIPlugin
2026-02-17 11:02:59,347 [INFO] IPUIPlugin:80 - create IPUIPlugin
2026-02-17 11:02:59,347 [INFO] IPUIPlugin:80 - create IPUIPlugin
2026-02-17 11:02:59,347 [INFO] IPUIPlugin:80 - create IPUIPlugin
2026-02-17 11:02:59,348 [INFO] IPUIPlugin:80 - create IPUIPlugin
2026-02-17 11:02:59,348 [INFO] IPUIPlugin:80 - create IPUIPlugin
2026-02-17 11:02:59,348 [INFO] IPUIPlugin:80 - create IPUIPlugin
2026-02-17 11:02:59,348 [INFO] IPUIPlugin:80 - create IPUIPlugin
2026-02-17 11:02:59,349 [INFO] IPUIPlugin:80 - create IPUIPlugin
2026-02-17 11:02:59,349 [INFO] IPUIPlugin:80 - create IPUIPlugin
2026-02-17 11:02:59,349 [INFO] IPUIPlugin:80 - create IPUIPlugin
2026-02-17 11:02:59,350 [INFO] IPUIPlugin:80 - create IPUIPlugin
2026-02-17 11:02:59,350 [INFO] IPUIPlugin:80 - create IPUIPlugin
2026-02-17 11:02:59,351 [INFO] IPUIPlugin:80 - create IPUIPlugin
2026-02-17 11:02:59,351 [INFO] IPUIPlugin:80 - create IPUIPlugin
2026-02-17 11:02:59,351 [INFO] IPUIPlugin:80 - create IPUIPlugin
2026-02-17 11:02:59,352 [INFO] IPUIPlugin:80 - create IPUIPlugin
2026-02-17 11:02:59,352 [INFO] IPUIPlugin:80 - create IPUIPlugin
2026-02-17 11:02:59,353 [INFO] IPUIPlugin:80 - create IPUIPlugin
2026-02-17 11:02:59,353 [INFO] IPUIPlugin:80 - create IPUIPlugin
2026-02-17 11:02:59,354 [INFO] IPUIPlugin:80 - create IPUIPlugin
2026-02-17 11:02:59,355 [INFO] IPUIPlugin:80 - create IPUIPlugin
2026-02-17 11:02:59,356 [INFO] IPUIPlugin:80 - create IPUIPlugin
2026-02-17 11:02:59,357 [INFO] IPUIPlugin:80 - create IPUIPlugin
2026-02-17 11:02:59,357 [INFO] IPUIPlugin:80 - create IPUIPlugin
2026-02-17 11:02:59,358 [INFO] IPUIPlugin:80 - create IPUIPlugin
2026-02-17 11:02:59,358 [INFO] IPUIPlugin:80 - create IPUIPlugin
2026-02-17 11:02:59,359 [INFO] IPUIPlugin:80 - create IPUIPlugin
2026-02-17 11:02:59,360 [INFO] IPUIPlugin:80 - create IPUIPlugin
2026-02-17 11:02:59,360 [INFO] IPUIPlugin:80 - create IPUIPlugin
2026-02-17 11:02:59,361 [INFO] IPUIPlugin:80 - create IPUIPlugin
2026-02-17 11:02:59,361 [INFO] IPUIPlugin:80 - create IPUIPlugin
2026-02-17 11:02:59,362 [INFO] IPUIPlugin:80 - create IPUIPlugin
2026-02-17 11:02:59,362 [INFO] IPUIPlugin:80 - create IPUIPlugin
2026-02-17 11:02:59,363 [INFO] IPUIPlugin:80 - create IPUIPlugin
2026-02-17 11:02:59,364 [INFO] IPUIPlugin:80 - create IPUIPlugin
2026-02-17 11:02:59,364 [INFO] IPUIPlugin:80 - create IPUIPlugin
2026-02-17 11:02:59,365 [INFO] IPUIPlugin:80 - create IPUIPlugin
2026-02-17 11:02:59,366 [INFO] IPUIPlugin:80 - create IPUIPlugin
2026-02-17 11:02:59,367 [INFO] IPUIPlugin:80 - create IPUIPlugin
2026-02-17 11:02:59,368 [INFO] IPUIPlugin:80 - create IPUIPlugin
2026-02-17 11:02:59,369 [INFO] IPUIPlugin:80 - create IPUIPlugin
2026-02-17 11:02:59,370 [INFO] IPUIPlugin:80 - create IPUIPlugin
2026-02-17 11:02:59,371 [INFO] IPUIPlugin:80 - create IPUIPlugin
2026-02-17 11:02:59,372 [INFO] IPUIPlugin:80 - create IPUIPlugin
2026-02-17 11:02:59,373 [INFO] IPUIPlugin:80 - create IPUIPlugin
2026-02-17 11:02:59,374 [INFO] IPUIPlugin:80 - create IPUIPlugin
2026-02-17 11:02:59,375 [INFO] IPUIPlugin:80 - create IPUIPlugin
2026-02-17 11:02:59,376 [INFO] IPUIPlugin:80 - create IPUIPlugin
2026-02-17 11:02:59,377 [INFO] IPUIPlugin:80 - create IPUIPlugin
2026-02-17 11:02:59,378 [INFO] IPUIPlugin:80 - create IPUIPlugin
2026-02-17 11:02:59,379 [INFO] IPUIPlugin:80 - create IPUIPlugin
2026-02-17 11:02:59,806 [INFO] CADModel:165 - CPN selected for project levelSTM32L476RGT3
2026-02-17 11:02:59,807 [INFO] CADModel:114 - Register for checkConnection events
2026-02-17 11:02:59,860 [INFO] OpenFileManager:386 - Restore cursor
2026-02-17 11:03:01,257 [INFO] UtilMem:75 - End SaveConfig() Used Memory: 908148752 Bytes (1073741824)
2026-02-17 11:03:01,376 [INFO] UtilMem:75 - End SaveConfig() Used Memory: 932753336 Bytes (1073741824)
2026-02-17 11:03:02,427 [INFO] BlockDiagram:2775 - set Specific Code input for plugin: SYS
2026-02-17 11:03:02,427 [INFO] BlockDiagram:2775 - set Specific Code input for plugin: RCC
2026-02-17 11:03:02,428 [INFO] BlockDiagram:2775 - set Specific Code input for plugin: NVIC
2026-02-17 11:03:02,428 [INFO] BlockDiagram:2775 - set Specific Code input for plugin: USART
2026-02-17 11:03:02,429 [INFO] BlockDiagram:2775 - set Specific Code input for plugin: GPIO
2026-02-17 11:03:02,430 [INFO] CodeGenerator:892 - code generatio: config db path: D:\STM32CubeIDE_1.19.0\STM32CubeIDE\plugins\com.st.stm32cube.common.mx_6.15.0.202507011659\\db\
2026-02-17 11:03:02,717 [INFO] CodeEngine:265 - oldGeneratedFile, D:\I2C_BareMetal\MXTmpFiles\license.tmp_save
2026-02-17 11:03:03,575 [INFO] CodeEngine:289 - Generated code: D:\I2C_BareMetal\MXTmpFiles\license.tmp
2026-02-17 11:03:03,748 [INFO] CodeEngine:265 - oldGeneratedFile, D:\I2C_BareMetal\MXTmpFiles\gpio.tmp_save
2026-02-17 11:03:04,057 [INFO] CodeEngine:289 - Generated code: D:\I2C_BareMetal\MXTmpFiles\gpio.tmp
2026-02-17 11:03:04,294 [INFO] CodeEngine:265 - oldGeneratedFile, D:\I2C_BareMetal\Core\Src\stm32l4xx_it.c_save
2026-02-17 11:03:04,570 [INFO] CodeEngine:289 - Generated code: D:\I2C_BareMetal\Core\Src\stm32l4xx_it.c
2026-02-17 11:03:04,581 [INFO] CodeEngine:265 - oldGeneratedFile, D:\I2C_BareMetal\Core\Inc\stm32l4xx_it.h_save
2026-02-17 11:03:04,726 [INFO] CodeEngine:289 - Generated code: D:\I2C_BareMetal\Core\Inc\stm32l4xx_it.h
2026-02-17 11:03:04,747 [INFO] CodeEngine:265 - oldGeneratedFile, D:\I2C_BareMetal\Core\Src\stm32l4xx_hal_msp.c_save
2026-02-17 11:03:05,047 [INFO] CodeEngine:289 - Generated code: D:\I2C_BareMetal\Core\Src\stm32l4xx_hal_msp.c
2026-02-17 11:03:05,059 [INFO] CodeEngine:265 - oldGeneratedFile, D:\I2C_BareMetal\MXTmpFiles\system.tmp_save
2026-02-17 11:03:05,171 [INFO] CodeEngine:289 - Generated code: D:\I2C_BareMetal\MXTmpFiles\system.tmp
2026-02-17 11:03:05,204 [INFO] CodeEngine:321 - oldGeneratedFile, D:\I2C_BareMetal\Core\Inc\stm32l4xx_hal_conf.h_save
2026-02-17 11:03:05,472 [INFO] CodeEngine:345 - Generated code: D:\I2C_BareMetal\Core\Inc\stm32l4xx_hal_conf.h
2026-02-17 11:03:05,626 [INFO] ApiDbMcu:532 - Load IP Config File for USART2
2026-02-17 11:03:05,634 [INFO] ApiDbMcu:532 - Load IP Config File for RCC
2026-02-17 11:03:05,651 [INFO] CodeEngine:265 - oldGeneratedFile, D:\I2C_BareMetal\Core\Inc\main.h_save
2026-02-17 11:03:05,882 [INFO] CodeEngine:289 - Generated code: D:\I2C_BareMetal\Core\Inc\main.h
2026-02-17 11:03:05,894 [INFO] CodeEngine:265 - oldGeneratedFile, D:\I2C_BareMetal\Core\Src\main.c_save
2026-02-17 11:03:06,139 [INFO] CodeEngine:289 - Generated code: D:\I2C_BareMetal\Core\Src\main.c
2026-02-17 11:03:06,897 [INFO] ProjectBuilder:3606 - Time for Copy HAL[1] : 314mS.
2026-02-17 11:03:06,908 [INFO] ProjectBuilder:5216 - Project Generator version: 4.7.0-B52
2026-02-17 11:03:07,076 [INFO] ConfigFileManager:1595 - The Die is : DIE415
2026-02-17 11:03:07,110 [INFO] ApiDbMcu:532 - Load IP Config File for FATFS
2026-02-17 11:03:07,122 [INFO] ApiDbMcu:532 - Load IP Config File for FREERTOS
2026-02-17 11:03:07,147 [INFO] ApiDbMcu:532 - Load IP Config File for TOUCHSENSING
2026-02-17 11:03:07,159 [INFO] ApiDbMcu:532 - Load IP Config File for USB_DEVICE
2026-02-17 11:03:07,171 [INFO] ApiDbMcu:532 - Load IP Config File for USB_HOST
2026-02-17 11:03:08,010 [INFO] LogOutputStream:77 - [STDOUT_REDIRECT] 
2026-02-17 11:03:11,142 [INFO] ProjectBuilder:5496 - Time for Generating toolchain IDE Files: 4233mS.
2026-02-17 11:03:11,143 [INFO] ProjectBuilder:3463 - Time for Copy CMSIS : 1mS.
2026-02-17 11:03:11,146 [INFO] ProjectBuilder:3463 - Time for Copy CMSIS : 0mS.
2026-02-17 11:03:13,236 [INFO] McuFinderGlobals:76 - Set McuFinderConnectedMode to true
2026-02-17 11:03:13,240 [INFO] ApiDb:448 - Save user favorites file C:\Users\Hemanth Madu/.stm32cubeide/favorites.mcus.txt: 0 item(s)
2026-02-17 11:03:13,240 [INFO] ApiDb:452 - User favorites MCUs=[]
2026-02-17 11:03:13,247 [INFO] ApiDb:448 - Save user favorites file C:\Users\Hemanth Madu/.stm32cubeide/favorites.boards.txt: 0 item(s)
2026-02-17 11:03:13,247 [INFO] ApiDb:452 - User favorites Boards=[]
2026-02-17 11:07:11,508 [INFO] Gpio:278 - dependency for GPIO [RCC, SYS, USART2]
2026-02-17 11:07:28,644 [INFO] Gpio:278 - dependency for GPIO [RCC, SYS, USART2]
2026-02-17 11:07:41,164 [INFO] I2cTimingTraitement:330 - 0x10D19CE4
2026-02-17 11:07:56,117 [INFO] UtilMem:75 - End SaveConfig() Used Memory: 894801416 Bytes (1073741824)
2026-02-17 11:07:57,580 [INFO] UtilMem:75 - End SaveConfig() Used Memory: 922064392 Bytes (1073741824)
2026-02-17 11:07:59,959 [INFO] UtilMem:75 - End SaveConfig() Used Memory: 685473120 Bytes (1073741824)
2026-02-17 11:08:00,756 [INFO] BlockDiagram:2775 - set Specific Code input for plugin: SYS
2026-02-17 11:08:00,756 [INFO] BlockDiagram:2775 - set Specific Code input for plugin: RCC
2026-02-17 11:08:00,756 [INFO] BlockDiagram:2775 - set Specific Code input for plugin: I2C
2026-02-17 11:08:00,756 [INFO] BlockDiagram:2775 - set Specific Code input for plugin: NVIC
2026-02-17 11:08:00,756 [INFO] BlockDiagram:2775 - set Specific Code input for plugin: USART
2026-02-17 11:08:00,757 [INFO] BlockDiagram:2775 - set Specific Code input for plugin: GPIO
2026-02-17 11:08:00,758 [INFO] CodeGenerator:892 - code generatio: config db path: D:\STM32CubeIDE_1.19.0\STM32CubeIDE\plugins\com.st.stm32cube.common.mx_6.15.0.202507011659\\db\
2026-02-17 11:08:00,907 [INFO] CodeEngine:265 - oldGeneratedFile, D:\I2C_BareMetal\MXTmpFiles\license.tmp_save
2026-02-17 11:08:01,298 [INFO] CodeEngine:289 - Generated code: D:\I2C_BareMetal\MXTmpFiles\license.tmp
2026-02-17 11:08:01,396 [INFO] CodeEngine:265 - oldGeneratedFile, D:\I2C_BareMetal\MXTmpFiles\gpio.tmp_save
2026-02-17 11:08:01,657 [INFO] CodeEngine:289 - Generated code: D:\I2C_BareMetal\MXTmpFiles\gpio.tmp
2026-02-17 11:08:01,957 [INFO] CodeEngine:265 - oldGeneratedFile, D:\I2C_BareMetal\Core\Src\stm32l4xx_it.c_save
2026-02-17 11:08:02,285 [INFO] CodeEngine:289 - Generated code: D:\I2C_BareMetal\Core\Src\stm32l4xx_it.c
2026-02-17 11:08:02,289 [INFO] CodeEngine:265 - oldGeneratedFile, D:\I2C_BareMetal\Core\Inc\stm32l4xx_it.h_save
2026-02-17 11:08:02,389 [INFO] CodeEngine:289 - Generated code: D:\I2C_BareMetal\Core\Inc\stm32l4xx_it.h
2026-02-17 11:08:02,402 [INFO] CodeEngine:265 - oldGeneratedFile, D:\I2C_BareMetal\Core\Src\stm32l4xx_hal_msp.c_save
2026-02-17 11:08:02,689 [INFO] CodeEngine:289 - Generated code: D:\I2C_BareMetal\Core\Src\stm32l4xx_hal_msp.c
2026-02-17 11:08:02,694 [INFO] CodeEngine:265 - oldGeneratedFile, D:\I2C_BareMetal\MXTmpFiles\system.tmp_save
2026-02-17 11:08:02,771 [INFO] CodeEngine:289 - Generated code: D:\I2C_BareMetal\MXTmpFiles\system.tmp
2026-02-17 11:08:02,784 [INFO] CodeEngine:321 - oldGeneratedFile, D:\I2C_BareMetal\Core\Inc\stm32l4xx_hal_conf.h_save
2026-02-17 11:08:02,990 [INFO] CodeEngine:345 - Generated code: D:\I2C_BareMetal\Core\Inc\stm32l4xx_hal_conf.h
2026-02-17 11:08:03,046 [INFO] ApiDbMcu:532 - Load IP Config File for I2C1
2026-02-17 11:08:03,057 [INFO] CodeEngine:265 - oldGeneratedFile, D:\I2C_BareMetal\Core\Inc\main.h_save
2026-02-17 11:08:03,258 [INFO] CodeEngine:289 - Generated code: D:\I2C_BareMetal\Core\Inc\main.h
2026-02-17 11:08:03,263 [INFO] CodeEngine:265 - oldGeneratedFile, D:\I2C_BareMetal\Core\Src\main.c_save
2026-02-17 11:08:03,455 [INFO] CodeEngine:289 - Generated code: D:\I2C_BareMetal\Core\Src\main.c
2026-02-17 11:08:03,855 [INFO] ProjectBuilder:3606 - Time for Copy HAL[1] : 168mS.
2026-02-17 11:08:03,857 [INFO] ProjectBuilder:5216 - Project Generator version: 4.7.0-B52
2026-02-17 11:08:03,959 [INFO] ConfigFileManager:1595 - The Die is : DIE415
2026-02-17 11:08:05,557 [INFO] ProjectBuilder:5496 - Time for Generating toolchain IDE Files: 1699mS.
2026-02-17 11:08:05,558 [INFO] ProjectBuilder:3463 - Time for Copy CMSIS : 0mS.
2026-02-17 11:08:05,559 [INFO] ProjectBuilder:3463 - Time for Copy CMSIS : 0mS.
2026-02-17 11:08:55,492 [INFO] NvicIntPanel:101 - NVIC parent = com.st.microxplorer.plugins.ip.nvic.MultiNvicIntPanel[,0,0,0x0,invalid,layout=javax.swing.BoxLayout,alignmentX=0.0,alignmentY=0.0,border=,flags=9,maximumSize=,minimumSize=,preferredSize=]
2026-02-17 11:08:56,720 [INFO] UtilMem:75 - End SaveConfig() Used Memory: 718671104 Bytes (1073741824)
2026-02-17 11:08:58,459 [INFO] UtilMem:75 - End SaveConfig() Used Memory: 746982656 Bytes (1073741824)
2026-02-17 11:08:59,822 [INFO] UtilMem:75 - End SaveConfig() Used Memory: 812683840 Bytes (1073741824)
2026-02-17 11:09:00,263 [INFO] BlockDiagram:2775 - set Specific Code input for plugin: SYS
2026-02-17 11:09:00,265 [INFO] BlockDiagram:2775 - set Specific Code input for plugin: RCC
2026-02-17 11:09:00,265 [INFO] BlockDiagram:2775 - set Specific Code input for plugin: I2C
2026-02-17 11:09:00,265 [INFO] BlockDiagram:2775 - set Specific Code input for plugin: NVIC
2026-02-17 11:09:00,265 [INFO] BlockDiagram:2775 - set Specific Code input for plugin: USART
2026-02-17 11:09:00,266 [INFO] BlockDiagram:2775 - set Specific Code input for plugin: GPIO
2026-02-17 11:09:00,267 [INFO] CodeGenerator:892 - code generatio: config db path: D:\STM32CubeIDE_1.19.0\STM32CubeIDE\plugins\com.st.stm32cube.common.mx_6.15.0.202507011659\\db\
2026-02-17 11:09:00,427 [INFO] CodeEngine:265 - oldGeneratedFile, D:\I2C_BareMetal\MXTmpFiles\license.tmp_save
2026-02-17 11:09:00,593 [INFO] CodeEngine:289 - Generated code: D:\I2C_BareMetal\MXTmpFiles\license.tmp
2026-02-17 11:09:00,642 [INFO] CodeEngine:265 - oldGeneratedFile, D:\I2C_BareMetal\MXTmpFiles\gpio.tmp_save
2026-02-17 11:09:00,846 [INFO] CodeEngine:289 - Generated code: D:\I2C_BareMetal\MXTmpFiles\gpio.tmp
2026-02-17 11:09:01,025 [INFO] CodeEngine:265 - oldGeneratedFile, D:\I2C_BareMetal\Core\Src\stm32l4xx_it.c_save
2026-02-17 11:09:01,193 [INFO] CodeEngine:289 - Generated code: D:\I2C_BareMetal\Core\Src\stm32l4xx_it.c
2026-02-17 11:09:01,196 [INFO] CodeEngine:265 - oldGeneratedFile, D:\I2C_BareMetal\Core\Inc\stm32l4xx_it.h_save
2026-02-17 11:09:01,255 [INFO] CodeEngine:289 - Generated code: D:\I2C_BareMetal\Core\Inc\stm32l4xx_it.h
2026-02-17 11:09:01,265 [INFO] CodeEngine:265 - oldGeneratedFile, D:\I2C_BareMetal\Core\Src\stm32l4xx_hal_msp.c_save
2026-02-17 11:09:01,425 [INFO] CodeEngine:289 - Generated code: D:\I2C_BareMetal\Core\Src\stm32l4xx_hal_msp.c
2026-02-17 11:09:01,429 [INFO] CodeEngine:265 - oldGeneratedFile, D:\I2C_BareMetal\MXTmpFiles\system.tmp_save
2026-02-17 11:09:01,486 [INFO] CodeEngine:289 - Generated code: D:\I2C_BareMetal\MXTmpFiles\system.tmp
2026-02-17 11:09:01,497 [INFO] CodeEngine:321 - oldGeneratedFile, D:\I2C_BareMetal\Core\Inc\stm32l4xx_hal_conf.h_save
2026-02-17 11:09:01,655 [INFO] CodeEngine:345 - Generated code: D:\I2C_BareMetal\Core\Inc\stm32l4xx_hal_conf.h
2026-02-17 11:09:01,694 [INFO] CodeEngine:265 - oldGeneratedFile, D:\I2C_BareMetal\Core\Inc\main.h_save
2026-02-17 11:09:01,846 [INFO] CodeEngine:289 - Generated code: D:\I2C_BareMetal\Core\Inc\main.h
2026-02-17 11:09:01,850 [INFO] CodeEngine:265 - oldGeneratedFile, D:\I2C_BareMetal\Core\Src\main.c_save
2026-02-17 11:09:02,000 [INFO] CodeEngine:289 - Generated code: D:\I2C_BareMetal\Core\Src\main.c
2026-02-17 11:09:02,320 [INFO] ProjectBuilder:3606 - Time for Copy HAL[1] : 134mS.
2026-02-17 11:09:02,322 [INFO] ProjectBuilder:5216 - Project Generator version: 4.7.0-B52
2026-02-17 11:09:02,413 [INFO] ConfigFileManager:1595 - The Die is : DIE415
2026-02-17 11:09:03,412 [INFO] ProjectBuilder:5496 - Time for Generating toolchain IDE Files: 1089mS.
2026-02-17 11:09:03,412 [INFO] ProjectBuilder:3463 - Time for Copy CMSIS : 0mS.
2026-02-17 11:09:03,414 [INFO] ProjectBuilder:3463 - Time for Copy CMSIS : 0mS.
2026-02-17 11:22:04,869 [INFO] WebApp:194 - Connection lost
2026-02-17 11:22:05,129 [INFO] WebApp:191 - Connection restablished
2026-02-17 11:22:57,309 [INFO] MainUpdater:2872 - connection check result : 10
2026-02-17 11:22:57,448 [INFO] McuFinderGlobals:76 - Set McuFinderConnectedMode to true
2026-02-17 11:22:57,449 [INFO] MultiScanPanel:200 - Auto-refresh data requested => check proxy status ongoing
2026-02-17 11:22:57,449 [INFO] FinderPluginLoader:96 - Searching for filters in installed packs
2026-02-17 11:22:59,468 [INFO] LoadUrlFilesThread:185 - End of LoadServerUrlFiles without Thread
2026-02-17 11:22:59,469 [INFO] DetailPanel:341 - Set advertising image to C:/Users/Hemanth Madu/STM32Cube/Repository/\en.prom-stm32c0-entry-level-graphic-0226.png
2026-02-17 11:23:08,314 [INFO] MultiScanPanel:200 - Auto-refresh data requested => check proxy status ongoing
2026-02-17 11:23:08,442 [INFO] LoadUrlFilesThread:185 - End of LoadServerUrlFiles without Thread
2026-02-17 11:23:08,442 [INFO] DetailPanel:341 - Set advertising image to C:/Users/Hemanth Madu/STM32Cube/Repository/\en.prom-stm32c0-entry-level-graphic-0226.png
2026-02-17 11:23:15,627 [INFO] MainUpdater:2872 - connection check result : 10
2026-02-17 11:23:15,628 [INFO] MainUpdater:2872 - connection check result : 10
2026-02-17 11:23:15,993 [INFO] I2cTimingTraitement:330 - 0x10D19CE4
2026-02-17 11:23:16,002 [INFO] MicroXplorer:468 - Change Database Path : 
2026-02-17 11:23:16,002 [INFO] MicroXplorer:498 - Change Database Version : DB.6.0.150
2026-02-17 11:23:16,033 [ERROR] ProjectManagerView:395 - 
java.lang.NullPointerException: Cannot invoke "javax.swing.JTextField.getText()" because the return value of "java.util.List.get(int)" is null
	at com.st.microxplorer.plugins.projectmanager.gui.ProjectChoiceTab$9.caretUpdate(ProjectChoiceTab.java:2706) ~[filemanager.jar:?]
	at javax.swing.text.JTextComponent.fireCaretUpdate(JTextComponent.java:408) ~[?:?]
	at javax.swing.text.JTextComponent$MutableCaretEvent.fire(JTextComponent.java:4484) ~[?:?]
	at javax.swing.text.JTextComponent$MutableCaretEvent.stateChanged(JTextComponent.java:4506) ~[?:?]
	at javax.swing.text.DefaultCaret.fireStateChanged(DefaultCaret.java:857) ~[?:?]
	at javax.swing.text.DefaultCaret.changeCaretPosition(DefaultCaret.java:1343) ~[?:?]
	at javax.swing.text.DefaultCaret.handleSetDot(DefaultCaret.java:1242) ~[?:?]
	at javax.swing.text.DefaultCaret.setDot(DefaultCaret.java:1223) ~[?:?]
	at javax.swing.text.DefaultCaret$Handler.insertUpdate(DefaultCaret.java:1819) ~[?:?]
	at javax.swing.text.AbstractDocument.fireInsertUpdate(AbstractDocument.java:227) ~[?:?]
	at javax.swing.text.AbstractDocument.handleInsertString(AbstractDocument.java:781) ~[?:?]
	at javax.swing.text.AbstractDocument.insertString(AbstractDocument.java:740) ~[?:?]
	at javax.swing.text.PlainDocument.insertString(PlainDocument.java:131) ~[?:?]
	at javax.swing.text.AbstractDocument.replace(AbstractDocument.java:699) ~[?:?]
	at javax.swing.text.JTextComponent.setText(JTextComponent.java:1725) ~[?:?]
	at com.st.microxplorer.plugins.projectmanager.gui.ProjectChoiceTab.createHeapStackFields(ProjectChoiceTab.java:993) ~[filemanager.jar:?]
	at com.st.microxplorer.plugins.projectmanager.gui.ProjectChoiceTab.buildLinkSettingsPanel(ProjectChoiceTab.java:3813) ~[filemanager.jar:?]
	at com.st.microxplorer.plugins.projectmanager.gui.ProjectChoiceTab.defineWindowsFields(ProjectChoiceTab.java:1987) ~[filemanager.jar:?]
	at com.st.microxplorer.plugins.projectmanager.gui.ProjectChoiceTab.updateSettings(ProjectChoiceTab.java:558) ~[filemanager.jar:?]
	at com.st.microxplorer.plugins.projectmanager.gui.ProjectSettingsPanel.UpdateDialog(ProjectSettingsPanel.java:247) ~[filemanager.jar:?]
	at com.st.microxplorer.plugins.projectmanager.ProjectManagerView.propertyChange(ProjectManagerView.java:392) ~[filemanager.jar:?]
	at java.beans.PropertyChangeSupport.fire(PropertyChangeSupport.java:343) ~[?:?]
	at java.beans.PropertyChangeSupport.firePropertyChange(PropertyChangeSupport.java:335) ~[?:?]
	at java.beans.PropertyChangeSupport.firePropertyChange(PropertyChangeSupport.java:268) ~[?:?]
	at com.st.microxplorer.util.MXPropertyChangeSupport.firePropertyChange(MXPropertyChangeSupport.java:54) ~[STM32CubeMX.jar:?]
	at com.st.microxplorer.mxsystem.MxSystem.closeConfig(MxSystem.java:899) ~[STM32CubeMX.jar:?]
	at com.st.microxplorer.maingui.MainPanel.closeConfig(MainPanel.java:792) ~[STM32CubeMX.jar:?]
	at com.st.microxplorer.plugins.filemanager.engine.OpenFileManager.loadConfigurationFile(OpenFileManager.java:288) ~[filemanager.jar:?]
	at com.st.microxplorer.plugins.filemanager.engine.MainFileManager.userLoadConfig(MainFileManager.java:364) ~[filemanager.jar:?]
	at com.st.microxplorer.plugins.filemanager.FileManagerView.getSpecificTask(FileManagerView.java:268) ~[filemanager.jar:?]
	at com.st.stm32cube.common.mx.editor.CubeMxEditor.getMxTabbedPaneInstance(CubeMxEditor.java:1191) ~[com.st.stm32cube.common.mx_6.15.0.202507011659/:?]
	at com.st.stm32cube.common.mx.editor.CubeMxEditor$12$1.createSwingComponent(CubeMxEditor.java:1068) ~[com.st.stm32cube.common.mx_6.15.0.202507011659/:?]
	at com.st.stm32cube.common.mx.oss.core.awtswtbridge.EmbeddedSwingComposite.doComponentCreation(EmbeddedSwingComposite.java:492) ~[com.st.stm32cube.common.mx.oss_6.15.0.202507011659/:?]
	at com.st.stm32cube.common.mx.oss.core.awtswtbridge.EmbeddedSwingComposite$4.run(EmbeddedSwingComposite.java:291) ~[com.st.stm32cube.common.mx.oss_6.15.0.202507011659/:?]
	at com.st.stm32cube.common.mx.oss.core.awtswtbridge.AwtEnvironment$2.run(AwtEnvironment.java:166) ~[com.st.stm32cube.common.mx.oss_6.15.0.202507011659/:?]
	at java.awt.event.InvocationEvent.dispatch(InvocationEvent.java:318) ~[?:?]
	at java.awt.EventQueue.dispatchEventImpl(EventQueue.java:773) ~[?:?]
	at java.awt.EventQueue$4.run(EventQueue.java:720) ~[?:?]
	at java.awt.EventQueue$4.run(EventQueue.java:714) ~[?:?]
	at java.security.AccessController.doPrivileged(AccessController.java:400) ~[?:?]
	at java.security.ProtectionDomain$JavaSecurityAccessImpl.doIntersectionPrivilege(ProtectionDomain.java:87) ~[?:?]
	at java.awt.EventQueue.dispatchEvent(EventQueue.java:742) ~[?:?]
	at java.awt.EventDispatchThread.pumpOneEventForFilters(EventDispatchThread.java:203) ~[?:?]
	at java.awt.EventDispatchThread.pumpEventsForFilter(EventDispatchThread.java:124) ~[?:?]
	at java.awt.EventDispatchThread.pumpEventsForHierarchy(EventDispatchThread.java:113) ~[?:?]
	at java.awt.EventDispatchThread.pumpEvents(EventDispatchThread.java:109) ~[?:?]
	at java.awt.EventDispatchThread.pumpEvents(EventDispatchThread.java:101) ~[?:?]
	at java.awt.EventDispatchThread.run(EventDispatchThread.java:90) ~[?:?]
2026-02-17 11:23:16,069 [WARN] ThirdParty:871 - waiting for thirdparty lock release [close project]
2026-02-17 11:23:16,069 [INFO] ThirdParty:873 - entering critical section [close project]
2026-02-17 11:23:16,069 [INFO] ThirdParty:883 - exiting critical section [close project]
2026-02-17 11:23:16,071 [INFO] PinOutPanel:1589 - setPackage(No Configuration,No Configuration)
2026-02-17 11:23:16,079 [INFO] UtilMem:75 - Begin LoadConfig() Used Memory: 714751040 Bytes (1073741824)
2026-02-17 11:23:16,080 [INFO] OpenFileManager:355 - Change cursor
2026-02-17 11:23:16,145 [INFO] RulesReader:64 - Compatibility file has been processed (317 Rules)
2026-02-17 11:23:16,161 [INFO] ProjectFactory:514 - No CPN specified for board NUCLEO-L476RG => set CPN to STM32L476RGT3
2026-02-17 11:23:16,161 [INFO] Mcu:2029 - Initializing MCU STM32L476R(C-E-G)Tx STM32L476RGTx STM32L476RGT3
2026-02-17 11:23:18,937 [INFO] Context:786 - Trying to add GPIOservice into a context  which must be forbidden
2026-02-17 11:23:19,888 [INFO] Rule:233 - rule 117617 - U5Cobra4M][GTZC] default value MPCBB3 and MPCBB5 - Not Secured memory - MPCBB1 is applicable
2026-02-17 11:23:19,888 [INFO] Rule:233 - rule 117617 - U5Cobra4M][GTZC] default value MPCBB3 and MPCBB5 - Not Secured memory - MPCBB1 is applicable
2026-02-17 11:23:19,888 [INFO] Rule:233 - rule 117617 - U5Cobra4M][GTZC] default value MPCBB3 and MPCBB5 - Not Secured memory - MPCBB2 is applicable
2026-02-17 11:23:19,888 [INFO] Rule:233 - rule 117617 - U5Cobra4M][GTZC] default value MPCBB3 and MPCBB5 - Not Secured memory - MPCBB2 is applicable
2026-02-17 11:23:19,888 [INFO] Rule:233 - rule 117617 - U5Cobra4M][GTZC] default value MPCBB3 and MPCBB5 - Not Secured memory - MPCBB3 is applicable
2026-02-17 11:23:19,888 [INFO] Rule:233 - rule 117617 - U5Cobra4M][GTZC] default value MPCBB3 and MPCBB5 - Not Secured memory - MPCBB3 is applicable
2026-02-17 11:23:19,888 [INFO] Rule:233 - rule 117617 - U5Cobra4M][GTZC] default value MPCBB3 and MPCBB5 - Not Secured memory - MPCBB4 is applicable
2026-02-17 11:23:19,889 [INFO] Rule:233 - rule 117617 - U5Cobra4M][GTZC] default value MPCBB3 and MPCBB5 - Not Secured memory - MPCBB4 is applicable
2026-02-17 11:23:19,889 [INFO] Rule:233 - rule 117617 - U5Cobra4M][GTZC] default value MPCBB3 and MPCBB5 - Secured memory - MPCBB1 is applicable
2026-02-17 11:23:19,889 [INFO] Rule:233 - rule 117617 - U5Cobra4M][GTZC] default value MPCBB3 and MPCBB5 - Secured memory - MPCBB2 is applicable
2026-02-17 11:23:19,889 [INFO] Rule:233 - rule 117617 - U5Cobra4M][GTZC] default value MPCBB3 and MPCBB5 - Secured memory - MPCBB3 is applicable
2026-02-17 11:23:19,889 [INFO] Rule:233 - rule 117617 - U5Cobra4M][GTZC] default value MPCBB3 and MPCBB5 - Secured memory - MPCBB4 is applicable
2026-02-17 11:23:19,889 [INFO] Rule:233 - rule 117617 - U5Cobra4M][GTZC] default value MPCBB3 and MPCBB5 - Privileged memory - MPCBB1 is applicable
2026-02-17 11:23:19,889 [INFO] Rule:233 - rule 117617 - U5Cobra4M][GTZC] default value MPCBB3 and MPCBB5 - Privileged memory - MPCBB2 is applicable
2026-02-17 11:23:19,889 [INFO] Rule:233 - rule 117617 - U5Cobra4M][GTZC] default value MPCBB3 and MPCBB5 - Privileged memory - MPCBB3 is applicable
2026-02-17 11:23:19,889 [INFO] Rule:233 - rule 117617 - U5Cobra4M][GTZC] default value MPCBB3 and MPCBB5 - Privileged memory - MPCBB4 is applicable
2026-02-17 11:23:19,889 [INFO] Rule:233 - rule 117617 - U5Cobra4M][GTZC] default value MPCBB3 and MPCBB5 - Not Privileged memory - MPCBB1 is applicable
2026-02-17 11:23:19,889 [INFO] Rule:233 - rule 117617 - U5Cobra4M][GTZC] default value MPCBB3 and MPCBB5 - Not Privileged memory - MPCBB2 is applicable
2026-02-17 11:23:19,889 [INFO] Rule:233 - rule 117617 - U5Cobra4M][GTZC] default value MPCBB3 and MPCBB5 - Not Privileged memory - MPCBB3 is applicable
2026-02-17 11:23:19,889 [INFO] Rule:233 - rule 117617 - U5Cobra4M][GTZC] default value MPCBB3 and MPCBB5 - Not Privileged memory - MPCBB4 is applicable
2026-02-17 11:23:19,890 [INFO] Rule:233 - rule 117617 - U5Cobra4M][GTZC] default value MPCBB3 and MPCBB5 - Privileged memory - MPCBB1 is applicable
2026-02-17 11:23:19,890 [INFO] Rule:233 - rule 117617 - U5Cobra4M][GTZC] default value MPCBB3 and MPCBB5 - Privileged memory - MPCBB2 is applicable
2026-02-17 11:23:19,890 [INFO] Rule:233 - rule 117617 - U5Cobra4M][GTZC] default value MPCBB3 and MPCBB5 - Privileged memory - MPCBB3 is applicable
2026-02-17 11:23:19,890 [INFO] Rule:233 - rule 117617 - U5Cobra4M][GTZC] default value MPCBB3 and MPCBB5 - Privileged memory - MPCBB4 is applicable
2026-02-17 11:23:19,890 [INFO] Rule:233 - rule 117617 - U5Cobra4M][GTZC] default value MPCBB3 and MPCBB5 - Privileged memory - MPCBB1 is applicable
2026-02-17 11:23:19,890 [INFO] Rule:233 - rule 117617 - U5Cobra4M][GTZC] default value MPCBB3 and MPCBB5 - Privileged memory - MPCBB2 is applicable
2026-02-17 11:23:19,890 [INFO] Rule:233 - rule 117617 - U5Cobra4M][GTZC] default value MPCBB3 and MPCBB5 - Privileged memory - MPCBB3 is applicable
2026-02-17 11:23:19,890 [INFO] Rule:233 - rule 117617 - U5Cobra4M][GTZC] default value MPCBB3 and MPCBB5 - Privileged memory - MPCBB4 is applicable
2026-02-17 11:23:19,890 [INFO] Rule:233 - rule 117617 - U5Cobra4M][GTZC] default value MPCBB3 and MPCBB5 - Not Privileged memory - MPCBB1 is applicable
2026-02-17 11:23:19,890 [INFO] Rule:233 - rule 117617 - U5Cobra4M][GTZC] default value MPCBB3 and MPCBB5 - Not Privileged memory - MPCBB2 is applicable
2026-02-17 11:23:19,890 [INFO] Rule:233 - rule 117617 - U5Cobra4M][GTZC] default value MPCBB3 and MPCBB5 - Not Privileged memory - MPCBB3 is applicable
2026-02-17 11:23:19,890 [INFO] Rule:233 - rule 117617 - U5Cobra4M][GTZC] default value MPCBB3 and MPCBB5 - Not Privileged memory - MPCBB4 is applicable
2026-02-17 11:23:19,890 [INFO] Rule:233 - rule 117617 - U5Cobra4M][GTZC] default value MPCBB3 and MPCBB5 - Privileged memory - MPCBB1 is applicable
2026-02-17 11:23:19,890 [INFO] Rule:233 - rule 117617 - U5Cobra4M][GTZC] default value MPCBB3 and MPCBB5 - Privileged memory - MPCBB2 is applicable
2026-02-17 11:23:19,890 [INFO] Rule:233 - rule 117617 - U5Cobra4M][GTZC] default value MPCBB3 and MPCBB5 - Privileged memory - MPCBB3 is applicable
2026-02-17 11:23:19,891 [INFO] Rule:233 - rule 117617 - U5Cobra4M][GTZC] default value MPCBB3 and MPCBB5 - Privileged memory - MPCBB4 is applicable
2026-02-17 11:23:19,891 [INFO] Rule:233 - rule Rename SubGHz_Phy SUBGHZ_APPLICATION SUBGHZ_PINGPONG to SUBGHZ_ADV_APPLICATION is applicable
2026-02-17 11:23:19,891 [INFO] Rule:233 - rule Rename Enabled to IBEACON is applicable
2026-02-17 11:23:19,891 [INFO] Rule:233 - rule GTZC_S instance for project manager is applicable
2026-02-17 11:23:19,891 [INFO] Rule:233 - rule GTZC_S instance for context M33S is applicable
2026-02-17 11:23:19,891 [INFO] Rule:233 - rule GTZC_S instance value for IP GTZC is applicable
2026-02-17 11:23:19,891 [INFO] Rule:233 - rule GTZC_S instance for mcu.IP is applicable
2026-02-17 11:23:19,891 [INFO] Rule:233 - rule GTZC_S instance for VP is applicable
2026-02-17 11:23:19,891 [INFO] Rule:233 - rule GTZC_S instance for signal is applicable
2026-02-17 11:23:19,891 [INFO] Rule:233 - rule GTZC_S instance for mcu.Pin is applicable
2026-02-17 11:23:19,891 [INFO] Rule:233 - rule GTZC_S instance for VP is applicable
2026-02-17 11:23:19,891 [INFO] Rule:233 - rule GTZC_S instance for signal is applicable
2026-02-17 11:23:19,891 [INFO] Rule:233 - rule GTZC_S instance for mcu is applicable
2026-02-17 11:23:19,891 [INFO] Rule:233 - rule GTZC_S instance for mcu.Pin is applicable
2026-02-17 11:23:19,891 [INFO] Rule:233 - rule GTZC_S instance value for IP GTZC is applicable
2026-02-17 11:23:19,891 [INFO] Rule:233 - rule GTZC_S instance for project manager is applicable
2026-02-17 11:23:19,891 [INFO] Rule:233 - rule GTZC_S instance for context M33S is applicable
2026-02-17 11:23:19,891 [INFO] Rule:233 - rule GTZC_S instance for VP is applicable
2026-02-17 11:23:19,891 [INFO] Rule:233 - rule GTZC_S instance for signal is applicable
2026-02-17 11:23:19,891 [INFO] Rule:233 - rule SPDIFRX instance for mcu is applicable
2026-02-17 11:23:19,891 [INFO] Rule:233 - rule Rename Tracer Mode is applicable
2026-02-17 11:23:19,891 [INFO] Rule:233 - rule SPDIFRX instance value for IP SPDIFRX is applicable
2026-02-17 11:23:19,891 [INFO] Rule:233 - rule SPDIFRX instance for signal is applicable
2026-02-17 11:23:19,892 [INFO] Rule:233 - rule SPDIFRX instance for project manager is applicable
2026-02-17 11:23:19,892 [INFO] Rule:233 - rule SPDIFRX instance for project manager is applicable
2026-02-17 11:23:19,892 [INFO] Rule:233 - rule ADC Scan  fix with FW F7 is applicable
2026-02-17 11:23:19,892 [INFO] Rule:233 - rule ADC Scan  fix with FW F7 is applicable
2026-02-17 11:23:19,892 [INFO] Rule:233 - rule WakeUp0 Mode is applicable
2026-02-17 11:23:19,892 [INFO] Rule:233 - rule WakeUp0 SIGNAL is applicable
2026-02-17 11:23:19,892 [INFO] Rule:233 - rule WakeUp1 Mode is applicable
2026-02-17 11:23:19,892 [INFO] Rule:233 - rule WakeUp1 SIGNAL is applicable
2026-02-17 11:23:19,892 [INFO] Rule:233 - rule WakeUp2 Mode is applicable
2026-02-17 11:23:19,892 [INFO] Rule:233 - rule WakeUp2 SIGNAL is applicable
2026-02-17 11:23:19,892 [INFO] Rule:233 - rule WakeUp4 Mode is applicable
2026-02-17 11:23:19,892 [INFO] Rule:233 - rule WakeUp4 SIGNAL is applicable
2026-02-17 11:23:19,892 [INFO] Rule:233 - rule WakeUp5 Mode is applicable
2026-02-17 11:23:19,892 [INFO] Rule:233 - rule WakeUp5 SIGNAL is applicable
2026-02-17 11:23:19,892 [INFO] Rule:233 - rule Add RTC Activate Clock Source is applicable
2026-02-17 11:23:19,892 [INFO] Rule:233 - rule Add RTC Activate Calendar 1 is applicable
2026-02-17 11:23:19,892 [INFO] Rule:233 - rule Add RTC Activate Calendar 2 is applicable
2026-02-17 11:23:19,892 [INFO] Rule:233 - rule Add RTC Activate Calendar 3 is applicable
2026-02-17 11:23:19,892 [INFO] Rule:233 - rule UART/USART TX Mode is applicable
2026-02-17 11:23:19,892 [INFO] Rule:233 - rule UART/USART RX Mode is applicable
2026-02-17 11:23:19,892 [INFO] Rule:233 - rule UART/USART RX TX Mode is applicable
2026-02-17 11:23:19,893 [INFO] Rule:233 - rule UART/USART PARITY NONE is applicable
2026-02-17 11:23:19,893 [INFO] Rule:233 - rule UART/USART PARITY EVEN is applicable
2026-02-17 11:23:19,893 [INFO] Rule:233 - rule UART/USART PARITY ODD is applicable
2026-02-17 11:23:19,893 [INFO] Rule:233 - rule USART StopBits 1 is applicable
2026-02-17 11:23:19,893 [INFO] Rule:233 - rule USART StopBits 2 is applicable
2026-02-17 11:23:19,893 [INFO] Rule:233 - rule USART StopBits 1.5 is applicable
2026-02-17 11:23:19,893 [INFO] Rule:233 - rule USART StopBits 0.5 is applicable
2026-02-17 11:23:19,893 [INFO] Rule:233 - rule UART/USART WORD LENGTH 7 is applicable
2026-02-17 11:23:19,893 [INFO] Rule:233 - rule UART/USART WORD LENGTH 8 is applicable
2026-02-17 11:23:19,893 [INFO] Rule:233 - rule UART/USART WORD LENGTH 9 is applicable
2026-02-17 11:23:19,893 [INFO] Rule:233 - rule Rename FMC NAND NCE signal is applicable
2026-02-17 11:23:19,893 [INFO] Rule:233 - rule Rename FMC NAND INT signal is applicable
2026-02-17 11:23:19,893 [INFO] Rule:233 - rule Change Default Value for LSE Drive Capability for WB family is applicable
2026-02-17 11:23:19,893 [INFO] Rule:233 - rule Change Default Value for ADC Clock Prescaler G0 family is applicable
2026-02-17 11:23:19,893 [INFO] Rule:233 - rule Change Default Value for ADC ExternalTrigConv L4 family is applicable
2026-02-17 11:23:19,893 [INFO] Rule:233 - rule Change Default Value for ADC ExternalTrigInjecConv L4 family is applicable
2026-02-17 11:23:19,893 [INFO] Rule:233 - rule Change Default Value for ADC ExternalTrigConv F3 family is applicable
2026-02-17 11:23:19,893 [INFO] Rule:233 - rule Change Default Value for ADC ExternalTrigInjecConv F3 family is applicable
2026-02-17 11:23:19,893 [INFO] Rule:233 - rule Change Default Value for ADC ExternalTrigConv Goldfish serie is applicable
2026-02-17 11:23:19,893 [INFO] Rule:233 - rule Change Default Value for ADC ExternalTrigInjecConv Goldfish serie is applicable
2026-02-17 11:23:19,893 [INFO] Rule:233 - rule Change Default Value for ADC ExternalTrigConv L0 family is applicable
2026-02-17 11:23:19,893 [INFO] Rule:233 - rule Change Default Value for ADC ExternalTrigConv F0 family is applicable
2026-02-17 11:23:19,893 [INFO] Rule:233 - rule Change Default Value for ADC ExternalTrigConvn L1 family is applicable
2026-02-17 11:23:19,893 [INFO] Rule:233 - rule Change Default Value for ADC ExternalTrigInjecConv L1 family is applicable
2026-02-17 11:23:19,893 [INFO] Rule:233 - rule Change Default Value for ADC ExternalTrigConv F1 family is applicable
2026-02-17 11:23:19,893 [INFO] Rule:233 - rule Change Default Value for ADC ExternalTrigInjecConv F1 family is applicable
2026-02-17 11:23:19,894 [INFO] Rule:233 - rule Change Default Value for ADC ExternalTrigConv F7 family is applicable
2026-02-17 11:23:19,894 [INFO] Rule:233 - rule Change Default Value for ADC ExternalTrigInjecConv F7 family is applicable
2026-02-17 11:23:19,894 [INFO] Rule:233 - rule Change Default Value for ADC ExternalTrigConv F4 and F2 family is applicable
2026-02-17 11:23:19,894 [INFO] Rule:233 - rule Change Default Value for ADC ExternalTrigInjecConv F4 and F2 family is applicable
2026-02-17 11:23:19,894 [INFO] Rule:233 - rule ADC SamplingTime fix with FW L0  is applicable
2026-02-17 11:23:19,894 [INFO] Rule:233 - rule ADC SamplingTime fix with FW L0  is applicable
2026-02-17 11:23:19,894 [INFO] Rule:233 - rule ADC SamplingTime fix with FW L0 is applicable
2026-02-17 11:23:19,894 [INFO] Rule:233 - rule ADC SamplingTime fix with FW L0 is applicable
2026-02-17 11:23:19,894 [INFO] Rule:233 - rule ADC SamplingTime fix with FW L0  is applicable
2026-02-17 11:23:19,894 [INFO] Rule:233 - rule ADC SamplingTime fix with FW L0 is applicable
2026-02-17 11:23:19,894 [INFO] Rule:233 - rule Rename USB_OE Signal is applicable
2026-02-17 11:23:19,894 [INFO] Rule:233 - rule Rename Activate_OE Mode is applicable
2026-02-17 11:23:19,894 [INFO] Rule:233 - rule Rename DIE462/DIE415 pin PC14/OSC32_IN -> PC14-OSC32_IN (PC14) is applicable
2026-02-17 11:23:19,894 [INFO] Rule:233 - rule Rename DIE462/DIE415 pin PC15/OSC32_OUT -> PC15-OSC32_OUT (PC15) is applicable
2026-02-17 11:23:19,894 [INFO] Rule:233 - rule Rename DIE462/DIE415 pin PH0/OSC_IN -> PH0-OSC_IN (PH0) is applicable
2026-02-17 11:23:19,894 [INFO] Rule:233 - rule Rename DIE462/DIE415 pin PH1/OSC_OUT -> PH1-OSC_OUT (PH1) is applicable
2026-02-17 11:23:19,894 [INFO] Rule:233 - rule Rename DIE462 pin PA13 -> PA13 (JTMS/SWDIO) is applicable
2026-02-17 11:23:19,894 [INFO] Rule:233 - rule Rename DIE415 pin PA13 -> PA13 (JTMS/SWDIO) is applicable
2026-02-17 11:23:19,894 [INFO] Rule:233 - rule Rename DIE462 pin PA14 -> PA14 (JTCK/SWCLK) is applicable
2026-02-17 11:23:19,894 [INFO] Rule:233 - rule Rename DIE415 pin PA14 -> PA14 (JTCK/SWCLK) is applicable
2026-02-17 11:23:19,894 [INFO] Rule:233 - rule Rename DIE462/DIE415 pin PA15 -> PA15 (JTDI) is applicable
2026-02-17 11:23:19,894 [INFO] Rule:233 - rule Rename DIE462 pin PB3 -> PB3 (JTD0/TRACESWO) is applicable
2026-02-17 11:23:19,894 [INFO] Rule:233 - rule Rename DIE415 pin PB3 -> PB3 (JTD0-TRACESWO) is applicable
2026-02-17 11:23:19,894 [INFO] Rule:233 - rule Rename DIE462/DIE415 pin PB4 -> PB4 (NJTRST) is applicable
2026-02-17 11:23:19,894 [INFO] Rule:233 - rule Rename DIE462 pin PH3/BOOT0 -> PH3-BOOT0 (BOOT0) is applicable
2026-02-17 11:23:19,894 [INFO] Rule:233 - rule Rename CRYP DataEncryptionTypesList to Algorithm is applicable
2026-02-17 11:23:19,894 [INFO] Rule:233 - rule Rename AES DataEncryptionTypesList to Algorithm is applicable
2026-02-17 11:23:19,894 [INFO] Rule:233 - rule Rename TDESECB to CRYP_TDES_ECB is applicable
2026-02-17 11:23:19,894 [INFO] Rule:233 - rule Rename TDESCBC to CRYP_TDES_CBC is applicable
2026-02-17 11:23:19,895 [INFO] Rule:233 - rule Rename DESECB to CRYP_DES_ECB is applicable
2026-02-17 11:23:19,895 [INFO] Rule:233 - rule Rename DESCBC to CRYP_DES_CBC is applicable
2026-02-17 11:23:19,895 [INFO] Rule:233 - rule Rename AESECB to CRYP_AES_ECB is applicable
2026-02-17 11:23:19,895 [INFO] Rule:233 - rule Rename AESCBC to CRYP_AES_CBC is applicable
2026-02-17 11:23:19,895 [INFO] Rule:233 - rule Rename AESCTR to CRYP_AES_CTR is applicable
2026-02-17 11:23:19,895 [INFO] Rule:233 - rule Rename AESGCM to CRYP_AES_GCM is applicable
2026-02-17 11:23:19,895 [INFO] Rule:233 - rule Rename AESCCM to CRYP_AES_CCM is applicable
2026-02-17 11:23:19,895 [INFO] Rule:233 - rule Rename CAN TimeSeg1 to BS1 is applicable
2026-02-17 11:23:19,895 [INFO] Rule:233 - rule Rename CAN TimeSeg2 to BS2 is applicable
2026-02-17 11:23:19,895 [INFO] Rule:233 - rule Rename CAN SyncJumpWidth to SJW is applicable
2026-02-17 11:23:19,895 [INFO] Rule:233 - rule TimeTriggeredMode to TTCM is applicable
2026-02-17 11:23:19,895 [INFO] Rule:233 - rule Rename CAN AutoBusOff to ABOM is applicable
2026-02-17 11:23:19,895 [INFO] Rule:233 - rule Rename CAN AutoWakeUp to AWUM is applicable
2026-02-17 11:23:19,895 [INFO] Rule:233 - rule Rename CAN AutoRetransmission to NART is applicable
2026-02-17 11:23:19,895 [INFO] Rule:233 - rule Rename CAN ReceiveFifoLocked to RFLM is applicable
2026-02-17 11:23:19,895 [INFO] Rule:233 - rule Rename CAN TransmitFifoPriority to TXFP is applicable
2026-02-17 11:23:19,895 [INFO] Rule:233 - rule Rename HRTIMER HRTIM_OUTPUTFAULTLEVEL_HIGH in HRTIMER HRTIM_OUTPUTFAULTLEVEL_HIGHZ is applicable
2026-02-17 11:23:19,895 [INFO] Rule:233 - rule Rename TIMER TIM_CLEARINPUTSOURCE_OCREFCLR in  TIMER TIM_CLEARINPUTSOURCE_NONE for F7 family is applicable
2026-02-17 11:23:19,895 [INFO] Rule:233 - rule FDCAN_R1 - Rename FDCAN mode Master into Classic is applicable
2026-02-17 11:23:19,895 [INFO] Rule:233 - rule FDCAN_R2 - Rename FDCAN mode Slave into Classic is applicable
2026-02-17 11:23:19,895 [INFO] Rule:233 - rule FDCAN1_R3 - if PA10.Mode=FullDuplex, add Pin PA12 is applicable
2026-02-17 11:23:19,895 [INFO] Rule:233 - rule FDCAN1_R3 - if PA9.Mode=FullDuplex, add Pin PA11 is applicable
2026-02-17 11:23:19,895 [INFO] Rule:233 - rule FDCAN1_R3 - Alternatepin_1 - if PE1.Mode=FullDuplex, add Pin PB9 is applicable
2026-02-17 11:23:19,895 [INFO] Rule:233 - rule FDCAN1_R3 - Alternatepin_1 - if PE0.Mode=FullDuplex, add Pin PB8 is applicable
2026-02-17 11:23:19,895 [INFO] Rule:233 - rule FDCAN1_R3 - Alternatepin_2 - if PD5.Mode=FullDuplex, add Pin PD1 is applicable
2026-02-17 11:23:19,895 [INFO] Rule:233 - rule FDCAN1_R3 - Alternatepin_2 - if PD4.Mode=FullDuplex, add Pin PD0 is applicable
2026-02-17 11:23:19,895 [INFO] Rule:233 - rule FDCAN1_R4 - Rename Mode FullDuplex into Enable FDCAN_TXFD for pin PA10 is applicable
2026-02-17 11:23:19,896 [INFO] Rule:233 - rule FDCAN1_R4 - Rename Mode FullDuplex into Enable FDCAN_TXFD for pin PA9 is applicable
2026-02-17 11:23:19,896 [INFO] Rule:233 - rule FDCAN1_R4 - Alternatepin_1 - Rename Mode FullDuplex into Enable FDCAN_TXFD for pin PE1 is applicable
2026-02-17 11:23:19,896 [INFO] Rule:233 - rule FDCAN1_R4 - Alternatepin_1 - Rename Mode FullDuplex into Enable FDCAN_TXFD for pin PE0 is applicable
2026-02-17 11:23:19,896 [INFO] Rule:233 - rule FDCAN1_R4 - Alternatepin_2 - Rename Mode FullDuplex into Enable FDCAN_TXFD for pin PD5 is applicable
2026-02-17 11:23:19,896 [INFO] Rule:233 - rule FDCAN1_R4 - Alternatepin_2 - Rename Mode FullDuplex into Enable FDCAN_TXFD for pin PD4 is applicable
2026-02-17 11:23:19,896 [INFO] Rule:233 - rule FDCAN2_R3 - if PD10.Mode=FullDuplex, add Pin PB13 is applicable
2026-02-17 11:23:19,896 [INFO] Rule:233 - rule FDCAN2_R3 - if PD9.Mode=FullDuplex, add Pin PB12 is applicable
2026-02-17 11:23:19,896 [INFO] Rule:233 - rule FDCAN2_R3 - Alternatepin_1 - if PB7.Mode=FullDuplex, add Pin PB6 is applicable
2026-02-17 11:23:19,896 [INFO] Rule:233 - rule FDCAN2_R3 - Alternatepin_1 - if PD9.Mode=FullDuplex, add Pin PB12 is applicable
2026-02-17 11:23:19,896 [INFO] Rule:233 - rule FDCAN2_R4 - Rename Mode FullDuplex into Enable FDCAN_TXFD for pin PD10 is applicable
2026-02-17 11:23:19,896 [INFO] Rule:233 - rule FDCAN2_R4 - Rename Mode FullDuplex into Enable FDCAN_TXFD for pin PD9 is applicable
2026-02-17 11:23:19,896 [INFO] Rule:233 - rule FDCAN2_R4 - Alternatepin_1 - Rename Mode FullDuplex into Enable FDCAN_TXFD for pin PB7 is applicable
2026-02-17 11:23:19,896 [INFO] Rule:233 - rule FDCAN2_R4 - Alternatepin_1 - Rename Mode FullDuplex into Enable FDCAN_TXFD for pin PD6 is applicable
2026-02-17 11:23:19,896 [INFO] Rule:233 - rule USART TxPinLevelInvertParam Mode is applicable
2026-02-17 11:23:19,896 [INFO] Rule:233 - rule USART RxPinLevelInvertParam Mode is applicable
2026-02-17 11:23:19,896 [INFO] Rule:233 - rule USART DataInvertParam Mode is applicable
2026-02-17 11:23:19,896 [INFO] Rule:233 - rule USART SwapParam Mode is applicable
2026-02-17 11:23:19,896 [INFO] Rule:233 - rule USART OverrunDisableParam Mode is applicable
2026-02-17 11:23:19,896 [INFO] Rule:233 - rule USART DMADisableonRxErrorParam Mode is applicable
2026-02-17 11:23:19,896 [INFO] Rule:233 - rule USART MSBFirstParam Mode is applicable
2026-02-17 11:23:19,896 [INFO] Rule:233 - rule Update MwName for USB_DEVICE is applicable
2026-02-17 11:23:19,896 [INFO] Rule:233 - rule Change PWR_Regulator_Voltage_Scale Default Value for RCC  H7 family is applicable
2026-02-17 11:23:19,896 [INFO] Rule:233 - rule UART/USART IPParameter rename Prescaler parameter to ClockPrescaler is applicable
2026-02-17 11:23:19,896 [INFO] Rule:233 - rule UART/USART Prescaler rename Prescaler parameter to ClockPrescaler is applicable
2026-02-17 11:23:19,896 [INFO] Rule:233 - rule TIM1CLockSelection is applicable
2026-02-17 11:23:19,896 [INFO] Rule:233 - rule TIM15CLockSelection is applicable
2026-02-17 11:23:19,896 [INFO] Rule:233 - rule align RCC SDMMC3CLockSelection default value on MP1 is applicable
2026-02-17 11:23:19,896 [INFO] Rule:233 - rule align RCC SDMMC12CLockSelection default value on MP1 is applicable
2026-02-17 11:23:19,897 [INFO] Rule:233 - rule align RCC QSPICLockSelection default value on MP1 is applicable
2026-02-17 11:23:19,897 [INFO] Rule:233 - rule align RCC QSPICLockSelection default value on MP1 is applicable
2026-02-17 11:23:19,897 [INFO] Rule:233 - rule align RCC SPI6CLockSelection default value on MP1 is applicable
2026-02-17 11:23:19,897 [INFO] Rule:233 - rule align RCC LPTIM23CLockSelection default value on MP1 is applicable
2026-02-17 11:23:19,897 [INFO] Rule:233 - rule align RCC LPTIM1CLockSelection default value on MP1 is applicable
2026-02-17 11:23:19,897 [INFO] Rule:233 - rule align RCC USART1CLockSelection default value on MP1 is applicable
2026-02-17 11:23:19,897 [INFO] Rule:233 - rule align RCC USART24CLockSelection default value on MP1 is applicable
2026-02-17 11:23:19,897 [INFO] Rule:233 - rule align RCC USART6CLockSelection default value on MP1 is applicable
2026-02-17 11:23:19,897 [INFO] Rule:233 - rule align RCC UART78CLockSelection default value on MP1 is applicable
2026-02-17 11:23:19,898 [INFO] Rule:233 - rule align RCC USART35CLockSelection default value on MP1 is applicable
2026-02-17 11:23:19,898 [INFO] Rule:233 - rule align RCC SPI45CLockSelection default value on MP1 is applicable
2026-02-17 11:23:19,898 [INFO] Rule:233 - rule align RCC I2C46CLockSelection BCLK value on MP1 is applicable
2026-02-17 11:23:19,898 [INFO] Rule:233 - rule align RCC SPI45CLockSelection default value on MP1 is applicable
2026-02-17 11:23:19,898 [INFO] Rule:233 - rule align RCC I2C12CLockSelection default value on MP1 is applicable
2026-02-17 11:23:19,898 [INFO] Rule:233 - rule align RCC I2C35CLockSelection default value on MP1 is applicable
2026-02-17 11:23:19,898 [INFO] Rule:233 - rule align RCC LPTIM45CLockSelection default value on MP1 is applicable
2026-02-17 11:23:19,898 [INFO] Rule:233 - rule Rename DCMI PIXCK signal is applicable
2026-02-17 11:23:19,898 [INFO] Rule:233 - rule Change Default Value for I2C46CLockSelection MP1 family is applicable
2026-02-17 11:23:19,898 [INFO] Rule:233 - rule Change Default Value for UART for G4, G0 and WB families is applicable
2026-02-17 11:23:19,898 [INFO] Rule:233 - rule Change Default Value for USART for G4, G0 and WB families is applicable
2026-02-17 11:23:19,898 [INFO] Rule:233 - rule Change Default Value for USART for G4 family is applicable
2026-02-17 11:23:19,898 [INFO] Rule:233 - rule Change USART1CLockSelection refparam name for MP1 is applicable
2026-02-17 11:23:19,898 [INFO] Rule:233 - rule Change USART2CLockSelection refparam name for MP1 is applicable
2026-02-17 11:23:19,898 [INFO] Rule:233 - rule Change USART3CLockSelection refparam name for MP1 is applicable
2026-02-17 11:23:19,899 [INFO] Rule:233 - rule Change UART4CLockSelection refparam name for MP1 is applicable
2026-02-17 11:23:19,899 [INFO] Rule:233 - rule Change UART5CLockSelection refparam name for MP1 is applicable
2026-02-17 11:23:19,899 [INFO] Rule:233 - rule Change LPUART1CLockSelection refparam name for MP1 is applicable
2026-02-17 11:23:19,899 [INFO] Rule:233 - rule Change LPTIM1CLockSelection refparam name for MP1 is applicable
2026-02-17 11:23:19,899 [INFO] Rule:233 - rule Change LPTIM2CLockSelection refparam name for MP1 is applicable
2026-02-17 11:23:19,899 [INFO] Rule:233 - rule Change RCC_MCO1Source refparam name for MP1 is applicable
2026-02-17 11:23:19,899 [INFO] Rule:233 - rule Change LSCOSource1 refparam name for MP1 is applicable
2026-02-17 11:23:19,899 [INFO] Rule:233 - rule Change SMPSCLockSelection refparam name for MP1 is applicable
2026-02-17 11:23:19,899 [INFO] Rule:233 - rule Change LPTIM3CLockSelection refparam name for MP1 is applicable
2026-02-17 11:23:19,899 [INFO] Rule:233 - rule Change MPCBB* Default Template Mode to Parameters is applicable
2026-02-17 11:23:19,899 [INFO] Rule:233 - rule Change MPCWM* or MPCBB* Secure Mode to Parameters is applicable
2026-02-17 11:23:19,899 [INFO] Rule:233 - rule Change MPCWM* or MPCBB* No Secure Mode to Parameters is applicable
2026-02-17 11:23:19,899 [INFO] Rule:233 - rule Change TZSC IP Secure Mode to Parameters is applicable
2026-02-17 11:23:19,899 [INFO] Rule:233 - rule Change TZSC IP No Secure Mode to Parameters is applicable
2026-02-17 11:23:19,899 [INFO] Rule:233 - rule Change TZSC IP Privilege Mode to Parameters is applicable
2026-02-17 11:23:19,899 [INFO] Rule:233 - rule Change TZSC IP No Privilege Mode to Parameters is applicable
2026-02-17 11:23:19,899 [INFO] Rule:233 - rule Change TZIC IT Secure Mode to Parameters is applicable
2026-02-17 11:23:19,899 [INFO] Rule:233 - rule Change TZIC IT No Secure Mode to Parameters is applicable
2026-02-17 11:23:19,899 [INFO] Rule:233 - rule Add MPCBB1_NonSecureArea_Start_Address value with referenced to MPCBB1_NonSecureArea_Start value is applicable
2026-02-17 11:23:19,900 [INFO] Rule:233 - rule Add MPCBB2_NonSecureArea_Start_Address value with referenced to MPCBB2_NonSecureArea_Start value is applicable
2026-02-17 11:23:19,900 [INFO] Rule:233 - rule Add MPCWM1_NonSecureArea*_Start_Address value with referenced to MPCWM1_NonSecureArea*_Start value is applicable
2026-02-17 11:23:19,900 [INFO] Rule:233 - rule Add MPCWM2_NonSecureArea*_Start_Address value with referenced to MPCWM2_NonSecureArea*_Start value is applicable
2026-02-17 11:23:19,900 [INFO] Rule:233 - rule Add MPCWM3_NonSecureArea_Start_Address value with referenced to MPCWM3_NonSecureArea_Start value is applicable
2026-02-17 11:23:19,900 [INFO] Rule:233 - rule Change Default Value for PLL1UserDefinedConfig is applicable
2026-02-17 11:23:19,900 [INFO] Rule:233 - rule Change GPIO_PuPd Default Value for USART in async mode is applicable
2026-02-17 11:23:19,900 [INFO] Rule:233 - rule Change SMPSDivider Default Value is applicable
2026-02-17 11:23:19,900 [INFO] Rule:233 - rule OPAMP is applicable
2026-02-17 11:23:19,900 [INFO] Rule:233 - rule LPUART IPParameter rename Prescaler parameter to ClockPrescaler for STM32H7 is applicable
2026-02-17 11:23:19,900 [INFO] Rule:233 - rule LPUART IPParameter rename Prescaler parameter to ClockPrescaler for STM32H7 is applicable
2026-02-17 11:23:19,900 [INFO] Rule:233 - rule LPUART IPParameter rename Prescaler parameter to ClockPrescaler for STM32WB is applicable
2026-02-17 11:23:19,900 [INFO] Rule:233 - rule LPUART IPParameter rename Prescaler parameter to ClockPrescaler for STM32WB is applicable
2026-02-17 11:23:19,900 [INFO] Rule:233 - rule LPUART IPParameter rename Prescaler parameter to ClockPrescaler for STM32G4 is applicable
2026-02-17 11:23:19,900 [INFO] Rule:233 - rule LPUART IPParameter rename Prescaler parameter to ClockPrescaler for STM32G4 is applicable
2026-02-17 11:23:19,900 [INFO] Rule:233 - rule LPUART IPParameter rename Prescaler parameter to ClockPrescaler for STM32L5 is applicable
2026-02-17 11:23:19,900 [INFO] Rule:233 - rule LPUART IPParameter rename Prescaler parameter to ClockPrescaler for STM32L5 is applicable
2026-02-17 11:23:19,900 [INFO] Rule:233 - rule LPUART IPParameter rename Prescaler parameter to ClockPrescaler for STM32G4 is applicable
2026-02-17 11:23:19,900 [INFO] Rule:233 - rule LPUART IPParameter rename Prescaler parameter to ClockPrescaler for STM32G4 is applicable
2026-02-17 11:23:19,900 [INFO] Rule:233 - rule USB device lib V2.5.3 for L0 rename USBD_SUPPORT_USER_STRING parameter to USBD_SUPPORT_USER_STRING_DESC4 is applicable
2026-02-17 11:23:19,900 [INFO] Rule:233 - rule I2SCLockSelection clock entry align is applicable
2026-02-17 11:23:19,900 [INFO] Rule:233 - rule Assign TIMx context if used as SYS timebase is applicable
2026-02-17 11:23:19,901 [INFO] Rule:233 - rule Change GPIO_Pu Default Value for I2C is applicable
2026-02-17 11:23:19,901 [INFO] Rule:233 - rule Change GPIO_Pu Default Value for SMBus is applicable
2026-02-17 11:23:19,901 [INFO] Rule:233 - rule change FDCAN default value is applicable
2026-02-17 11:23:19,901 [INFO] Rule:233 - rule Change mode sai is applicable
2026-02-17 11:23:19,901 [INFO] Rule:233 - rule **Change sai mode is applicable
2026-02-17 11:23:19,901 [INFO] Rule:233 - rule Rename STM32WPAN CFG_BLE_IRK to CFG_BLE_IR is applicable
2026-02-17 11:23:19,901 [INFO] Rule:233 - rule Rename STM32WPAN CFG_BLE_ERK to CFG_BLE_ER is applicable
2026-02-17 11:23:19,901 [INFO] Rule:233 - rule Rename STM32WPAN CFG_BLE_IRK_HEX to CFG_BLE_IR_HEX is applicable
2026-02-17 11:23:19,901 [INFO] Rule:233 - rule Rename STM32WPAN CFG_BLE_ERK_HEX to CFG_BLE_ER_HEX is applicable
2026-02-17 11:23:19,901 [INFO] Rule:233 - rule Adapt Old IOC before rework replace old CORTEX_M33/CORTEX_M55 attributes by the new one. is applicable
2026-02-17 11:23:19,901 [INFO] Rule:233 - rule Rename parametre of RCC RCC_APBDBG_DIV2 to RCC_TIMPRES_DIV2 is applicable
2026-02-17 11:23:19,901 [INFO] Rule:233 - rule Rename DIE493 pin PA10 [PA12] -> PA10 is applicable
2026-02-17 11:23:19,901 [INFO] Rule:233 - rule Rename DIE493 pin PA9 [PA11] -> PA9 is applicable
2026-02-17 11:23:19,901 [INFO] Rule:233 - rule Rename DIE492 PartNumber CPN STM32WBA5MJGHx -> STM32WBA5MMGHx is applicable
2026-02-17 11:23:19,901 [INFO] Rule:233 - rule Rename DIE492 PartNumber  Name STM32WBA5MJGHx -> STM32WBA5MMGHx is applicable
2026-02-17 11:23:19,901 [INFO] Rule:233 - rule Rename DIE492 PartNumber UserName STM32WBA5MJGHx -> STM32WBA5MMGHx is applicable
2026-02-17 11:23:19,901 [INFO] Rule:233 - rule Rename DIE492 PartNumber DeviceId STM32WBA5MJGHx -> STM32WBA5MMGHx is applicable
2026-02-17 11:23:19,901 [INFO] Rule:233 - rule Adapt Old IOC CSI. is applicable
2026-02-17 11:23:19,901 [INFO] Rule:233 - rule Adapt Old IOC DCMIPP. is applicable
2026-02-17 11:23:19,901 [INFO] Rule:233 - rule Adapt Old IOC DCMIPP Mode Parallel. is applicable
2026-02-17 11:23:19,901 [INFO] Rule:233 - rule Adapt Old IOC LTDC. is applicable
2026-02-17 11:23:19,901 [INFO] Rule:233 - rule Rename STM32MP2 RIF Peripheral LTDC RIF.RISUP.LTDC_L0L1.Privilege -> RIF.RISUP.LTDC_L1L2.Privilege is applicable
2026-02-17 11:23:19,902 [INFO] Rule:233 - rule Rename STM32MP2 RIF Peripheral LTDC RIF.RISUP.LTDC_L0L1.Privilege -> RIF.RISUP.LTDC_L1L2.Privilege is applicable
2026-02-17 11:23:19,902 [INFO] Rule:233 - rule Rename STM32MP2 RIF Peripheral LTDC RIF.RISUP.LTDC_L0L1.Lock -> RIF.RISUP.LTDC_L1L2.Lock is applicable
2026-02-17 11:23:19,902 [INFO] Rule:233 - rule Rename STM32MP2 RIF Peripheral LTDC RIF.RISUP.LTDC_L2.Lock -> RIF.RISUP.LTDC_L3.Lock is applicable
2026-02-17 11:23:19,902 [INFO] Rule:233 - rule Adapt the old IOC example for updating the SYS when it is misconfigured. is applicable
2026-02-17 11:23:19,902 [INFO] Rule:233 - rule Rename STM32C09 Mcu.Package LQFP64 -> LQFP48 is applicable
2026-02-17 11:23:19,902 [INFO] Rule:233 - rule Adapt the old IOC example for updating the SYS when it is misconfigured. is applicable
2026-02-17 11:23:19,902 [INFO] Rule:233 - rule Adapt the old IOC example for updating the SYS when it is misconfigured. is applicable
2026-02-17 11:23:19,917 [INFO] DbConfProperties:307 - Apply Compatibility (53/282 Rules)
2026-02-17 11:23:19,938 [INFO] ImportTextPane:234 - (OptionalMessage_ERROR) Unable to find key (Mcu.ThirdPartyNb) in loaded IOC file
2026-02-17 11:23:19,941 [INFO] ImportTextPane:234 - (OptionalMessage_ERROR) Pin12 (VP_RIF_VS_RIF1) cannot be retrieved for this MCU
2026-02-17 11:23:20,187 [INFO] RtosManager:558 - Registered RTOS mode: class=CMSIS, group=RTOS, mode=CMSIS_V1, owner=FREERTOS
2026-02-17 11:23:20,187 [INFO] RtosManager:558 - Registered RTOS mode: class=CMSIS, group=RTOS2, mode=CMSIS_V2, owner=FREERTOS
2026-02-17 11:23:20,187 [INFO] RtosManager:558 - Registered RTOS mode: class=RTOS, group=Core, mode=CMSIS_V1, owner=FREERTOS
2026-02-17 11:23:20,187 [INFO] RtosManager:558 - Registered RTOS mode: class=RTOS, group=Core, mode=CMSIS_V2, owner=FREERTOS
2026-02-17 11:23:20,188 [WARN] ModelIntegratedComponent:184 - Missing modes for component STMicroelectronics:FreeRTOS:0.0.1:STMicroelectronics:RTOS:FreeRTOS:Core:::10.2.0:
2026-02-17 11:23:20,196 [WARN] ModelIntegratedComponent:63 - No mode defined for component null
2026-02-17 11:23:20,196 [WARN] ModelIntegratedComponent:63 - No mode defined for component null
2026-02-17 11:23:20,196 [WARN] ModelIntegratedComponent:63 - No mode defined for component null
2026-02-17 11:23:20,196 [WARN] ModelIntegratedComponent:63 - No mode defined for component null
2026-02-17 11:23:20,196 [WARN] ModelIntegratedComponent:63 - No mode defined for component null
2026-02-17 11:23:20,196 [WARN] ModelIntegratedComponent:63 - No mode defined for component null
2026-02-17 11:23:20,196 [WARN] ModelIntegratedComponent:63 - No mode defined for component null
2026-02-17 11:23:20,196 [WARN] ModelIntegratedComponent:63 - No mode defined for component null
2026-02-17 11:23:20,196 [WARN] ModelIntegratedComponent:63 - No mode defined for component null
2026-02-17 11:23:20,196 [WARN] ModelIntegratedComponent:63 - No mode defined for component null
2026-02-17 11:23:20,196 [WARN] ModelIntegratedComponent:63 - No mode defined for component null
2026-02-17 11:23:20,197 [WARN] ModelIntegratedComponent:63 - No mode defined for component null
2026-02-17 11:23:20,197 [WARN] ModelIntegratedComponent:63 - No mode defined for component null
2026-02-17 11:23:20,197 [WARN] ModelIntegratedComponent:63 - No mode defined for component null
2026-02-17 11:23:20,197 [WARN] ModelIntegratedComponent:63 - No mode defined for component null
2026-02-17 11:23:20,197 [WARN] ModelIntegratedComponent:63 - No mode defined for component null
2026-02-17 11:23:20,198 [WARN] ModelIntegratedComponent:63 - No mode defined for component null
2026-02-17 11:23:20,198 [WARN] ModelIntegratedComponent:63 - No mode defined for component null
2026-02-17 11:23:20,198 [WARN] ModelIntegratedComponent:63 - No mode defined for component null
2026-02-17 11:23:20,198 [WARN] ModelIntegratedComponent:63 - No mode defined for component null
2026-02-17 11:23:20,198 [WARN] ModelIntegratedComponent:63 - No mode defined for component null
2026-02-17 11:23:20,198 [WARN] ModelIntegratedComponent:63 - No mode defined for component null
2026-02-17 11:23:20,198 [WARN] ModelIntegratedComponent:63 - No mode defined for component null
2026-02-17 11:23:20,198 [WARN] ModelIntegratedComponent:63 - No mode defined for component null
2026-02-17 11:23:20,198 [WARN] ModelIntegratedComponent:63 - No mode defined for component null
2026-02-17 11:23:20,198 [WARN] ModelIntegratedComponent:63 - No mode defined for component null
2026-02-17 11:23:20,198 [WARN] ModelIntegratedComponent:63 - No mode defined for component null
2026-02-17 11:23:20,198 [WARN] ModelIntegratedComponent:63 - No mode defined for component null
2026-02-17 11:23:20,198 [WARN] ModelIntegratedComponent:63 - No mode defined for component null
2026-02-17 11:23:20,198 [WARN] ModelIntegratedComponent:63 - No mode defined for component null
2026-02-17 11:23:20,199 [WARN] ModelIntegratedComponent:63 - No mode defined for component null
2026-02-17 11:23:20,199 [WARN] ModelIntegratedComponent:63 - No mode defined for component null
2026-02-17 11:23:20,199 [WARN] ModelIntegratedComponent:63 - No mode defined for component null
2026-02-17 11:23:20,199 [WARN] ModelIntegratedComponent:63 - No mode defined for component null
2026-02-17 11:23:20,199 [WARN] ModelIntegratedComponent:63 - No mode defined for component null
2026-02-17 11:23:20,199 [WARN] ModelPack:524 - Component already loaded: STMicroelectronics:HAL Drivers:0.0.0:STMicroelectronics:Device:STMicro_Driver:XSPI:HAL::0.0.1:HAL_XSPI
2026-02-17 11:23:20,224 [INFO] ThirdPartyModel:298 - Start build external matchings
2026-02-17 11:23:20,857 [INFO] ThirdPartyModel:316 - End build external matchings
2026-02-17 11:23:20,884 [INFO] ImportTextPane:234 - (OptionalMessage_ERROR) IP (RCC) : Invalid parameter (FamilyName)
2026-02-17 11:23:20,886 [INFO] ImportTextPane:234 - (OptionalMessage_ERROR) IP (RCC) : Parameter (RNGFreq_Value) has invalid value (64000000)
2026-02-17 11:23:20,886 [INFO] ImportTextPane:234 - (OptionalMessage_ERROR) IP (RCC) : Parameter (SDMMCFreq_Value) has invalid value (64000000)
2026-02-17 11:23:20,886 [INFO] ImportTextPane:234 - (OptionalMessage_ERROR) IP (RCC) : Parameter (USBFreq_Value) has invalid value (64000000)
2026-02-17 11:23:21,378 [INFO] UtilMem:75 - End LoadConfig() Used Memory: 809414384 Bytes (1073741824)
2026-02-17 11:23:21,416 [WARN] ThirdParty:833 - waiting for thirdparty lock release [change project]
2026-02-17 11:23:21,424 [INFO] ThirdParty:835 - entering critical section [change project]
2026-02-17 11:23:21,424 [INFO] ThirdParty:1030 - CMSIS Pack Vendor :STMicroelectronics X-CUBE-PM33A1 1.0.0
2026-02-17 11:23:21,424 [INFO] ThirdParty:1030 - CMSIS Pack Vendor :STMicroelectronics USBPD 4.1
2026-02-17 11:23:21,424 [INFO] ThirdParty:1030 - CMSIS Pack Vendor :STMicroelectronics X-CUBE-NFC9 1.0.0
2026-02-17 11:23:21,424 [INFO] ThirdParty:1030 - CMSIS Pack Vendor :STMicroelectronics USB_HOST 2.0.0
2026-02-17 11:23:21,424 [INFO] ThirdParty:1030 - CMSIS Pack Vendor :STMicroelectronics FP-SNS-MOTENVWB1 1.4.0
2026-02-17 11:23:21,424 [INFO] ThirdParty:1030 - CMSIS Pack Vendor :STMicroelectronics X-CUBE-AZRTOS-F4 1.1.0
2026-02-17 11:23:21,424 [INFO] ThirdParty:1030 - CMSIS Pack Vendor :STMicroelectronics LIBJPEG 8.0.0
2026-02-17 11:23:21,424 [INFO] ThirdParty:1030 - CMSIS Pack Vendor :STMicroelectronics FP-ATR-ASTRA1 2.0.2
2026-02-17 11:23:21,424 [INFO] ThirdParty:1030 - CMSIS Pack Vendor :STMicroelectronics X-CUBE-BLE1 7.1.0
2026-02-17 11:23:21,424 [INFO] ThirdParty:1030 - CMSIS Pack Vendor :STMicroelectronics X-CUBE-SMBUS 2.1.0
2026-02-17 11:23:21,424 [INFO] ThirdParty:1030 - CMSIS Pack Vendor :wolfSSL I-CUBE-wolfMQTT 1.19.2
2026-02-17 11:23:21,424 [INFO] ThirdParty:1030 - CMSIS Pack Vendor :STMicroelectronics USB_DEVICE 3.0.0
2026-02-17 11:23:21,424 [INFO] ThirdParty:1030 - CMSIS Pack Vendor :STMicroelectronics X-CUBE-ISPU 2.1.0
2026-02-17 11:23:21,424 [INFO] ThirdParty:1030 - CMSIS Pack Vendor :STMicroelectronics X-CUBE-FREERTOS 1.4.0
2026-02-17 11:23:21,425 [INFO] ThirdParty:1030 - CMSIS Pack Vendor :STMicroelectronics X-CUBE-EEPRMA1 5.2.0
2026-02-17 11:23:21,425 [INFO] ThirdParty:1030 - CMSIS Pack Vendor :STMicroelectronics X-CUBE-IPS 3.2.0
2026-02-17 11:23:21,425 [INFO] ThirdParty:1030 - CMSIS Pack Vendor :STMicroelectronics X-CUBE-BLEMGR 4.1.0
2026-02-17 11:23:21,425 [INFO] ThirdParty:1030 - CMSIS Pack Vendor :STMicroelectronics X-CUBE-AZRTOS-WB 2.0.0
2026-02-17 11:23:21,425 [INFO] ThirdParty:1030 - CMSIS Pack Vendor :wolfSSL I-CUBE-wolfSSL 5.8.4
2026-02-17 11:23:21,425 [INFO] ThirdParty:1030 - CMSIS Pack Vendor :Cesanta I-CUBE-Mongoose 7.20.0
2026-02-17 11:23:21,425 [INFO] ThirdParty:1030 - CMSIS Pack Vendor :STMicroelectronics X-CUBE-NFC12 1.0.0
2026-02-17 11:23:21,425 [INFO] ThirdParty:1030 - CMSIS Pack Vendor :STMicroelectronics X-CUBE-AZRTOS-F7 1.1.0
2026-02-17 11:23:21,425 [INFO] ThirdParty:1030 - CMSIS Pack Vendor :STMicroelectronics X-CUBE-AZRTOS-L5 2.0.0
2026-02-17 11:23:21,425 [INFO] ThirdParty:1030 - CMSIS Pack Vendor :STMicroelectronics USB_DEVICE 2.0.0
2026-02-17 11:23:21,425 [INFO] ThirdParty:1030 - CMSIS Pack Vendor :quantropi X-CUBE-qispace-sdk-base 2.1.0
2026-02-17 11:23:21,425 [INFO] ThirdParty:1030 - CMSIS Pack Vendor :STMicroelectronics X-CUBE-MEMS1 12.0.0
2026-02-17 11:23:21,425 [INFO] ThirdParty:1030 - CMSIS Pack Vendor :STMicroelectronics X-CUBE-STSE01 2.0.0
2026-02-17 11:23:21,425 [INFO] ThirdParty:1030 - CMSIS Pack Vendor :STMicroelectronics FP-SNS-MOTENV1 5.1.0
2026-02-17 11:23:21,425 [INFO] ThirdParty:1030 - CMSIS Pack Vendor :STMicroelectronics FreeRTOS 0.0.1
2026-02-17 11:23:21,425 [INFO] ThirdParty:1030 - CMSIS Pack Vendor :STMicroelectronics X-CUBE-AZRTOS-G0 1.1.0
2026-02-17 11:23:21,426 [INFO] ThirdParty:1030 - CMSIS Pack Vendor :STMicroelectronics X-CUBE-NFC4 3.0.0
2026-02-17 11:23:21,426 [INFO] ThirdParty:1030 - CMSIS Pack Vendor :STMicroelectronics X-CUBE-SUBG2 5.0.0
2026-02-17 11:23:21,426 [INFO] ThirdParty:1030 - CMSIS Pack Vendor :STMicroelectronics STM32_WPAN 1.0.0
2026-02-17 11:23:21,426 [INFO] ThirdParty:1030 - CMSIS Pack Vendor :EmbeddedOffice I-CUBE-FS-RTOS 1.0.1
2026-02-17 11:23:21,426 [INFO] ThirdParty:1030 - CMSIS Pack Vendor :STMicroelectronics lwIP 2.0.3
2026-02-17 11:23:21,426 [INFO] ThirdParty:1030 - CMSIS Pack Vendor :WES I-CUBE-Cesium 1.4.0
2026-02-17 11:23:21,426 [INFO] ThirdParty:1030 - CMSIS Pack Vendor :STMicroelectronics USB_HOST 1.0.0
2026-02-17 11:23:21,426 [INFO] ThirdParty:1030 - CMSIS Pack Vendor :STMicroelectronics X-CUBE-AZRTOS-G4 2.0.0
2026-02-17 11:23:21,426 [INFO] ThirdParty:1030 - CMSIS Pack Vendor :STMicroelectronics X-CUBE-WB05N 2.0.0
2026-02-17 11:23:21,426 [INFO] ThirdParty:1030 - CMSIS Pack Vendor :STMicroelectronics PDM2PCM 3.1.0
2026-02-17 11:23:21,426 [INFO] ThirdParty:1030 - CMSIS Pack Vendor :STMicroelectronics PDM2PCM 3.3.0
2026-02-17 11:23:21,426 [INFO] ThirdParty:1030 - CMSIS Pack Vendor :wolfSSL I-CUBE-wolfTPM 3.8.0
2026-02-17 11:23:21,426 [INFO] ThirdParty:1030 - CMSIS Pack Vendor :STMicroelectronics X-CUBE-AZRTOS-H7 3.4.0
2026-02-17 11:23:21,426 [INFO] ThirdParty:1030 - CMSIS Pack Vendor :STMicroelectronics X-CUBE-DISPLAY 3.0.0
2026-02-17 11:23:21,426 [INFO] ThirdParty:1030 - CMSIS Pack Vendor :wolfSSL I-CUBE-wolfSSH 1.4.20
2026-02-17 11:23:21,426 [INFO] ThirdParty:1030 - CMSIS Pack Vendor :STMicroelectronics X-CUBE-NFC7 2.0.0
2026-02-17 11:23:21,426 [INFO] ThirdParty:1030 - CMSIS Pack Vendor :STMicroelectronics X-CUBE-TCPP 4.2.0
2026-02-17 11:23:21,426 [INFO] ThirdParty:1030 - CMSIS Pack Vendor :RealThread X-CUBE-RT-Thread_Nano 4.1.1
2026-02-17 11:23:21,426 [INFO] ThirdParty:1030 - CMSIS Pack Vendor :STMicroelectronics FP-ATR-SIGFOX1 3.2.0
2026-02-17 11:23:21,426 [INFO] ThirdParty:1030 - CMSIS Pack Vendor :STMicroelectronics X-CUBE-NFC10 1.0.0
2026-02-17 11:23:21,426 [INFO] ThirdParty:1030 - CMSIS Pack Vendor :STMicroelectronics HAL Drivers 0.0.0
2026-02-17 11:23:21,426 [INFO] ThirdParty:1030 - CMSIS Pack Vendor :STMicroelectronics MBEDTLS 2.16.2
2026-02-17 11:23:21,427 [INFO] ThirdParty:1030 - CMSIS Pack Vendor :STMicroelectronics X-CUBE-ST60 1.1.0
2026-02-17 11:23:21,427 [INFO] ThirdParty:1030 - CMSIS Pack Vendor :STMicroelectronics X-CUBE-ALS 1.0.2
2026-02-17 11:23:21,427 [INFO] ThirdParty:1030 - CMSIS Pack Vendor :emotas I-CUBE-CANOPEN 1.3.0
2026-02-17 11:23:21,427 [INFO] ThirdParty:1030 - CMSIS Pack Vendor :STMicroelectronics MBEDTLS 2.14.1
2026-02-17 11:23:21,427 [INFO] ThirdParty:1030 - CMSIS Pack Vendor :STMicroelectronics X-CUBE-GNSS1 7.1.0
2026-02-17 11:23:21,427 [INFO] ThirdParty:1030 - CMSIS Pack Vendor :ITTIA_DB I-CUBE-ITTIADB 8.9.0
2026-02-17 11:23:21,427 [INFO] ThirdParty:1030 - CMSIS Pack Vendor :STMicroelectronics X-CUBE-TOUCHGFX 4.26.0
2026-02-17 11:23:21,427 [INFO] ThirdParty:1030 - CMSIS Pack Vendor :STMicroelectronics X-CUBE-NFC6 3.2.0
2026-02-17 11:23:21,427 [INFO] ThirdParty:1030 - CMSIS Pack Vendor :STMicroelectronics FP-SNS-STBOX1 2.1.0
2026-02-17 11:23:21,427 [INFO] ThirdParty:1030 - CMSIS Pack Vendor :STMicroelectronics X-CUBE-AI 10.2.0
2026-02-17 11:23:21,427 [INFO] ThirdParty:1030 - CMSIS Pack Vendor :STMicroelectronics FP-SNS-STAIOTCFT 1.0.0
2026-02-17 11:23:21,427 [INFO] ThirdParty:1030 - CMSIS Pack Vendor :STMicroelectronics ThreadX 1.0.0
2026-02-17 11:23:21,427 [INFO] ThirdParty:1030 - CMSIS Pack Vendor :STMicroelectronics FP-SNS-SMARTAG2 1.2.0
2026-02-17 11:23:21,427 [INFO] ThirdParty:1030 - CMSIS Pack Vendor :STMicroelectronics FP-SNS-FLIGHT1 5.1.0
2026-02-17 11:23:21,427 [INFO] ThirdParty:1030 - CMSIS Pack Vendor :STMicroelectronics X-CUBE-AZRTOS-WL 2.0.0
2026-02-17 11:23:21,427 [INFO] ThirdParty:1030 - CMSIS Pack Vendor :SEGGER I-CUBE-embOS 1.3.1
2026-02-17 11:23:21,427 [INFO] ThirdParty:1030 - CMSIS Pack Vendor :STMicroelectronics X-CUBE-ALGOBUILD 1.4.0
2026-02-17 11:23:21,427 [INFO] ThirdParty:1030 - CMSIS Pack Vendor :STMicroelectronics X-CUBE-DPower 1.3.0
2026-02-17 11:23:21,427 [INFO] ThirdParty:1030 - CMSIS Pack Vendor :STMicroelectronics USB_DEVICE 1.0.0
2026-02-17 11:23:21,427 [INFO] ThirdParty:1030 - CMSIS Pack Vendor :STMicroelectronics X-CUBE-AZRTOS-H7RS 1.2.0
2026-02-17 11:23:21,428 [INFO] ThirdParty:1030 - CMSIS Pack Vendor :STMicroelectronics X-CUBE-AZRTOS-L4 2.0.0
2026-02-17 11:23:21,428 [INFO] ThirdParty:1030 - CMSIS Pack Vendor :STMicroelectronics ThreadX 0.0.2
2026-02-17 11:23:21,428 [INFO] ThirdParty:1030 - CMSIS Pack Vendor :STMicroelectronics lwIP 2.1.2
2026-02-17 11:23:21,428 [INFO] ThirdParty:1030 - CMSIS Pack Vendor :STMicroelectronics X-CUBE-SFXS2LP1 4.0.0
2026-02-17 11:23:21,428 [INFO] ThirdParty:1030 - CMSIS Pack Vendor :STMicroelectronics X-CUBE-BLE2 3.3.0
2026-02-17 11:23:21,428 [INFO] ThirdParty:1030 - CMSIS Pack Vendor :Avnet-IOTCONNECT X-CUBE-iotc-st67-sdk 1.0.0
2026-02-17 11:23:21,428 [INFO] ThirdParty:1030 - CMSIS Pack Vendor :STMicroelectronics X-CUBE-TOF1 3.4.3
2026-02-17 11:23:21,428 [INFO] ThirdParty:1030 - CMSIS Pack Vendor :Infineon AIROC-Wi-Fi-Bluetooth-STM32 1.8.0
2026-02-17 11:23:21,428 [INFO] ThirdParty:1030 - CMSIS Pack Vendor :STMicroelectronics PDM2PCM 3.2.0
2026-02-17 11:23:21,428 [INFO] ThirdParty:1030 - CMSIS Pack Vendor :STMicroelectronics X-CUBE-ST67W61 1.2.0
2026-02-17 11:23:21,429 [INFO] ThirdParty:841 - exiting critical section [change project]
2026-02-17 11:23:22,073 [INFO] PinOutPanel:1589 - setPackage(No Configuration,No Configuration)
2026-02-17 11:23:22,074 [INFO] PinOutPanel:1589 - setPackage(STM32L476RGTx,LQFP64)
2026-02-17 11:23:22,940 [INFO] UtilMem:75 - Before build in PCC Used Memory: 928545416 Bytes (1073741824)
2026-02-17 11:23:23,534 [INFO] UtilMem:75 - After build in PCC Used Memory: 723485240 Bytes (1073741824)
2026-02-17 11:23:23,571 [INFO] IPUIPlugin:80 - create IPUIPlugin
2026-02-17 11:23:23,571 [INFO] IPUIPlugin:80 - create IPUIPlugin
2026-02-17 11:23:23,571 [INFO] IPUIPlugin:80 - create IPUIPlugin
2026-02-17 11:23:23,571 [INFO] IPUIPlugin:80 - create IPUIPlugin
2026-02-17 11:23:23,572 [INFO] IPUIPlugin:80 - create IPUIPlugin
2026-02-17 11:23:23,572 [INFO] IPUIPlugin:80 - create IPUIPlugin
2026-02-17 11:23:23,572 [INFO] IPUIPlugin:80 - create IPUIPlugin
2026-02-17 11:23:23,572 [INFO] IPUIPlugin:80 - create IPUIPlugin
2026-02-17 11:23:23,572 [INFO] IPUIPlugin:80 - create IPUIPlugin
2026-02-17 11:23:23,572 [INFO] IPUIPlugin:80 - create IPUIPlugin
2026-02-17 11:23:23,572 [INFO] IPUIPlugin:80 - create IPUIPlugin
2026-02-17 11:23:23,572 [INFO] IPUIPlugin:80 - create IPUIPlugin
2026-02-17 11:23:23,573 [INFO] IPUIPlugin:80 - create IPUIPlugin
2026-02-17 11:23:23,573 [INFO] IPUIPlugin:80 - create IPUIPlugin
2026-02-17 11:23:23,573 [INFO] IPUIPlugin:80 - create IPUIPlugin
2026-02-17 11:23:23,573 [INFO] IPUIPlugin:80 - create IPUIPlugin
2026-02-17 11:23:23,573 [INFO] IPUIPlugin:80 - create IPUIPlugin
2026-02-17 11:23:23,573 [INFO] IPUIPlugin:80 - create IPUIPlugin
2026-02-17 11:23:23,573 [INFO] IPUIPlugin:80 - create IPUIPlugin
2026-02-17 11:23:23,573 [INFO] IPUIPlugin:80 - create IPUIPlugin
2026-02-17 11:23:23,574 [INFO] IPUIPlugin:80 - create IPUIPlugin
2026-02-17 11:23:23,574 [INFO] IPUIPlugin:80 - create IPUIPlugin
2026-02-17 11:23:23,574 [INFO] IPUIPlugin:80 - create IPUIPlugin
2026-02-17 11:23:23,574 [INFO] IPUIPlugin:80 - create IPUIPlugin
2026-02-17 11:23:23,574 [INFO] IPUIPlugin:80 - create IPUIPlugin
2026-02-17 11:23:23,574 [INFO] IPUIPlugin:80 - create IPUIPlugin
2026-02-17 11:23:23,575 [INFO] IPUIPlugin:80 - create IPUIPlugin
2026-02-17 11:23:23,575 [INFO] IPUIPlugin:80 - create IPUIPlugin
2026-02-17 11:23:23,575 [INFO] IPUIPlugin:80 - create IPUIPlugin
2026-02-17 11:23:23,576 [INFO] IPUIPlugin:80 - create IPUIPlugin
2026-02-17 11:23:23,576 [INFO] IPUIPlugin:80 - create IPUIPlugin
2026-02-17 11:23:23,577 [INFO] IPUIPlugin:80 - create IPUIPlugin
2026-02-17 11:23:23,577 [INFO] IPUIPlugin:80 - create IPUIPlugin
2026-02-17 11:23:23,577 [INFO] IPUIPlugin:80 - create IPUIPlugin
2026-02-17 11:23:23,578 [INFO] IPUIPlugin:80 - create IPUIPlugin
2026-02-17 11:23:23,578 [INFO] IPUIPlugin:80 - create IPUIPlugin
2026-02-17 11:23:23,578 [INFO] IPUIPlugin:80 - create IPUIPlugin
2026-02-17 11:23:23,579 [INFO] IPUIPlugin:80 - create IPUIPlugin
2026-02-17 11:23:23,579 [INFO] IPUIPlugin:80 - create IPUIPlugin
2026-02-17 11:23:23,580 [INFO] IPUIPlugin:80 - create IPUIPlugin
2026-02-17 11:23:23,580 [INFO] IPUIPlugin:80 - create IPUIPlugin
2026-02-17 11:23:23,581 [INFO] IPUIPlugin:80 - create IPUIPlugin
2026-02-17 11:23:23,581 [INFO] IPUIPlugin:80 - create IPUIPlugin
2026-02-17 11:23:23,582 [INFO] IPUIPlugin:80 - create IPUIPlugin
2026-02-17 11:23:23,582 [INFO] IPUIPlugin:80 - create IPUIPlugin
2026-02-17 11:23:23,583 [INFO] IPUIPlugin:80 - create IPUIPlugin
2026-02-17 11:23:23,583 [INFO] IPUIPlugin:80 - create IPUIPlugin
2026-02-17 11:23:23,583 [INFO] IPUIPlugin:80 - create IPUIPlugin
2026-02-17 11:23:23,584 [INFO] IPUIPlugin:80 - create IPUIPlugin
2026-02-17 11:23:23,584 [INFO] IPUIPlugin:80 - create IPUIPlugin
2026-02-17 11:23:23,585 [INFO] IPUIPlugin:80 - create IPUIPlugin
2026-02-17 11:23:23,585 [INFO] IPUIPlugin:80 - create IPUIPlugin
2026-02-17 11:23:23,585 [INFO] IPUIPlugin:80 - create IPUIPlugin
2026-02-17 11:23:23,586 [INFO] IPUIPlugin:80 - create IPUIPlugin
2026-02-17 11:23:23,586 [INFO] IPUIPlugin:80 - create IPUIPlugin
2026-02-17 11:23:23,586 [INFO] IPUIPlugin:80 - create IPUIPlugin
2026-02-17 11:23:23,586 [INFO] IPUIPlugin:80 - create IPUIPlugin
2026-02-17 11:23:23,587 [INFO] IPUIPlugin:80 - create IPUIPlugin
2026-02-17 11:23:23,587 [INFO] IPUIPlugin:80 - create IPUIPlugin
2026-02-17 11:23:23,667 [INFO] CADModel:165 - CPN selected for project levelSTM32L476RGT3
2026-02-17 11:23:23,667 [INFO] CADModel:114 - Register for checkConnection events
2026-02-17 11:23:23,719 [INFO] OpenFileManager:386 - Restore cursor
2026-02-17 11:23:24,291 [INFO] UtilMem:75 - End SaveConfig() Used Memory: 877145880 Bytes (1073741824)
2026-02-17 11:23:24,396 [INFO] UtilMem:75 - End SaveConfig() Used Memory: 901886832 Bytes (1073741824)
2026-02-17 11:23:24,762 [INFO] BlockDiagram:2775 - set Specific Code input for plugin: SYS
2026-02-17 11:23:24,762 [INFO] BlockDiagram:2775 - set Specific Code input for plugin: RCC
2026-02-17 11:23:24,762 [INFO] BlockDiagram:2775 - set Specific Code input for plugin: NVIC
2026-02-17 11:23:24,762 [INFO] BlockDiagram:2775 - set Specific Code input for plugin: USART
2026-02-17 11:23:24,764 [INFO] BlockDiagram:2775 - set Specific Code input for plugin: GPIO
2026-02-17 11:23:24,765 [INFO] CodeGenerator:892 - code generatio: config db path: D:\STM32CubeIDE_1.19.0\STM32CubeIDE\plugins\com.st.stm32cube.common.mx_6.15.0.202507011659\\db\
2026-02-17 11:23:24,967 [INFO] CodeEngine:265 - oldGeneratedFile, D:\I2C_Interrupt_BareMetal\MXTmpFiles\license.tmp_save
2026-02-17 11:23:25,443 [INFO] CodeEngine:289 - Generated code: D:\I2C_Interrupt_BareMetal\MXTmpFiles\license.tmp
2026-02-17 11:23:25,568 [INFO] CodeEngine:265 - oldGeneratedFile, D:\I2C_Interrupt_BareMetal\MXTmpFiles\gpio.tmp_save
2026-02-17 11:23:25,855 [INFO] CodeEngine:289 - Generated code: D:\I2C_Interrupt_BareMetal\MXTmpFiles\gpio.tmp
2026-02-17 11:23:25,993 [INFO] CodeEngine:265 - oldGeneratedFile, D:\I2C_Interrupt_BareMetal\Core\Src\stm32l4xx_it.c_save
2026-02-17 11:23:26,371 [INFO] CodeEngine:289 - Generated code: D:\I2C_Interrupt_BareMetal\Core\Src\stm32l4xx_it.c
2026-02-17 11:23:26,398 [INFO] CodeEngine:265 - oldGeneratedFile, D:\I2C_Interrupt_BareMetal\Core\Inc\stm32l4xx_it.h_save
2026-02-17 11:23:26,503 [INFO] CodeEngine:289 - Generated code: D:\I2C_Interrupt_BareMetal\Core\Inc\stm32l4xx_it.h
2026-02-17 11:23:26,520 [INFO] CodeEngine:265 - oldGeneratedFile, D:\I2C_Interrupt_BareMetal\Core\Src\stm32l4xx_hal_msp.c_save
2026-02-17 11:23:26,842 [INFO] CodeEngine:289 - Generated code: D:\I2C_Interrupt_BareMetal\Core\Src\stm32l4xx_hal_msp.c
2026-02-17 11:23:26,848 [INFO] CodeEngine:265 - oldGeneratedFile, D:\I2C_Interrupt_BareMetal\MXTmpFiles\system.tmp_save
2026-02-17 11:23:26,970 [INFO] CodeEngine:289 - Generated code: D:\I2C_Interrupt_BareMetal\MXTmpFiles\system.tmp
2026-02-17 11:23:26,987 [INFO] CodeEngine:321 - oldGeneratedFile, D:\I2C_Interrupt_BareMetal\Core\Inc\stm32l4xx_hal_conf.h_save
2026-02-17 11:23:27,200 [INFO] CodeEngine:345 - Generated code: D:\I2C_Interrupt_BareMetal\Core\Inc\stm32l4xx_hal_conf.h
2026-02-17 11:23:27,276 [INFO] ApiDbMcu:532 - Load IP Config File for USART2
2026-02-17 11:23:27,281 [INFO] ApiDbMcu:532 - Load IP Config File for RCC
2026-02-17 11:23:27,293 [INFO] CodeEngine:265 - oldGeneratedFile, D:\I2C_Interrupt_BareMetal\Core\Inc\main.h_save
2026-02-17 11:23:27,492 [INFO] CodeEngine:289 - Generated code: D:\I2C_Interrupt_BareMetal\Core\Inc\main.h
2026-02-17 11:23:27,503 [INFO] CodeEngine:265 - oldGeneratedFile, D:\I2C_Interrupt_BareMetal\Core\Src\main.c_save
2026-02-17 11:23:27,635 [INFO] CodeEngine:289 - Generated code: D:\I2C_Interrupt_BareMetal\Core\Src\main.c
2026-02-17 11:23:28,143 [INFO] ProjectBuilder:3606 - Time for Copy HAL[1] : 299mS.
2026-02-17 11:23:28,149 [INFO] ProjectBuilder:5216 - Project Generator version: 4.7.0-B52
2026-02-17 11:23:28,277 [INFO] ConfigFileManager:1595 - The Die is : DIE415
2026-02-17 11:23:28,285 [INFO] ApiDbMcu:532 - Load IP Config File for FATFS
2026-02-17 11:23:28,295 [INFO] ApiDbMcu:532 - Load IP Config File for FREERTOS
2026-02-17 11:23:28,313 [INFO] ApiDbMcu:532 - Load IP Config File for TOUCHSENSING
2026-02-17 11:23:28,325 [INFO] ApiDbMcu:532 - Load IP Config File for USB_DEVICE
2026-02-17 11:23:28,333 [INFO] ApiDbMcu:532 - Load IP Config File for USB_HOST
2026-02-17 11:23:30,667 [INFO] ProjectBuilder:5496 - Time for Generating toolchain IDE Files: 2518mS.
2026-02-17 11:23:30,668 [INFO] ProjectBuilder:3463 - Time for Copy CMSIS : 1mS.
2026-02-17 11:23:30,669 [INFO] ProjectBuilder:3463 - Time for Copy CMSIS : 0mS.
2026-02-17 11:23:33,008 [INFO] McuFinderGlobals:76 - Set McuFinderConnectedMode to true
2026-02-17 11:23:33,012 [INFO] ApiDb:448 - Save user favorites file C:\Users\Hemanth Madu/.stm32cubeide/favorites.mcus.txt: 0 item(s)
2026-02-17 11:23:33,013 [INFO] ApiDb:452 - User favorites MCUs=[]
2026-02-17 11:23:33,023 [INFO] ApiDb:448 - Save user favorites file C:\Users\Hemanth Madu/.stm32cubeide/favorites.boards.txt: 0 item(s)
2026-02-17 11:23:33,023 [INFO] ApiDb:452 - User favorites Boards=[]
2026-02-17 11:23:53,441 [INFO] I2cTimingTraitement:330 - 0x10D19CE4
2026-02-17 11:24:26,500 [INFO] NvicIntPanel:101 - NVIC parent = com.st.microxplorer.plugins.ip.nvic.MultiNvicIntPanel[,0,0,0x0,invalid,layout=javax.swing.BoxLayout,alignmentX=0.0,alignmentY=0.0,border=,flags=9,maximumSize=,minimumSize=,preferredSize=]
2026-02-17 11:24:27,337 [INFO] UtilMem:75 - End SaveConfig() Used Memory: 928381712 Bytes (1073741824)
2026-02-17 11:24:38,335 [INFO] UtilMem:75 - End SaveConfig() Used Memory: 768349336 Bytes (1073741824)
2026-02-17 11:24:38,445 [INFO] I2cTimingTraitement:330 - 0x00100D14
2026-02-17 11:24:39,496 [INFO] UtilMem:75 - End SaveConfig() Used Memory: 733687728 Bytes (1073741824)
2026-02-17 11:24:43,065 [INFO] UtilMem:75 - End SaveConfig() Used Memory: 789803152 Bytes (1073741824)
2026-02-17 11:24:43,385 [INFO] BlockDiagram:2775 - set Specific Code input for plugin: SYS
2026-02-17 11:24:43,386 [INFO] BlockDiagram:2775 - set Specific Code input for plugin: RCC
2026-02-17 11:24:43,386 [INFO] BlockDiagram:2775 - set Specific Code input for plugin: I2C
2026-02-17 11:24:43,387 [INFO] BlockDiagram:2775 - set Specific Code input for plugin: NVIC
2026-02-17 11:24:43,387 [INFO] BlockDiagram:2775 - set Specific Code input for plugin: USART
2026-02-17 11:24:43,387 [INFO] BlockDiagram:2775 - set Specific Code input for plugin: GPIO
2026-02-17 11:24:43,388 [INFO] CodeGenerator:892 - code generatio: config db path: D:\STM32CubeIDE_1.19.0\STM32CubeIDE\plugins\com.st.stm32cube.common.mx_6.15.0.202507011659\\db\
2026-02-17 11:24:43,562 [INFO] CodeEngine:265 - oldGeneratedFile, D:\I2C_Interrupt_BareMetal\MXTmpFiles\license.tmp_save
2026-02-17 11:24:43,879 [INFO] CodeEngine:289 - Generated code: D:\I2C_Interrupt_BareMetal\MXTmpFiles\license.tmp
2026-02-17 11:24:43,985 [INFO] CodeEngine:265 - oldGeneratedFile, D:\I2C_Interrupt_BareMetal\MXTmpFiles\gpio.tmp_save
2026-02-17 11:24:44,177 [INFO] CodeEngine:289 - Generated code: D:\I2C_Interrupt_BareMetal\MXTmpFiles\gpio.tmp
2026-02-17 11:24:44,579 [INFO] CodeEngine:265 - oldGeneratedFile, D:\I2C_Interrupt_BareMetal\Core\Src\stm32l4xx_it.c_save
2026-02-17 11:24:44,796 [INFO] CodeEngine:289 - Generated code: D:\I2C_Interrupt_BareMetal\Core\Src\stm32l4xx_it.c
2026-02-17 11:24:44,800 [INFO] CodeEngine:265 - oldGeneratedFile, D:\I2C_Interrupt_BareMetal\Core\Inc\stm32l4xx_it.h_save
2026-02-17 11:24:44,891 [INFO] CodeEngine:289 - Generated code: D:\I2C_Interrupt_BareMetal\Core\Inc\stm32l4xx_it.h
2026-02-17 11:24:44,908 [INFO] CodeEngine:265 - oldGeneratedFile, D:\I2C_Interrupt_BareMetal\Core\Src\stm32l4xx_hal_msp.c_save
2026-02-17 11:24:45,156 [INFO] CodeEngine:289 - Generated code: D:\I2C_Interrupt_BareMetal\Core\Src\stm32l4xx_hal_msp.c
2026-02-17 11:24:45,161 [INFO] CodeEngine:265 - oldGeneratedFile, D:\I2C_Interrupt_BareMetal\MXTmpFiles\system.tmp_save
2026-02-17 11:24:45,247 [INFO] CodeEngine:289 - Generated code: D:\I2C_Interrupt_BareMetal\MXTmpFiles\system.tmp
2026-02-17 11:24:45,264 [INFO] CodeEngine:321 - oldGeneratedFile, D:\I2C_Interrupt_BareMetal\Core\Inc\stm32l4xx_hal_conf.h_save
2026-02-17 11:24:45,493 [INFO] CodeEngine:345 - Generated code: D:\I2C_Interrupt_BareMetal\Core\Inc\stm32l4xx_hal_conf.h
2026-02-17 11:24:45,645 [INFO] ApiDbMcu:532 - Load IP Config File for I2C1
2026-02-17 11:24:45,662 [INFO] CodeEngine:265 - oldGeneratedFile, D:\I2C_Interrupt_BareMetal\Core\Inc\main.h_save
2026-02-17 11:24:45,924 [INFO] CodeEngine:289 - Generated code: D:\I2C_Interrupt_BareMetal\Core\Inc\main.h
2026-02-17 11:24:45,928 [INFO] CodeEngine:265 - oldGeneratedFile, D:\I2C_Interrupt_BareMetal\Core\Src\main.c_save
2026-02-17 11:24:46,132 [INFO] CodeEngine:289 - Generated code: D:\I2C_Interrupt_BareMetal\Core\Src\main.c
2026-02-17 11:24:46,622 [INFO] ProjectBuilder:3606 - Time for Copy HAL[1] : 176mS.
2026-02-17 11:24:46,626 [INFO] ProjectBuilder:5216 - Project Generator version: 4.7.0-B52
2026-02-17 11:24:46,751 [INFO] ConfigFileManager:1595 - The Die is : DIE415
2026-02-17 11:24:48,750 [INFO] ProjectBuilder:5496 - Time for Generating toolchain IDE Files: 2123mS.
2026-02-17 11:24:48,751 [INFO] ProjectBuilder:3463 - Time for Copy CMSIS : 1mS.
2026-02-17 11:24:48,753 [INFO] ProjectBuilder:3463 - Time for Copy CMSIS : 0mS.
2026-02-17 12:22:05,643 [INFO] WebApp:194 - Connection lost
2026-02-17 12:22:06,173 [INFO] WebApp:191 - Connection restablished
2026-02-17 12:25:24,486 [INFO] MainUpdater:2872 - connection check result : 10
2026-02-17 12:25:24,643 [INFO] McuFinderGlobals:76 - Set McuFinderConnectedMode to true
2026-02-17 12:25:24,648 [INFO] MultiScanPanel:200 - Auto-refresh data requested => check proxy status ongoing
2026-02-17 12:25:24,649 [INFO] FinderPluginLoader:96 - Searching for filters in installed packs
2026-02-17 12:25:26,853 [INFO] LoadUrlFilesThread:185 - End of LoadServerUrlFiles without Thread
2026-02-17 12:25:26,853 [INFO] DetailPanel:341 - Set advertising image to C:/Users/Hemanth Madu/STM32Cube/Repository/\en.prom-stm32c0-entry-level-graphic-0226.png
2026-02-17 12:25:43,262 [INFO] MultiScanPanel:200 - Auto-refresh data requested => check proxy status ongoing
2026-02-17 12:25:43,353 [INFO] LoadUrlFilesThread:185 - End of LoadServerUrlFiles without Thread
2026-02-17 12:25:43,354 [INFO] DetailPanel:341 - Set advertising image to C:/Users/Hemanth Madu/STM32Cube/Repository/\en.prom-stm32c0-entry-level-graphic-0226.png
2026-02-17 12:26:02,965 [INFO] MainUpdater:2872 - connection check result : 10
2026-02-17 12:26:02,965 [INFO] MainUpdater:2872 - connection check result : 10
2026-02-17 12:26:03,259 [INFO] I2cTimingTraitement:330 - 0x00100D14
2026-02-17 12:26:03,270 [INFO] MicroXplorer:468 - Change Database Path : 
2026-02-17 12:26:03,270 [INFO] MicroXplorer:498 - Change Database Version : DB.6.0.150
2026-02-17 12:26:03,321 [ERROR] ProjectManagerView:395 - 
java.lang.NullPointerException: Cannot invoke "javax.swing.JTextField.getText()" because the return value of "java.util.List.get(int)" is null
	at com.st.microxplorer.plugins.projectmanager.gui.ProjectChoiceTab$9.caretUpdate(ProjectChoiceTab.java:2706) ~[filemanager.jar:?]
	at javax.swing.text.JTextComponent.fireCaretUpdate(JTextComponent.java:408) ~[?:?]
	at javax.swing.text.JTextComponent$MutableCaretEvent.fire(JTextComponent.java:4484) ~[?:?]
	at javax.swing.text.JTextComponent$MutableCaretEvent.stateChanged(JTextComponent.java:4506) ~[?:?]
	at javax.swing.text.DefaultCaret.fireStateChanged(DefaultCaret.java:857) ~[?:?]
	at javax.swing.text.DefaultCaret.changeCaretPosition(DefaultCaret.java:1343) ~[?:?]
	at javax.swing.text.DefaultCaret.handleSetDot(DefaultCaret.java:1242) ~[?:?]
	at javax.swing.text.DefaultCaret.setDot(DefaultCaret.java:1223) ~[?:?]
	at javax.swing.text.DefaultCaret$Handler.insertUpdate(DefaultCaret.java:1819) ~[?:?]
	at javax.swing.text.AbstractDocument.fireInsertUpdate(AbstractDocument.java:227) ~[?:?]
	at javax.swing.text.AbstractDocument.handleInsertString(AbstractDocument.java:781) ~[?:?]
	at javax.swing.text.AbstractDocument.insertString(AbstractDocument.java:740) ~[?:?]
	at javax.swing.text.PlainDocument.insertString(PlainDocument.java:131) ~[?:?]
	at javax.swing.text.AbstractDocument.replace(AbstractDocument.java:699) ~[?:?]
	at javax.swing.text.JTextComponent.setText(JTextComponent.java:1725) ~[?:?]
	at com.st.microxplorer.plugins.projectmanager.gui.ProjectChoiceTab.createHeapStackFields(ProjectChoiceTab.java:993) ~[filemanager.jar:?]
	at com.st.microxplorer.plugins.projectmanager.gui.ProjectChoiceTab.buildLinkSettingsPanel(ProjectChoiceTab.java:3813) ~[filemanager.jar:?]
	at com.st.microxplorer.plugins.projectmanager.gui.ProjectChoiceTab.defineWindowsFields(ProjectChoiceTab.java:1987) ~[filemanager.jar:?]
	at com.st.microxplorer.plugins.projectmanager.gui.ProjectChoiceTab.updateSettings(ProjectChoiceTab.java:558) ~[filemanager.jar:?]
	at com.st.microxplorer.plugins.projectmanager.gui.ProjectSettingsPanel.UpdateDialog(ProjectSettingsPanel.java:247) ~[filemanager.jar:?]
	at com.st.microxplorer.plugins.projectmanager.ProjectManagerView.propertyChange(ProjectManagerView.java:392) ~[filemanager.jar:?]
	at java.beans.PropertyChangeSupport.fire(PropertyChangeSupport.java:343) ~[?:?]
	at java.beans.PropertyChangeSupport.firePropertyChange(PropertyChangeSupport.java:335) ~[?:?]
	at java.beans.PropertyChangeSupport.firePropertyChange(PropertyChangeSupport.java:268) ~[?:?]
	at com.st.microxplorer.util.MXPropertyChangeSupport.firePropertyChange(MXPropertyChangeSupport.java:54) ~[STM32CubeMX.jar:?]
	at com.st.microxplorer.mxsystem.MxSystem.closeConfig(MxSystem.java:899) ~[STM32CubeMX.jar:?]
	at com.st.microxplorer.maingui.MainPanel.closeConfig(MainPanel.java:792) ~[STM32CubeMX.jar:?]
	at com.st.microxplorer.plugins.filemanager.engine.OpenFileManager.loadConfigurationFile(OpenFileManager.java:288) ~[filemanager.jar:?]
	at com.st.microxplorer.plugins.filemanager.engine.MainFileManager.userLoadConfig(MainFileManager.java:364) ~[filemanager.jar:?]
	at com.st.microxplorer.plugins.filemanager.FileManagerView.getSpecificTask(FileManagerView.java:268) ~[filemanager.jar:?]
	at com.st.stm32cube.common.mx.editor.CubeMxEditor.getMxTabbedPaneInstance(CubeMxEditor.java:1191) ~[com.st.stm32cube.common.mx_6.15.0.202507011659/:?]
	at com.st.stm32cube.common.mx.editor.CubeMxEditor$12$1.createSwingComponent(CubeMxEditor.java:1068) ~[com.st.stm32cube.common.mx_6.15.0.202507011659/:?]
	at com.st.stm32cube.common.mx.oss.core.awtswtbridge.EmbeddedSwingComposite.doComponentCreation(EmbeddedSwingComposite.java:492) ~[com.st.stm32cube.common.mx.oss_6.15.0.202507011659/:?]
	at com.st.stm32cube.common.mx.oss.core.awtswtbridge.EmbeddedSwingComposite$4.run(EmbeddedSwingComposite.java:291) ~[com.st.stm32cube.common.mx.oss_6.15.0.202507011659/:?]
	at com.st.stm32cube.common.mx.oss.core.awtswtbridge.AwtEnvironment$2.run(AwtEnvironment.java:166) ~[com.st.stm32cube.common.mx.oss_6.15.0.202507011659/:?]
	at java.awt.event.InvocationEvent.dispatch(InvocationEvent.java:318) ~[?:?]
	at java.awt.EventQueue.dispatchEventImpl(EventQueue.java:773) ~[?:?]
	at java.awt.EventQueue$4.run(EventQueue.java:720) ~[?:?]
	at java.awt.EventQueue$4.run(EventQueue.java:714) ~[?:?]
	at java.security.AccessController.doPrivileged(AccessController.java:400) ~[?:?]
	at java.security.ProtectionDomain$JavaSecurityAccessImpl.doIntersectionPrivilege(ProtectionDomain.java:87) ~[?:?]
	at java.awt.EventQueue.dispatchEvent(EventQueue.java:742) ~[?:?]
	at java.awt.EventDispatchThread.pumpOneEventForFilters(EventDispatchThread.java:203) ~[?:?]
	at java.awt.EventDispatchThread.pumpEventsForFilter(EventDispatchThread.java:124) ~[?:?]
	at java.awt.EventDispatchThread.pumpEventsForHierarchy(EventDispatchThread.java:113) ~[?:?]
	at java.awt.EventDispatchThread.pumpEvents(EventDispatchThread.java:109) ~[?:?]
	at java.awt.EventDispatchThread.pumpEvents(EventDispatchThread.java:101) ~[?:?]
	at java.awt.EventDispatchThread.run(EventDispatchThread.java:90) ~[?:?]
2026-02-17 12:26:03,328 [WARN] ThirdParty:871 - waiting for thirdparty lock release [close project]
2026-02-17 12:26:03,328 [INFO] ThirdParty:873 - entering critical section [close project]
2026-02-17 12:26:03,328 [INFO] ThirdParty:883 - exiting critical section [close project]
2026-02-17 12:26:03,331 [INFO] PinOutPanel:1589 - setPackage(No Configuration,No Configuration)
2026-02-17 12:26:03,341 [INFO] UtilMem:75 - Begin LoadConfig() Used Memory: 945369160 Bytes (1073741824)
2026-02-17 12:26:03,343 [INFO] OpenFileManager:355 - Change cursor
2026-02-17 12:26:03,408 [INFO] RulesReader:64 - Compatibility file has been processed (317 Rules)
2026-02-17 12:26:03,429 [INFO] ProjectFactory:514 - No CPN specified for board NUCLEO-L476RG => set CPN to STM32L476RGT3
2026-02-17 12:26:03,430 [INFO] Mcu:2029 - Initializing MCU STM32L476R(C-E-G)Tx STM32L476RGTx STM32L476RGT3
2026-02-17 12:26:06,376 [INFO] Context:786 - Trying to add GPIOservice into a context  which must be forbidden
2026-02-17 12:26:07,266 [INFO] Rule:233 - rule 117617 - U5Cobra4M][GTZC] default value MPCBB3 and MPCBB5 - Not Secured memory - MPCBB1 is applicable
2026-02-17 12:26:07,266 [INFO] Rule:233 - rule 117617 - U5Cobra4M][GTZC] default value MPCBB3 and MPCBB5 - Not Secured memory - MPCBB1 is applicable
2026-02-17 12:26:07,267 [INFO] Rule:233 - rule 117617 - U5Cobra4M][GTZC] default value MPCBB3 and MPCBB5 - Not Secured memory - MPCBB2 is applicable
2026-02-17 12:26:07,267 [INFO] Rule:233 - rule 117617 - U5Cobra4M][GTZC] default value MPCBB3 and MPCBB5 - Not Secured memory - MPCBB2 is applicable
2026-02-17 12:26:07,268 [INFO] Rule:233 - rule 117617 - U5Cobra4M][GTZC] default value MPCBB3 and MPCBB5 - Not Secured memory - MPCBB3 is applicable
2026-02-17 12:26:07,268 [INFO] Rule:233 - rule 117617 - U5Cobra4M][GTZC] default value MPCBB3 and MPCBB5 - Not Secured memory - MPCBB3 is applicable
2026-02-17 12:26:07,268 [INFO] Rule:233 - rule 117617 - U5Cobra4M][GTZC] default value MPCBB3 and MPCBB5 - Not Secured memory - MPCBB4 is applicable
2026-02-17 12:26:07,268 [INFO] Rule:233 - rule 117617 - U5Cobra4M][GTZC] default value MPCBB3 and MPCBB5 - Not Secured memory - MPCBB4 is applicable
2026-02-17 12:26:07,268 [INFO] Rule:233 - rule 117617 - U5Cobra4M][GTZC] default value MPCBB3 and MPCBB5 - Secured memory - MPCBB1 is applicable
2026-02-17 12:26:07,269 [INFO] Rule:233 - rule 117617 - U5Cobra4M][GTZC] default value MPCBB3 and MPCBB5 - Secured memory - MPCBB2 is applicable
2026-02-17 12:26:07,269 [INFO] Rule:233 - rule 117617 - U5Cobra4M][GTZC] default value MPCBB3 and MPCBB5 - Secured memory - MPCBB3 is applicable
2026-02-17 12:26:07,269 [INFO] Rule:233 - rule 117617 - U5Cobra4M][GTZC] default value MPCBB3 and MPCBB5 - Secured memory - MPCBB4 is applicable
2026-02-17 12:26:07,269 [INFO] Rule:233 - rule 117617 - U5Cobra4M][GTZC] default value MPCBB3 and MPCBB5 - Privileged memory - MPCBB1 is applicable
2026-02-17 12:26:07,269 [INFO] Rule:233 - rule 117617 - U5Cobra4M][GTZC] default value MPCBB3 and MPCBB5 - Privileged memory - MPCBB2 is applicable
2026-02-17 12:26:07,269 [INFO] Rule:233 - rule 117617 - U5Cobra4M][GTZC] default value MPCBB3 and MPCBB5 - Privileged memory - MPCBB3 is applicable
2026-02-17 12:26:07,269 [INFO] Rule:233 - rule 117617 - U5Cobra4M][GTZC] default value MPCBB3 and MPCBB5 - Privileged memory - MPCBB4 is applicable
2026-02-17 12:26:07,269 [INFO] Rule:233 - rule 117617 - U5Cobra4M][GTZC] default value MPCBB3 and MPCBB5 - Not Privileged memory - MPCBB1 is applicable
2026-02-17 12:26:07,270 [INFO] Rule:233 - rule 117617 - U5Cobra4M][GTZC] default value MPCBB3 and MPCBB5 - Not Privileged memory - MPCBB2 is applicable
2026-02-17 12:26:07,270 [INFO] Rule:233 - rule 117617 - U5Cobra4M][GTZC] default value MPCBB3 and MPCBB5 - Not Privileged memory - MPCBB3 is applicable
2026-02-17 12:26:07,270 [INFO] Rule:233 - rule 117617 - U5Cobra4M][GTZC] default value MPCBB3 and MPCBB5 - Not Privileged memory - MPCBB4 is applicable
2026-02-17 12:26:07,270 [INFO] Rule:233 - rule 117617 - U5Cobra4M][GTZC] default value MPCBB3 and MPCBB5 - Privileged memory - MPCBB1 is applicable
2026-02-17 12:26:07,270 [INFO] Rule:233 - rule 117617 - U5Cobra4M][GTZC] default value MPCBB3 and MPCBB5 - Privileged memory - MPCBB2 is applicable
2026-02-17 12:26:07,270 [INFO] Rule:233 - rule 117617 - U5Cobra4M][GTZC] default value MPCBB3 and MPCBB5 - Privileged memory - MPCBB3 is applicable
2026-02-17 12:26:07,270 [INFO] Rule:233 - rule 117617 - U5Cobra4M][GTZC] default value MPCBB3 and MPCBB5 - Privileged memory - MPCBB4 is applicable
2026-02-17 12:26:07,270 [INFO] Rule:233 - rule 117617 - U5Cobra4M][GTZC] default value MPCBB3 and MPCBB5 - Privileged memory - MPCBB1 is applicable
2026-02-17 12:26:07,270 [INFO] Rule:233 - rule 117617 - U5Cobra4M][GTZC] default value MPCBB3 and MPCBB5 - Privileged memory - MPCBB2 is applicable
2026-02-17 12:26:07,270 [INFO] Rule:233 - rule 117617 - U5Cobra4M][GTZC] default value MPCBB3 and MPCBB5 - Privileged memory - MPCBB3 is applicable
2026-02-17 12:26:07,271 [INFO] Rule:233 - rule 117617 - U5Cobra4M][GTZC] default value MPCBB3 and MPCBB5 - Privileged memory - MPCBB4 is applicable
2026-02-17 12:26:07,271 [INFO] Rule:233 - rule 117617 - U5Cobra4M][GTZC] default value MPCBB3 and MPCBB5 - Not Privileged memory - MPCBB1 is applicable
2026-02-17 12:26:07,271 [INFO] Rule:233 - rule 117617 - U5Cobra4M][GTZC] default value MPCBB3 and MPCBB5 - Not Privileged memory - MPCBB2 is applicable
2026-02-17 12:26:07,271 [INFO] Rule:233 - rule 117617 - U5Cobra4M][GTZC] default value MPCBB3 and MPCBB5 - Not Privileged memory - MPCBB3 is applicable
2026-02-17 12:26:07,271 [INFO] Rule:233 - rule 117617 - U5Cobra4M][GTZC] default value MPCBB3 and MPCBB5 - Not Privileged memory - MPCBB4 is applicable
2026-02-17 12:26:07,271 [INFO] Rule:233 - rule 117617 - U5Cobra4M][GTZC] default value MPCBB3 and MPCBB5 - Privileged memory - MPCBB1 is applicable
2026-02-17 12:26:07,271 [INFO] Rule:233 - rule 117617 - U5Cobra4M][GTZC] default value MPCBB3 and MPCBB5 - Privileged memory - MPCBB2 is applicable
2026-02-17 12:26:07,271 [INFO] Rule:233 - rule 117617 - U5Cobra4M][GTZC] default value MPCBB3 and MPCBB5 - Privileged memory - MPCBB3 is applicable
2026-02-17 12:26:07,271 [INFO] Rule:233 - rule 117617 - U5Cobra4M][GTZC] default value MPCBB3 and MPCBB5 - Privileged memory - MPCBB4 is applicable
2026-02-17 12:26:07,271 [INFO] Rule:233 - rule Rename SubGHz_Phy SUBGHZ_APPLICATION SUBGHZ_PINGPONG to SUBGHZ_ADV_APPLICATION is applicable
2026-02-17 12:26:07,272 [INFO] Rule:233 - rule Rename Enabled to IBEACON is applicable
2026-02-17 12:26:07,272 [INFO] Rule:233 - rule GTZC_S instance for project manager is applicable
2026-02-17 12:26:07,272 [INFO] Rule:233 - rule GTZC_S instance for context M33S is applicable
2026-02-17 12:26:07,272 [INFO] Rule:233 - rule GTZC_S instance value for IP GTZC is applicable
2026-02-17 12:26:07,272 [INFO] Rule:233 - rule GTZC_S instance for mcu.IP is applicable
2026-02-17 12:26:07,272 [INFO] Rule:233 - rule GTZC_S instance for VP is applicable
2026-02-17 12:26:07,272 [INFO] Rule:233 - rule GTZC_S instance for signal is applicable
2026-02-17 12:26:07,272 [INFO] Rule:233 - rule GTZC_S instance for mcu.Pin is applicable
2026-02-17 12:26:07,272 [INFO] Rule:233 - rule GTZC_S instance for VP is applicable
2026-02-17 12:26:07,272 [INFO] Rule:233 - rule GTZC_S instance for signal is applicable
2026-02-17 12:26:07,272 [INFO] Rule:233 - rule GTZC_S instance for mcu is applicable
2026-02-17 12:26:07,272 [INFO] Rule:233 - rule GTZC_S instance for mcu.Pin is applicable
2026-02-17 12:26:07,273 [INFO] Rule:233 - rule GTZC_S instance value for IP GTZC is applicable
2026-02-17 12:26:07,273 [INFO] Rule:233 - rule GTZC_S instance for project manager is applicable
2026-02-17 12:26:07,273 [INFO] Rule:233 - rule GTZC_S instance for context M33S is applicable
2026-02-17 12:26:07,273 [INFO] Rule:233 - rule GTZC_S instance for VP is applicable
2026-02-17 12:26:07,273 [INFO] Rule:233 - rule GTZC_S instance for signal is applicable
2026-02-17 12:26:07,273 [INFO] Rule:233 - rule SPDIFRX instance for mcu is applicable
2026-02-17 12:26:07,273 [INFO] Rule:233 - rule Rename Tracer Mode is applicable
2026-02-17 12:26:07,273 [INFO] Rule:233 - rule SPDIFRX instance value for IP SPDIFRX is applicable
2026-02-17 12:26:07,273 [INFO] Rule:233 - rule SPDIFRX instance for signal is applicable
2026-02-17 12:26:07,273 [INFO] Rule:233 - rule SPDIFRX instance for project manager is applicable
2026-02-17 12:26:07,273 [INFO] Rule:233 - rule SPDIFRX instance for project manager is applicable
2026-02-17 12:26:07,273 [INFO] Rule:233 - rule ADC Scan  fix with FW F7 is applicable
2026-02-17 12:26:07,274 [INFO] Rule:233 - rule ADC Scan  fix with FW F7 is applicable
2026-02-17 12:26:07,274 [INFO] Rule:233 - rule WakeUp0 Mode is applicable
2026-02-17 12:26:07,274 [INFO] Rule:233 - rule WakeUp0 SIGNAL is applicable
2026-02-17 12:26:07,274 [INFO] Rule:233 - rule WakeUp1 Mode is applicable
2026-02-17 12:26:07,274 [INFO] Rule:233 - rule WakeUp1 SIGNAL is applicable
2026-02-17 12:26:07,274 [INFO] Rule:233 - rule WakeUp2 Mode is applicable
2026-02-17 12:26:07,274 [INFO] Rule:233 - rule WakeUp2 SIGNAL is applicable
2026-02-17 12:26:07,274 [INFO] Rule:233 - rule WakeUp4 Mode is applicable
2026-02-17 12:26:07,275 [INFO] Rule:233 - rule WakeUp4 SIGNAL is applicable
2026-02-17 12:26:07,275 [INFO] Rule:233 - rule WakeUp5 Mode is applicable
2026-02-17 12:26:07,275 [INFO] Rule:233 - rule WakeUp5 SIGNAL is applicable
2026-02-17 12:26:07,275 [INFO] Rule:233 - rule Add RTC Activate Clock Source is applicable
2026-02-17 12:26:07,275 [INFO] Rule:233 - rule Add RTC Activate Calendar 1 is applicable
2026-02-17 12:26:07,275 [INFO] Rule:233 - rule Add RTC Activate Calendar 2 is applicable
2026-02-17 12:26:07,275 [INFO] Rule:233 - rule Add RTC Activate Calendar 3 is applicable
2026-02-17 12:26:07,275 [INFO] Rule:233 - rule UART/USART TX Mode is applicable
2026-02-17 12:26:07,275 [INFO] Rule:233 - rule UART/USART RX Mode is applicable
2026-02-17 12:26:07,275 [INFO] Rule:233 - rule UART/USART RX TX Mode is applicable
2026-02-17 12:26:07,276 [INFO] Rule:233 - rule UART/USART PARITY NONE is applicable
2026-02-17 12:26:07,276 [INFO] Rule:233 - rule UART/USART PARITY EVEN is applicable
2026-02-17 12:26:07,276 [INFO] Rule:233 - rule UART/USART PARITY ODD is applicable
2026-02-17 12:26:07,276 [INFO] Rule:233 - rule USART StopBits 1 is applicable
2026-02-17 12:26:07,276 [INFO] Rule:233 - rule USART StopBits 2 is applicable
2026-02-17 12:26:07,276 [INFO] Rule:233 - rule USART StopBits 1.5 is applicable
2026-02-17 12:26:07,276 [INFO] Rule:233 - rule USART StopBits 0.5 is applicable
2026-02-17 12:26:07,276 [INFO] Rule:233 - rule UART/USART WORD LENGTH 7 is applicable
2026-02-17 12:26:07,276 [INFO] Rule:233 - rule UART/USART WORD LENGTH 8 is applicable
2026-02-17 12:26:07,276 [INFO] Rule:233 - rule UART/USART WORD LENGTH 9 is applicable
2026-02-17 12:26:07,276 [INFO] Rule:233 - rule Rename FMC NAND NCE signal is applicable
2026-02-17 12:26:07,277 [INFO] Rule:233 - rule Rename FMC NAND INT signal is applicable
2026-02-17 12:26:07,277 [INFO] Rule:233 - rule Change Default Value for LSE Drive Capability for WB family is applicable
2026-02-17 12:26:07,277 [INFO] Rule:233 - rule Change Default Value for ADC Clock Prescaler G0 family is applicable
2026-02-17 12:26:07,277 [INFO] Rule:233 - rule Change Default Value for ADC ExternalTrigConv L4 family is applicable
2026-02-17 12:26:07,277 [INFO] Rule:233 - rule Change Default Value for ADC ExternalTrigInjecConv L4 family is applicable
2026-02-17 12:26:07,277 [INFO] Rule:233 - rule Change Default Value for ADC ExternalTrigConv F3 family is applicable
2026-02-17 12:26:07,277 [INFO] Rule:233 - rule Change Default Value for ADC ExternalTrigInjecConv F3 family is applicable
2026-02-17 12:26:07,277 [INFO] Rule:233 - rule Change Default Value for ADC ExternalTrigConv Goldfish serie is applicable
2026-02-17 12:26:07,277 [INFO] Rule:233 - rule Change Default Value for ADC ExternalTrigInjecConv Goldfish serie is applicable
2026-02-17 12:26:07,277 [INFO] Rule:233 - rule Change Default Value for ADC ExternalTrigConv L0 family is applicable
2026-02-17 12:26:07,277 [INFO] Rule:233 - rule Change Default Value for ADC ExternalTrigConv F0 family is applicable
2026-02-17 12:26:07,277 [INFO] Rule:233 - rule Change Default Value for ADC ExternalTrigConvn L1 family is applicable
2026-02-17 12:26:07,277 [INFO] Rule:233 - rule Change Default Value for ADC ExternalTrigInjecConv L1 family is applicable
2026-02-17 12:26:07,278 [INFO] Rule:233 - rule Change Default Value for ADC ExternalTrigConv F1 family is applicable
2026-02-17 12:26:07,278 [INFO] Rule:233 - rule Change Default Value for ADC ExternalTrigInjecConv F1 family is applicable
2026-02-17 12:26:07,278 [INFO] Rule:233 - rule Change Default Value for ADC ExternalTrigConv F7 family is applicable
2026-02-17 12:26:07,278 [INFO] Rule:233 - rule Change Default Value for ADC ExternalTrigInjecConv F7 family is applicable
2026-02-17 12:26:07,278 [INFO] Rule:233 - rule Change Default Value for ADC ExternalTrigConv F4 and F2 family is applicable
2026-02-17 12:26:07,278 [INFO] Rule:233 - rule Change Default Value for ADC ExternalTrigInjecConv F4 and F2 family is applicable
2026-02-17 12:26:07,278 [INFO] Rule:233 - rule ADC SamplingTime fix with FW L0  is applicable
2026-02-17 12:26:07,278 [INFO] Rule:233 - rule ADC SamplingTime fix with FW L0  is applicable
2026-02-17 12:26:07,278 [INFO] Rule:233 - rule ADC SamplingTime fix with FW L0 is applicable
2026-02-17 12:26:07,278 [INFO] Rule:233 - rule ADC SamplingTime fix with FW L0 is applicable
2026-02-17 12:26:07,278 [INFO] Rule:233 - rule ADC SamplingTime fix with FW L0  is applicable
2026-02-17 12:26:07,278 [INFO] Rule:233 - rule ADC SamplingTime fix with FW L0 is applicable
2026-02-17 12:26:07,278 [INFO] Rule:233 - rule Rename USB_OE Signal is applicable
2026-02-17 12:26:07,278 [INFO] Rule:233 - rule Rename Activate_OE Mode is applicable
2026-02-17 12:26:07,279 [INFO] Rule:233 - rule Rename DIE462/DIE415 pin PC14/OSC32_IN -> PC14-OSC32_IN (PC14) is applicable
2026-02-17 12:26:07,279 [INFO] Rule:233 - rule Rename DIE462/DIE415 pin PC15/OSC32_OUT -> PC15-OSC32_OUT (PC15) is applicable
2026-02-17 12:26:07,279 [INFO] Rule:233 - rule Rename DIE462/DIE415 pin PH0/OSC_IN -> PH0-OSC_IN (PH0) is applicable
2026-02-17 12:26:07,279 [INFO] Rule:233 - rule Rename DIE462/DIE415 pin PH1/OSC_OUT -> PH1-OSC_OUT (PH1) is applicable
2026-02-17 12:26:07,279 [INFO] Rule:233 - rule Rename DIE462 pin PA13 -> PA13 (JTMS/SWDIO) is applicable
2026-02-17 12:26:07,279 [INFO] Rule:233 - rule Rename DIE415 pin PA13 -> PA13 (JTMS/SWDIO) is applicable
2026-02-17 12:26:07,279 [INFO] Rule:233 - rule Rename DIE462 pin PA14 -> PA14 (JTCK/SWCLK) is applicable
2026-02-17 12:26:07,279 [INFO] Rule:233 - rule Rename DIE415 pin PA14 -> PA14 (JTCK/SWCLK) is applicable
2026-02-17 12:26:07,279 [INFO] Rule:233 - rule Rename DIE462/DIE415 pin PA15 -> PA15 (JTDI) is applicable
2026-02-17 12:26:07,279 [INFO] Rule:233 - rule Rename DIE462 pin PB3 -> PB3 (JTD0/TRACESWO) is applicable
2026-02-17 12:26:07,279 [INFO] Rule:233 - rule Rename DIE415 pin PB3 -> PB3 (JTD0-TRACESWO) is applicable
2026-02-17 12:26:07,280 [INFO] Rule:233 - rule Rename DIE462/DIE415 pin PB4 -> PB4 (NJTRST) is applicable
2026-02-17 12:26:07,280 [INFO] Rule:233 - rule Rename DIE462 pin PH3/BOOT0 -> PH3-BOOT0 (BOOT0) is applicable
2026-02-17 12:26:07,280 [INFO] Rule:233 - rule Rename CRYP DataEncryptionTypesList to Algorithm is applicable
2026-02-17 12:26:07,280 [INFO] Rule:233 - rule Rename AES DataEncryptionTypesList to Algorithm is applicable
2026-02-17 12:26:07,280 [INFO] Rule:233 - rule Rename TDESECB to CRYP_TDES_ECB is applicable
2026-02-17 12:26:07,280 [INFO] Rule:233 - rule Rename TDESCBC to CRYP_TDES_CBC is applicable
2026-02-17 12:26:07,280 [INFO] Rule:233 - rule Rename DESECB to CRYP_DES_ECB is applicable
2026-02-17 12:26:07,280 [INFO] Rule:233 - rule Rename DESCBC to CRYP_DES_CBC is applicable
2026-02-17 12:26:07,280 [INFO] Rule:233 - rule Rename AESECB to CRYP_AES_ECB is applicable
2026-02-17 12:26:07,280 [INFO] Rule:233 - rule Rename AESCBC to CRYP_AES_CBC is applicable
2026-02-17 12:26:07,280 [INFO] Rule:233 - rule Rename AESCTR to CRYP_AES_CTR is applicable
2026-02-17 12:26:07,280 [INFO] Rule:233 - rule Rename AESGCM to CRYP_AES_GCM is applicable
2026-02-17 12:26:07,280 [INFO] Rule:233 - rule Rename AESCCM to CRYP_AES_CCM is applicable
2026-02-17 12:26:07,281 [INFO] Rule:233 - rule Rename CAN TimeSeg1 to BS1 is applicable
2026-02-17 12:26:07,281 [INFO] Rule:233 - rule Rename CAN TimeSeg2 to BS2 is applicable
2026-02-17 12:26:07,281 [INFO] Rule:233 - rule Rename CAN SyncJumpWidth to SJW is applicable
2026-02-17 12:26:07,281 [INFO] Rule:233 - rule TimeTriggeredMode to TTCM is applicable
2026-02-17 12:26:07,281 [INFO] Rule:233 - rule Rename CAN AutoBusOff to ABOM is applicable
2026-02-17 12:26:07,281 [INFO] Rule:233 - rule Rename CAN AutoWakeUp to AWUM is applicable
2026-02-17 12:26:07,281 [INFO] Rule:233 - rule Rename CAN AutoRetransmission to NART is applicable
2026-02-17 12:26:07,281 [INFO] Rule:233 - rule Rename CAN ReceiveFifoLocked to RFLM is applicable
2026-02-17 12:26:07,281 [INFO] Rule:233 - rule Rename CAN TransmitFifoPriority to TXFP is applicable
2026-02-17 12:26:07,281 [INFO] Rule:233 - rule Rename HRTIMER HRTIM_OUTPUTFAULTLEVEL_HIGH in HRTIMER HRTIM_OUTPUTFAULTLEVEL_HIGHZ is applicable
2026-02-17 12:26:07,281 [INFO] Rule:233 - rule Rename TIMER TIM_CLEARINPUTSOURCE_OCREFCLR in  TIMER TIM_CLEARINPUTSOURCE_NONE for F7 family is applicable
2026-02-17 12:26:07,281 [INFO] Rule:233 - rule FDCAN_R1 - Rename FDCAN mode Master into Classic is applicable
2026-02-17 12:26:07,282 [INFO] Rule:233 - rule FDCAN_R2 - Rename FDCAN mode Slave into Classic is applicable
2026-02-17 12:26:07,282 [INFO] Rule:233 - rule FDCAN1_R3 - if PA10.Mode=FullDuplex, add Pin PA12 is applicable
2026-02-17 12:26:07,282 [INFO] Rule:233 - rule FDCAN1_R3 - if PA9.Mode=FullDuplex, add Pin PA11 is applicable
2026-02-17 12:26:07,282 [INFO] Rule:233 - rule FDCAN1_R3 - Alternatepin_1 - if PE1.Mode=FullDuplex, add Pin PB9 is applicable
2026-02-17 12:26:07,282 [INFO] Rule:233 - rule FDCAN1_R3 - Alternatepin_1 - if PE0.Mode=FullDuplex, add Pin PB8 is applicable
2026-02-17 12:26:07,282 [INFO] Rule:233 - rule FDCAN1_R3 - Alternatepin_2 - if PD5.Mode=FullDuplex, add Pin PD1 is applicable
2026-02-17 12:26:07,282 [INFO] Rule:233 - rule FDCAN1_R3 - Alternatepin_2 - if PD4.Mode=FullDuplex, add Pin PD0 is applicable
2026-02-17 12:26:07,283 [INFO] Rule:233 - rule FDCAN1_R4 - Rename Mode FullDuplex into Enable FDCAN_TXFD for pin PA10 is applicable
2026-02-17 12:26:07,283 [INFO] Rule:233 - rule FDCAN1_R4 - Rename Mode FullDuplex into Enable FDCAN_TXFD for pin PA9 is applicable
2026-02-17 12:26:07,283 [INFO] Rule:233 - rule FDCAN1_R4 - Alternatepin_1 - Rename Mode FullDuplex into Enable FDCAN_TXFD for pin PE1 is applicable
2026-02-17 12:26:07,283 [INFO] Rule:233 - rule FDCAN1_R4 - Alternatepin_1 - Rename Mode FullDuplex into Enable FDCAN_TXFD for pin PE0 is applicable
2026-02-17 12:26:07,283 [INFO] Rule:233 - rule FDCAN1_R4 - Alternatepin_2 - Rename Mode FullDuplex into Enable FDCAN_TXFD for pin PD5 is applicable
2026-02-17 12:26:07,283 [INFO] Rule:233 - rule FDCAN1_R4 - Alternatepin_2 - Rename Mode FullDuplex into Enable FDCAN_TXFD for pin PD4 is applicable
2026-02-17 12:26:07,283 [INFO] Rule:233 - rule FDCAN2_R3 - if PD10.Mode=FullDuplex, add Pin PB13 is applicable
2026-02-17 12:26:07,283 [INFO] Rule:233 - rule FDCAN2_R3 - if PD9.Mode=FullDuplex, add Pin PB12 is applicable
2026-02-17 12:26:07,283 [INFO] Rule:233 - rule FDCAN2_R3 - Alternatepin_1 - if PB7.Mode=FullDuplex, add Pin PB6 is applicable
2026-02-17 12:26:07,283 [INFO] Rule:233 - rule FDCAN2_R3 - Alternatepin_1 - if PD9.Mode=FullDuplex, add Pin PB12 is applicable
2026-02-17 12:26:07,283 [INFO] Rule:233 - rule FDCAN2_R4 - Rename Mode FullDuplex into Enable FDCAN_TXFD for pin PD10 is applicable
2026-02-17 12:26:07,283 [INFO] Rule:233 - rule FDCAN2_R4 - Rename Mode FullDuplex into Enable FDCAN_TXFD for pin PD9 is applicable
2026-02-17 12:26:07,283 [INFO] Rule:233 - rule FDCAN2_R4 - Alternatepin_1 - Rename Mode FullDuplex into Enable FDCAN_TXFD for pin PB7 is applicable
2026-02-17 12:26:07,284 [INFO] Rule:233 - rule FDCAN2_R4 - Alternatepin_1 - Rename Mode FullDuplex into Enable FDCAN_TXFD for pin PD6 is applicable
2026-02-17 12:26:07,284 [INFO] Rule:233 - rule USART TxPinLevelInvertParam Mode is applicable
2026-02-17 12:26:07,284 [INFO] Rule:233 - rule USART RxPinLevelInvertParam Mode is applicable
2026-02-17 12:26:07,284 [INFO] Rule:233 - rule USART DataInvertParam Mode is applicable
2026-02-17 12:26:07,284 [INFO] Rule:233 - rule USART SwapParam Mode is applicable
2026-02-17 12:26:07,284 [INFO] Rule:233 - rule USART OverrunDisableParam Mode is applicable
2026-02-17 12:26:07,284 [INFO] Rule:233 - rule USART DMADisableonRxErrorParam Mode is applicable
2026-02-17 12:26:07,284 [INFO] Rule:233 - rule USART MSBFirstParam Mode is applicable
2026-02-17 12:26:07,284 [INFO] Rule:233 - rule Update MwName for USB_DEVICE is applicable
2026-02-17 12:26:07,284 [INFO] Rule:233 - rule Change PWR_Regulator_Voltage_Scale Default Value for RCC  H7 family is applicable
2026-02-17 12:26:07,284 [INFO] Rule:233 - rule UART/USART IPParameter rename Prescaler parameter to ClockPrescaler is applicable
2026-02-17 12:26:07,284 [INFO] Rule:233 - rule UART/USART Prescaler rename Prescaler parameter to ClockPrescaler is applicable
2026-02-17 12:26:07,285 [INFO] Rule:233 - rule TIM1CLockSelection is applicable
2026-02-17 12:26:07,285 [INFO] Rule:233 - rule TIM15CLockSelection is applicable
2026-02-17 12:26:07,285 [INFO] Rule:233 - rule align RCC SDMMC3CLockSelection default value on MP1 is applicable
2026-02-17 12:26:07,285 [INFO] Rule:233 - rule align RCC SDMMC12CLockSelection default value on MP1 is applicable
2026-02-17 12:26:07,285 [INFO] Rule:233 - rule align RCC QSPICLockSelection default value on MP1 is applicable
2026-02-17 12:26:07,285 [INFO] Rule:233 - rule align RCC QSPICLockSelection default value on MP1 is applicable
2026-02-17 12:26:07,285 [INFO] Rule:233 - rule align RCC SPI6CLockSelection default value on MP1 is applicable
2026-02-17 12:26:07,285 [INFO] Rule:233 - rule align RCC LPTIM23CLockSelection default value on MP1 is applicable
2026-02-17 12:26:07,285 [INFO] Rule:233 - rule align RCC LPTIM1CLockSelection default value on MP1 is applicable
2026-02-17 12:26:07,285 [INFO] Rule:233 - rule align RCC USART1CLockSelection default value on MP1 is applicable
2026-02-17 12:26:07,285 [INFO] Rule:233 - rule align RCC USART24CLockSelection default value on MP1 is applicable
2026-02-17 12:26:07,285 [INFO] Rule:233 - rule align RCC USART6CLockSelection default value on MP1 is applicable
2026-02-17 12:26:07,285 [INFO] Rule:233 - rule align RCC UART78CLockSelection default value on MP1 is applicable
2026-02-17 12:26:07,285 [INFO] Rule:233 - rule align RCC USART35CLockSelection default value on MP1 is applicable
2026-02-17 12:26:07,285 [INFO] Rule:233 - rule align RCC SPI45CLockSelection default value on MP1 is applicable
2026-02-17 12:26:07,285 [INFO] Rule:233 - rule align RCC I2C46CLockSelection BCLK value on MP1 is applicable
2026-02-17 12:26:07,285 [INFO] Rule:233 - rule align RCC SPI45CLockSelection default value on MP1 is applicable
2026-02-17 12:26:07,285 [INFO] Rule:233 - rule align RCC I2C12CLockSelection default value on MP1 is applicable
2026-02-17 12:26:07,285 [INFO] Rule:233 - rule align RCC I2C35CLockSelection default value on MP1 is applicable
2026-02-17 12:26:07,285 [INFO] Rule:233 - rule align RCC LPTIM45CLockSelection default value on MP1 is applicable
2026-02-17 12:26:07,285 [INFO] Rule:233 - rule Rename DCMI PIXCK signal is applicable
2026-02-17 12:26:07,285 [INFO] Rule:233 - rule Change Default Value for I2C46CLockSelection MP1 family is applicable
2026-02-17 12:26:07,285 [INFO] Rule:233 - rule Change Default Value for UART for G4, G0 and WB families is applicable
2026-02-17 12:26:07,286 [INFO] Rule:233 - rule Change Default Value for USART for G4, G0 and WB families is applicable
2026-02-17 12:26:07,286 [INFO] Rule:233 - rule Change Default Value for USART for G4 family is applicable
2026-02-17 12:26:07,286 [INFO] Rule:233 - rule Change USART1CLockSelection refparam name for MP1 is applicable
2026-02-17 12:26:07,286 [INFO] Rule:233 - rule Change USART2CLockSelection refparam name for MP1 is applicable
2026-02-17 12:26:07,286 [INFO] Rule:233 - rule Change USART3CLockSelection refparam name for MP1 is applicable
2026-02-17 12:26:07,286 [INFO] Rule:233 - rule Change UART4CLockSelection refparam name for MP1 is applicable
2026-02-17 12:26:07,286 [INFO] Rule:233 - rule Change UART5CLockSelection refparam name for MP1 is applicable
2026-02-17 12:26:07,286 [INFO] Rule:233 - rule Change LPUART1CLockSelection refparam name for MP1 is applicable
2026-02-17 12:26:07,286 [INFO] Rule:233 - rule Change LPTIM1CLockSelection refparam name for MP1 is applicable
2026-02-17 12:26:07,286 [INFO] Rule:233 - rule Change LPTIM2CLockSelection refparam name for MP1 is applicable
2026-02-17 12:26:07,286 [INFO] Rule:233 - rule Change RCC_MCO1Source refparam name for MP1 is applicable
2026-02-17 12:26:07,286 [INFO] Rule:233 - rule Change LSCOSource1 refparam name for MP1 is applicable
2026-02-17 12:26:07,286 [INFO] Rule:233 - rule Change SMPSCLockSelection refparam name for MP1 is applicable
2026-02-17 12:26:07,286 [INFO] Rule:233 - rule Change LPTIM3CLockSelection refparam name for MP1 is applicable
2026-02-17 12:26:07,286 [INFO] Rule:233 - rule Change MPCBB* Default Template Mode to Parameters is applicable
2026-02-17 12:26:07,286 [INFO] Rule:233 - rule Change MPCWM* or MPCBB* Secure Mode to Parameters is applicable
2026-02-17 12:26:07,286 [INFO] Rule:233 - rule Change MPCWM* or MPCBB* No Secure Mode to Parameters is applicable
2026-02-17 12:26:07,286 [INFO] Rule:233 - rule Change TZSC IP Secure Mode to Parameters is applicable
2026-02-17 12:26:07,286 [INFO] Rule:233 - rule Change TZSC IP No Secure Mode to Parameters is applicable
2026-02-17 12:26:07,286 [INFO] Rule:233 - rule Change TZSC IP Privilege Mode to Parameters is applicable
2026-02-17 12:26:07,286 [INFO] Rule:233 - rule Change TZSC IP No Privilege Mode to Parameters is applicable
2026-02-17 12:26:07,286 [INFO] Rule:233 - rule Change TZIC IT Secure Mode to Parameters is applicable
2026-02-17 12:26:07,286 [INFO] Rule:233 - rule Change TZIC IT No Secure Mode to Parameters is applicable
2026-02-17 12:26:07,287 [INFO] Rule:233 - rule Add MPCBB1_NonSecureArea_Start_Address value with referenced to MPCBB1_NonSecureArea_Start value is applicable
2026-02-17 12:26:07,287 [INFO] Rule:233 - rule Add MPCBB2_NonSecureArea_Start_Address value with referenced to MPCBB2_NonSecureArea_Start value is applicable
2026-02-17 12:26:07,287 [INFO] Rule:233 - rule Add MPCWM1_NonSecureArea*_Start_Address value with referenced to MPCWM1_NonSecureArea*_Start value is applicable
2026-02-17 12:26:07,287 [INFO] Rule:233 - rule Add MPCWM2_NonSecureArea*_Start_Address value with referenced to MPCWM2_NonSecureArea*_Start value is applicable
2026-02-17 12:26:07,287 [INFO] Rule:233 - rule Add MPCWM3_NonSecureArea_Start_Address value with referenced to MPCWM3_NonSecureArea_Start value is applicable
2026-02-17 12:26:07,287 [INFO] Rule:233 - rule Change Default Value for PLL1UserDefinedConfig is applicable
2026-02-17 12:26:07,287 [INFO] Rule:233 - rule Change GPIO_PuPd Default Value for USART in async mode is applicable
2026-02-17 12:26:07,287 [INFO] Rule:233 - rule Change SMPSDivider Default Value is applicable
2026-02-17 12:26:07,287 [INFO] Rule:233 - rule OPAMP is applicable
2026-02-17 12:26:07,287 [INFO] Rule:233 - rule LPUART IPParameter rename Prescaler parameter to ClockPrescaler for STM32H7 is applicable
2026-02-17 12:26:07,287 [INFO] Rule:233 - rule LPUART IPParameter rename Prescaler parameter to ClockPrescaler for STM32H7 is applicable
2026-02-17 12:26:07,287 [INFO] Rule:233 - rule LPUART IPParameter rename Prescaler parameter to ClockPrescaler for STM32WB is applicable
2026-02-17 12:26:07,287 [INFO] Rule:233 - rule LPUART IPParameter rename Prescaler parameter to ClockPrescaler for STM32WB is applicable
2026-02-17 12:26:07,287 [INFO] Rule:233 - rule LPUART IPParameter rename Prescaler parameter to ClockPrescaler for STM32G4 is applicable
2026-02-17 12:26:07,287 [INFO] Rule:233 - rule LPUART IPParameter rename Prescaler parameter to ClockPrescaler for STM32G4 is applicable
2026-02-17 12:26:07,287 [INFO] Rule:233 - rule LPUART IPParameter rename Prescaler parameter to ClockPrescaler for STM32L5 is applicable
2026-02-17 12:26:07,287 [INFO] Rule:233 - rule LPUART IPParameter rename Prescaler parameter to ClockPrescaler for STM32L5 is applicable
2026-02-17 12:26:07,287 [INFO] Rule:233 - rule LPUART IPParameter rename Prescaler parameter to ClockPrescaler for STM32G4 is applicable
2026-02-17 12:26:07,287 [INFO] Rule:233 - rule LPUART IPParameter rename Prescaler parameter to ClockPrescaler for STM32G4 is applicable
2026-02-17 12:26:07,287 [INFO] Rule:233 - rule USB device lib V2.5.3 for L0 rename USBD_SUPPORT_USER_STRING parameter to USBD_SUPPORT_USER_STRING_DESC4 is applicable
2026-02-17 12:26:07,287 [INFO] Rule:233 - rule I2SCLockSelection clock entry align is applicable
2026-02-17 12:26:07,287 [INFO] Rule:233 - rule Assign TIMx context if used as SYS timebase is applicable
2026-02-17 12:26:07,287 [INFO] Rule:233 - rule Change GPIO_Pu Default Value for I2C is applicable
2026-02-17 12:26:07,287 [INFO] Rule:233 - rule Change GPIO_Pu Default Value for SMBus is applicable
2026-02-17 12:26:07,288 [INFO] Rule:233 - rule change FDCAN default value is applicable
2026-02-17 12:26:07,288 [INFO] Rule:233 - rule Change mode sai is applicable
2026-02-17 12:26:07,288 [INFO] Rule:233 - rule **Change sai mode is applicable
2026-02-17 12:26:07,288 [INFO] Rule:233 - rule Rename STM32WPAN CFG_BLE_IRK to CFG_BLE_IR is applicable
2026-02-17 12:26:07,288 [INFO] Rule:233 - rule Rename STM32WPAN CFG_BLE_ERK to CFG_BLE_ER is applicable
2026-02-17 12:26:07,288 [INFO] Rule:233 - rule Rename STM32WPAN CFG_BLE_IRK_HEX to CFG_BLE_IR_HEX is applicable
2026-02-17 12:26:07,288 [INFO] Rule:233 - rule Rename STM32WPAN CFG_BLE_ERK_HEX to CFG_BLE_ER_HEX is applicable
2026-02-17 12:26:07,288 [INFO] Rule:233 - rule Adapt Old IOC before rework replace old CORTEX_M33/CORTEX_M55 attributes by the new one. is applicable
2026-02-17 12:26:07,288 [INFO] Rule:233 - rule Rename parametre of RCC RCC_APBDBG_DIV2 to RCC_TIMPRES_DIV2 is applicable
2026-02-17 12:26:07,288 [INFO] Rule:233 - rule Rename DIE493 pin PA10 [PA12] -> PA10 is applicable
2026-02-17 12:26:07,288 [INFO] Rule:233 - rule Rename DIE493 pin PA9 [PA11] -> PA9 is applicable
2026-02-17 12:26:07,288 [INFO] Rule:233 - rule Rename DIE492 PartNumber CPN STM32WBA5MJGHx -> STM32WBA5MMGHx is applicable
2026-02-17 12:26:07,288 [INFO] Rule:233 - rule Rename DIE492 PartNumber  Name STM32WBA5MJGHx -> STM32WBA5MMGHx is applicable
2026-02-17 12:26:07,288 [INFO] Rule:233 - rule Rename DIE492 PartNumber UserName STM32WBA5MJGHx -> STM32WBA5MMGHx is applicable
2026-02-17 12:26:07,288 [INFO] Rule:233 - rule Rename DIE492 PartNumber DeviceId STM32WBA5MJGHx -> STM32WBA5MMGHx is applicable
2026-02-17 12:26:07,288 [INFO] Rule:233 - rule Adapt Old IOC CSI. is applicable
2026-02-17 12:26:07,288 [INFO] Rule:233 - rule Adapt Old IOC DCMIPP. is applicable
2026-02-17 12:26:07,288 [INFO] Rule:233 - rule Adapt Old IOC DCMIPP Mode Parallel. is applicable
2026-02-17 12:26:07,288 [INFO] Rule:233 - rule Adapt Old IOC LTDC. is applicable
2026-02-17 12:26:07,288 [INFO] Rule:233 - rule Rename STM32MP2 RIF Peripheral LTDC RIF.RISUP.LTDC_L0L1.Privilege -> RIF.RISUP.LTDC_L1L2.Privilege is applicable
2026-02-17 12:26:07,288 [INFO] Rule:233 - rule Rename STM32MP2 RIF Peripheral LTDC RIF.RISUP.LTDC_L0L1.Privilege -> RIF.RISUP.LTDC_L1L2.Privilege is applicable
2026-02-17 12:26:07,288 [INFO] Rule:233 - rule Rename STM32MP2 RIF Peripheral LTDC RIF.RISUP.LTDC_L0L1.Lock -> RIF.RISUP.LTDC_L1L2.Lock is applicable
2026-02-17 12:26:07,288 [INFO] Rule:233 - rule Rename STM32MP2 RIF Peripheral LTDC RIF.RISUP.LTDC_L2.Lock -> RIF.RISUP.LTDC_L3.Lock is applicable
2026-02-17 12:26:07,288 [INFO] Rule:233 - rule Adapt the old IOC example for updating the SYS when it is misconfigured. is applicable
2026-02-17 12:26:07,288 [INFO] Rule:233 - rule Rename STM32C09 Mcu.Package LQFP64 -> LQFP48 is applicable
2026-02-17 12:26:07,289 [INFO] Rule:233 - rule Adapt the old IOC example for updating the SYS when it is misconfigured. is applicable
2026-02-17 12:26:07,289 [INFO] Rule:233 - rule Adapt the old IOC example for updating the SYS when it is misconfigured. is applicable
2026-02-17 12:26:07,305 [INFO] DbConfProperties:307 - Apply Compatibility (53/282 Rules)
2026-02-17 12:26:07,328 [INFO] ImportTextPane:234 - (OptionalMessage_ERROR) Unable to find key (Mcu.ThirdPartyNb) in loaded IOC file
2026-02-17 12:26:07,329 [INFO] ImportTextPane:234 - (OptionalMessage_ERROR) Pin12 (VP_RIF_VS_RIF1) cannot be retrieved for this MCU
2026-02-17 12:26:07,648 [INFO] RtosManager:558 - Registered RTOS mode: class=CMSIS, group=RTOS, mode=CMSIS_V1, owner=FREERTOS
2026-02-17 12:26:07,649 [INFO] RtosManager:558 - Registered RTOS mode: class=CMSIS, group=RTOS2, mode=CMSIS_V2, owner=FREERTOS
2026-02-17 12:26:07,649 [INFO] RtosManager:558 - Registered RTOS mode: class=RTOS, group=Core, mode=CMSIS_V1, owner=FREERTOS
2026-02-17 12:26:07,649 [INFO] RtosManager:558 - Registered RTOS mode: class=RTOS, group=Core, mode=CMSIS_V2, owner=FREERTOS
2026-02-17 12:26:07,650 [WARN] ModelIntegratedComponent:184 - Missing modes for component STMicroelectronics:FreeRTOS:0.0.1:STMicroelectronics:RTOS:FreeRTOS:Core:::10.2.0:
2026-02-17 12:26:07,662 [WARN] ModelIntegratedComponent:63 - No mode defined for component null
2026-02-17 12:26:07,662 [WARN] ModelIntegratedComponent:63 - No mode defined for component null
2026-02-17 12:26:07,662 [WARN] ModelIntegratedComponent:63 - No mode defined for component null
2026-02-17 12:26:07,662 [WARN] ModelIntegratedComponent:63 - No mode defined for component null
2026-02-17 12:26:07,662 [WARN] ModelIntegratedComponent:63 - No mode defined for component null
2026-02-17 12:26:07,662 [WARN] ModelIntegratedComponent:63 - No mode defined for component null
2026-02-17 12:26:07,663 [WARN] ModelIntegratedComponent:63 - No mode defined for component null
2026-02-17 12:26:07,663 [WARN] ModelIntegratedComponent:63 - No mode defined for component null
2026-02-17 12:26:07,663 [WARN] ModelIntegratedComponent:63 - No mode defined for component null
2026-02-17 12:26:07,663 [WARN] ModelIntegratedComponent:63 - No mode defined for component null
2026-02-17 12:26:07,663 [WARN] ModelIntegratedComponent:63 - No mode defined for component null
2026-02-17 12:26:07,663 [WARN] ModelIntegratedComponent:63 - No mode defined for component null
2026-02-17 12:26:07,663 [WARN] ModelIntegratedComponent:63 - No mode defined for component null
2026-02-17 12:26:07,663 [WARN] ModelIntegratedComponent:63 - No mode defined for component null
2026-02-17 12:26:07,663 [WARN] ModelIntegratedComponent:63 - No mode defined for component null
2026-02-17 12:26:07,663 [WARN] ModelIntegratedComponent:63 - No mode defined for component null
2026-02-17 12:26:07,663 [WARN] ModelIntegratedComponent:63 - No mode defined for component null
2026-02-17 12:26:07,663 [WARN] ModelIntegratedComponent:63 - No mode defined for component null
2026-02-17 12:26:07,663 [WARN] ModelIntegratedComponent:63 - No mode defined for component null
2026-02-17 12:26:07,663 [WARN] ModelIntegratedComponent:63 - No mode defined for component null
2026-02-17 12:26:07,663 [WARN] ModelIntegratedComponent:63 - No mode defined for component null
2026-02-17 12:26:07,664 [WARN] ModelIntegratedComponent:63 - No mode defined for component null
2026-02-17 12:26:07,664 [WARN] ModelIntegratedComponent:63 - No mode defined for component null
2026-02-17 12:26:07,664 [WARN] ModelIntegratedComponent:63 - No mode defined for component null
2026-02-17 12:26:07,664 [WARN] ModelIntegratedComponent:63 - No mode defined for component null
2026-02-17 12:26:07,664 [WARN] ModelIntegratedComponent:63 - No mode defined for component null
2026-02-17 12:26:07,664 [WARN] ModelIntegratedComponent:63 - No mode defined for component null
2026-02-17 12:26:07,664 [WARN] ModelIntegratedComponent:63 - No mode defined for component null
2026-02-17 12:26:07,664 [WARN] ModelIntegratedComponent:63 - No mode defined for component null
2026-02-17 12:26:07,664 [WARN] ModelIntegratedComponent:63 - No mode defined for component null
2026-02-17 12:26:07,664 [WARN] ModelIntegratedComponent:63 - No mode defined for component null
2026-02-17 12:26:07,664 [WARN] ModelIntegratedComponent:63 - No mode defined for component null
2026-02-17 12:26:07,664 [WARN] ModelIntegratedComponent:63 - No mode defined for component null
2026-02-17 12:26:07,664 [WARN] ModelIntegratedComponent:63 - No mode defined for component null
2026-02-17 12:26:07,664 [WARN] ModelIntegratedComponent:63 - No mode defined for component null
2026-02-17 12:26:07,664 [WARN] ModelPack:524 - Component already loaded: STMicroelectronics:HAL Drivers:0.0.0:STMicroelectronics:Device:STMicro_Driver:XSPI:HAL::0.0.1:HAL_XSPI
2026-02-17 12:26:07,703 [INFO] ThirdPartyModel:298 - Start build external matchings
2026-02-17 12:26:08,515 [INFO] ThirdPartyModel:316 - End build external matchings
2026-02-17 12:26:08,527 [INFO] ImportTextPane:234 - (OptionalMessage_ERROR) IP (RCC) : Invalid parameter (FamilyName)
2026-02-17 12:26:08,529 [INFO] ImportTextPane:234 - (OptionalMessage_ERROR) IP (RCC) : Parameter (RNGFreq_Value) has invalid value (64000000)
2026-02-17 12:26:08,529 [INFO] ImportTextPane:234 - (OptionalMessage_ERROR) IP (RCC) : Parameter (SDMMCFreq_Value) has invalid value (64000000)
2026-02-17 12:26:08,529 [INFO] ImportTextPane:234 - (OptionalMessage_ERROR) IP (RCC) : Parameter (USBFreq_Value) has invalid value (64000000)
2026-02-17 12:26:08,949 [INFO] UtilMem:75 - End LoadConfig() Used Memory: 978521504 Bytes (1073741824)
2026-02-17 12:26:08,986 [WARN] ThirdParty:833 - waiting for thirdparty lock release [change project]
2026-02-17 12:26:08,987 [INFO] ThirdParty:835 - entering critical section [change project]
2026-02-17 12:26:08,987 [INFO] ThirdParty:1030 - CMSIS Pack Vendor :STMicroelectronics X-CUBE-PM33A1 1.0.0
2026-02-17 12:26:08,987 [INFO] ThirdParty:1030 - CMSIS Pack Vendor :STMicroelectronics USBPD 4.1
2026-02-17 12:26:08,987 [INFO] ThirdParty:1030 - CMSIS Pack Vendor :STMicroelectronics X-CUBE-NFC9 1.0.0
2026-02-17 12:26:08,987 [INFO] ThirdParty:1030 - CMSIS Pack Vendor :STMicroelectronics USB_HOST 2.0.0
2026-02-17 12:26:08,987 [INFO] ThirdParty:1030 - CMSIS Pack Vendor :STMicroelectronics FP-SNS-MOTENVWB1 1.4.0
2026-02-17 12:26:08,987 [INFO] ThirdParty:1030 - CMSIS Pack Vendor :STMicroelectronics X-CUBE-AZRTOS-F4 1.1.0
2026-02-17 12:26:08,988 [INFO] ThirdParty:1030 - CMSIS Pack Vendor :STMicroelectronics LIBJPEG 8.0.0
2026-02-17 12:26:08,988 [INFO] ThirdParty:1030 - CMSIS Pack Vendor :STMicroelectronics FP-ATR-ASTRA1 2.0.2
2026-02-17 12:26:08,988 [INFO] ThirdParty:1030 - CMSIS Pack Vendor :STMicroelectronics X-CUBE-BLE1 7.1.0
2026-02-17 12:26:08,988 [INFO] ThirdParty:1030 - CMSIS Pack Vendor :STMicroelectronics X-CUBE-SMBUS 2.1.0
2026-02-17 12:26:08,988 [INFO] ThirdParty:1030 - CMSIS Pack Vendor :wolfSSL I-CUBE-wolfMQTT 1.19.2
2026-02-17 12:26:08,988 [INFO] ThirdParty:1030 - CMSIS Pack Vendor :STMicroelectronics USB_DEVICE 3.0.0
2026-02-17 12:26:08,989 [INFO] ThirdParty:1030 - CMSIS Pack Vendor :STMicroelectronics X-CUBE-ISPU 2.1.0
2026-02-17 12:26:08,989 [INFO] ThirdParty:1030 - CMSIS Pack Vendor :STMicroelectronics X-CUBE-FREERTOS 1.4.0
2026-02-17 12:26:08,989 [INFO] ThirdParty:1030 - CMSIS Pack Vendor :STMicroelectronics X-CUBE-EEPRMA1 5.2.0
2026-02-17 12:26:08,989 [INFO] ThirdParty:1030 - CMSIS Pack Vendor :STMicroelectronics X-CUBE-IPS 3.2.0
2026-02-17 12:26:08,989 [INFO] ThirdParty:1030 - CMSIS Pack Vendor :STMicroelectronics X-CUBE-BLEMGR 4.1.0
2026-02-17 12:26:08,989 [INFO] ThirdParty:1030 - CMSIS Pack Vendor :STMicroelectronics X-CUBE-AZRTOS-WB 2.0.0
2026-02-17 12:26:08,989 [INFO] ThirdParty:1030 - CMSIS Pack Vendor :wolfSSL I-CUBE-wolfSSL 5.8.4
2026-02-17 12:26:08,990 [INFO] ThirdParty:1030 - CMSIS Pack Vendor :Cesanta I-CUBE-Mongoose 7.20.0
2026-02-17 12:26:08,990 [INFO] ThirdParty:1030 - CMSIS Pack Vendor :STMicroelectronics X-CUBE-NFC12 1.0.0
2026-02-17 12:26:08,990 [INFO] ThirdParty:1030 - CMSIS Pack Vendor :STMicroelectronics X-CUBE-AZRTOS-F7 1.1.0
2026-02-17 12:26:08,990 [INFO] ThirdParty:1030 - CMSIS Pack Vendor :STMicroelectronics X-CUBE-AZRTOS-L5 2.0.0
2026-02-17 12:26:08,990 [INFO] ThirdParty:1030 - CMSIS Pack Vendor :STMicroelectronics USB_DEVICE 2.0.0
2026-02-17 12:26:08,990 [INFO] ThirdParty:1030 - CMSIS Pack Vendor :quantropi X-CUBE-qispace-sdk-base 2.1.0
2026-02-17 12:26:08,990 [INFO] ThirdParty:1030 - CMSIS Pack Vendor :STMicroelectronics X-CUBE-MEMS1 12.0.0
2026-02-17 12:26:08,990 [INFO] ThirdParty:1030 - CMSIS Pack Vendor :STMicroelectronics X-CUBE-STSE01 2.0.0
2026-02-17 12:26:08,991 [INFO] ThirdParty:1030 - CMSIS Pack Vendor :STMicroelectronics FP-SNS-MOTENV1 5.1.0
2026-02-17 12:26:08,991 [INFO] ThirdParty:1030 - CMSIS Pack Vendor :STMicroelectronics FreeRTOS 0.0.1
2026-02-17 12:26:08,991 [INFO] ThirdParty:1030 - CMSIS Pack Vendor :STMicroelectronics X-CUBE-AZRTOS-G0 1.1.0
2026-02-17 12:26:08,991 [INFO] ThirdParty:1030 - CMSIS Pack Vendor :STMicroelectronics X-CUBE-NFC4 3.0.0
2026-02-17 12:26:08,991 [INFO] ThirdParty:1030 - CMSIS Pack Vendor :STMicroelectronics X-CUBE-SUBG2 5.0.0
2026-02-17 12:26:08,991 [INFO] ThirdParty:1030 - CMSIS Pack Vendor :STMicroelectronics STM32_WPAN 1.0.0
2026-02-17 12:26:08,991 [INFO] ThirdParty:1030 - CMSIS Pack Vendor :EmbeddedOffice I-CUBE-FS-RTOS 1.0.1
2026-02-17 12:26:08,991 [INFO] ThirdParty:1030 - CMSIS Pack Vendor :STMicroelectronics lwIP 2.0.3
2026-02-17 12:26:08,991 [INFO] ThirdParty:1030 - CMSIS Pack Vendor :WES I-CUBE-Cesium 1.4.0
2026-02-17 12:26:08,991 [INFO] ThirdParty:1030 - CMSIS Pack Vendor :STMicroelectronics USB_HOST 1.0.0
2026-02-17 12:26:08,991 [INFO] ThirdParty:1030 - CMSIS Pack Vendor :STMicroelectronics X-CUBE-AZRTOS-G4 2.0.0
2026-02-17 12:26:08,992 [INFO] ThirdParty:1030 - CMSIS Pack Vendor :STMicroelectronics X-CUBE-WB05N 2.0.0
2026-02-17 12:26:08,992 [INFO] ThirdParty:1030 - CMSIS Pack Vendor :STMicroelectronics PDM2PCM 3.1.0
2026-02-17 12:26:08,992 [INFO] ThirdParty:1030 - CMSIS Pack Vendor :STMicroelectronics PDM2PCM 3.3.0
2026-02-17 12:26:08,992 [INFO] ThirdParty:1030 - CMSIS Pack Vendor :wolfSSL I-CUBE-wolfTPM 3.8.0
2026-02-17 12:26:08,992 [INFO] ThirdParty:1030 - CMSIS Pack Vendor :STMicroelectronics X-CUBE-AZRTOS-H7 3.4.0
2026-02-17 12:26:08,992 [INFO] ThirdParty:1030 - CMSIS Pack Vendor :STMicroelectronics X-CUBE-DISPLAY 3.0.0
2026-02-17 12:26:08,992 [INFO] ThirdParty:1030 - CMSIS Pack Vendor :wolfSSL I-CUBE-wolfSSH 1.4.20
2026-02-17 12:26:08,992 [INFO] ThirdParty:1030 - CMSIS Pack Vendor :STMicroelectronics X-CUBE-NFC7 2.0.0
2026-02-17 12:26:08,992 [INFO] ThirdParty:1030 - CMSIS Pack Vendor :STMicroelectronics X-CUBE-TCPP 4.2.0
2026-02-17 12:26:08,992 [INFO] ThirdParty:1030 - CMSIS Pack Vendor :RealThread X-CUBE-RT-Thread_Nano 4.1.1
2026-02-17 12:26:08,992 [INFO] ThirdParty:1030 - CMSIS Pack Vendor :STMicroelectronics FP-ATR-SIGFOX1 3.2.0
2026-02-17 12:26:08,992 [INFO] ThirdParty:1030 - CMSIS Pack Vendor :STMicroelectronics X-CUBE-NFC10 1.0.0
2026-02-17 12:26:08,992 [INFO] ThirdParty:1030 - CMSIS Pack Vendor :STMicroelectronics HAL Drivers 0.0.0
2026-02-17 12:26:08,992 [INFO] ThirdParty:1030 - CMSIS Pack Vendor :STMicroelectronics MBEDTLS 2.16.2
2026-02-17 12:26:08,992 [INFO] ThirdParty:1030 - CMSIS Pack Vendor :STMicroelectronics X-CUBE-ST60 1.1.0
2026-02-17 12:26:08,992 [INFO] ThirdParty:1030 - CMSIS Pack Vendor :STMicroelectronics X-CUBE-ALS 1.0.2
2026-02-17 12:26:08,992 [INFO] ThirdParty:1030 - CMSIS Pack Vendor :emotas I-CUBE-CANOPEN 1.3.0
2026-02-17 12:26:08,992 [INFO] ThirdParty:1030 - CMSIS Pack Vendor :STMicroelectronics MBEDTLS 2.14.1
2026-02-17 12:26:08,992 [INFO] ThirdParty:1030 - CMSIS Pack Vendor :STMicroelectronics X-CUBE-GNSS1 7.1.0
2026-02-17 12:26:08,992 [INFO] ThirdParty:1030 - CMSIS Pack Vendor :ITTIA_DB I-CUBE-ITTIADB 8.9.0
2026-02-17 12:26:08,992 [INFO] ThirdParty:1030 - CMSIS Pack Vendor :STMicroelectronics X-CUBE-TOUCHGFX 4.26.0
2026-02-17 12:26:08,993 [INFO] ThirdParty:1030 - CMSIS Pack Vendor :STMicroelectronics X-CUBE-NFC6 3.2.0
2026-02-17 12:26:08,993 [INFO] ThirdParty:1030 - CMSIS Pack Vendor :STMicroelectronics FP-SNS-STBOX1 2.1.0
2026-02-17 12:26:08,993 [INFO] ThirdParty:1030 - CMSIS Pack Vendor :STMicroelectronics X-CUBE-AI 10.2.0
2026-02-17 12:26:08,993 [INFO] ThirdParty:1030 - CMSIS Pack Vendor :STMicroelectronics FP-SNS-STAIOTCFT 1.0.0
2026-02-17 12:26:08,993 [INFO] ThirdParty:1030 - CMSIS Pack Vendor :STMicroelectronics ThreadX 1.0.0
2026-02-17 12:26:08,993 [INFO] ThirdParty:1030 - CMSIS Pack Vendor :STMicroelectronics FP-SNS-SMARTAG2 1.2.0
2026-02-17 12:26:08,993 [INFO] ThirdParty:1030 - CMSIS Pack Vendor :STMicroelectronics FP-SNS-FLIGHT1 5.1.0
2026-02-17 12:26:08,993 [INFO] ThirdParty:1030 - CMSIS Pack Vendor :STMicroelectronics X-CUBE-AZRTOS-WL 2.0.0
2026-02-17 12:26:08,993 [INFO] ThirdParty:1030 - CMSIS Pack Vendor :SEGGER I-CUBE-embOS 1.3.1
2026-02-17 12:26:08,993 [INFO] ThirdParty:1030 - CMSIS Pack Vendor :STMicroelectronics X-CUBE-ALGOBUILD 1.4.0
2026-02-17 12:26:08,993 [INFO] ThirdParty:1030 - CMSIS Pack Vendor :STMicroelectronics X-CUBE-DPower 1.3.0
2026-02-17 12:26:08,993 [INFO] ThirdParty:1030 - CMSIS Pack Vendor :STMicroelectronics USB_DEVICE 1.0.0
2026-02-17 12:26:08,993 [INFO] ThirdParty:1030 - CMSIS Pack Vendor :STMicroelectronics X-CUBE-AZRTOS-H7RS 1.2.0
2026-02-17 12:26:08,993 [INFO] ThirdParty:1030 - CMSIS Pack Vendor :STMicroelectronics X-CUBE-AZRTOS-L4 2.0.0
2026-02-17 12:26:08,993 [INFO] ThirdParty:1030 - CMSIS Pack Vendor :STMicroelectronics ThreadX 0.0.2
2026-02-17 12:26:08,993 [INFO] ThirdParty:1030 - CMSIS Pack Vendor :STMicroelectronics lwIP 2.1.2
2026-02-17 12:26:08,993 [INFO] ThirdParty:1030 - CMSIS Pack Vendor :STMicroelectronics X-CUBE-SFXS2LP1 4.0.0
2026-02-17 12:26:08,993 [INFO] ThirdParty:1030 - CMSIS Pack Vendor :STMicroelectronics X-CUBE-BLE2 3.3.0
2026-02-17 12:26:08,993 [INFO] ThirdParty:1030 - CMSIS Pack Vendor :Avnet-IOTCONNECT X-CUBE-iotc-st67-sdk 1.0.0
2026-02-17 12:26:08,993 [INFO] ThirdParty:1030 - CMSIS Pack Vendor :STMicroelectronics X-CUBE-TOF1 3.4.3
2026-02-17 12:26:08,993 [INFO] ThirdParty:1030 - CMSIS Pack Vendor :Infineon AIROC-Wi-Fi-Bluetooth-STM32 1.8.0
2026-02-17 12:26:08,993 [INFO] ThirdParty:1030 - CMSIS Pack Vendor :STMicroelectronics PDM2PCM 3.2.0
2026-02-17 12:26:08,993 [INFO] ThirdParty:1030 - CMSIS Pack Vendor :STMicroelectronics X-CUBE-ST67W61 1.2.0
2026-02-17 12:26:08,994 [INFO] ThirdParty:841 - exiting critical section [change project]
2026-02-17 12:26:09,568 [INFO] PinOutPanel:1589 - setPackage(No Configuration,No Configuration)
2026-02-17 12:26:09,569 [INFO] PinOutPanel:1589 - setPackage(STM32L476RGTx,LQFP64)
2026-02-17 12:26:10,905 [INFO] UtilMem:75 - Before build in PCC Used Memory: 894287536 Bytes (1073741824)
2026-02-17 12:26:11,809 [INFO] UtilMem:75 - After build in PCC Used Memory: 976602800 Bytes (1073741824)
2026-02-17 12:26:11,881 [INFO] IPUIPlugin:80 - create IPUIPlugin
2026-02-17 12:26:11,881 [INFO] IPUIPlugin:80 - create IPUIPlugin
2026-02-17 12:26:11,881 [INFO] IPUIPlugin:80 - create IPUIPlugin
2026-02-17 12:26:11,881 [INFO] IPUIPlugin:80 - create IPUIPlugin
2026-02-17 12:26:11,881 [INFO] IPUIPlugin:80 - create IPUIPlugin
2026-02-17 12:26:11,881 [INFO] IPUIPlugin:80 - create IPUIPlugin
2026-02-17 12:26:11,882 [INFO] IPUIPlugin:80 - create IPUIPlugin
2026-02-17 12:26:11,882 [INFO] IPUIPlugin:80 - create IPUIPlugin
2026-02-17 12:26:11,883 [INFO] IPUIPlugin:80 - create IPUIPlugin
2026-02-17 12:26:11,883 [INFO] IPUIPlugin:80 - create IPUIPlugin
2026-02-17 12:26:11,883 [INFO] IPUIPlugin:80 - create IPUIPlugin
2026-02-17 12:26:11,883 [INFO] IPUIPlugin:80 - create IPUIPlugin
2026-02-17 12:26:11,884 [INFO] IPUIPlugin:80 - create IPUIPlugin
2026-02-17 12:26:11,884 [INFO] IPUIPlugin:80 - create IPUIPlugin
2026-02-17 12:26:11,884 [INFO] IPUIPlugin:80 - create IPUIPlugin
2026-02-17 12:26:11,885 [INFO] IPUIPlugin:80 - create IPUIPlugin
2026-02-17 12:26:11,885 [INFO] IPUIPlugin:80 - create IPUIPlugin
2026-02-17 12:26:11,885 [INFO] IPUIPlugin:80 - create IPUIPlugin
2026-02-17 12:26:11,886 [INFO] IPUIPlugin:80 - create IPUIPlugin
2026-02-17 12:26:11,886 [INFO] IPUIPlugin:80 - create IPUIPlugin
2026-02-17 12:26:11,887 [INFO] IPUIPlugin:80 - create IPUIPlugin
2026-02-17 12:26:11,887 [INFO] IPUIPlugin:80 - create IPUIPlugin
2026-02-17 12:26:11,887 [INFO] IPUIPlugin:80 - create IPUIPlugin
2026-02-17 12:26:11,887 [INFO] IPUIPlugin:80 - create IPUIPlugin
2026-02-17 12:26:11,888 [INFO] IPUIPlugin:80 - create IPUIPlugin
2026-02-17 12:26:11,888 [INFO] IPUIPlugin:80 - create IPUIPlugin
2026-02-17 12:26:11,888 [INFO] IPUIPlugin:80 - create IPUIPlugin
2026-02-17 12:26:11,889 [INFO] IPUIPlugin:80 - create IPUIPlugin
2026-02-17 12:26:11,889 [INFO] IPUIPlugin:80 - create IPUIPlugin
2026-02-17 12:26:11,889 [INFO] IPUIPlugin:80 - create IPUIPlugin
2026-02-17 12:26:11,889 [INFO] IPUIPlugin:80 - create IPUIPlugin
2026-02-17 12:26:11,890 [INFO] IPUIPlugin:80 - create IPUIPlugin
2026-02-17 12:26:11,890 [INFO] IPUIPlugin:80 - create IPUIPlugin
2026-02-17 12:26:11,890 [INFO] IPUIPlugin:80 - create IPUIPlugin
2026-02-17 12:26:11,891 [INFO] IPUIPlugin:80 - create IPUIPlugin
2026-02-17 12:26:11,891 [INFO] IPUIPlugin:80 - create IPUIPlugin
2026-02-17 12:26:11,892 [INFO] IPUIPlugin:80 - create IPUIPlugin
2026-02-17 12:26:11,892 [INFO] IPUIPlugin:80 - create IPUIPlugin
2026-02-17 12:26:11,893 [INFO] IPUIPlugin:80 - create IPUIPlugin
2026-02-17 12:26:11,893 [INFO] IPUIPlugin:80 - create IPUIPlugin
2026-02-17 12:26:11,894 [INFO] IPUIPlugin:80 - create IPUIPlugin
2026-02-17 12:26:11,894 [INFO] IPUIPlugin:80 - create IPUIPlugin
2026-02-17 12:26:11,894 [INFO] IPUIPlugin:80 - create IPUIPlugin
2026-02-17 12:26:11,895 [INFO] IPUIPlugin:80 - create IPUIPlugin
2026-02-17 12:26:11,895 [INFO] IPUIPlugin:80 - create IPUIPlugin
2026-02-17 12:26:11,895 [INFO] IPUIPlugin:80 - create IPUIPlugin
2026-02-17 12:26:11,896 [INFO] IPUIPlugin:80 - create IPUIPlugin
2026-02-17 12:26:11,896 [INFO] IPUIPlugin:80 - create IPUIPlugin
2026-02-17 12:26:11,896 [INFO] IPUIPlugin:80 - create IPUIPlugin
2026-02-17 12:26:11,897 [INFO] IPUIPlugin:80 - create IPUIPlugin
2026-02-17 12:26:11,897 [INFO] IPUIPlugin:80 - create IPUIPlugin
2026-02-17 12:26:11,897 [INFO] IPUIPlugin:80 - create IPUIPlugin
2026-02-17 12:26:11,898 [INFO] IPUIPlugin:80 - create IPUIPlugin
2026-02-17 12:26:11,898 [INFO] IPUIPlugin:80 - create IPUIPlugin
2026-02-17 12:26:11,899 [INFO] IPUIPlugin:80 - create IPUIPlugin
2026-02-17 12:26:11,900 [INFO] IPUIPlugin:80 - create IPUIPlugin
2026-02-17 12:26:11,901 [INFO] IPUIPlugin:80 - create IPUIPlugin
2026-02-17 12:26:11,902 [INFO] IPUIPlugin:80 - create IPUIPlugin
2026-02-17 12:26:11,903 [INFO] IPUIPlugin:80 - create IPUIPlugin
2026-02-17 12:26:12,011 [INFO] CADModel:165 - CPN selected for project levelSTM32L476RGT3
2026-02-17 12:26:12,011 [INFO] CADModel:114 - Register for checkConnection events
2026-02-17 12:26:12,065 [INFO] OpenFileManager:386 - Restore cursor
2026-02-17 12:26:12,597 [INFO] UtilMem:75 - End SaveConfig() Used Memory: 857153696 Bytes (1073741824)
2026-02-17 12:26:12,730 [INFO] UtilMem:75 - End SaveConfig() Used Memory: 881327256 Bytes (1073741824)
2026-02-17 12:26:13,100 [INFO] BlockDiagram:2775 - set Specific Code input for plugin: SYS
2026-02-17 12:26:13,101 [INFO] BlockDiagram:2775 - set Specific Code input for plugin: RCC
2026-02-17 12:26:13,101 [INFO] BlockDiagram:2775 - set Specific Code input for plugin: NVIC
2026-02-17 12:26:13,101 [INFO] BlockDiagram:2775 - set Specific Code input for plugin: USART
2026-02-17 12:26:13,102 [INFO] BlockDiagram:2775 - set Specific Code input for plugin: GPIO
2026-02-17 12:26:13,104 [INFO] CodeGenerator:892 - code generatio: config db path: D:\STM32CubeIDE_1.19.0\STM32CubeIDE\plugins\com.st.stm32cube.common.mx_6.15.0.202507011659\\db\
2026-02-17 12:26:13,306 [INFO] CodeEngine:265 - oldGeneratedFile, D:\UART_DMA_BareMetal\MXTmpFiles\license.tmp_save
2026-02-17 12:26:13,770 [INFO] CodeEngine:289 - Generated code: D:\UART_DMA_BareMetal\MXTmpFiles\license.tmp
2026-02-17 12:26:13,886 [INFO] CodeEngine:265 - oldGeneratedFile, D:\UART_DMA_BareMetal\MXTmpFiles\gpio.tmp_save
2026-02-17 12:26:14,183 [INFO] CodeEngine:289 - Generated code: D:\UART_DMA_BareMetal\MXTmpFiles\gpio.tmp
2026-02-17 12:26:14,372 [INFO] CodeEngine:265 - oldGeneratedFile, D:\UART_DMA_BareMetal\Core\Src\stm32l4xx_it.c_save
2026-02-17 12:26:14,870 [INFO] CodeEngine:289 - Generated code: D:\UART_DMA_BareMetal\Core\Src\stm32l4xx_it.c
2026-02-17 12:26:14,881 [INFO] CodeEngine:265 - oldGeneratedFile, D:\UART_DMA_BareMetal\Core\Inc\stm32l4xx_it.h_save
2026-02-17 12:26:15,035 [INFO] CodeEngine:289 - Generated code: D:\UART_DMA_BareMetal\Core\Inc\stm32l4xx_it.h
2026-02-17 12:26:15,054 [INFO] CodeEngine:265 - oldGeneratedFile, D:\UART_DMA_BareMetal\Core\Src\stm32l4xx_hal_msp.c_save
2026-02-17 12:26:15,384 [INFO] CodeEngine:289 - Generated code: D:\UART_DMA_BareMetal\Core\Src\stm32l4xx_hal_msp.c
2026-02-17 12:26:15,412 [INFO] CodeEngine:265 - oldGeneratedFile, D:\UART_DMA_BareMetal\MXTmpFiles\system.tmp_save
2026-02-17 12:26:15,498 [INFO] CodeEngine:289 - Generated code: D:\UART_DMA_BareMetal\MXTmpFiles\system.tmp
2026-02-17 12:26:15,514 [INFO] CodeEngine:321 - oldGeneratedFile, D:\UART_DMA_BareMetal\Core\Inc\stm32l4xx_hal_conf.h_save
2026-02-17 12:26:15,755 [INFO] CodeEngine:345 - Generated code: D:\UART_DMA_BareMetal\Core\Inc\stm32l4xx_hal_conf.h
2026-02-17 12:26:15,838 [INFO] ApiDbMcu:532 - Load IP Config File for USART2
2026-02-17 12:26:15,842 [INFO] ApiDbMcu:532 - Load IP Config File for RCC
2026-02-17 12:26:15,857 [INFO] CodeEngine:265 - oldGeneratedFile, D:\UART_DMA_BareMetal\Core\Inc\main.h_save
2026-02-17 12:26:16,068 [INFO] CodeEngine:289 - Generated code: D:\UART_DMA_BareMetal\Core\Inc\main.h
2026-02-17 12:26:16,094 [INFO] CodeEngine:265 - oldGeneratedFile, D:\UART_DMA_BareMetal\Core\Src\main.c_save
2026-02-17 12:26:16,351 [INFO] CodeEngine:289 - Generated code: D:\UART_DMA_BareMetal\Core\Src\main.c
2026-02-17 12:26:17,213 [INFO] ProjectBuilder:3606 - Time for Copy HAL[1] : 394mS.
2026-02-17 12:26:17,219 [INFO] ProjectBuilder:5216 - Project Generator version: 4.7.0-B52
2026-02-17 12:26:17,446 [INFO] ConfigFileManager:1595 - The Die is : DIE415
2026-02-17 12:26:17,456 [INFO] ApiDbMcu:532 - Load IP Config File for FATFS
2026-02-17 12:26:17,470 [INFO] ApiDbMcu:532 - Load IP Config File for FREERTOS
2026-02-17 12:26:17,500 [INFO] ApiDbMcu:532 - Load IP Config File for TOUCHSENSING
2026-02-17 12:26:17,515 [INFO] ApiDbMcu:532 - Load IP Config File for USB_DEVICE
2026-02-17 12:26:17,526 [INFO] ApiDbMcu:532 - Load IP Config File for USB_HOST
2026-02-17 12:26:20,312 [INFO] ProjectBuilder:5496 - Time for Generating toolchain IDE Files: 3093mS.
2026-02-17 12:26:20,313 [INFO] ProjectBuilder:3463 - Time for Copy CMSIS : 1mS.
2026-02-17 12:26:20,315 [INFO] ProjectBuilder:3463 - Time for Copy CMSIS : 1mS.
2026-02-17 12:26:22,095 [INFO] McuFinderGlobals:76 - Set McuFinderConnectedMode to true
2026-02-17 12:26:22,100 [INFO] ApiDb:448 - Save user favorites file C:\Users\Hemanth Madu/.stm32cubeide/favorites.mcus.txt: 0 item(s)
2026-02-17 12:26:22,100 [INFO] ApiDb:452 - User favorites MCUs=[]
2026-02-17 12:26:22,107 [INFO] ApiDb:448 - Save user favorites file C:\Users\Hemanth Madu/.stm32cubeide/favorites.boards.txt: 0 item(s)
2026-02-17 12:26:22,107 [INFO] ApiDb:452 - User favorites Boards=[]
2026-02-17 12:30:29,789 [INFO] Gpio:278 - dependency for GPIO [RCC, SYS, USART2]
2026-02-17 12:31:04,351 [INFO] Gpio:278 - dependency for GPIO [RCC, SYS, USART2]
2026-02-17 12:33:50,410 [INFO] Gpio:278 - dependency for GPIO [RCC, SYS, USART2]
2026-02-17 12:34:21,505 [INFO] NvicIntPanel:101 - NVIC parent = com.st.microxplorer.plugins.ip.nvic.MultiNvicIntPanel[,0,0,0x0,invalid,layout=javax.swing.BoxLayout,alignmentX=0.0,alignmentY=0.0,border=,flags=9,maximumSize=,minimumSize=,preferredSize=]
2026-02-17 12:35:40,881 [INFO] UtilMem:75 - End SaveConfig() Used Memory: 850284944 Bytes (1073741824)
2026-02-17 12:35:42,182 [INFO] UtilMem:75 - End SaveConfig() Used Memory: 881172928 Bytes (1073741824)
2026-02-17 12:35:44,802 [INFO] UtilMem:75 - End SaveConfig() Used Memory: 1001277840 Bytes (1073741824)
2026-02-17 12:35:45,805 [INFO] BlockDiagram:2775 - set Specific Code input for plugin: SYS
2026-02-17 12:35:45,805 [INFO] BlockDiagram:2775 - set Specific Code input for plugin: RCC
2026-02-17 12:35:45,805 [INFO] BlockDiagram:2775 - set Specific Code input for plugin: NVIC
2026-02-17 12:35:45,805 [INFO] BlockDiagram:2775 - set Specific Code input for plugin: USART
2026-02-17 12:35:45,805 [INFO] BlockDiagram:2775 - set Specific Code input for plugin: DMA
2026-02-17 12:35:45,806 [INFO] BlockDiagram:2775 - set Specific Code input for plugin: GPIO
2026-02-17 12:35:45,807 [INFO] CodeGenerator:892 - code generatio: config db path: D:\STM32CubeIDE_1.19.0\STM32CubeIDE\plugins\com.st.stm32cube.common.mx_6.15.0.202507011659\\db\
2026-02-17 12:35:46,013 [INFO] CodeEngine:265 - oldGeneratedFile, D:\UART_DMA_BareMetal\MXTmpFiles\license.tmp_save
2026-02-17 12:35:46,471 [INFO] CodeEngine:289 - Generated code: D:\UART_DMA_BareMetal\MXTmpFiles\license.tmp
2026-02-17 12:35:46,555 [INFO] CodeEngine:265 - oldGeneratedFile, D:\UART_DMA_BareMetal\MXTmpFiles\gpio.tmp_save
2026-02-17 12:35:46,782 [INFO] CodeEngine:289 - Generated code: D:\UART_DMA_BareMetal\MXTmpFiles\gpio.tmp
2026-02-17 12:35:47,095 [INFO] CodeEngine:265 - oldGeneratedFile, D:\UART_DMA_BareMetal\MXTmpFiles\dma.tmp_save
2026-02-17 12:35:47,293 [INFO] CodeEngine:289 - Generated code: D:\UART_DMA_BareMetal\MXTmpFiles\dma.tmp
2026-02-17 12:35:47,314 [INFO] CodeEngine:265 - oldGeneratedFile, D:\UART_DMA_BareMetal\MXTmpFiles\dma_GV.tmp_save
2026-02-17 12:35:47,426 [INFO] CodeEngine:289 - Generated code: D:\UART_DMA_BareMetal\MXTmpFiles\dma_GV.tmp
2026-02-17 12:35:47,440 [INFO] CodeEngine:265 - oldGeneratedFile, D:\UART_DMA_BareMetal\Core\Src\stm32l4xx_it.c_save
2026-02-17 12:35:47,902 [INFO] CodeEngine:289 - Generated code: D:\UART_DMA_BareMetal\Core\Src\stm32l4xx_it.c
2026-02-17 12:35:47,910 [INFO] CodeEngine:265 - oldGeneratedFile, D:\UART_DMA_BareMetal\Core\Inc\stm32l4xx_it.h_save
2026-02-17 12:35:48,044 [INFO] CodeEngine:289 - Generated code: D:\UART_DMA_BareMetal\Core\Inc\stm32l4xx_it.h
2026-02-17 12:35:48,058 [INFO] CodeEngine:265 - oldGeneratedFile, D:\UART_DMA_BareMetal\Core\Src\stm32l4xx_hal_msp.c_save
2026-02-17 12:35:48,396 [INFO] CodeEngine:289 - Generated code: D:\UART_DMA_BareMetal\Core\Src\stm32l4xx_hal_msp.c
2026-02-17 12:35:48,400 [INFO] CodeEngine:265 - oldGeneratedFile, D:\UART_DMA_BareMetal\MXTmpFiles\system.tmp_save
2026-02-17 12:35:48,489 [INFO] CodeEngine:289 - Generated code: D:\UART_DMA_BareMetal\MXTmpFiles\system.tmp
2026-02-17 12:35:48,512 [INFO] CodeEngine:321 - oldGeneratedFile, D:\UART_DMA_BareMetal\Core\Inc\stm32l4xx_hal_conf.h_save
2026-02-17 12:35:48,722 [INFO] CodeEngine:345 - Generated code: D:\UART_DMA_BareMetal\Core\Inc\stm32l4xx_hal_conf.h
2026-02-17 12:35:48,779 [INFO] CodeEngine:265 - oldGeneratedFile, D:\UART_DMA_BareMetal\Core\Inc\main.h_save
2026-02-17 12:35:48,977 [INFO] CodeEngine:289 - Generated code: D:\UART_DMA_BareMetal\Core\Inc\main.h
2026-02-17 12:35:48,982 [INFO] CodeEngine:265 - oldGeneratedFile, D:\UART_DMA_BareMetal\Core\Src\main.c_save
2026-02-17 12:35:49,186 [INFO] CodeEngine:289 - Generated code: D:\UART_DMA_BareMetal\Core\Src\main.c
2026-02-17 12:35:49,592 [INFO] ProjectBuilder:3606 - Time for Copy HAL[1] : 181mS.
2026-02-17 12:35:49,596 [INFO] ProjectBuilder:5216 - Project Generator version: 4.7.0-B52
2026-02-17 12:35:49,707 [INFO] ConfigFileManager:1595 - The Die is : DIE415
2026-02-17 12:35:51,219 [INFO] ProjectBuilder:5496 - Time for Generating toolchain IDE Files: 1622mS.
2026-02-17 12:35:51,220 [INFO] ProjectBuilder:3463 - Time for Copy CMSIS : 1mS.
2026-02-17 12:35:51,222 [INFO] ProjectBuilder:3463 - Time for Copy CMSIS : 0mS.
2026-02-17 12:47:22,114 [INFO] NvicIntPanel:101 - NVIC parent = com.st.microxplorer.plugins.ip.nvic.MultiNvicIntPanel[,0,0,477x169,layout=javax.swing.BoxLayout,alignmentX=0.0,alignmentY=0.0,border=,flags=9,maximumSize=,minimumSize=,preferredSize=]
2026-02-17 14:03:59,614 [INFO] WebApp:194 - Connection lost
2026-02-17 14:04:09,462 [INFO] WebApp:191 - Connection restablished
2026-02-17 14:04:12,396 [INFO] WebApp:194 - Connection lost
2026-02-17 14:04:12,568 [INFO] WebApp:191 - Connection restablished
2026-02-17 14:11:53,256 [INFO] UtilMem:75 - End SaveConfig() Used Memory: 764677608 Bytes (1073741824)
2026-02-17 14:11:54,826 [INFO] UtilMem:75 - End SaveConfig() Used Memory: 795086312 Bytes (1073741824)
2026-02-17 14:11:56,407 [INFO] UtilMem:75 - End SaveConfig() Used Memory: 866911720 Bytes (1073741824)
2026-02-17 14:11:56,990 [INFO] BlockDiagram:2775 - set Specific Code input for plugin: SYS
2026-02-17 14:11:56,991 [INFO] BlockDiagram:2775 - set Specific Code input for plugin: RCC
2026-02-17 14:11:56,991 [INFO] BlockDiagram:2775 - set Specific Code input for plugin: NVIC
2026-02-17 14:11:56,991 [INFO] BlockDiagram:2775 - set Specific Code input for plugin: USART
2026-02-17 14:11:56,991 [INFO] BlockDiagram:2775 - set Specific Code input for plugin: DMA
2026-02-17 14:11:56,992 [INFO] BlockDiagram:2775 - set Specific Code input for plugin: GPIO
2026-02-17 14:11:56,993 [INFO] CodeGenerator:892 - code generatio: config db path: D:\STM32CubeIDE_1.19.0\STM32CubeIDE\plugins\com.st.stm32cube.common.mx_6.15.0.202507011659\\db\
2026-02-17 14:11:57,209 [INFO] CodeEngine:265 - oldGeneratedFile, D:\UART_DMA_BareMetal\MXTmpFiles\license.tmp_save
2026-02-17 14:11:57,823 [INFO] CodeEngine:289 - Generated code: D:\UART_DMA_BareMetal\MXTmpFiles\license.tmp
2026-02-17 14:11:57,962 [INFO] CodeEngine:265 - oldGeneratedFile, D:\UART_DMA_BareMetal\MXTmpFiles\gpio.tmp_save
2026-02-17 14:11:58,258 [INFO] CodeEngine:289 - Generated code: D:\UART_DMA_BareMetal\MXTmpFiles\gpio.tmp
2026-02-17 14:11:58,679 [INFO] CodeEngine:265 - oldGeneratedFile, D:\UART_DMA_BareMetal\MXTmpFiles\dma.tmp_save
2026-02-17 14:11:58,949 [INFO] CodeEngine:289 - Generated code: D:\UART_DMA_BareMetal\MXTmpFiles\dma.tmp
2026-02-17 14:11:58,974 [INFO] CodeEngine:265 - oldGeneratedFile, D:\UART_DMA_BareMetal\MXTmpFiles\dma_GV.tmp_save
2026-02-17 14:11:59,105 [INFO] CodeEngine:289 - Generated code: D:\UART_DMA_BareMetal\MXTmpFiles\dma_GV.tmp
2026-02-17 14:11:59,127 [INFO] CodeEngine:265 - oldGeneratedFile, D:\UART_DMA_BareMetal\Core\Src\stm32l4xx_it.c_save
2026-02-17 14:11:59,777 [INFO] CodeEngine:289 - Generated code: D:\UART_DMA_BareMetal\Core\Src\stm32l4xx_it.c
2026-02-17 14:11:59,790 [INFO] CodeEngine:265 - oldGeneratedFile, D:\UART_DMA_BareMetal\Core\Inc\stm32l4xx_it.h_save
2026-02-17 14:11:59,931 [INFO] CodeEngine:289 - Generated code: D:\UART_DMA_BareMetal\Core\Inc\stm32l4xx_it.h
2026-02-17 14:11:59,966 [INFO] CodeEngine:265 - oldGeneratedFile, D:\UART_DMA_BareMetal\Core\Src\stm32l4xx_hal_msp.c_save
2026-02-17 14:12:00,325 [INFO] CodeEngine:289 - Generated code: D:\UART_DMA_BareMetal\Core\Src\stm32l4xx_hal_msp.c
2026-02-17 14:12:00,342 [INFO] CodeEngine:265 - oldGeneratedFile, D:\UART_DMA_BareMetal\MXTmpFiles\system.tmp_save
2026-02-17 14:12:00,425 [INFO] CodeEngine:289 - Generated code: D:\UART_DMA_BareMetal\MXTmpFiles\system.tmp
2026-02-17 14:12:00,443 [INFO] CodeEngine:321 - oldGeneratedFile, D:\UART_DMA_BareMetal\Core\Inc\stm32l4xx_hal_conf.h_save
2026-02-17 14:12:00,703 [INFO] CodeEngine:345 - Generated code: D:\UART_DMA_BareMetal\Core\Inc\stm32l4xx_hal_conf.h
2026-02-17 14:12:00,782 [INFO] CodeEngine:265 - oldGeneratedFile, D:\UART_DMA_BareMetal\Core\Inc\main.h_save
2026-02-17 14:12:01,033 [INFO] CodeEngine:289 - Generated code: D:\UART_DMA_BareMetal\Core\Inc\main.h
2026-02-17 14:12:01,044 [INFO] CodeEngine:265 - oldGeneratedFile, D:\UART_DMA_BareMetal\Core\Src\main.c_save
2026-02-17 14:12:01,264 [INFO] CodeEngine:289 - Generated code: D:\UART_DMA_BareMetal\Core\Src\main.c
2026-02-17 14:12:01,940 [INFO] ProjectBuilder:3606 - Time for Copy HAL[1] : 365mS.
2026-02-17 14:12:01,944 [INFO] ProjectBuilder:5216 - Project Generator version: 4.7.0-B52
2026-02-17 14:12:02,093 [INFO] ConfigFileManager:1595 - The Die is : DIE415
2026-02-17 14:12:03,624 [INFO] ProjectBuilder:5496 - Time for Generating toolchain IDE Files: 1679mS.
2026-02-17 14:12:03,625 [INFO] ProjectBuilder:3463 - Time for Copy CMSIS : 0mS.
2026-02-17 14:12:03,627 [INFO] ProjectBuilder:3463 - Time for Copy CMSIS : 0mS.
2026-02-17 14:26:59,155 [INFO] UtilMem:75 - End SaveConfig() Used Memory: 878978944 Bytes (1073741824)
2026-02-17 14:27:00,330 [INFO] UtilMem:75 - End SaveConfig() Used Memory: 906241920 Bytes (1073741824)
2026-02-17 14:27:02,199 [INFO] UtilMem:75 - End SaveConfig() Used Memory: 772202800 Bytes (1073741824)
2026-02-17 14:27:02,630 [INFO] BlockDiagram:2775 - set Specific Code input for plugin: SYS
2026-02-17 14:27:02,630 [INFO] BlockDiagram:2775 - set Specific Code input for plugin: RCC
2026-02-17 14:27:02,631 [INFO] BlockDiagram:2775 - set Specific Code input for plugin: NVIC
2026-02-17 14:27:02,631 [INFO] BlockDiagram:2775 - set Specific Code input for plugin: USART
2026-02-17 14:27:02,632 [INFO] BlockDiagram:2775 - set Specific Code input for plugin: DMA
2026-02-17 14:27:02,632 [INFO] BlockDiagram:2775 - set Specific Code input for plugin: GPIO
2026-02-17 14:27:02,634 [INFO] CodeGenerator:892 - code generatio: config db path: D:\STM32CubeIDE_1.19.0\STM32CubeIDE\plugins\com.st.stm32cube.common.mx_6.15.0.202507011659\\db\
2026-02-17 14:27:02,827 [INFO] CodeEngine:265 - oldGeneratedFile, D:\UART_DMA_BareMetal\MXTmpFiles\license.tmp_save
2026-02-17 14:27:03,092 [INFO] CodeEngine:289 - Generated code: D:\UART_DMA_BareMetal\MXTmpFiles\license.tmp
2026-02-17 14:27:03,156 [INFO] CodeEngine:265 - oldGeneratedFile, D:\UART_DMA_BareMetal\MXTmpFiles\gpio.tmp_save
2026-02-17 14:27:03,368 [INFO] CodeEngine:289 - Generated code: D:\UART_DMA_BareMetal\MXTmpFiles\gpio.tmp
2026-02-17 14:27:03,558 [INFO] CodeEngine:265 - oldGeneratedFile, D:\UART_DMA_BareMetal\MXTmpFiles\dma.tmp_save
2026-02-17 14:27:03,752 [INFO] CodeEngine:289 - Generated code: D:\UART_DMA_BareMetal\MXTmpFiles\dma.tmp
2026-02-17 14:27:03,756 [INFO] CodeEngine:265 - oldGeneratedFile, D:\UART_DMA_BareMetal\MXTmpFiles\dma_GV.tmp_save
2026-02-17 14:27:03,835 [INFO] CodeEngine:289 - Generated code: D:\UART_DMA_BareMetal\MXTmpFiles\dma_GV.tmp
2026-02-17 14:27:03,847 [INFO] CodeEngine:265 - oldGeneratedFile, D:\UART_DMA_BareMetal\Core\Src\stm32l4xx_it.c_save
2026-02-17 14:27:04,243 [INFO] CodeEngine:289 - Generated code: D:\UART_DMA_BareMetal\Core\Src\stm32l4xx_it.c
2026-02-17 14:27:04,251 [INFO] CodeEngine:265 - oldGeneratedFile, D:\UART_DMA_BareMetal\Core\Inc\stm32l4xx_it.h_save
2026-02-17 14:27:04,336 [INFO] CodeEngine:289 - Generated code: D:\UART_DMA_BareMetal\Core\Inc\stm32l4xx_it.h
2026-02-17 14:27:04,351 [INFO] CodeEngine:265 - oldGeneratedFile, D:\UART_DMA_BareMetal\Core\Src\stm32l4xx_hal_msp.c_save
2026-02-17 14:27:04,593 [INFO] CodeEngine:289 - Generated code: D:\UART_DMA_BareMetal\Core\Src\stm32l4xx_hal_msp.c
2026-02-17 14:27:04,599 [INFO] CodeEngine:265 - oldGeneratedFile, D:\UART_DMA_BareMetal\MXTmpFiles\system.tmp_save
2026-02-17 14:27:04,676 [INFO] CodeEngine:289 - Generated code: D:\UART_DMA_BareMetal\MXTmpFiles\system.tmp
2026-02-17 14:27:04,686 [INFO] CodeEngine:321 - oldGeneratedFile, D:\UART_DMA_BareMetal\Core\Inc\stm32l4xx_hal_conf.h_save
2026-02-17 14:27:04,894 [INFO] CodeEngine:345 - Generated code: D:\UART_DMA_BareMetal\Core\Inc\stm32l4xx_hal_conf.h
2026-02-17 14:27:04,946 [INFO] CodeEngine:265 - oldGeneratedFile, D:\UART_DMA_BareMetal\Core\Inc\main.h_save
2026-02-17 14:27:05,151 [INFO] CodeEngine:289 - Generated code: D:\UART_DMA_BareMetal\Core\Inc\main.h
2026-02-17 14:27:05,155 [INFO] CodeEngine:265 - oldGeneratedFile, D:\UART_DMA_BareMetal\Core\Src\main.c_save
2026-02-17 14:27:05,320 [INFO] CodeEngine:289 - Generated code: D:\UART_DMA_BareMetal\Core\Src\main.c
2026-02-17 14:27:05,785 [INFO] ProjectBuilder:3606 - Time for Copy HAL[1] : 215mS.
2026-02-17 14:27:05,788 [INFO] ProjectBuilder:5216 - Project Generator version: 4.7.0-B52
2026-02-17 14:27:05,910 [INFO] ConfigFileManager:1595 - The Die is : DIE415
2026-02-17 14:27:07,373 [INFO] ProjectBuilder:5496 - Time for Generating toolchain IDE Files: 1584mS.
2026-02-17 14:27:07,374 [INFO] ProjectBuilder:3463 - Time for Copy CMSIS : 1mS.
2026-02-17 14:27:07,376 [INFO] ProjectBuilder:3463 - Time for Copy CMSIS : 0mS.
2026-02-17 14:29:15,084 [INFO] NvicIntPanel:101 - NVIC parent = com.st.microxplorer.plugins.ip.nvic.MultiNvicIntPanel[,0,0,489x169,layout=javax.swing.BoxLayout,alignmentX=0.0,alignmentY=0.0,border=,flags=9,maximumSize=,minimumSize=,preferredSize=]
2026-02-17 14:41:49,205 [INFO] MainUpdater:2872 - connection check result : 10
2026-02-17 14:41:49,488 [INFO] McuFinderGlobals:76 - Set McuFinderConnectedMode to true
2026-02-17 14:41:49,495 [INFO] MultiScanPanel:200 - Auto-refresh data requested => check proxy status ongoing
2026-02-17 14:41:49,495 [INFO] FinderPluginLoader:96 - Searching for filters in installed packs
2026-02-17 14:41:52,126 [INFO] LoadUrlFilesThread:185 - End of LoadServerUrlFiles without Thread
2026-02-17 14:41:52,128 [INFO] DetailPanel:341 - Set advertising image to C:/Users/Hemanth Madu/STM32Cube/Repository/\en.prom-stm32c0-entry-level-graphic-0226.png
2026-02-17 14:42:16,764 [INFO] MultiScanPanel:200 - Auto-refresh data requested => check proxy status ongoing
2026-02-17 14:42:16,888 [INFO] LoadUrlFilesThread:185 - End of LoadServerUrlFiles without Thread
2026-02-17 14:42:16,888 [INFO] DetailPanel:341 - Set advertising image to C:/Users/Hemanth Madu/STM32Cube/Repository/\en.prom-stm32c0-entry-level-graphic-0226.png
2026-02-17 14:42:36,021 [INFO] MainUpdater:2872 - connection check result : 10
2026-02-17 14:42:36,022 [INFO] MainUpdater:2872 - connection check result : 10
2026-02-17 14:42:36,296 [INFO] MicroXplorer:468 - Change Database Path : 
2026-02-17 14:42:36,297 [INFO] MicroXplorer:498 - Change Database Version : DB.6.0.150
2026-02-17 14:42:36,358 [ERROR] ProjectManagerView:395 - 
java.lang.NullPointerException: Cannot invoke "javax.swing.JTextField.getText()" because the return value of "java.util.List.get(int)" is null
	at com.st.microxplorer.plugins.projectmanager.gui.ProjectChoiceTab$9.caretUpdate(ProjectChoiceTab.java:2706) ~[filemanager.jar:?]
	at javax.swing.text.JTextComponent.fireCaretUpdate(JTextComponent.java:408) ~[?:?]
	at javax.swing.text.JTextComponent$MutableCaretEvent.fire(JTextComponent.java:4484) ~[?:?]
	at javax.swing.text.JTextComponent$MutableCaretEvent.stateChanged(JTextComponent.java:4506) ~[?:?]
	at javax.swing.text.DefaultCaret.fireStateChanged(DefaultCaret.java:857) ~[?:?]
	at javax.swing.text.DefaultCaret.changeCaretPosition(DefaultCaret.java:1343) ~[?:?]
	at javax.swing.text.DefaultCaret.handleSetDot(DefaultCaret.java:1242) ~[?:?]
	at javax.swing.text.DefaultCaret.setDot(DefaultCaret.java:1223) ~[?:?]
	at javax.swing.text.DefaultCaret$Handler.insertUpdate(DefaultCaret.java:1819) ~[?:?]
	at javax.swing.text.AbstractDocument.fireInsertUpdate(AbstractDocument.java:227) ~[?:?]
	at javax.swing.text.AbstractDocument.handleInsertString(AbstractDocument.java:781) ~[?:?]
	at javax.swing.text.AbstractDocument.insertString(AbstractDocument.java:740) ~[?:?]
	at javax.swing.text.PlainDocument.insertString(PlainDocument.java:131) ~[?:?]
	at javax.swing.text.AbstractDocument.replace(AbstractDocument.java:699) ~[?:?]
	at javax.swing.text.JTextComponent.setText(JTextComponent.java:1725) ~[?:?]
	at com.st.microxplorer.plugins.projectmanager.gui.ProjectChoiceTab.createHeapStackFields(ProjectChoiceTab.java:993) ~[filemanager.jar:?]
	at com.st.microxplorer.plugins.projectmanager.gui.ProjectChoiceTab.buildLinkSettingsPanel(ProjectChoiceTab.java:3813) ~[filemanager.jar:?]
	at com.st.microxplorer.plugins.projectmanager.gui.ProjectChoiceTab.defineWindowsFields(ProjectChoiceTab.java:1987) ~[filemanager.jar:?]
	at com.st.microxplorer.plugins.projectmanager.gui.ProjectChoiceTab.updateSettings(ProjectChoiceTab.java:558) ~[filemanager.jar:?]
	at com.st.microxplorer.plugins.projectmanager.gui.ProjectSettingsPanel.UpdateDialog(ProjectSettingsPanel.java:247) ~[filemanager.jar:?]
	at com.st.microxplorer.plugins.projectmanager.ProjectManagerView.propertyChange(ProjectManagerView.java:392) ~[filemanager.jar:?]
	at java.beans.PropertyChangeSupport.fire(PropertyChangeSupport.java:343) ~[?:?]
	at java.beans.PropertyChangeSupport.firePropertyChange(PropertyChangeSupport.java:335) ~[?:?]
	at java.beans.PropertyChangeSupport.firePropertyChange(PropertyChangeSupport.java:268) ~[?:?]
	at com.st.microxplorer.util.MXPropertyChangeSupport.firePropertyChange(MXPropertyChangeSupport.java:54) ~[STM32CubeMX.jar:?]
	at com.st.microxplorer.mxsystem.MxSystem.closeConfig(MxSystem.java:899) ~[STM32CubeMX.jar:?]
	at com.st.microxplorer.maingui.MainPanel.closeConfig(MainPanel.java:792) ~[STM32CubeMX.jar:?]
	at com.st.microxplorer.plugins.filemanager.engine.OpenFileManager.loadConfigurationFile(OpenFileManager.java:288) ~[filemanager.jar:?]
	at com.st.microxplorer.plugins.filemanager.engine.MainFileManager.userLoadConfig(MainFileManager.java:364) ~[filemanager.jar:?]
	at com.st.microxplorer.plugins.filemanager.FileManagerView.getSpecificTask(FileManagerView.java:268) ~[filemanager.jar:?]
	at com.st.stm32cube.common.mx.editor.CubeMxEditor.getMxTabbedPaneInstance(CubeMxEditor.java:1191) ~[com.st.stm32cube.common.mx_6.15.0.202507011659/:?]
	at com.st.stm32cube.common.mx.editor.CubeMxEditor$12$1.createSwingComponent(CubeMxEditor.java:1068) ~[com.st.stm32cube.common.mx_6.15.0.202507011659/:?]
	at com.st.stm32cube.common.mx.oss.core.awtswtbridge.EmbeddedSwingComposite.doComponentCreation(EmbeddedSwingComposite.java:492) ~[com.st.stm32cube.common.mx.oss_6.15.0.202507011659/:?]
	at com.st.stm32cube.common.mx.oss.core.awtswtbridge.EmbeddedSwingComposite$4.run(EmbeddedSwingComposite.java:291) ~[com.st.stm32cube.common.mx.oss_6.15.0.202507011659/:?]
	at com.st.stm32cube.common.mx.oss.core.awtswtbridge.AwtEnvironment$2.run(AwtEnvironment.java:166) ~[com.st.stm32cube.common.mx.oss_6.15.0.202507011659/:?]
	at java.awt.event.InvocationEvent.dispatch(InvocationEvent.java:318) ~[?:?]
	at java.awt.EventQueue.dispatchEventImpl(EventQueue.java:773) ~[?:?]
	at java.awt.EventQueue$4.run(EventQueue.java:720) ~[?:?]
	at java.awt.EventQueue$4.run(EventQueue.java:714) ~[?:?]
	at java.security.AccessController.doPrivileged(AccessController.java:400) ~[?:?]
	at java.security.ProtectionDomain$JavaSecurityAccessImpl.doIntersectionPrivilege(ProtectionDomain.java:87) ~[?:?]
	at java.awt.EventQueue.dispatchEvent(EventQueue.java:742) ~[?:?]
	at java.awt.EventDispatchThread.pumpOneEventForFilters(EventDispatchThread.java:203) ~[?:?]
	at java.awt.EventDispatchThread.pumpEventsForFilter(EventDispatchThread.java:124) ~[?:?]
	at java.awt.EventDispatchThread.pumpEventsForHierarchy(EventDispatchThread.java:113) ~[?:?]
	at java.awt.EventDispatchThread.pumpEvents(EventDispatchThread.java:109) ~[?:?]
	at java.awt.EventDispatchThread.pumpEvents(EventDispatchThread.java:101) ~[?:?]
	at java.awt.EventDispatchThread.run(EventDispatchThread.java:90) ~[?:?]
2026-02-17 14:42:36,360 [WARN] ThirdParty:871 - waiting for thirdparty lock release [close project]
2026-02-17 14:42:36,360 [INFO] ThirdParty:873 - entering critical section [close project]
2026-02-17 14:42:36,360 [INFO] ThirdParty:883 - exiting critical section [close project]
2026-02-17 14:42:36,371 [INFO] PinOutPanel:1589 - setPackage(No Configuration,No Configuration)
2026-02-17 14:42:36,386 [INFO] UtilMem:75 - Begin LoadConfig() Used Memory: 847391288 Bytes (1073741824)
2026-02-17 14:42:36,388 [INFO] OpenFileManager:355 - Change cursor
2026-02-17 14:42:36,499 [INFO] RulesReader:64 - Compatibility file has been processed (317 Rules)
2026-02-17 14:42:36,549 [INFO] ProjectFactory:514 - No CPN specified for board NUCLEO-L476RG => set CPN to STM32L476RGT3
2026-02-17 14:42:36,550 [INFO] Mcu:2029 - Initializing MCU STM32L476R(C-E-G)Tx STM32L476RGTx STM32L476RGT3
2026-02-17 14:42:41,439 [INFO] Context:786 - Trying to add GPIOservice into a context  which must be forbidden
2026-02-17 14:42:42,862 [INFO] Rule:233 - rule 117617 - U5Cobra4M][GTZC] default value MPCBB3 and MPCBB5 - Not Secured memory - MPCBB1 is applicable
2026-02-17 14:42:42,863 [INFO] Rule:233 - rule 117617 - U5Cobra4M][GTZC] default value MPCBB3 and MPCBB5 - Not Secured memory - MPCBB1 is applicable
2026-02-17 14:42:42,863 [INFO] Rule:233 - rule 117617 - U5Cobra4M][GTZC] default value MPCBB3 and MPCBB5 - Not Secured memory - MPCBB2 is applicable
2026-02-17 14:42:42,863 [INFO] Rule:233 - rule 117617 - U5Cobra4M][GTZC] default value MPCBB3 and MPCBB5 - Not Secured memory - MPCBB2 is applicable
2026-02-17 14:42:42,863 [INFO] Rule:233 - rule 117617 - U5Cobra4M][GTZC] default value MPCBB3 and MPCBB5 - Not Secured memory - MPCBB3 is applicable
2026-02-17 14:42:42,863 [INFO] Rule:233 - rule 117617 - U5Cobra4M][GTZC] default value MPCBB3 and MPCBB5 - Not Secured memory - MPCBB3 is applicable
2026-02-17 14:42:42,863 [INFO] Rule:233 - rule 117617 - U5Cobra4M][GTZC] default value MPCBB3 and MPCBB5 - Not Secured memory - MPCBB4 is applicable
2026-02-17 14:42:42,863 [INFO] Rule:233 - rule 117617 - U5Cobra4M][GTZC] default value MPCBB3 and MPCBB5 - Not Secured memory - MPCBB4 is applicable
2026-02-17 14:42:42,863 [INFO] Rule:233 - rule 117617 - U5Cobra4M][GTZC] default value MPCBB3 and MPCBB5 - Secured memory - MPCBB1 is applicable
2026-02-17 14:42:42,864 [INFO] Rule:233 - rule 117617 - U5Cobra4M][GTZC] default value MPCBB3 and MPCBB5 - Secured memory - MPCBB2 is applicable
2026-02-17 14:42:42,864 [INFO] Rule:233 - rule 117617 - U5Cobra4M][GTZC] default value MPCBB3 and MPCBB5 - Secured memory - MPCBB3 is applicable
2026-02-17 14:42:42,864 [INFO] Rule:233 - rule 117617 - U5Cobra4M][GTZC] default value MPCBB3 and MPCBB5 - Secured memory - MPCBB4 is applicable
2026-02-17 14:42:42,864 [INFO] Rule:233 - rule 117617 - U5Cobra4M][GTZC] default value MPCBB3 and MPCBB5 - Privileged memory - MPCBB1 is applicable
2026-02-17 14:42:42,864 [INFO] Rule:233 - rule 117617 - U5Cobra4M][GTZC] default value MPCBB3 and MPCBB5 - Privileged memory - MPCBB2 is applicable
2026-02-17 14:42:42,864 [INFO] Rule:233 - rule 117617 - U5Cobra4M][GTZC] default value MPCBB3 and MPCBB5 - Privileged memory - MPCBB3 is applicable
2026-02-17 14:42:42,864 [INFO] Rule:233 - rule 117617 - U5Cobra4M][GTZC] default value MPCBB3 and MPCBB5 - Privileged memory - MPCBB4 is applicable
2026-02-17 14:42:42,864 [INFO] Rule:233 - rule 117617 - U5Cobra4M][GTZC] default value MPCBB3 and MPCBB5 - Not Privileged memory - MPCBB1 is applicable
2026-02-17 14:42:42,864 [INFO] Rule:233 - rule 117617 - U5Cobra4M][GTZC] default value MPCBB3 and MPCBB5 - Not Privileged memory - MPCBB2 is applicable
2026-02-17 14:42:42,864 [INFO] Rule:233 - rule 117617 - U5Cobra4M][GTZC] default value MPCBB3 and MPCBB5 - Not Privileged memory - MPCBB3 is applicable
2026-02-17 14:42:42,864 [INFO] Rule:233 - rule 117617 - U5Cobra4M][GTZC] default value MPCBB3 and MPCBB5 - Not Privileged memory - MPCBB4 is applicable
2026-02-17 14:42:42,864 [INFO] Rule:233 - rule 117617 - U5Cobra4M][GTZC] default value MPCBB3 and MPCBB5 - Privileged memory - MPCBB1 is applicable
2026-02-17 14:42:42,864 [INFO] Rule:233 - rule 117617 - U5Cobra4M][GTZC] default value MPCBB3 and MPCBB5 - Privileged memory - MPCBB2 is applicable
2026-02-17 14:42:42,864 [INFO] Rule:233 - rule 117617 - U5Cobra4M][GTZC] default value MPCBB3 and MPCBB5 - Privileged memory - MPCBB3 is applicable
2026-02-17 14:42:42,864 [INFO] Rule:233 - rule 117617 - U5Cobra4M][GTZC] default value MPCBB3 and MPCBB5 - Privileged memory - MPCBB4 is applicable
2026-02-17 14:42:42,864 [INFO] Rule:233 - rule 117617 - U5Cobra4M][GTZC] default value MPCBB3 and MPCBB5 - Privileged memory - MPCBB1 is applicable
2026-02-17 14:42:42,865 [INFO] Rule:233 - rule 117617 - U5Cobra4M][GTZC] default value MPCBB3 and MPCBB5 - Privileged memory - MPCBB2 is applicable
2026-02-17 14:42:42,865 [INFO] Rule:233 - rule 117617 - U5Cobra4M][GTZC] default value MPCBB3 and MPCBB5 - Privileged memory - MPCBB3 is applicable
2026-02-17 14:42:42,865 [INFO] Rule:233 - rule 117617 - U5Cobra4M][GTZC] default value MPCBB3 and MPCBB5 - Privileged memory - MPCBB4 is applicable
2026-02-17 14:42:42,865 [INFO] Rule:233 - rule 117617 - U5Cobra4M][GTZC] default value MPCBB3 and MPCBB5 - Not Privileged memory - MPCBB1 is applicable
2026-02-17 14:42:42,865 [INFO] Rule:233 - rule 117617 - U5Cobra4M][GTZC] default value MPCBB3 and MPCBB5 - Not Privileged memory - MPCBB2 is applicable
2026-02-17 14:42:42,865 [INFO] Rule:233 - rule 117617 - U5Cobra4M][GTZC] default value MPCBB3 and MPCBB5 - Not Privileged memory - MPCBB3 is applicable
2026-02-17 14:42:42,865 [INFO] Rule:233 - rule 117617 - U5Cobra4M][GTZC] default value MPCBB3 and MPCBB5 - Not Privileged memory - MPCBB4 is applicable
2026-02-17 14:42:42,865 [INFO] Rule:233 - rule 117617 - U5Cobra4M][GTZC] default value MPCBB3 and MPCBB5 - Privileged memory - MPCBB1 is applicable
2026-02-17 14:42:42,865 [INFO] Rule:233 - rule 117617 - U5Cobra4M][GTZC] default value MPCBB3 and MPCBB5 - Privileged memory - MPCBB2 is applicable
2026-02-17 14:42:42,865 [INFO] Rule:233 - rule 117617 - U5Cobra4M][GTZC] default value MPCBB3 and MPCBB5 - Privileged memory - MPCBB3 is applicable
2026-02-17 14:42:42,865 [INFO] Rule:233 - rule 117617 - U5Cobra4M][GTZC] default value MPCBB3 and MPCBB5 - Privileged memory - MPCBB4 is applicable
2026-02-17 14:42:42,865 [INFO] Rule:233 - rule Rename SubGHz_Phy SUBGHZ_APPLICATION SUBGHZ_PINGPONG to SUBGHZ_ADV_APPLICATION is applicable
2026-02-17 14:42:42,865 [INFO] Rule:233 - rule Rename Enabled to IBEACON is applicable
2026-02-17 14:42:42,865 [INFO] Rule:233 - rule GTZC_S instance for project manager is applicable
2026-02-17 14:42:42,866 [INFO] Rule:233 - rule GTZC_S instance for context M33S is applicable
2026-02-17 14:42:42,866 [INFO] Rule:233 - rule GTZC_S instance value for IP GTZC is applicable
2026-02-17 14:42:42,866 [INFO] Rule:233 - rule GTZC_S instance for mcu.IP is applicable
2026-02-17 14:42:42,866 [INFO] Rule:233 - rule GTZC_S instance for VP is applicable
2026-02-17 14:42:42,866 [INFO] Rule:233 - rule GTZC_S instance for signal is applicable
2026-02-17 14:42:42,866 [INFO] Rule:233 - rule GTZC_S instance for mcu.Pin is applicable
2026-02-17 14:42:42,866 [INFO] Rule:233 - rule GTZC_S instance for VP is applicable
2026-02-17 14:42:42,866 [INFO] Rule:233 - rule GTZC_S instance for signal is applicable
2026-02-17 14:42:42,866 [INFO] Rule:233 - rule GTZC_S instance for mcu is applicable
2026-02-17 14:42:42,866 [INFO] Rule:233 - rule GTZC_S instance for mcu.Pin is applicable
2026-02-17 14:42:42,866 [INFO] Rule:233 - rule GTZC_S instance value for IP GTZC is applicable
2026-02-17 14:42:42,866 [INFO] Rule:233 - rule GTZC_S instance for project manager is applicable
2026-02-17 14:42:42,866 [INFO] Rule:233 - rule GTZC_S instance for context M33S is applicable
2026-02-17 14:42:42,866 [INFO] Rule:233 - rule GTZC_S instance for VP is applicable
2026-02-17 14:42:42,866 [INFO] Rule:233 - rule GTZC_S instance for signal is applicable
2026-02-17 14:42:42,866 [INFO] Rule:233 - rule SPDIFRX instance for mcu is applicable
2026-02-17 14:42:42,866 [INFO] Rule:233 - rule Rename Tracer Mode is applicable
2026-02-17 14:42:42,866 [INFO] Rule:233 - rule SPDIFRX instance value for IP SPDIFRX is applicable
2026-02-17 14:42:42,866 [INFO] Rule:233 - rule SPDIFRX instance for signal is applicable
2026-02-17 14:42:42,866 [INFO] Rule:233 - rule SPDIFRX instance for project manager is applicable
2026-02-17 14:42:42,866 [INFO] Rule:233 - rule SPDIFRX instance for project manager is applicable
2026-02-17 14:42:42,867 [INFO] Rule:233 - rule ADC Scan  fix with FW F7 is applicable
2026-02-17 14:42:42,867 [INFO] Rule:233 - rule ADC Scan  fix with FW F7 is applicable
2026-02-17 14:42:42,867 [INFO] Rule:233 - rule WakeUp0 Mode is applicable
2026-02-17 14:42:42,867 [INFO] Rule:233 - rule WakeUp0 SIGNAL is applicable
2026-02-17 14:42:42,867 [INFO] Rule:233 - rule WakeUp1 Mode is applicable
2026-02-17 14:42:42,867 [INFO] Rule:233 - rule WakeUp1 SIGNAL is applicable
2026-02-17 14:42:42,868 [INFO] Rule:233 - rule WakeUp2 Mode is applicable
2026-02-17 14:42:42,868 [INFO] Rule:233 - rule WakeUp2 SIGNAL is applicable
2026-02-17 14:42:42,868 [INFO] Rule:233 - rule WakeUp4 Mode is applicable
2026-02-17 14:42:42,868 [INFO] Rule:233 - rule WakeUp4 SIGNAL is applicable
2026-02-17 14:42:42,868 [INFO] Rule:233 - rule WakeUp5 Mode is applicable
2026-02-17 14:42:42,868 [INFO] Rule:233 - rule WakeUp5 SIGNAL is applicable
2026-02-17 14:42:42,868 [INFO] Rule:233 - rule Add RTC Activate Clock Source is applicable
2026-02-17 14:42:42,868 [INFO] Rule:233 - rule Add RTC Activate Calendar 1 is applicable
2026-02-17 14:42:42,868 [INFO] Rule:233 - rule Add RTC Activate Calendar 2 is applicable
2026-02-17 14:42:42,868 [INFO] Rule:233 - rule Add RTC Activate Calendar 3 is applicable
2026-02-17 14:42:42,868 [INFO] Rule:233 - rule UART/USART TX Mode is applicable
2026-02-17 14:42:42,868 [INFO] Rule:233 - rule UART/USART RX Mode is applicable
2026-02-17 14:42:42,868 [INFO] Rule:233 - rule UART/USART RX TX Mode is applicable
2026-02-17 14:42:42,868 [INFO] Rule:233 - rule UART/USART PARITY NONE is applicable
2026-02-17 14:42:42,868 [INFO] Rule:233 - rule UART/USART PARITY EVEN is applicable
2026-02-17 14:42:42,868 [INFO] Rule:233 - rule UART/USART PARITY ODD is applicable
2026-02-17 14:42:42,868 [INFO] Rule:233 - rule USART StopBits 1 is applicable
2026-02-17 14:42:42,868 [INFO] Rule:233 - rule USART StopBits 2 is applicable
2026-02-17 14:42:42,868 [INFO] Rule:233 - rule USART StopBits 1.5 is applicable
2026-02-17 14:42:42,868 [INFO] Rule:233 - rule USART StopBits 0.5 is applicable
2026-02-17 14:42:42,868 [INFO] Rule:233 - rule UART/USART WORD LENGTH 7 is applicable
2026-02-17 14:42:42,868 [INFO] Rule:233 - rule UART/USART WORD LENGTH 8 is applicable
2026-02-17 14:42:42,868 [INFO] Rule:233 - rule UART/USART WORD LENGTH 9 is applicable
2026-02-17 14:42:42,868 [INFO] Rule:233 - rule Rename FMC NAND NCE signal is applicable
2026-02-17 14:42:42,868 [INFO] Rule:233 - rule Rename FMC NAND INT signal is applicable
2026-02-17 14:42:42,868 [INFO] Rule:233 - rule Change Default Value for LSE Drive Capability for WB family is applicable
2026-02-17 14:42:42,869 [INFO] Rule:233 - rule Change Default Value for ADC Clock Prescaler G0 family is applicable
2026-02-17 14:42:42,870 [INFO] Rule:233 - rule Change Default Value for ADC ExternalTrigConv L4 family is applicable
2026-02-17 14:42:42,870 [INFO] Rule:233 - rule Change Default Value for ADC ExternalTrigInjecConv L4 family is applicable
2026-02-17 14:42:42,870 [INFO] Rule:233 - rule Change Default Value for ADC ExternalTrigConv F3 family is applicable
2026-02-17 14:42:42,870 [INFO] Rule:233 - rule Change Default Value for ADC ExternalTrigInjecConv F3 family is applicable
2026-02-17 14:42:42,870 [INFO] Rule:233 - rule Change Default Value for ADC ExternalTrigConv Goldfish serie is applicable
2026-02-17 14:42:42,870 [INFO] Rule:233 - rule Change Default Value for ADC ExternalTrigInjecConv Goldfish serie is applicable
2026-02-17 14:42:42,870 [INFO] Rule:233 - rule Change Default Value for ADC ExternalTrigConv L0 family is applicable
2026-02-17 14:42:42,870 [INFO] Rule:233 - rule Change Default Value for ADC ExternalTrigConv F0 family is applicable
2026-02-17 14:42:42,870 [INFO] Rule:233 - rule Change Default Value for ADC ExternalTrigConvn L1 family is applicable
2026-02-17 14:42:42,870 [INFO] Rule:233 - rule Change Default Value for ADC ExternalTrigInjecConv L1 family is applicable
2026-02-17 14:42:42,870 [INFO] Rule:233 - rule Change Default Value for ADC ExternalTrigConv F1 family is applicable
2026-02-17 14:42:42,870 [INFO] Rule:233 - rule Change Default Value for ADC ExternalTrigInjecConv F1 family is applicable
2026-02-17 14:42:42,870 [INFO] Rule:233 - rule Change Default Value for ADC ExternalTrigConv F7 family is applicable
2026-02-17 14:42:42,870 [INFO] Rule:233 - rule Change Default Value for ADC ExternalTrigInjecConv F7 family is applicable
2026-02-17 14:42:42,870 [INFO] Rule:233 - rule Change Default Value for ADC ExternalTrigConv F4 and F2 family is applicable
2026-02-17 14:42:42,870 [INFO] Rule:233 - rule Change Default Value for ADC ExternalTrigInjecConv F4 and F2 family is applicable
2026-02-17 14:42:42,870 [INFO] Rule:233 - rule ADC SamplingTime fix with FW L0  is applicable
2026-02-17 14:42:42,870 [INFO] Rule:233 - rule ADC SamplingTime fix with FW L0  is applicable
2026-02-17 14:42:42,870 [INFO] Rule:233 - rule ADC SamplingTime fix with FW L0 is applicable
2026-02-17 14:42:42,870 [INFO] Rule:233 - rule ADC SamplingTime fix with FW L0 is applicable
2026-02-17 14:42:42,870 [INFO] Rule:233 - rule ADC SamplingTime fix with FW L0  is applicable
2026-02-17 14:42:42,870 [INFO] Rule:233 - rule ADC SamplingTime fix with FW L0 is applicable
2026-02-17 14:42:42,870 [INFO] Rule:233 - rule Rename USB_OE Signal is applicable
2026-02-17 14:42:42,870 [INFO] Rule:233 - rule Rename Activate_OE Mode is applicable
2026-02-17 14:42:42,870 [INFO] Rule:233 - rule Rename DIE462/DIE415 pin PC14/OSC32_IN -> PC14-OSC32_IN (PC14) is applicable
2026-02-17 14:42:42,870 [INFO] Rule:233 - rule Rename DIE462/DIE415 pin PC15/OSC32_OUT -> PC15-OSC32_OUT (PC15) is applicable
2026-02-17 14:42:42,871 [INFO] Rule:233 - rule Rename DIE462/DIE415 pin PH0/OSC_IN -> PH0-OSC_IN (PH0) is applicable
2026-02-17 14:42:42,871 [INFO] Rule:233 - rule Rename DIE462/DIE415 pin PH1/OSC_OUT -> PH1-OSC_OUT (PH1) is applicable
2026-02-17 14:42:42,871 [INFO] Rule:233 - rule Rename DIE462 pin PA13 -> PA13 (JTMS/SWDIO) is applicable
2026-02-17 14:42:42,871 [INFO] Rule:233 - rule Rename DIE415 pin PA13 -> PA13 (JTMS/SWDIO) is applicable
2026-02-17 14:42:42,871 [INFO] Rule:233 - rule Rename DIE462 pin PA14 -> PA14 (JTCK/SWCLK) is applicable
2026-02-17 14:42:42,871 [INFO] Rule:233 - rule Rename DIE415 pin PA14 -> PA14 (JTCK/SWCLK) is applicable
2026-02-17 14:42:42,871 [INFO] Rule:233 - rule Rename DIE462/DIE415 pin PA15 -> PA15 (JTDI) is applicable
2026-02-17 14:42:42,871 [INFO] Rule:233 - rule Rename DIE462 pin PB3 -> PB3 (JTD0/TRACESWO) is applicable
2026-02-17 14:42:42,871 [INFO] Rule:233 - rule Rename DIE415 pin PB3 -> PB3 (JTD0-TRACESWO) is applicable
2026-02-17 14:42:42,871 [INFO] Rule:233 - rule Rename DIE462/DIE415 pin PB4 -> PB4 (NJTRST) is applicable
2026-02-17 14:42:42,871 [INFO] Rule:233 - rule Rename DIE462 pin PH3/BOOT0 -> PH3-BOOT0 (BOOT0) is applicable
2026-02-17 14:42:42,871 [INFO] Rule:233 - rule Rename CRYP DataEncryptionTypesList to Algorithm is applicable
2026-02-17 14:42:42,871 [INFO] Rule:233 - rule Rename AES DataEncryptionTypesList to Algorithm is applicable
2026-02-17 14:42:42,871 [INFO] Rule:233 - rule Rename TDESECB to CRYP_TDES_ECB is applicable
2026-02-17 14:42:42,871 [INFO] Rule:233 - rule Rename TDESCBC to CRYP_TDES_CBC is applicable
2026-02-17 14:42:42,871 [INFO] Rule:233 - rule Rename DESECB to CRYP_DES_ECB is applicable
2026-02-17 14:42:42,871 [INFO] Rule:233 - rule Rename DESCBC to CRYP_DES_CBC is applicable
2026-02-17 14:42:42,871 [INFO] Rule:233 - rule Rename AESECB to CRYP_AES_ECB is applicable
2026-02-17 14:42:42,871 [INFO] Rule:233 - rule Rename AESCBC to CRYP_AES_CBC is applicable
2026-02-17 14:42:42,871 [INFO] Rule:233 - rule Rename AESCTR to CRYP_AES_CTR is applicable
2026-02-17 14:42:42,871 [INFO] Rule:233 - rule Rename AESGCM to CRYP_AES_GCM is applicable
2026-02-17 14:42:42,871 [INFO] Rule:233 - rule Rename AESCCM to CRYP_AES_CCM is applicable
2026-02-17 14:42:42,871 [INFO] Rule:233 - rule Rename CAN TimeSeg1 to BS1 is applicable
2026-02-17 14:42:42,871 [INFO] Rule:233 - rule Rename CAN TimeSeg2 to BS2 is applicable
2026-02-17 14:42:42,872 [INFO] Rule:233 - rule Rename CAN SyncJumpWidth to SJW is applicable
2026-02-17 14:42:42,872 [INFO] Rule:233 - rule TimeTriggeredMode to TTCM is applicable
2026-02-17 14:42:42,872 [INFO] Rule:233 - rule Rename CAN AutoBusOff to ABOM is applicable
2026-02-17 14:42:42,872 [INFO] Rule:233 - rule Rename CAN AutoWakeUp to AWUM is applicable
2026-02-17 14:42:42,872 [INFO] Rule:233 - rule Rename CAN AutoRetransmission to NART is applicable
2026-02-17 14:42:42,872 [INFO] Rule:233 - rule Rename CAN ReceiveFifoLocked to RFLM is applicable
2026-02-17 14:42:42,872 [INFO] Rule:233 - rule Rename CAN TransmitFifoPriority to TXFP is applicable
2026-02-17 14:42:42,872 [INFO] Rule:233 - rule Rename HRTIMER HRTIM_OUTPUTFAULTLEVEL_HIGH in HRTIMER HRTIM_OUTPUTFAULTLEVEL_HIGHZ is applicable
2026-02-17 14:42:42,872 [INFO] Rule:233 - rule Rename TIMER TIM_CLEARINPUTSOURCE_OCREFCLR in  TIMER TIM_CLEARINPUTSOURCE_NONE for F7 family is applicable
2026-02-17 14:42:42,872 [INFO] Rule:233 - rule FDCAN_R1 - Rename FDCAN mode Master into Classic is applicable
2026-02-17 14:42:42,872 [INFO] Rule:233 - rule FDCAN_R2 - Rename FDCAN mode Slave into Classic is applicable
2026-02-17 14:42:42,872 [INFO] Rule:233 - rule FDCAN1_R3 - if PA10.Mode=FullDuplex, add Pin PA12 is applicable
2026-02-17 14:42:42,872 [INFO] Rule:233 - rule FDCAN1_R3 - if PA9.Mode=FullDuplex, add Pin PA11 is applicable
2026-02-17 14:42:42,872 [INFO] Rule:233 - rule FDCAN1_R3 - Alternatepin_1 - if PE1.Mode=FullDuplex, add Pin PB9 is applicable
2026-02-17 14:42:42,872 [INFO] Rule:233 - rule FDCAN1_R3 - Alternatepin_1 - if PE0.Mode=FullDuplex, add Pin PB8 is applicable
2026-02-17 14:42:42,872 [INFO] Rule:233 - rule FDCAN1_R3 - Alternatepin_2 - if PD5.Mode=FullDuplex, add Pin PD1 is applicable
2026-02-17 14:42:42,872 [INFO] Rule:233 - rule FDCAN1_R3 - Alternatepin_2 - if PD4.Mode=FullDuplex, add Pin PD0 is applicable
2026-02-17 14:42:42,872 [INFO] Rule:233 - rule FDCAN1_R4 - Rename Mode FullDuplex into Enable FDCAN_TXFD for pin PA10 is applicable
2026-02-17 14:42:42,872 [INFO] Rule:233 - rule FDCAN1_R4 - Rename Mode FullDuplex into Enable FDCAN_TXFD for pin PA9 is applicable
2026-02-17 14:42:42,872 [INFO] Rule:233 - rule FDCAN1_R4 - Alternatepin_1 - Rename Mode FullDuplex into Enable FDCAN_TXFD for pin PE1 is applicable
2026-02-17 14:42:42,872 [INFO] Rule:233 - rule FDCAN1_R4 - Alternatepin_1 - Rename Mode FullDuplex into Enable FDCAN_TXFD for pin PE0 is applicable
2026-02-17 14:42:42,872 [INFO] Rule:233 - rule FDCAN1_R4 - Alternatepin_2 - Rename Mode FullDuplex into Enable FDCAN_TXFD for pin PD5 is applicable
2026-02-17 14:42:42,872 [INFO] Rule:233 - rule FDCAN1_R4 - Alternatepin_2 - Rename Mode FullDuplex into Enable FDCAN_TXFD for pin PD4 is applicable
2026-02-17 14:42:42,872 [INFO] Rule:233 - rule FDCAN2_R3 - if PD10.Mode=FullDuplex, add Pin PB13 is applicable
2026-02-17 14:42:42,872 [INFO] Rule:233 - rule FDCAN2_R3 - if PD9.Mode=FullDuplex, add Pin PB12 is applicable
2026-02-17 14:42:42,873 [INFO] Rule:233 - rule FDCAN2_R3 - Alternatepin_1 - if PB7.Mode=FullDuplex, add Pin PB6 is applicable
2026-02-17 14:42:42,873 [INFO] Rule:233 - rule FDCAN2_R3 - Alternatepin_1 - if PD9.Mode=FullDuplex, add Pin PB12 is applicable
2026-02-17 14:42:42,873 [INFO] Rule:233 - rule FDCAN2_R4 - Rename Mode FullDuplex into Enable FDCAN_TXFD for pin PD10 is applicable
2026-02-17 14:42:42,873 [INFO] Rule:233 - rule FDCAN2_R4 - Rename Mode FullDuplex into Enable FDCAN_TXFD for pin PD9 is applicable
2026-02-17 14:42:42,873 [INFO] Rule:233 - rule FDCAN2_R4 - Alternatepin_1 - Rename Mode FullDuplex into Enable FDCAN_TXFD for pin PB7 is applicable
2026-02-17 14:42:42,873 [INFO] Rule:233 - rule FDCAN2_R4 - Alternatepin_1 - Rename Mode FullDuplex into Enable FDCAN_TXFD for pin PD6 is applicable
2026-02-17 14:42:42,873 [INFO] Rule:233 - rule USART TxPinLevelInvertParam Mode is applicable
2026-02-17 14:42:42,873 [INFO] Rule:233 - rule USART RxPinLevelInvertParam Mode is applicable
2026-02-17 14:42:42,873 [INFO] Rule:233 - rule USART DataInvertParam Mode is applicable
2026-02-17 14:42:42,873 [INFO] Rule:233 - rule USART SwapParam Mode is applicable
2026-02-17 14:42:42,873 [INFO] Rule:233 - rule USART OverrunDisableParam Mode is applicable
2026-02-17 14:42:42,873 [INFO] Rule:233 - rule USART DMADisableonRxErrorParam Mode is applicable
2026-02-17 14:42:42,873 [INFO] Rule:233 - rule USART MSBFirstParam Mode is applicable
2026-02-17 14:42:42,873 [INFO] Rule:233 - rule Update MwName for USB_DEVICE is applicable
2026-02-17 14:42:42,873 [INFO] Rule:233 - rule Change PWR_Regulator_Voltage_Scale Default Value for RCC  H7 family is applicable
2026-02-17 14:42:42,873 [INFO] Rule:233 - rule UART/USART IPParameter rename Prescaler parameter to ClockPrescaler is applicable
2026-02-17 14:42:42,873 [INFO] Rule:233 - rule UART/USART Prescaler rename Prescaler parameter to ClockPrescaler is applicable
2026-02-17 14:42:42,873 [INFO] Rule:233 - rule TIM1CLockSelection is applicable
2026-02-17 14:42:42,873 [INFO] Rule:233 - rule TIM15CLockSelection is applicable
2026-02-17 14:42:42,873 [INFO] Rule:233 - rule align RCC SDMMC3CLockSelection default value on MP1 is applicable
2026-02-17 14:42:42,873 [INFO] Rule:233 - rule align RCC SDMMC12CLockSelection default value on MP1 is applicable
2026-02-17 14:42:42,873 [INFO] Rule:233 - rule align RCC QSPICLockSelection default value on MP1 is applicable
2026-02-17 14:42:42,873 [INFO] Rule:233 - rule align RCC QSPICLockSelection default value on MP1 is applicable
2026-02-17 14:42:42,873 [INFO] Rule:233 - rule align RCC SPI6CLockSelection default value on MP1 is applicable
2026-02-17 14:42:42,874 [INFO] Rule:233 - rule align RCC LPTIM23CLockSelection default value on MP1 is applicable
2026-02-17 14:42:42,874 [INFO] Rule:233 - rule align RCC LPTIM1CLockSelection default value on MP1 is applicable
2026-02-17 14:42:42,874 [INFO] Rule:233 - rule align RCC USART1CLockSelection default value on MP1 is applicable
2026-02-17 14:42:42,874 [INFO] Rule:233 - rule align RCC USART24CLockSelection default value on MP1 is applicable
2026-02-17 14:42:42,874 [INFO] Rule:233 - rule align RCC USART6CLockSelection default value on MP1 is applicable
2026-02-17 14:42:42,874 [INFO] Rule:233 - rule align RCC UART78CLockSelection default value on MP1 is applicable
2026-02-17 14:42:42,874 [INFO] Rule:233 - rule align RCC USART35CLockSelection default value on MP1 is applicable
2026-02-17 14:42:42,874 [INFO] Rule:233 - rule align RCC SPI45CLockSelection default value on MP1 is applicable
2026-02-17 14:42:42,874 [INFO] Rule:233 - rule align RCC I2C46CLockSelection BCLK value on MP1 is applicable
2026-02-17 14:42:42,874 [INFO] Rule:233 - rule align RCC SPI45CLockSelection default value on MP1 is applicable
2026-02-17 14:42:42,874 [INFO] Rule:233 - rule align RCC I2C12CLockSelection default value on MP1 is applicable
2026-02-17 14:42:42,874 [INFO] Rule:233 - rule align RCC I2C35CLockSelection default value on MP1 is applicable
2026-02-17 14:42:42,874 [INFO] Rule:233 - rule align RCC LPTIM45CLockSelection default value on MP1 is applicable
2026-02-17 14:42:42,874 [INFO] Rule:233 - rule Rename DCMI PIXCK signal is applicable
2026-02-17 14:42:42,874 [INFO] Rule:233 - rule Change Default Value for I2C46CLockSelection MP1 family is applicable
2026-02-17 14:42:42,874 [INFO] Rule:233 - rule Change Default Value for UART for G4, G0 and WB families is applicable
2026-02-17 14:42:42,874 [INFO] Rule:233 - rule Change Default Value for USART for G4, G0 and WB families is applicable
2026-02-17 14:42:42,874 [INFO] Rule:233 - rule Change Default Value for USART for G4 family is applicable
2026-02-17 14:42:42,874 [INFO] Rule:233 - rule Change USART1CLockSelection refparam name for MP1 is applicable
2026-02-17 14:42:42,874 [INFO] Rule:233 - rule Change USART2CLockSelection refparam name for MP1 is applicable
2026-02-17 14:42:42,874 [INFO] Rule:233 - rule Change USART3CLockSelection refparam name for MP1 is applicable
2026-02-17 14:42:42,874 [INFO] Rule:233 - rule Change UART4CLockSelection refparam name for MP1 is applicable
2026-02-17 14:42:42,874 [INFO] Rule:233 - rule Change UART5CLockSelection refparam name for MP1 is applicable
2026-02-17 14:42:42,874 [INFO] Rule:233 - rule Change LPUART1CLockSelection refparam name for MP1 is applicable
2026-02-17 14:42:42,874 [INFO] Rule:233 - rule Change LPTIM1CLockSelection refparam name for MP1 is applicable
2026-02-17 14:42:42,874 [INFO] Rule:233 - rule Change LPTIM2CLockSelection refparam name for MP1 is applicable
2026-02-17 14:42:42,874 [INFO] Rule:233 - rule Change RCC_MCO1Source refparam name for MP1 is applicable
2026-02-17 14:42:42,875 [INFO] Rule:233 - rule Change LSCOSource1 refparam name for MP1 is applicable
2026-02-17 14:42:42,875 [INFO] Rule:233 - rule Change SMPSCLockSelection refparam name for MP1 is applicable
2026-02-17 14:42:42,875 [INFO] Rule:233 - rule Change LPTIM3CLockSelection refparam name for MP1 is applicable
2026-02-17 14:42:42,875 [INFO] Rule:233 - rule Change MPCBB* Default Template Mode to Parameters is applicable
2026-02-17 14:42:42,876 [INFO] Rule:233 - rule Change MPCWM* or MPCBB* Secure Mode to Parameters is applicable
2026-02-17 14:42:42,876 [INFO] Rule:233 - rule Change MPCWM* or MPCBB* No Secure Mode to Parameters is applicable
2026-02-17 14:42:42,876 [INFO] Rule:233 - rule Change TZSC IP Secure Mode to Parameters is applicable
2026-02-17 14:42:42,876 [INFO] Rule:233 - rule Change TZSC IP No Secure Mode to Parameters is applicable
2026-02-17 14:42:42,876 [INFO] Rule:233 - rule Change TZSC IP Privilege Mode to Parameters is applicable
2026-02-17 14:42:42,876 [INFO] Rule:233 - rule Change TZSC IP No Privilege Mode to Parameters is applicable
2026-02-17 14:42:42,876 [INFO] Rule:233 - rule Change TZIC IT Secure Mode to Parameters is applicable
2026-02-17 14:42:42,876 [INFO] Rule:233 - rule Change TZIC IT No Secure Mode to Parameters is applicable
2026-02-17 14:42:42,876 [INFO] Rule:233 - rule Add MPCBB1_NonSecureArea_Start_Address value with referenced to MPCBB1_NonSecureArea_Start value is applicable
2026-02-17 14:42:42,876 [INFO] Rule:233 - rule Add MPCBB2_NonSecureArea_Start_Address value with referenced to MPCBB2_NonSecureArea_Start value is applicable
2026-02-17 14:42:42,876 [INFO] Rule:233 - rule Add MPCWM1_NonSecureArea*_Start_Address value with referenced to MPCWM1_NonSecureArea*_Start value is applicable
2026-02-17 14:42:42,876 [INFO] Rule:233 - rule Add MPCWM2_NonSecureArea*_Start_Address value with referenced to MPCWM2_NonSecureArea*_Start value is applicable
2026-02-17 14:42:42,876 [INFO] Rule:233 - rule Add MPCWM3_NonSecureArea_Start_Address value with referenced to MPCWM3_NonSecureArea_Start value is applicable
2026-02-17 14:42:42,876 [INFO] Rule:233 - rule Change Default Value for PLL1UserDefinedConfig is applicable
2026-02-17 14:42:42,876 [INFO] Rule:233 - rule Change GPIO_PuPd Default Value for USART in async mode is applicable
2026-02-17 14:42:42,876 [INFO] Rule:233 - rule Change SMPSDivider Default Value is applicable
2026-02-17 14:42:42,876 [INFO] Rule:233 - rule OPAMP is applicable
2026-02-17 14:42:42,876 [INFO] Rule:233 - rule LPUART IPParameter rename Prescaler parameter to ClockPrescaler for STM32H7 is applicable
2026-02-17 14:42:42,876 [INFO] Rule:233 - rule LPUART IPParameter rename Prescaler parameter to ClockPrescaler for STM32H7 is applicable
2026-02-17 14:42:42,876 [INFO] Rule:233 - rule LPUART IPParameter rename Prescaler parameter to ClockPrescaler for STM32WB is applicable
2026-02-17 14:42:42,876 [INFO] Rule:233 - rule LPUART IPParameter rename Prescaler parameter to ClockPrescaler for STM32WB is applicable
2026-02-17 14:42:42,876 [INFO] Rule:233 - rule LPUART IPParameter rename Prescaler parameter to ClockPrescaler for STM32G4 is applicable
2026-02-17 14:42:42,876 [INFO] Rule:233 - rule LPUART IPParameter rename Prescaler parameter to ClockPrescaler for STM32G4 is applicable
2026-02-17 14:42:42,876 [INFO] Rule:233 - rule LPUART IPParameter rename Prescaler parameter to ClockPrescaler for STM32L5 is applicable
2026-02-17 14:42:42,876 [INFO] Rule:233 - rule LPUART IPParameter rename Prescaler parameter to ClockPrescaler for STM32L5 is applicable
2026-02-17 14:42:42,876 [INFO] Rule:233 - rule LPUART IPParameter rename Prescaler parameter to ClockPrescaler for STM32G4 is applicable
2026-02-17 14:42:42,876 [INFO] Rule:233 - rule LPUART IPParameter rename Prescaler parameter to ClockPrescaler for STM32G4 is applicable
2026-02-17 14:42:42,876 [INFO] Rule:233 - rule USB device lib V2.5.3 for L0 rename USBD_SUPPORT_USER_STRING parameter to USBD_SUPPORT_USER_STRING_DESC4 is applicable
2026-02-17 14:42:42,876 [INFO] Rule:233 - rule I2SCLockSelection clock entry align is applicable
2026-02-17 14:42:42,877 [INFO] Rule:233 - rule Assign TIMx context if used as SYS timebase is applicable
2026-02-17 14:42:42,877 [INFO] Rule:233 - rule Change GPIO_Pu Default Value for I2C is applicable
2026-02-17 14:42:42,877 [INFO] Rule:233 - rule Change GPIO_Pu Default Value for SMBus is applicable
2026-02-17 14:42:42,877 [INFO] Rule:233 - rule change FDCAN default value is applicable
2026-02-17 14:42:42,877 [INFO] Rule:233 - rule Change mode sai is applicable
2026-02-17 14:42:42,877 [INFO] Rule:233 - rule **Change sai mode is applicable
2026-02-17 14:42:42,877 [INFO] Rule:233 - rule Rename STM32WPAN CFG_BLE_IRK to CFG_BLE_IR is applicable
2026-02-17 14:42:42,877 [INFO] Rule:233 - rule Rename STM32WPAN CFG_BLE_ERK to CFG_BLE_ER is applicable
2026-02-17 14:42:42,877 [INFO] Rule:233 - rule Rename STM32WPAN CFG_BLE_IRK_HEX to CFG_BLE_IR_HEX is applicable
2026-02-17 14:42:42,877 [INFO] Rule:233 - rule Rename STM32WPAN CFG_BLE_ERK_HEX to CFG_BLE_ER_HEX is applicable
2026-02-17 14:42:42,877 [INFO] Rule:233 - rule Adapt Old IOC before rework replace old CORTEX_M33/CORTEX_M55 attributes by the new one. is applicable
2026-02-17 14:42:42,877 [INFO] Rule:233 - rule Rename parametre of RCC RCC_APBDBG_DIV2 to RCC_TIMPRES_DIV2 is applicable
2026-02-17 14:42:42,877 [INFO] Rule:233 - rule Rename DIE493 pin PA10 [PA12] -> PA10 is applicable
2026-02-17 14:42:42,877 [INFO] Rule:233 - rule Rename DIE493 pin PA9 [PA11] -> PA9 is applicable
2026-02-17 14:42:42,877 [INFO] Rule:233 - rule Rename DIE492 PartNumber CPN STM32WBA5MJGHx -> STM32WBA5MMGHx is applicable
2026-02-17 14:42:42,877 [INFO] Rule:233 - rule Rename DIE492 PartNumber  Name STM32WBA5MJGHx -> STM32WBA5MMGHx is applicable
2026-02-17 14:42:42,877 [INFO] Rule:233 - rule Rename DIE492 PartNumber UserName STM32WBA5MJGHx -> STM32WBA5MMGHx is applicable
2026-02-17 14:42:42,877 [INFO] Rule:233 - rule Rename DIE492 PartNumber DeviceId STM32WBA5MJGHx -> STM32WBA5MMGHx is applicable
2026-02-17 14:42:42,877 [INFO] Rule:233 - rule Adapt Old IOC CSI. is applicable
2026-02-17 14:42:42,877 [INFO] Rule:233 - rule Adapt Old IOC DCMIPP. is applicable
2026-02-17 14:42:42,877 [INFO] Rule:233 - rule Adapt Old IOC DCMIPP Mode Parallel. is applicable
2026-02-17 14:42:42,877 [INFO] Rule:233 - rule Adapt Old IOC LTDC. is applicable
2026-02-17 14:42:42,877 [INFO] Rule:233 - rule Rename STM32MP2 RIF Peripheral LTDC RIF.RISUP.LTDC_L0L1.Privilege -> RIF.RISUP.LTDC_L1L2.Privilege is applicable
2026-02-17 14:42:42,877 [INFO] Rule:233 - rule Rename STM32MP2 RIF Peripheral LTDC RIF.RISUP.LTDC_L0L1.Privilege -> RIF.RISUP.LTDC_L1L2.Privilege is applicable
2026-02-17 14:42:42,877 [INFO] Rule:233 - rule Rename STM32MP2 RIF Peripheral LTDC RIF.RISUP.LTDC_L0L1.Lock -> RIF.RISUP.LTDC_L1L2.Lock is applicable
2026-02-17 14:42:42,877 [INFO] Rule:233 - rule Rename STM32MP2 RIF Peripheral LTDC RIF.RISUP.LTDC_L2.Lock -> RIF.RISUP.LTDC_L3.Lock is applicable
2026-02-17 14:42:42,877 [INFO] Rule:233 - rule Adapt the old IOC example for updating the SYS when it is misconfigured. is applicable
2026-02-17 14:42:42,878 [INFO] Rule:233 - rule Rename STM32C09 Mcu.Package LQFP64 -> LQFP48 is applicable
2026-02-17 14:42:42,878 [INFO] Rule:233 - rule Adapt the old IOC example for updating the SYS when it is misconfigured. is applicable
2026-02-17 14:42:42,878 [INFO] Rule:233 - rule Adapt the old IOC example for updating the SYS when it is misconfigured. is applicable
2026-02-17 14:42:42,908 [INFO] DbConfProperties:307 - Apply Compatibility (53/282 Rules)
2026-02-17 14:42:42,976 [INFO] ImportTextPane:234 - (OptionalMessage_ERROR) Unable to find key (Mcu.ThirdPartyNb) in loaded IOC file
2026-02-17 14:42:42,978 [INFO] ImportTextPane:234 - (OptionalMessage_ERROR) Pin12 (VP_RIF_VS_RIF1) cannot be retrieved for this MCU
2026-02-17 14:42:43,583 [INFO] RtosManager:558 - Registered RTOS mode: class=CMSIS, group=RTOS, mode=CMSIS_V1, owner=FREERTOS
2026-02-17 14:42:43,583 [INFO] RtosManager:558 - Registered RTOS mode: class=CMSIS, group=RTOS2, mode=CMSIS_V2, owner=FREERTOS
2026-02-17 14:42:43,584 [INFO] RtosManager:558 - Registered RTOS mode: class=RTOS, group=Core, mode=CMSIS_V1, owner=FREERTOS
2026-02-17 14:42:43,584 [INFO] RtosManager:558 - Registered RTOS mode: class=RTOS, group=Core, mode=CMSIS_V2, owner=FREERTOS
2026-02-17 14:42:43,584 [WARN] ModelIntegratedComponent:184 - Missing modes for component STMicroelectronics:FreeRTOS:0.0.1:STMicroelectronics:RTOS:FreeRTOS:Core:::10.2.0:
2026-02-17 14:42:43,616 [WARN] ModelIntegratedComponent:63 - No mode defined for component null
2026-02-17 14:42:43,616 [WARN] ModelIntegratedComponent:63 - No mode defined for component null
2026-02-17 14:42:43,616 [WARN] ModelIntegratedComponent:63 - No mode defined for component null
2026-02-17 14:42:43,616 [WARN] ModelIntegratedComponent:63 - No mode defined for component null
2026-02-17 14:42:43,616 [WARN] ModelIntegratedComponent:63 - No mode defined for component null
2026-02-17 14:42:43,616 [WARN] ModelIntegratedComponent:63 - No mode defined for component null
2026-02-17 14:42:43,616 [WARN] ModelIntegratedComponent:63 - No mode defined for component null
2026-02-17 14:42:43,617 [WARN] ModelIntegratedComponent:63 - No mode defined for component null
2026-02-17 14:42:43,617 [WARN] ModelIntegratedComponent:63 - No mode defined for component null
2026-02-17 14:42:43,617 [WARN] ModelIntegratedComponent:63 - No mode defined for component null
2026-02-17 14:42:43,617 [WARN] ModelIntegratedComponent:63 - No mode defined for component null
2026-02-17 14:42:43,617 [WARN] ModelIntegratedComponent:63 - No mode defined for component null
2026-02-17 14:42:43,617 [WARN] ModelIntegratedComponent:63 - No mode defined for component null
2026-02-17 14:42:43,617 [WARN] ModelIntegratedComponent:63 - No mode defined for component null
2026-02-17 14:42:43,617 [WARN] ModelIntegratedComponent:63 - No mode defined for component null
2026-02-17 14:42:43,617 [WARN] ModelIntegratedComponent:63 - No mode defined for component null
2026-02-17 14:42:43,617 [WARN] ModelIntegratedComponent:63 - No mode defined for component null
2026-02-17 14:42:43,617 [WARN] ModelIntegratedComponent:63 - No mode defined for component null
2026-02-17 14:42:43,617 [WARN] ModelIntegratedComponent:63 - No mode defined for component null
2026-02-17 14:42:43,617 [WARN] ModelIntegratedComponent:63 - No mode defined for component null
2026-02-17 14:42:43,617 [WARN] ModelIntegratedComponent:63 - No mode defined for component null
2026-02-17 14:42:43,617 [WARN] ModelIntegratedComponent:63 - No mode defined for component null
2026-02-17 14:42:43,618 [WARN] ModelIntegratedComponent:63 - No mode defined for component null
2026-02-17 14:42:43,618 [WARN] ModelIntegratedComponent:63 - No mode defined for component null
2026-02-17 14:42:43,618 [WARN] ModelIntegratedComponent:63 - No mode defined for component null
2026-02-17 14:42:43,619 [WARN] ModelIntegratedComponent:63 - No mode defined for component null
2026-02-17 14:42:43,619 [WARN] ModelIntegratedComponent:63 - No mode defined for component null
2026-02-17 14:42:43,619 [WARN] ModelIntegratedComponent:63 - No mode defined for component null
2026-02-17 14:42:43,619 [WARN] ModelIntegratedComponent:63 - No mode defined for component null
2026-02-17 14:42:43,619 [WARN] ModelIntegratedComponent:63 - No mode defined for component null
2026-02-17 14:42:43,619 [WARN] ModelIntegratedComponent:63 - No mode defined for component null
2026-02-17 14:42:43,619 [WARN] ModelIntegratedComponent:63 - No mode defined for component null
2026-02-17 14:42:43,619 [WARN] ModelIntegratedComponent:63 - No mode defined for component null
2026-02-17 14:42:43,619 [WARN] ModelIntegratedComponent:63 - No mode defined for component null
2026-02-17 14:42:43,619 [WARN] ModelIntegratedComponent:63 - No mode defined for component null
2026-02-17 14:42:43,619 [WARN] ModelPack:524 - Component already loaded: STMicroelectronics:HAL Drivers:0.0.0:STMicroelectronics:Device:STMicro_Driver:XSPI:HAL::0.0.1:HAL_XSPI
2026-02-17 14:42:43,691 [INFO] ThirdPartyModel:298 - Start build external matchings
2026-02-17 14:42:45,214 [INFO] ThirdPartyModel:316 - End build external matchings
2026-02-17 14:42:45,250 [INFO] ImportTextPane:234 - (OptionalMessage_ERROR) IP (RCC) : Invalid parameter (FamilyName)
2026-02-17 14:42:45,252 [INFO] ImportTextPane:234 - (OptionalMessage_ERROR) IP (RCC) : Parameter (RNGFreq_Value) has invalid value (64000000)
2026-02-17 14:42:45,252 [INFO] ImportTextPane:234 - (OptionalMessage_ERROR) IP (RCC) : Parameter (SDMMCFreq_Value) has invalid value (64000000)
2026-02-17 14:42:45,252 [INFO] ImportTextPane:234 - (OptionalMessage_ERROR) IP (RCC) : Parameter (USBFreq_Value) has invalid value (64000000)
2026-02-17 14:42:45,828 [INFO] UtilMem:75 - End LoadConfig() Used Memory: 842736200 Bytes (1073741824)
2026-02-17 14:42:45,873 [WARN] ThirdParty:833 - waiting for thirdparty lock release [change project]
2026-02-17 14:42:45,873 [INFO] ThirdParty:835 - entering critical section [change project]
2026-02-17 14:42:45,873 [INFO] ThirdParty:1030 - CMSIS Pack Vendor :STMicroelectronics X-CUBE-PM33A1 1.0.0
2026-02-17 14:42:45,873 [INFO] ThirdParty:1030 - CMSIS Pack Vendor :STMicroelectronics USBPD 4.1
2026-02-17 14:42:45,873 [INFO] ThirdParty:1030 - CMSIS Pack Vendor :STMicroelectronics X-CUBE-NFC9 1.0.0
2026-02-17 14:42:45,873 [INFO] ThirdParty:1030 - CMSIS Pack Vendor :STMicroelectronics USB_HOST 2.0.0
2026-02-17 14:42:45,874 [INFO] ThirdParty:1030 - CMSIS Pack Vendor :STMicroelectronics FP-SNS-MOTENVWB1 1.4.0
2026-02-17 14:42:45,874 [INFO] ThirdParty:1030 - CMSIS Pack Vendor :STMicroelectronics X-CUBE-AZRTOS-F4 1.1.0
2026-02-17 14:42:45,874 [INFO] ThirdParty:1030 - CMSIS Pack Vendor :STMicroelectronics LIBJPEG 8.0.0
2026-02-17 14:42:45,874 [INFO] ThirdParty:1030 - CMSIS Pack Vendor :STMicroelectronics FP-ATR-ASTRA1 2.0.2
2026-02-17 14:42:45,874 [INFO] ThirdParty:1030 - CMSIS Pack Vendor :STMicroelectronics X-CUBE-BLE1 7.1.0
2026-02-17 14:42:45,874 [INFO] ThirdParty:1030 - CMSIS Pack Vendor :STMicroelectronics X-CUBE-SMBUS 2.1.0
2026-02-17 14:42:45,874 [INFO] ThirdParty:1030 - CMSIS Pack Vendor :wolfSSL I-CUBE-wolfMQTT 1.19.2
2026-02-17 14:42:45,874 [INFO] ThirdParty:1030 - CMSIS Pack Vendor :STMicroelectronics USB_DEVICE 3.0.0
2026-02-17 14:42:45,874 [INFO] ThirdParty:1030 - CMSIS Pack Vendor :STMicroelectronics X-CUBE-ISPU 2.1.0
2026-02-17 14:42:45,874 [INFO] ThirdParty:1030 - CMSIS Pack Vendor :STMicroelectronics X-CUBE-FREERTOS 1.4.0
2026-02-17 14:42:45,874 [INFO] ThirdParty:1030 - CMSIS Pack Vendor :STMicroelectronics X-CUBE-EEPRMA1 5.2.0
2026-02-17 14:42:45,874 [INFO] ThirdParty:1030 - CMSIS Pack Vendor :STMicroelectronics X-CUBE-IPS 3.2.0
2026-02-17 14:42:45,874 [INFO] ThirdParty:1030 - CMSIS Pack Vendor :STMicroelectronics X-CUBE-BLEMGR 4.1.0
2026-02-17 14:42:45,874 [INFO] ThirdParty:1030 - CMSIS Pack Vendor :STMicroelectronics X-CUBE-AZRTOS-WB 2.0.0
2026-02-17 14:42:45,874 [INFO] ThirdParty:1030 - CMSIS Pack Vendor :wolfSSL I-CUBE-wolfSSL 5.8.4
2026-02-17 14:42:45,874 [INFO] ThirdParty:1030 - CMSIS Pack Vendor :Cesanta I-CUBE-Mongoose 7.20.0
2026-02-17 14:42:45,874 [INFO] ThirdParty:1030 - CMSIS Pack Vendor :STMicroelectronics X-CUBE-NFC12 1.0.0
2026-02-17 14:42:45,874 [INFO] ThirdParty:1030 - CMSIS Pack Vendor :STMicroelectronics X-CUBE-AZRTOS-F7 1.1.0
2026-02-17 14:42:45,874 [INFO] ThirdParty:1030 - CMSIS Pack Vendor :STMicroelectronics X-CUBE-AZRTOS-L5 2.0.0
2026-02-17 14:42:45,874 [INFO] ThirdParty:1030 - CMSIS Pack Vendor :STMicroelectronics USB_DEVICE 2.0.0
2026-02-17 14:42:45,874 [INFO] ThirdParty:1030 - CMSIS Pack Vendor :quantropi X-CUBE-qispace-sdk-base 2.1.0
2026-02-17 14:42:45,874 [INFO] ThirdParty:1030 - CMSIS Pack Vendor :STMicroelectronics X-CUBE-MEMS1 12.0.0
2026-02-17 14:42:45,874 [INFO] ThirdParty:1030 - CMSIS Pack Vendor :STMicroelectronics X-CUBE-STSE01 2.0.0
2026-02-17 14:42:45,874 [INFO] ThirdParty:1030 - CMSIS Pack Vendor :STMicroelectronics FP-SNS-MOTENV1 5.1.0
2026-02-17 14:42:45,874 [INFO] ThirdParty:1030 - CMSIS Pack Vendor :STMicroelectronics FreeRTOS 0.0.1
2026-02-17 14:42:45,875 [INFO] ThirdParty:1030 - CMSIS Pack Vendor :STMicroelectronics X-CUBE-AZRTOS-G0 1.1.0
2026-02-17 14:42:45,875 [INFO] ThirdParty:1030 - CMSIS Pack Vendor :STMicroelectronics X-CUBE-NFC4 3.0.0
2026-02-17 14:42:45,875 [INFO] ThirdParty:1030 - CMSIS Pack Vendor :STMicroelectronics X-CUBE-SUBG2 5.0.0
2026-02-17 14:42:45,875 [INFO] ThirdParty:1030 - CMSIS Pack Vendor :STMicroelectronics STM32_WPAN 1.0.0
2026-02-17 14:42:45,875 [INFO] ThirdParty:1030 - CMSIS Pack Vendor :EmbeddedOffice I-CUBE-FS-RTOS 1.0.1
2026-02-17 14:42:45,875 [INFO] ThirdParty:1030 - CMSIS Pack Vendor :STMicroelectronics lwIP 2.0.3
2026-02-17 14:42:45,875 [INFO] ThirdParty:1030 - CMSIS Pack Vendor :WES I-CUBE-Cesium 1.4.0
2026-02-17 14:42:45,875 [INFO] ThirdParty:1030 - CMSIS Pack Vendor :STMicroelectronics USB_HOST 1.0.0
2026-02-17 14:42:45,875 [INFO] ThirdParty:1030 - CMSIS Pack Vendor :STMicroelectronics X-CUBE-AZRTOS-G4 2.0.0
2026-02-17 14:42:45,875 [INFO] ThirdParty:1030 - CMSIS Pack Vendor :STMicroelectronics X-CUBE-WB05N 2.0.0
2026-02-17 14:42:45,875 [INFO] ThirdParty:1030 - CMSIS Pack Vendor :STMicroelectronics PDM2PCM 3.1.0
2026-02-17 14:42:45,875 [INFO] ThirdParty:1030 - CMSIS Pack Vendor :STMicroelectronics PDM2PCM 3.3.0
2026-02-17 14:42:45,875 [INFO] ThirdParty:1030 - CMSIS Pack Vendor :wolfSSL I-CUBE-wolfTPM 3.8.0
2026-02-17 14:42:45,875 [INFO] ThirdParty:1030 - CMSIS Pack Vendor :STMicroelectronics X-CUBE-AZRTOS-H7 3.4.0
2026-02-17 14:42:45,875 [INFO] ThirdParty:1030 - CMSIS Pack Vendor :STMicroelectronics X-CUBE-DISPLAY 3.0.0
2026-02-17 14:42:45,875 [INFO] ThirdParty:1030 - CMSIS Pack Vendor :wolfSSL I-CUBE-wolfSSH 1.4.20
2026-02-17 14:42:45,875 [INFO] ThirdParty:1030 - CMSIS Pack Vendor :STMicroelectronics X-CUBE-NFC7 2.0.0
2026-02-17 14:42:45,876 [INFO] ThirdParty:1030 - CMSIS Pack Vendor :STMicroelectronics X-CUBE-TCPP 4.2.0
2026-02-17 14:42:45,876 [INFO] ThirdParty:1030 - CMSIS Pack Vendor :RealThread X-CUBE-RT-Thread_Nano 4.1.1
2026-02-17 14:42:45,876 [INFO] ThirdParty:1030 - CMSIS Pack Vendor :STMicroelectronics FP-ATR-SIGFOX1 3.2.0
2026-02-17 14:42:45,876 [INFO] ThirdParty:1030 - CMSIS Pack Vendor :STMicroelectronics X-CUBE-NFC10 1.0.0
2026-02-17 14:42:45,876 [INFO] ThirdParty:1030 - CMSIS Pack Vendor :STMicroelectronics HAL Drivers 0.0.0
2026-02-17 14:42:45,876 [INFO] ThirdParty:1030 - CMSIS Pack Vendor :STMicroelectronics MBEDTLS 2.16.2
2026-02-17 14:42:45,876 [INFO] ThirdParty:1030 - CMSIS Pack Vendor :STMicroelectronics X-CUBE-ST60 1.1.0
2026-02-17 14:42:45,876 [INFO] ThirdParty:1030 - CMSIS Pack Vendor :STMicroelectronics X-CUBE-ALS 1.0.2
2026-02-17 14:42:45,876 [INFO] ThirdParty:1030 - CMSIS Pack Vendor :emotas I-CUBE-CANOPEN 1.3.0
2026-02-17 14:42:45,876 [INFO] ThirdParty:1030 - CMSIS Pack Vendor :STMicroelectronics MBEDTLS 2.14.1
2026-02-17 14:42:45,876 [INFO] ThirdParty:1030 - CMSIS Pack Vendor :STMicroelectronics X-CUBE-GNSS1 7.1.0
2026-02-17 14:42:45,876 [INFO] ThirdParty:1030 - CMSIS Pack Vendor :ITTIA_DB I-CUBE-ITTIADB 8.9.0
2026-02-17 14:42:45,876 [INFO] ThirdParty:1030 - CMSIS Pack Vendor :STMicroelectronics X-CUBE-TOUCHGFX 4.26.0
2026-02-17 14:42:45,876 [INFO] ThirdParty:1030 - CMSIS Pack Vendor :STMicroelectronics X-CUBE-NFC6 3.2.0
2026-02-17 14:42:45,876 [INFO] ThirdParty:1030 - CMSIS Pack Vendor :STMicroelectronics FP-SNS-STBOX1 2.1.0
2026-02-17 14:42:45,877 [INFO] ThirdParty:1030 - CMSIS Pack Vendor :STMicroelectronics X-CUBE-AI 10.2.0
2026-02-17 14:42:45,877 [INFO] ThirdParty:1030 - CMSIS Pack Vendor :STMicroelectronics FP-SNS-STAIOTCFT 1.0.0
2026-02-17 14:42:45,877 [INFO] ThirdParty:1030 - CMSIS Pack Vendor :STMicroelectronics ThreadX 1.0.0
2026-02-17 14:42:45,877 [INFO] ThirdParty:1030 - CMSIS Pack Vendor :STMicroelectronics FP-SNS-SMARTAG2 1.2.0
2026-02-17 14:42:45,877 [INFO] ThirdParty:1030 - CMSIS Pack Vendor :STMicroelectronics FP-SNS-FLIGHT1 5.1.0
2026-02-17 14:42:45,877 [INFO] ThirdParty:1030 - CMSIS Pack Vendor :STMicroelectronics X-CUBE-AZRTOS-WL 2.0.0
2026-02-17 14:42:45,877 [INFO] ThirdParty:1030 - CMSIS Pack Vendor :SEGGER I-CUBE-embOS 1.3.1
2026-02-17 14:42:45,877 [INFO] ThirdParty:1030 - CMSIS Pack Vendor :STMicroelectronics X-CUBE-ALGOBUILD 1.4.0
2026-02-17 14:42:45,877 [INFO] ThirdParty:1030 - CMSIS Pack Vendor :STMicroelectronics X-CUBE-DPower 1.3.0
2026-02-17 14:42:45,878 [INFO] ThirdParty:1030 - CMSIS Pack Vendor :STMicroelectronics USB_DEVICE 1.0.0
2026-02-17 14:42:45,878 [INFO] ThirdParty:1030 - CMSIS Pack Vendor :STMicroelectronics X-CUBE-AZRTOS-H7RS 1.2.0
2026-02-17 14:42:45,879 [INFO] ThirdParty:1030 - CMSIS Pack Vendor :STMicroelectronics X-CUBE-AZRTOS-L4 2.0.0
2026-02-17 14:42:45,879 [INFO] ThirdParty:1030 - CMSIS Pack Vendor :STMicroelectronics ThreadX 0.0.2
2026-02-17 14:42:45,880 [INFO] ThirdParty:1030 - CMSIS Pack Vendor :STMicroelectronics lwIP 2.1.2
2026-02-17 14:42:45,880 [INFO] ThirdParty:1030 - CMSIS Pack Vendor :STMicroelectronics X-CUBE-SFXS2LP1 4.0.0
2026-02-17 14:42:45,880 [INFO] ThirdParty:1030 - CMSIS Pack Vendor :STMicroelectronics X-CUBE-BLE2 3.3.0
2026-02-17 14:42:45,881 [INFO] ThirdParty:1030 - CMSIS Pack Vendor :Avnet-IOTCONNECT X-CUBE-iotc-st67-sdk 1.0.0
2026-02-17 14:42:45,881 [INFO] ThirdParty:1030 - CMSIS Pack Vendor :STMicroelectronics X-CUBE-TOF1 3.4.3
2026-02-17 14:42:45,881 [INFO] ThirdParty:1030 - CMSIS Pack Vendor :Infineon AIROC-Wi-Fi-Bluetooth-STM32 1.8.0
2026-02-17 14:42:45,881 [INFO] ThirdParty:1030 - CMSIS Pack Vendor :STMicroelectronics PDM2PCM 3.2.0
2026-02-17 14:42:45,881 [INFO] ThirdParty:1030 - CMSIS Pack Vendor :STMicroelectronics X-CUBE-ST67W61 1.2.0
2026-02-17 14:42:45,881 [INFO] ThirdParty:841 - exiting critical section [change project]
2026-02-17 14:42:46,437 [INFO] PinOutPanel:1589 - setPackage(No Configuration,No Configuration)
2026-02-17 14:42:46,437 [INFO] PinOutPanel:1589 - setPackage(STM32L476RGTx,LQFP64)
2026-02-17 14:42:47,727 [INFO] UtilMem:75 - Before build in PCC Used Memory: 772950744 Bytes (1073741824)
2026-02-17 14:42:48,580 [INFO] UtilMem:75 - After build in PCC Used Memory: 854112080 Bytes (1073741824)
2026-02-17 14:42:48,636 [INFO] IPUIPlugin:80 - create IPUIPlugin
2026-02-17 14:42:48,636 [INFO] IPUIPlugin:80 - create IPUIPlugin
2026-02-17 14:42:48,636 [INFO] IPUIPlugin:80 - create IPUIPlugin
2026-02-17 14:42:48,636 [INFO] IPUIPlugin:80 - create IPUIPlugin
2026-02-17 14:42:48,636 [INFO] IPUIPlugin:80 - create IPUIPlugin
2026-02-17 14:42:48,636 [INFO] IPUIPlugin:80 - create IPUIPlugin
2026-02-17 14:42:48,637 [INFO] IPUIPlugin:80 - create IPUIPlugin
2026-02-17 14:42:48,637 [INFO] IPUIPlugin:80 - create IPUIPlugin
2026-02-17 14:42:48,637 [INFO] IPUIPlugin:80 - create IPUIPlugin
2026-02-17 14:42:48,637 [INFO] IPUIPlugin:80 - create IPUIPlugin
2026-02-17 14:42:48,637 [INFO] IPUIPlugin:80 - create IPUIPlugin
2026-02-17 14:42:48,637 [INFO] IPUIPlugin:80 - create IPUIPlugin
2026-02-17 14:42:48,637 [INFO] IPUIPlugin:80 - create IPUIPlugin
2026-02-17 14:42:48,637 [INFO] IPUIPlugin:80 - create IPUIPlugin
2026-02-17 14:42:48,637 [INFO] IPUIPlugin:80 - create IPUIPlugin
2026-02-17 14:42:48,637 [INFO] IPUIPlugin:80 - create IPUIPlugin
2026-02-17 14:42:48,638 [INFO] IPUIPlugin:80 - create IPUIPlugin
2026-02-17 14:42:48,638 [INFO] IPUIPlugin:80 - create IPUIPlugin
2026-02-17 14:42:48,638 [INFO] IPUIPlugin:80 - create IPUIPlugin
2026-02-17 14:42:48,638 [INFO] IPUIPlugin:80 - create IPUIPlugin
2026-02-17 14:42:48,638 [INFO] IPUIPlugin:80 - create IPUIPlugin
2026-02-17 14:42:48,639 [INFO] IPUIPlugin:80 - create IPUIPlugin
2026-02-17 14:42:48,639 [INFO] IPUIPlugin:80 - create IPUIPlugin
2026-02-17 14:42:48,639 [INFO] IPUIPlugin:80 - create IPUIPlugin
2026-02-17 14:42:48,639 [INFO] IPUIPlugin:80 - create IPUIPlugin
2026-02-17 14:42:48,639 [INFO] IPUIPlugin:80 - create IPUIPlugin
2026-02-17 14:42:48,639 [INFO] IPUIPlugin:80 - create IPUIPlugin
2026-02-17 14:42:48,640 [INFO] IPUIPlugin:80 - create IPUIPlugin
2026-02-17 14:42:48,640 [INFO] IPUIPlugin:80 - create IPUIPlugin
2026-02-17 14:42:48,640 [INFO] IPUIPlugin:80 - create IPUIPlugin
2026-02-17 14:42:48,640 [INFO] IPUIPlugin:80 - create IPUIPlugin
2026-02-17 14:42:48,640 [INFO] IPUIPlugin:80 - create IPUIPlugin
2026-02-17 14:42:48,641 [INFO] IPUIPlugin:80 - create IPUIPlugin
2026-02-17 14:42:48,641 [INFO] IPUIPlugin:80 - create IPUIPlugin
2026-02-17 14:42:48,641 [INFO] IPUIPlugin:80 - create IPUIPlugin
2026-02-17 14:42:48,642 [INFO] IPUIPlugin:80 - create IPUIPlugin
2026-02-17 14:42:48,642 [INFO] IPUIPlugin:80 - create IPUIPlugin
2026-02-17 14:42:48,642 [INFO] IPUIPlugin:80 - create IPUIPlugin
2026-02-17 14:42:48,642 [INFO] IPUIPlugin:80 - create IPUIPlugin
2026-02-17 14:42:48,642 [INFO] IPUIPlugin:80 - create IPUIPlugin
2026-02-17 14:42:48,642 [INFO] IPUIPlugin:80 - create IPUIPlugin
2026-02-17 14:42:48,643 [INFO] IPUIPlugin:80 - create IPUIPlugin
2026-02-17 14:42:48,643 [INFO] IPUIPlugin:80 - create IPUIPlugin
2026-02-17 14:42:48,643 [INFO] IPUIPlugin:80 - create IPUIPlugin
2026-02-17 14:42:48,643 [INFO] IPUIPlugin:80 - create IPUIPlugin
2026-02-17 14:42:48,644 [INFO] IPUIPlugin:80 - create IPUIPlugin
2026-02-17 14:42:48,644 [INFO] IPUIPlugin:80 - create IPUIPlugin
2026-02-17 14:42:48,644 [INFO] IPUIPlugin:80 - create IPUIPlugin
2026-02-17 14:42:48,645 [INFO] IPUIPlugin:80 - create IPUIPlugin
2026-02-17 14:42:48,646 [INFO] IPUIPlugin:80 - create IPUIPlugin
2026-02-17 14:42:48,647 [INFO] IPUIPlugin:80 - create IPUIPlugin
2026-02-17 14:42:48,647 [INFO] IPUIPlugin:80 - create IPUIPlugin
2026-02-17 14:42:48,647 [INFO] IPUIPlugin:80 - create IPUIPlugin
2026-02-17 14:42:48,648 [INFO] IPUIPlugin:80 - create IPUIPlugin
2026-02-17 14:42:48,648 [INFO] IPUIPlugin:80 - create IPUIPlugin
2026-02-17 14:42:48,648 [INFO] IPUIPlugin:80 - create IPUIPlugin
2026-02-17 14:42:48,649 [INFO] IPUIPlugin:80 - create IPUIPlugin
2026-02-17 14:42:48,649 [INFO] IPUIPlugin:80 - create IPUIPlugin
2026-02-17 14:42:48,650 [INFO] IPUIPlugin:80 - create IPUIPlugin
2026-02-17 14:42:48,764 [INFO] CADModel:165 - CPN selected for project levelSTM32L476RGT3
2026-02-17 14:42:48,764 [INFO] CADModel:114 - Register for checkConnection events
2026-02-17 14:42:48,817 [INFO] OpenFileManager:386 - Restore cursor
2026-02-17 14:42:49,618 [INFO] UtilMem:75 - End SaveConfig() Used Memory: 779194544 Bytes (1073741824)
2026-02-17 14:42:49,740 [INFO] UtilMem:75 - End SaveConfig() Used Memory: 803836192 Bytes (1073741824)
2026-02-17 14:42:50,051 [INFO] BlockDiagram:2775 - set Specific Code input for plugin: SYS
2026-02-17 14:42:50,051 [INFO] BlockDiagram:2775 - set Specific Code input for plugin: RCC
2026-02-17 14:42:50,051 [INFO] BlockDiagram:2775 - set Specific Code input for plugin: NVIC
2026-02-17 14:42:50,051 [INFO] BlockDiagram:2775 - set Specific Code input for plugin: USART
2026-02-17 14:42:50,052 [INFO] BlockDiagram:2775 - set Specific Code input for plugin: GPIO
2026-02-17 14:42:50,053 [INFO] CodeGenerator:892 - code generatio: config db path: D:\STM32CubeIDE_1.19.0\STM32CubeIDE\plugins\com.st.stm32cube.common.mx_6.15.0.202507011659\\db\
2026-02-17 14:42:50,265 [INFO] CodeEngine:265 - oldGeneratedFile, D:\ADC_BareMetal\MXTmpFiles\license.tmp_save
2026-02-17 14:42:50,799 [INFO] CodeEngine:289 - Generated code: D:\ADC_BareMetal\MXTmpFiles\license.tmp
2026-02-17 14:42:50,948 [INFO] CodeEngine:265 - oldGeneratedFile, D:\ADC_BareMetal\MXTmpFiles\gpio.tmp_save
2026-02-17 14:42:51,278 [INFO] CodeEngine:289 - Generated code: D:\ADC_BareMetal\MXTmpFiles\gpio.tmp
2026-02-17 14:42:51,537 [INFO] CodeEngine:265 - oldGeneratedFile, D:\ADC_BareMetal\Core\Src\stm32l4xx_it.c_save
2026-02-17 14:42:52,097 [INFO] CodeEngine:289 - Generated code: D:\ADC_BareMetal\Core\Src\stm32l4xx_it.c
2026-02-17 14:42:52,129 [INFO] CodeEngine:265 - oldGeneratedFile, D:\ADC_BareMetal\Core\Inc\stm32l4xx_it.h_save
2026-02-17 14:42:52,285 [INFO] CodeEngine:289 - Generated code: D:\ADC_BareMetal\Core\Inc\stm32l4xx_it.h
2026-02-17 14:42:52,326 [INFO] CodeEngine:265 - oldGeneratedFile, D:\ADC_BareMetal\Core\Src\stm32l4xx_hal_msp.c_save
2026-02-17 14:42:52,630 [INFO] CodeEngine:289 - Generated code: D:\ADC_BareMetal\Core\Src\stm32l4xx_hal_msp.c
2026-02-17 14:42:52,657 [INFO] CodeEngine:265 - oldGeneratedFile, D:\ADC_BareMetal\MXTmpFiles\system.tmp_save
2026-02-17 14:42:52,793 [INFO] CodeEngine:289 - Generated code: D:\ADC_BareMetal\MXTmpFiles\system.tmp
2026-02-17 14:42:52,823 [INFO] CodeEngine:321 - oldGeneratedFile, D:\ADC_BareMetal\Core\Inc\stm32l4xx_hal_conf.h_save
2026-02-17 14:42:53,050 [INFO] CodeEngine:345 - Generated code: D:\ADC_BareMetal\Core\Inc\stm32l4xx_hal_conf.h
2026-02-17 14:42:53,137 [INFO] ApiDbMcu:532 - Load IP Config File for USART2
2026-02-17 14:42:53,142 [INFO] ApiDbMcu:532 - Load IP Config File for RCC
2026-02-17 14:42:53,155 [INFO] CodeEngine:265 - oldGeneratedFile, D:\ADC_BareMetal\Core\Inc\main.h_save
2026-02-17 14:42:53,419 [INFO] CodeEngine:289 - Generated code: D:\ADC_BareMetal\Core\Inc\main.h
2026-02-17 14:42:53,445 [INFO] CodeEngine:265 - oldGeneratedFile, D:\ADC_BareMetal\Core\Src\main.c_save
2026-02-17 14:42:53,635 [INFO] CodeEngine:289 - Generated code: D:\ADC_BareMetal\Core\Src\main.c
2026-02-17 14:42:54,298 [INFO] ProjectBuilder:3606 - Time for Copy HAL[1] : 278mS.
2026-02-17 14:42:54,302 [INFO] ProjectBuilder:5216 - Project Generator version: 4.7.0-B52
2026-02-17 14:42:54,475 [INFO] ConfigFileManager:1595 - The Die is : DIE415
2026-02-17 14:42:54,609 [INFO] ApiDbMcu:532 - Load IP Config File for FATFS
2026-02-17 14:42:54,647 [INFO] ApiDbMcu:532 - Load IP Config File for FREERTOS
2026-02-17 14:42:54,697 [INFO] ApiDbMcu:532 - Load IP Config File for TOUCHSENSING
2026-02-17 14:42:54,731 [INFO] ApiDbMcu:532 - Load IP Config File for USB_DEVICE
2026-02-17 14:42:54,761 [INFO] ApiDbMcu:532 - Load IP Config File for USB_HOST
2026-02-17 14:42:58,775 [INFO] ProjectBuilder:5496 - Time for Generating toolchain IDE Files: 4473mS.
2026-02-17 14:42:58,777 [INFO] ProjectBuilder:3463 - Time for Copy CMSIS : 0mS.
2026-02-17 14:42:58,779 [INFO] ProjectBuilder:3463 - Time for Copy CMSIS : 1mS.
2026-02-17 14:42:59,803 [INFO] McuFinderGlobals:76 - Set McuFinderConnectedMode to true
2026-02-17 14:42:59,808 [INFO] ApiDb:448 - Save user favorites file C:\Users\Hemanth Madu/.stm32cubeide/favorites.mcus.txt: 0 item(s)
2026-02-17 14:42:59,809 [INFO] ApiDb:452 - User favorites MCUs=[]
2026-02-17 14:42:59,819 [INFO] ApiDb:448 - Save user favorites file C:\Users\Hemanth Madu/.stm32cubeide/favorites.boards.txt: 0 item(s)
2026-02-17 14:42:59,820 [INFO] ApiDb:452 - User favorites Boards=[]
2026-02-17 14:45:04,966 [INFO] ParamManager:905 - [Generic UI] PropertyChangeEvent: TAB_STATUS_CHANGED , "dont care", "never mind"
2026-02-17 14:45:05,020 [INFO] ParamManager:905 - [Generic UI] PropertyChangeEvent: TAB_STATUS_CHANGED , "dont care", "never mind"
2026-02-17 14:45:05,037 [INFO] ADCParametersView:116 -                Rank 1 : false
2026-02-17 14:45:05,106 [INFO] ADCParametersView:116 -                Rank 1 : false
2026-02-17 14:45:05,106 [INFO] ADCParametersView:116 -                Rank 1 : false
2026-02-17 14:45:05,106 [INFO] ADCParametersView:116 -                Rank 1 : false
2026-02-17 14:45:05,106 [INFO] ADCParametersView:116 -                Rank 1 : false
2026-02-17 14:45:05,107 [INFO] ADCParametersView:116 -                Rank 1 : false
2026-02-17 14:45:05,107 [INFO] ADCParametersView:116 -                Rank 1 : false
2026-02-17 14:45:05,107 [INFO] ADCParametersView:116 -                Rank 1 : false
2026-02-17 14:45:05,107 [INFO] ADCParametersView:116 -                Rank 1 : false
2026-02-17 14:45:05,107 [INFO] ADCParametersView:116 -                Rank 1 : false
2026-02-17 14:45:05,108 [INFO] ADCParametersView:116 -                Rank 1 : false
2026-02-17 14:45:05,108 [INFO] ADCParametersView:116 -                Rank 1 : false
2026-02-17 14:45:05,108 [INFO] ADCParametersView:116 -                Rank 1 : false
2026-02-17 14:45:05,108 [INFO] ADCParametersView:116 -                Rank 1 : false
2026-02-17 14:45:05,108 [INFO] ADCParametersView:116 -                Rank 1 : false
2026-02-17 14:45:05,108 [INFO] ADCParametersView:116 -                Rank 1 : false
2026-02-17 14:45:05,109 [INFO] ADCParametersView:116 -                Rank 1 : false
2026-02-17 14:45:05,109 [INFO] ADCParametersView:116 -                Rank 1 : false
2026-02-17 14:45:05,109 [INFO] ADCParametersView:116 -                Rank 1 : false
2026-02-17 14:45:05,109 [INFO] ADCParametersView:116 -                Rank 1 : false
2026-02-17 14:45:05,109 [INFO] ADCParametersView:116 -                Rank 1 : false
2026-02-17 14:45:05,137 [INFO] ADCParametersView:116 -                Rank 1 : false
2026-02-17 14:45:05,436 [INFO] NvicIntPanel:101 - NVIC parent = com.st.microxplorer.plugins.ip.nvic.MultiNvicIntPanel[,0,0,0x0,invalid,layout=javax.swing.BoxLayout,alignmentX=0.0,alignmentY=0.0,border=,flags=9,maximumSize=,minimumSize=,preferredSize=]
2026-02-17 14:45:05,700 [INFO] NvicIntPanel:101 - NVIC parent = com.st.microxplorer.plugins.ip.nvic.MultiNvicIntPanel[,0,0,0x0,invalid,layout=javax.swing.BoxLayout,alignmentX=0.0,alignmentY=0.0,border=,flags=9,maximumSize=,minimumSize=,preferredSize=]
2026-02-17 14:45:05,873 [INFO] NvicIntPanel:101 - NVIC parent = com.st.microxplorer.plugins.ip.nvic.MultiNvicIntPanel[,0,0,0x0,invalid,layout=javax.swing.BoxLayout,alignmentX=0.0,alignmentY=0.0,border=,flags=9,maximumSize=,minimumSize=,preferredSize=]
2026-02-17 14:45:05,990 [INFO] ADCParametersView:116 -                Rank 1 : false
2026-02-17 14:45:05,990 [INFO] ADCParametersView:116 -                Rank 1 : false
2026-02-17 14:45:05,990 [INFO] ADCParametersView:116 -                Rank 1 : false
2026-02-17 14:45:05,990 [INFO] ADCParametersView:116 -                Rank 1 : false
2026-02-17 14:45:05,990 [INFO] ADCParametersView:116 -                Rank 1 : false
2026-02-17 14:45:05,990 [INFO] ADCParametersView:116 -                Rank 1 : false
2026-02-17 14:45:05,990 [INFO] ADCParametersView:116 -                Rank 1 : false
2026-02-17 14:45:05,990 [INFO] ADCParametersView:116 -                Rank 1 : false
2026-02-17 14:45:05,990 [INFO] ADCParametersView:116 -                Rank 1 : false
2026-02-17 14:45:05,990 [INFO] ADCParametersView:116 -                Rank 1 : false
2026-02-17 14:45:05,990 [INFO] ADCParametersView:116 -                Rank 1 : false
2026-02-17 14:45:05,990 [INFO] ADCParametersView:116 -                Rank 1 : false
2026-02-17 14:45:05,990 [INFO] ADCParametersView:116 -                Rank 1 : false
2026-02-17 14:45:05,990 [INFO] ADCParametersView:116 -                Rank 1 : false
2026-02-17 14:45:05,990 [INFO] ADCParametersView:116 -                Rank 1 : false
2026-02-17 14:45:05,990 [INFO] ADCParametersView:116 -                Rank 1 : false
2026-02-17 14:45:05,990 [INFO] ADCParametersView:116 -                Rank 1 : false
2026-02-17 14:45:05,990 [INFO] ADCParametersView:116 -                Rank 1 : false
2026-02-17 14:45:05,990 [INFO] ADCParametersView:116 -                Rank 1 : false
2026-02-17 14:45:05,990 [INFO] ADCParametersView:116 -                Rank 1 : false
2026-02-17 14:45:06,053 [INFO] ADCParametersView:116 -                Rank 1 : false
2026-02-17 14:45:06,132 [INFO] ADCParametersView:116 -                Rank 1 : false
2026-02-17 14:45:06,133 [INFO] ADCParametersView:116 -                Rank 1 : false
2026-02-17 14:45:06,133 [INFO] ADCParametersView:116 -                Rank 1 : false
2026-02-17 14:45:06,133 [INFO] ADCParametersView:116 -                Rank 1 : false
2026-02-17 14:45:06,133 [INFO] ADCParametersView:116 -                Rank 1 : false
2026-02-17 14:45:06,133 [INFO] ADCParametersView:116 -                Rank 1 : false
2026-02-17 14:45:06,133 [INFO] ADCParametersView:116 -                Rank 1 : false
2026-02-17 14:45:06,133 [INFO] ADCParametersView:116 -                Rank 1 : false
2026-02-17 14:45:06,133 [INFO] ADCParametersView:116 -                Rank 1 : false
2026-02-17 14:45:06,133 [INFO] ADCParametersView:116 -                Rank 1 : false
2026-02-17 14:45:06,134 [INFO] ADCParametersView:116 -                Rank 1 : false
2026-02-17 14:45:06,134 [INFO] ADCParametersView:116 -                Rank 1 : false
2026-02-17 14:45:06,134 [INFO] ADCParametersView:116 -                Rank 1 : false
2026-02-17 14:45:06,134 [INFO] ADCParametersView:116 -                Rank 1 : false
2026-02-17 14:45:06,134 [INFO] ADCParametersView:116 -                Rank 1 : false
2026-02-17 14:45:06,134 [INFO] ADCParametersView:116 -                Rank 1 : false
2026-02-17 14:45:06,134 [INFO] ADCParametersView:116 -                Rank 1 : false
2026-02-17 14:45:06,134 [INFO] ADCParametersView:116 -                Rank 1 : false
2026-02-17 14:45:06,134 [INFO] ADCParametersView:116 -                Rank 1 : false
2026-02-17 14:45:06,134 [INFO] ADCParametersView:116 -                Rank 1 : false
2026-02-17 14:45:06,208 [INFO] ADCParametersView:116 -                Rank 1 : false
2026-02-17 14:45:29,608 [INFO] ParamManager:905 - [Generic UI] PropertyChangeEvent: TAB_STATUS_CHANGED , "dont care", "never mind"
2026-02-17 14:45:29,617 [INFO] ADCParametersView:116 -                Rank 1 : false
2026-02-17 14:45:29,617 [INFO] ADCParametersView:116 -                Rank 1 : false
2026-02-17 14:45:29,617 [INFO] ADCParametersView:116 -                Rank 1 : false
2026-02-17 14:45:29,617 [INFO] ADCParametersView:116 -                Rank 1 : false
2026-02-17 14:45:29,617 [INFO] ADCParametersView:116 -                Rank 1 : false
2026-02-17 14:45:29,617 [INFO] ADCParametersView:116 -                Rank 1 : false
2026-02-17 14:45:29,618 [INFO] ADCParametersView:116 -                Rank 1 : false
2026-02-17 14:45:29,618 [INFO] ADCParametersView:116 -                Rank 1 : false
2026-02-17 14:45:29,618 [INFO] ADCParametersView:116 -                Rank 1 : false
2026-02-17 14:45:29,618 [INFO] ADCParametersView:116 -                Rank 1 : false
2026-02-17 14:45:29,618 [INFO] ADCParametersView:116 -                Rank 1 : false
2026-02-17 14:45:29,618 [INFO] ADCParametersView:116 -                Rank 1 : false
2026-02-17 14:45:29,618 [INFO] ADCParametersView:116 -                Rank 1 : false
2026-02-17 14:45:29,618 [INFO] ADCParametersView:116 -                Rank 1 : false
2026-02-17 14:45:29,618 [INFO] ADCParametersView:116 -                Rank 1 : false
2026-02-17 14:45:29,618 [INFO] ADCParametersView:116 -                Rank 1 : false
2026-02-17 14:45:29,618 [INFO] ADCParametersView:116 -                Rank 1 : false
2026-02-17 14:45:29,618 [INFO] ADCParametersView:116 -                Rank 1 : false
2026-02-17 14:45:29,618 [INFO] ADCParametersView:116 -                Rank 1 : false
2026-02-17 14:45:29,619 [INFO] ADCParametersView:116 -                Rank 1 : false
2026-02-17 14:45:29,630 [INFO] ParamManager:905 - [Generic UI] PropertyChangeEvent: TAB_STATUS_CHANGED , "dont care", "never mind"
2026-02-17 14:45:29,637 [INFO] ADCParametersView:116 -                Rank 1 : false
2026-02-17 14:45:29,670 [INFO] ADCParametersView:116 -                Rank 1 : false
2026-02-17 14:45:29,670 [INFO] ADCParametersView:116 -                Rank 1 : false
2026-02-17 14:45:29,670 [INFO] ADCParametersView:116 -                Rank 1 : false
2026-02-17 14:45:29,670 [INFO] ADCParametersView:116 -                Rank 1 : false
2026-02-17 14:45:29,670 [INFO] ADCParametersView:116 -                Rank 1 : false
2026-02-17 14:45:29,671 [INFO] ADCParametersView:116 -                Rank 1 : false
2026-02-17 14:45:29,671 [INFO] ADCParametersView:116 -                Rank 1 : false
2026-02-17 14:45:29,671 [INFO] ADCParametersView:116 -                Rank 1 : false
2026-02-17 14:45:29,671 [INFO] ADCParametersView:116 -                Rank 1 : false
2026-02-17 14:45:29,671 [INFO] ADCParametersView:116 -                Rank 1 : false
2026-02-17 14:45:29,671 [INFO] ADCParametersView:116 -                Rank 1 : false
2026-02-17 14:45:29,671 [INFO] ADCParametersView:116 -                Rank 1 : false
2026-02-17 14:45:29,671 [INFO] ADCParametersView:116 -                Rank 1 : false
2026-02-17 14:45:29,671 [INFO] ADCParametersView:116 -                Rank 1 : false
2026-02-17 14:45:29,671 [INFO] ADCParametersView:116 -                Rank 1 : false
2026-02-17 14:45:29,671 [INFO] ADCParametersView:116 -                Rank 1 : false
2026-02-17 14:45:29,671 [INFO] ADCParametersView:116 -                Rank 1 : false
2026-02-17 14:45:29,671 [INFO] ADCParametersView:116 -                Rank 1 : false
2026-02-17 14:45:29,671 [INFO] ADCParametersView:116 -                Rank 1 : false
2026-02-17 14:45:29,671 [INFO] ADCParametersView:116 -                Rank 1 : false
2026-02-17 14:45:29,686 [INFO] ADCParametersView:116 -                Rank 1 : false
2026-02-17 14:45:29,879 [INFO] NvicIntPanel:101 - NVIC parent = com.st.microxplorer.plugins.ip.nvic.MultiNvicIntPanel[,0,0,0x0,invalid,layout=javax.swing.BoxLayout,alignmentX=0.0,alignmentY=0.0,border=,flags=9,maximumSize=,minimumSize=,preferredSize=]
2026-02-17 14:45:30,092 [INFO] NvicIntPanel:101 - NVIC parent = com.st.microxplorer.plugins.ip.nvic.MultiNvicIntPanel[,0,0,0x0,invalid,layout=javax.swing.BoxLayout,alignmentX=0.0,alignmentY=0.0,border=,flags=9,maximumSize=,minimumSize=,preferredSize=]
2026-02-17 14:45:30,292 [INFO] NvicIntPanel:101 - NVIC parent = com.st.microxplorer.plugins.ip.nvic.MultiNvicIntPanel[,0,0,0x0,invalid,layout=javax.swing.BoxLayout,alignmentX=0.0,alignmentY=0.0,border=,flags=9,maximumSize=,minimumSize=,preferredSize=]
2026-02-17 14:45:30,417 [INFO] ADCParametersView:116 -                Rank 1 : false
2026-02-17 14:45:30,417 [INFO] ADCParametersView:116 -                Rank 1 : false
2026-02-17 14:45:30,417 [INFO] ADCParametersView:116 -                Rank 1 : false
2026-02-17 14:45:30,417 [INFO] ADCParametersView:116 -                Rank 1 : false
2026-02-17 14:45:30,417 [INFO] ADCParametersView:116 -                Rank 1 : false
2026-02-17 14:45:30,417 [INFO] ADCParametersView:116 -                Rank 1 : false
2026-02-17 14:45:30,417 [INFO] ADCParametersView:116 -                Rank 1 : false
2026-02-17 14:45:30,417 [INFO] ADCParametersView:116 -                Rank 1 : false
2026-02-17 14:45:30,417 [INFO] ADCParametersView:116 -                Rank 1 : false
2026-02-17 14:45:30,417 [INFO] ADCParametersView:116 -                Rank 1 : false
2026-02-17 14:45:30,417 [INFO] ADCParametersView:116 -                Rank 1 : false
2026-02-17 14:45:30,418 [INFO] ADCParametersView:116 -                Rank 1 : false
2026-02-17 14:45:30,418 [INFO] ADCParametersView:116 -                Rank 1 : false
2026-02-17 14:45:30,418 [INFO] ADCParametersView:116 -                Rank 1 : false
2026-02-17 14:45:30,418 [INFO] ADCParametersView:116 -                Rank 1 : false
2026-02-17 14:45:30,418 [INFO] ADCParametersView:116 -                Rank 1 : false
2026-02-17 14:45:30,418 [INFO] ADCParametersView:116 -                Rank 1 : false
2026-02-17 14:45:30,418 [INFO] ADCParametersView:116 -                Rank 1 : false
2026-02-17 14:45:30,418 [INFO] ADCParametersView:116 -                Rank 1 : false
2026-02-17 14:45:30,418 [INFO] ADCParametersView:116 -                Rank 1 : false
2026-02-17 14:45:30,484 [INFO] ADCParametersView:116 -                Rank 1 : false
2026-02-17 14:45:30,559 [INFO] ADCParametersView:116 -                Rank 1 : false
2026-02-17 14:45:30,559 [INFO] ADCParametersView:116 -                Rank 1 : false
2026-02-17 14:45:30,560 [INFO] ADCParametersView:116 -                Rank 1 : false
2026-02-17 14:45:30,560 [INFO] ADCParametersView:116 -                Rank 1 : false
2026-02-17 14:45:30,560 [INFO] ADCParametersView:116 -                Rank 1 : false
2026-02-17 14:45:30,560 [INFO] ADCParametersView:116 -                Rank 1 : false
2026-02-17 14:45:30,560 [INFO] ADCParametersView:116 -                Rank 1 : false
2026-02-17 14:45:30,560 [INFO] ADCParametersView:116 -                Rank 1 : false
2026-02-17 14:45:30,560 [INFO] ADCParametersView:116 -                Rank 1 : false
2026-02-17 14:45:30,560 [INFO] ADCParametersView:116 -                Rank 1 : false
2026-02-17 14:45:30,560 [INFO] ADCParametersView:116 -                Rank 1 : false
2026-02-17 14:45:30,560 [INFO] ADCParametersView:116 -                Rank 1 : false
2026-02-17 14:45:30,561 [INFO] ADCParametersView:116 -                Rank 1 : false
2026-02-17 14:45:30,561 [INFO] ADCParametersView:116 -                Rank 1 : false
2026-02-17 14:45:30,561 [INFO] ADCParametersView:116 -                Rank 1 : false
2026-02-17 14:45:30,561 [INFO] ADCParametersView:116 -                Rank 1 : false
2026-02-17 14:45:30,561 [INFO] ADCParametersView:116 -                Rank 1 : false
2026-02-17 14:45:30,561 [INFO] ADCParametersView:116 -                Rank 1 : false
2026-02-17 14:45:30,561 [INFO] ADCParametersView:116 -                Rank 1 : false
2026-02-17 14:45:30,561 [INFO] ADCParametersView:116 -                Rank 1 : false
2026-02-17 14:45:30,637 [INFO] ADCParametersView:116 -                Rank 1 : false
2026-02-17 14:45:35,284 [INFO] ADCParametersView:116 -                Rank 1 : false
2026-02-17 14:45:35,284 [INFO] ADCParametersView:116 -                Rank 1 : false
2026-02-17 14:45:35,284 [INFO] ADCParametersView:116 -                Rank 1 : false
2026-02-17 14:45:35,284 [INFO] ADCParametersView:116 -                Rank 1 : false
2026-02-17 14:45:35,284 [INFO] ADCParametersView:116 -                Rank 1 : false
2026-02-17 14:45:35,285 [INFO] ADCParametersView:116 -                Rank 1 : false
2026-02-17 14:45:35,285 [INFO] ADCParametersView:116 -                Rank 1 : false
2026-02-17 14:45:35,285 [INFO] ADCParametersView:116 -                Rank 1 : false
2026-02-17 14:45:35,285 [INFO] ADCParametersView:116 -                Rank 1 : false
2026-02-17 14:45:35,285 [INFO] ADCParametersView:116 -                Rank 1 : false
2026-02-17 14:45:35,285 [INFO] ADCParametersView:116 -                Rank 1 : false
2026-02-17 14:45:35,285 [INFO] ADCParametersView:116 -                Rank 1 : false
2026-02-17 14:45:35,285 [INFO] ADCParametersView:116 -                Rank 1 : false
2026-02-17 14:45:35,285 [INFO] ADCParametersView:116 -                Rank 1 : false
2026-02-17 14:45:35,285 [INFO] ADCParametersView:116 -                Rank 1 : false
2026-02-17 14:45:35,285 [INFO] ADCParametersView:116 -                Rank 1 : false
2026-02-17 14:45:35,285 [INFO] ADCParametersView:116 -                Rank 1 : false
2026-02-17 14:45:35,285 [INFO] ADCParametersView:116 -                Rank 1 : false
2026-02-17 14:45:35,285 [INFO] ADCParametersView:116 -                Rank 1 : false
2026-02-17 14:45:35,285 [INFO] ADCParametersView:116 -                Rank 1 : false
2026-02-17 14:45:35,298 [INFO] ADCParametersView:116 -                Rank 1 : false
2026-02-17 14:45:35,326 [INFO] ADCParametersView:116 -                Rank 1 : false
2026-02-17 14:45:35,326 [INFO] ADCParametersView:116 -                Rank 1 : false
2026-02-17 14:45:35,326 [INFO] ADCParametersView:116 -                Rank 1 : false
2026-02-17 14:45:35,326 [INFO] ADCParametersView:116 -                Rank 1 : false
2026-02-17 14:45:35,326 [INFO] ADCParametersView:116 -                Rank 1 : false
2026-02-17 14:45:35,327 [INFO] ADCParametersView:116 -                Rank 1 : false
2026-02-17 14:45:35,327 [INFO] ADCParametersView:116 -                Rank 1 : false
2026-02-17 14:45:35,327 [INFO] ADCParametersView:116 -                Rank 1 : false
2026-02-17 14:45:35,327 [INFO] ADCParametersView:116 -                Rank 1 : false
2026-02-17 14:45:35,327 [INFO] ADCParametersView:116 -                Rank 1 : false
2026-02-17 14:45:35,327 [INFO] ADCParametersView:116 -                Rank 1 : false
2026-02-17 14:45:35,327 [INFO] ADCParametersView:116 -                Rank 1 : false
2026-02-17 14:45:35,327 [INFO] ADCParametersView:116 -                Rank 1 : false
2026-02-17 14:45:35,327 [INFO] ADCParametersView:116 -                Rank 1 : false
2026-02-17 14:45:35,327 [INFO] ADCParametersView:116 -                Rank 1 : false
2026-02-17 14:45:35,327 [INFO] ADCParametersView:116 -                Rank 1 : false
2026-02-17 14:45:35,327 [INFO] ADCParametersView:116 -                Rank 1 : false
2026-02-17 14:45:35,327 [INFO] ADCParametersView:116 -                Rank 1 : false
2026-02-17 14:45:35,327 [INFO] ADCParametersView:116 -                Rank 1 : false
2026-02-17 14:45:35,327 [INFO] ADCParametersView:116 -                Rank 1 : false
2026-02-17 14:45:35,337 [INFO] ADCParametersView:116 -                Rank 1 : false
2026-02-17 14:45:38,048 [INFO] ADCParametersView:116 -                Rank 1 : false
2026-02-17 14:45:38,049 [INFO] ADCParametersView:116 -                Rank 1 : false
2026-02-17 14:45:38,049 [INFO] ADCParametersView:116 -                Rank 1 : false
2026-02-17 14:45:38,050 [INFO] ADCParametersView:116 -                Rank 1 : false
2026-02-17 14:45:38,050 [INFO] ADCParametersView:116 -                Rank 1 : false
2026-02-17 14:45:38,051 [INFO] ADCParametersView:116 -                Rank 1 : false
2026-02-17 14:45:38,051 [INFO] ADCParametersView:116 -                Rank 1 : false
2026-02-17 14:45:38,051 [INFO] ADCParametersView:116 -                Rank 1 : false
2026-02-17 14:45:38,052 [INFO] ADCParametersView:116 -                Rank 1 : false
2026-02-17 14:45:38,052 [INFO] ADCParametersView:116 -                Rank 1 : false
2026-02-17 14:45:38,052 [INFO] ADCParametersView:116 -                Rank 1 : false
2026-02-17 14:45:38,052 [INFO] ADCParametersView:116 -                Rank 1 : false
2026-02-17 14:45:38,053 [INFO] ADCParametersView:116 -                Rank 1 : false
2026-02-17 14:45:38,053 [INFO] ADCParametersView:116 -                Rank 1 : false
2026-02-17 14:45:38,053 [INFO] ADCParametersView:116 -                Rank 1 : false
2026-02-17 14:45:38,054 [INFO] ADCParametersView:116 -                Rank 1 : false
2026-02-17 14:45:38,054 [INFO] ADCParametersView:116 -                Rank 1 : false
2026-02-17 14:45:38,054 [INFO] ADCParametersView:116 -                Rank 1 : false
2026-02-17 14:45:38,054 [INFO] ADCParametersView:116 -                Rank 1 : false
2026-02-17 14:45:38,054 [INFO] ADCParametersView:116 -                Rank 1 : false
2026-02-17 14:45:38,156 [INFO] ADCParametersView:116 -                Rank 1 : false
2026-02-17 14:45:51,475 [INFO] ADCParametersView:116 -                Rank 1 : false
2026-02-17 14:46:05,127 [INFO] NvicIntPanel:101 - NVIC parent = com.st.microxplorer.plugins.ip.nvic.MultiNvicIntPanel[,0,0,0x0,invalid,layout=javax.swing.BoxLayout,alignmentX=0.0,alignmentY=0.0,border=,flags=9,maximumSize=,minimumSize=,preferredSize=]
2026-02-17 14:46:05,201 [INFO] ADCParametersView:116 -                Rank 1 : false
2026-02-17 14:46:05,206 [INFO] ADCParametersView:116 -                Rank 1 : false
2026-02-17 14:46:05,206 [INFO] ADCParametersView:116 -                Rank 1 : false
2026-02-17 14:46:05,206 [INFO] ADCParametersView:116 -                Rank 1 : false
2026-02-17 14:46:05,206 [INFO] ADCParametersView:116 -                Rank 1 : false
2026-02-17 14:46:05,206 [INFO] ADCParametersView:116 -                Rank 1 : false
2026-02-17 14:46:05,206 [INFO] ADCParametersView:116 -                Rank 1 : false
2026-02-17 14:46:05,207 [INFO] ADCParametersView:116 -                Rank 1 : false
2026-02-17 14:46:05,207 [INFO] ADCParametersView:116 -                Rank 1 : false
2026-02-17 14:46:05,207 [INFO] ADCParametersView:116 -                Rank 1 : false
2026-02-17 14:46:05,207 [INFO] ADCParametersView:116 -                Rank 1 : false
2026-02-17 14:46:05,207 [INFO] ADCParametersView:116 -                Rank 1 : false
2026-02-17 14:46:05,207 [INFO] ADCParametersView:116 -                Rank 1 : false
2026-02-17 14:46:05,208 [INFO] ADCParametersView:116 -                Rank 1 : false
2026-02-17 14:46:05,208 [INFO] ADCParametersView:116 -                Rank 1 : false
2026-02-17 14:46:05,208 [INFO] ADCParametersView:116 -                Rank 1 : false
2026-02-17 14:46:05,208 [INFO] ADCParametersView:116 -                Rank 1 : false
2026-02-17 14:46:05,208 [INFO] ADCParametersView:116 -                Rank 1 : false
2026-02-17 14:46:05,208 [INFO] ADCParametersView:116 -                Rank 1 : false
2026-02-17 14:46:05,208 [INFO] ADCParametersView:116 -                Rank 1 : false
2026-02-17 14:46:05,263 [INFO] ADCParametersView:116 -                Rank 1 : false
2026-02-17 14:46:24,562 [INFO] UtilMem:75 - End SaveConfig() Used Memory: 877374680 Bytes (1073741824)
2026-02-17 14:46:26,029 [INFO] UtilMem:75 - End SaveConfig() Used Memory: 905159896 Bytes (1073741824)
2026-02-17 14:46:28,828 [INFO] UtilMem:75 - End SaveConfig() Used Memory: 761896392 Bytes (1073741824)
2026-02-17 14:46:29,535 [INFO] BlockDiagram:2775 - set Specific Code input for plugin: SYS
2026-02-17 14:46:29,536 [INFO] BlockDiagram:2775 - set Specific Code input for plugin: ADC
2026-02-17 14:46:29,536 [INFO] BlockDiagram:2775 - set Specific Code input for plugin: RCC
2026-02-17 14:46:29,536 [INFO] BlockDiagram:2775 - set Specific Code input for plugin: NVIC
2026-02-17 14:46:29,536 [INFO] BlockDiagram:2775 - set Specific Code input for plugin: USART
2026-02-17 14:46:29,536 [INFO] BlockDiagram:2775 - set Specific Code input for plugin: DMA
2026-02-17 14:46:29,536 [INFO] BlockDiagram:2775 - set Specific Code input for plugin: GPIO
2026-02-17 14:46:29,537 [INFO] CodeGenerator:892 - code generatio: config db path: D:\STM32CubeIDE_1.19.0\STM32CubeIDE\plugins\com.st.stm32cube.common.mx_6.15.0.202507011659\\db\
2026-02-17 14:46:29,656 [INFO] CodeEngine:265 - oldGeneratedFile, D:\ADC_BareMetal\MXTmpFiles\license.tmp_save
2026-02-17 14:46:29,994 [INFO] CodeEngine:289 - Generated code: D:\ADC_BareMetal\MXTmpFiles\license.tmp
2026-02-17 14:46:30,071 [INFO] CodeEngine:265 - oldGeneratedFile, D:\ADC_BareMetal\MXTmpFiles\gpio.tmp_save
2026-02-17 14:46:30,375 [INFO] CodeEngine:289 - Generated code: D:\ADC_BareMetal\MXTmpFiles\gpio.tmp
2026-02-17 14:46:30,737 [INFO] CodeEngine:265 - oldGeneratedFile, D:\ADC_BareMetal\MXTmpFiles\dma.tmp_save
2026-02-17 14:46:30,996 [INFO] CodeEngine:289 - Generated code: D:\ADC_BareMetal\MXTmpFiles\dma.tmp
2026-02-17 14:46:31,016 [INFO] CodeEngine:265 - oldGeneratedFile, D:\ADC_BareMetal\MXTmpFiles\dma_GV.tmp_save
2026-02-17 14:46:31,175 [INFO] CodeEngine:289 - Generated code: D:\ADC_BareMetal\MXTmpFiles\dma_GV.tmp
2026-02-17 14:46:31,191 [INFO] CodeEngine:265 - oldGeneratedFile, D:\ADC_BareMetal\Core\Src\stm32l4xx_it.c_save
2026-02-17 14:46:31,493 [INFO] CodeEngine:289 - Generated code: D:\ADC_BareMetal\Core\Src\stm32l4xx_it.c
2026-02-17 14:46:31,501 [INFO] CodeEngine:265 - oldGeneratedFile, D:\ADC_BareMetal\Core\Inc\stm32l4xx_it.h_save
2026-02-17 14:46:31,652 [INFO] CodeEngine:289 - Generated code: D:\ADC_BareMetal\Core\Inc\stm32l4xx_it.h
2026-02-17 14:46:31,671 [INFO] CodeEngine:265 - oldGeneratedFile, D:\ADC_BareMetal\Core\Src\stm32l4xx_hal_msp.c_save
2026-02-17 14:46:32,180 [INFO] CodeEngine:289 - Generated code: D:\ADC_BareMetal\Core\Src\stm32l4xx_hal_msp.c
2026-02-17 14:46:32,188 [INFO] CodeEngine:265 - oldGeneratedFile, D:\ADC_BareMetal\MXTmpFiles\system.tmp_save
2026-02-17 14:46:32,275 [INFO] CodeEngine:289 - Generated code: D:\ADC_BareMetal\MXTmpFiles\system.tmp
2026-02-17 14:46:32,288 [INFO] CodeEngine:321 - oldGeneratedFile, D:\ADC_BareMetal\Core\Inc\stm32l4xx_hal_conf.h_save
2026-02-17 14:46:32,569 [INFO] CodeEngine:345 - Generated code: D:\ADC_BareMetal\Core\Inc\stm32l4xx_hal_conf.h
2026-02-17 14:46:32,629 [INFO] ApiDbMcu:532 - Load IP Config File for ADC1
2026-02-17 14:46:32,639 [INFO] CodeEngine:265 - oldGeneratedFile, D:\ADC_BareMetal\Core\Inc\main.h_save
2026-02-17 14:46:32,813 [INFO] CodeEngine:289 - Generated code: D:\ADC_BareMetal\Core\Inc\main.h
2026-02-17 14:46:32,825 [INFO] CodeEngine:265 - oldGeneratedFile, D:\ADC_BareMetal\Core\Src\main.c_save
2026-02-17 14:46:33,040 [INFO] CodeEngine:289 - Generated code: D:\ADC_BareMetal\Core\Src\main.c
2026-02-17 14:46:33,568 [INFO] ProjectBuilder:3606 - Time for Copy HAL[1] : 270mS.
2026-02-17 14:46:33,573 [INFO] ProjectBuilder:5216 - Project Generator version: 4.7.0-B52
2026-02-17 14:46:33,757 [INFO] ConfigFileManager:1595 - The Die is : DIE415
2026-02-17 14:46:35,457 [INFO] ProjectBuilder:5496 - Time for Generating toolchain IDE Files: 1884mS.
2026-02-17 14:46:35,458 [INFO] ProjectBuilder:3463 - Time for Copy CMSIS : 1mS.
2026-02-17 14:46:35,460 [INFO] ProjectBuilder:3463 - Time for Copy CMSIS : 0mS.
2026-02-17 15:04:03,913 [INFO] WebApp:194 - Connection lost
2026-02-17 15:04:04,314 [INFO] WebApp:191 - Connection restablished
2026-02-17 15:48:49,246 [ERROR] LogOutputStream:75 - [STDERR_REDIRECT] 
2026-02-17 15:48:49,252 [ERROR] LogOutputStream:75 - [STDERR_REDIRECT] 
2026-02-17 15:49:47,952 [INFO] Activator:176 - 


2026-02-17 15:49:47,961 [INFO] Activator:177 - !SESSION log4j initialized
2026-02-17 15:50:05,168 [INFO] LogOutputStream:77 - [STDOUT_REDIRECT] 
2026-02-17 15:50:42,798 [INFO] ApplicationProperties:184 - Using Application install path: D:\STM32CubeIDE_1.19.0\STM32CubeIDE\plugins\com.st.stm32cube.common.mx_6.15.0.202507011659
2026-02-17 15:50:42,849 [INFO] DbMcusXml:78 - Set database path to: D:\STM32CubeIDE_1.19.0\STM32CubeIDE\plugins\com.st.stm32cube.common.mx_6.15.0.202507011659\\db\/mcu/
2026-02-17 15:50:42,849 [INFO] ApiDb:274 - Set plugin database path to: D:\STM32CubeIDE_1.19.0\STM32CubeIDE\plugins\com.st.stm32cube.common.mx_6.15.0.202507011659\\db\/plugins/boardmanager/
2026-02-17 15:50:42,850 [WARN] ApiDb:259 - Overriding images path with different value:  => D:\STM32CubeIDE_1.19.0\STM32CubeIDE\plugins\com.st.stm32cube.common.mx_6.15.0.202507011659\\db\/plugins/mcufinder/images/
2026-02-17 15:50:42,886 [INFO] ApiDb:250 - Set database path to: C:\Users\Hemanth Madu\.stmcufinder\plugins\mcufinder//mcu/
2026-02-17 15:50:42,894 [INFO] DbMcusAds:125 - Set database path to: C:\Users\Hemanth Madu\.stmcufinder\plugins\mcufinder//mcu/
2026-02-17 15:50:42,923 [INFO] CrossReferenceDbSqlite:203 - Set database path to: C:\Users\Hemanth Madu\.stmcufinder\plugins\mcufinder//mcu/cs/
2026-02-17 15:50:43,257 [INFO] RulesReader:64 - Compatibility file has been processed (317 Rules)
2026-02-17 15:50:43,590 [INFO] DbMcusXml:78 - Set database path to: D:\STM32CubeIDE_1.19.0\STM32CubeIDE\plugins\com.st.stm32cube.common.mx_6.15.0.202507011659\\db\/mcu/
2026-02-17 15:50:43,591 [INFO] ApiDb:274 - Set plugin database path to: D:\STM32CubeIDE_1.19.0\STM32CubeIDE\plugins\com.st.stm32cube.common.mx_6.15.0.202507011659\\db\/plugins/boardmanager/
2026-02-17 15:50:43,591 [INFO] ApiDb:261 - Set plugin images path to: D:\STM32CubeIDE_1.19.0\STM32CubeIDE\plugins\com.st.stm32cube.common.mx_6.15.0.202507011659\\db\/plugins/mcufinder/images/
2026-02-17 15:50:43,591 [WARN] DbFile:41 - Overriding database path with different value: C:\Users\Hemanth Madu\.stmcufinder\plugins\mcufinder/ => C:\Users\Hemanth Madu\.stmcufinder\plugins\mcufinder
2026-02-17 15:50:43,592 [INFO] ApiDb:250 - Set database path to: C:\Users\Hemanth Madu\.stmcufinder\plugins\mcufinder//mcu/
2026-02-17 15:50:43,592 [WARN] DbFile:41 - Overriding database path with different value: C:\Users\Hemanth Madu\.stmcufinder\plugins\mcufinder/ => C:\Users\Hemanth Madu\.stmcufinder\plugins\mcufinder
2026-02-17 15:50:43,592 [INFO] DbMcusAds:125 - Set database path to: C:\Users\Hemanth Madu\.stmcufinder\plugins\mcufinder//mcu/
2026-02-17 15:50:43,592 [WARN] DbFile:41 - Overriding database path with different value: C:\Users\Hemanth Madu\.stmcufinder\plugins\mcufinder/ => C:\Users\Hemanth Madu\.stmcufinder\plugins\mcufinder
2026-02-17 15:50:43,592 [WARN] DbFile:41 - Overriding database path with different value: C:\Users\Hemanth Madu\.stmcufinder\plugins\mcufinder/ => C:\Users\Hemanth Madu\.stmcufinder\plugins\mcufinder
2026-02-17 15:50:43,593 [INFO] CrossReferenceDbSqlite:203 - Set database path to: C:\Users\Hemanth Madu\.stmcufinder\plugins\mcufinder//mcu/cs/
2026-02-17 15:50:43,900 [INFO] MainPanel:274 - HeapMemory: 274726912
2026-02-17 15:50:44,476 [INFO] DbMcusXml:78 - Set database path to: D:\STM32CubeIDE_1.19.0\STM32CubeIDE\plugins\com.st.stm32cube.common.mx_6.15.0.202507011659\\db\/mcu/
2026-02-17 15:50:44,477 [INFO] ApiDb:274 - Set plugin database path to: D:\STM32CubeIDE_1.19.0\STM32CubeIDE\plugins\com.st.stm32cube.common.mx_6.15.0.202507011659\\db\/plugins/boardmanager/
2026-02-17 15:50:44,477 [INFO] ApiDb:261 - Set plugin images path to: D:\STM32CubeIDE_1.19.0\STM32CubeIDE\plugins\com.st.stm32cube.common.mx_6.15.0.202507011659\\db\/plugins/mcufinder/images/
2026-02-17 15:50:44,478 [WARN] DbFile:41 - Overriding database path with different value: C:\Users\Hemanth Madu\.stmcufinder\plugins\mcufinder/ => C:\Users\Hemanth Madu\.stmcufinder\plugins\mcufinder
2026-02-17 15:50:44,478 [INFO] ApiDb:250 - Set database path to: C:\Users\Hemanth Madu\.stmcufinder\plugins\mcufinder//mcu/
2026-02-17 15:50:44,478 [WARN] DbFile:41 - Overriding database path with different value: C:\Users\Hemanth Madu\.stmcufinder\plugins\mcufinder/ => C:\Users\Hemanth Madu\.stmcufinder\plugins\mcufinder
2026-02-17 15:50:44,478 [INFO] DbMcusAds:125 - Set database path to: C:\Users\Hemanth Madu\.stmcufinder\plugins\mcufinder//mcu/
2026-02-17 15:50:44,478 [WARN] DbFile:41 - Overriding database path with different value: C:\Users\Hemanth Madu\.stmcufinder\plugins\mcufinder/ => C:\Users\Hemanth Madu\.stmcufinder\plugins\mcufinder
2026-02-17 15:50:44,479 [WARN] DbFile:41 - Overriding database path with different value: C:\Users\Hemanth Madu\.stmcufinder\plugins\mcufinder/ => C:\Users\Hemanth Madu\.stmcufinder\plugins\mcufinder
2026-02-17 15:50:44,479 [INFO] CrossReferenceDbSqlite:203 - Set database path to: C:\Users\Hemanth Madu\.stmcufinder\plugins\mcufinder//mcu/cs/
2026-02-17 15:50:44,548 [INFO] ApplicationProperties:184 - Using Application install path: D:\STM32CubeIDE_1.19.0\STM32CubeIDE\plugins\com.st.stm32cube.common.mx_6.15.0.202507011659
2026-02-17 15:50:44,551 [INFO] PluginManage:196 - Search for loadable plugins [exclusion list=, ]
2026-02-17 15:50:44,557 [INFO] PluginManage:310 - Check plugin analytics
2026-02-17 15:50:45,071 [INFO] AnalyticsPlugin:253 - Accepted Software Licenses: 
2026-02-17 15:50:45,072 [INFO] AnalyticsPlugin:255 - Accepted CMSIS Pack Licenses: 
2026-02-17 15:50:45,072 [INFO] AnalyticsPlugin:257 - Accepted Firmware Licenses: FW.L4.1.18.0
2026-02-17 15:50:45,074 [INFO] PluginManage:359 - Loaded plugin analytics (category:tool,tabindex:-1)
2026-02-17 15:50:45,075 [INFO] PluginManage:310 - Check plugin cadmodel
2026-02-17 15:50:45,123 [INFO] CADModel:105 - Init CAD model plugin
2026-02-17 15:50:45,123 [INFO] PluginManage:359 - Loaded plugin cadmodel (category:power,tabindex:5)
2026-02-17 15:50:45,123 [INFO] PluginManage:310 - Check plugin clock
2026-02-17 15:50:45,212 [INFO] PluginManage:359 - Loaded plugin clock (category:base,tabindex:2)
2026-02-17 15:50:45,213 [INFO] PluginManage:310 - Check plugin ddr
2026-02-17 15:50:45,236 [INFO] PluginManage:359 - Loaded plugin ddr (category:tool,tabindex:6)
2026-02-17 15:50:45,237 [INFO] PluginManage:310 - Check plugin filemanager
2026-02-17 15:50:45,721 [INFO] PluginManage:359 - Loaded plugin filemanager (category:base,tabindex:10)
2026-02-17 15:50:45,721 [INFO] PluginManage:310 - Check plugin ipmanager
2026-02-17 15:50:45,735 [INFO] PluginManage:359 - Loaded plugin ipmanager (category:base,tabindex:5)
2026-02-17 15:50:45,735 [INFO] PluginManage:310 - Check plugin lpbam
2026-02-17 15:50:45,784 [INFO] PluginManage:359 - Loaded plugin lpbam (category:base,tabindex:0)
2026-02-17 15:50:45,785 [INFO] PluginManage:310 - Check plugin memorymap
2026-02-17 15:50:45,904 [INFO] PluginManage:359 - Loaded plugin memorymap (category:base,tabindex:4)
2026-02-17 15:50:45,905 [INFO] PluginManage:310 - Check plugin pinoutandconfiguration
2026-02-17 15:50:45,993 [INFO] PluginManage:359 - Loaded plugin pinoutandconfiguration (category:base,tabindex:1)
2026-02-17 15:50:45,994 [INFO] PluginManage:310 - Check plugin pinoutconfig
2026-02-17 15:50:46,265 [WARN] SupportedApi:132 - Cannot load RTOS API schema: s4s-elt-must-match.1: The content of 'definitions' must match (annotation?, (simpleType | complexType)?, (unique | key | keyref)*)). A problem was found starting at: attribute.
2026-02-17 15:50:46,713 [INFO] PluginManage:359 - Loaded plugin pinoutconfig (category:base,tabindex:0)
2026-02-17 15:50:46,714 [INFO] PluginManage:310 - Check plugin power
2026-02-17 15:50:46,790 [INFO] PluginManage:359 - Loaded plugin power (category:power,tabindex:4)
2026-02-17 15:50:46,790 [INFO] PluginManage:310 - Check plugin projectmanager
2026-02-17 15:50:46,831 [INFO] PluginManage:359 - Loaded plugin projectmanager (category:projectmanager,tabindex:4)
2026-02-17 15:50:46,831 [INFO] PluginManage:310 - Check plugin rif
2026-02-17 15:50:46,894 [INFO] PluginManage:359 - Loaded plugin rif (category:base,tabindex:3)
2026-02-17 15:50:46,894 [INFO] PluginManage:310 - Check plugin thirdparty
2026-02-17 15:50:47,664 [INFO] PluginManage:359 - Loaded plugin thirdparty (category:base,tabindex:-1)
2026-02-17 15:50:47,664 [INFO] PluginManage:310 - Check plugin tools
2026-02-17 15:50:47,664 [WARN] IntegrityCheckThread:84 - waiting for thirdparty lock release [integrity check]
2026-02-17 15:50:47,664 [INFO] IntegrityCheckThread:86 - entering critical section [integrity check]
2026-02-17 15:50:47,665 [INFO] ThirdPartyUpdaterWithRetryManager:70 - Updater plugin not ready yet. [1/15]
2026-02-17 15:50:47,738 [INFO] PluginManage:359 - Loaded plugin tools (category:base,tabindex:7)
2026-02-17 15:50:47,739 [INFO] PluginManage:310 - Check plugin tutovideos
2026-02-17 15:50:48,869 [INFO] PluginManage:359 - Loaded plugin tutovideos (category:base,tabindex:-1)
2026-02-17 15:50:48,869 [INFO] PluginManage:310 - Check plugin updater
2026-02-17 15:50:48,923 [INFO] PluginManage:359 - Loaded plugin updater (category:base,tabindex:12)
2026-02-17 15:50:48,923 [INFO] PluginManage:310 - Check plugin userauth
2026-02-17 15:50:48,938 [INFO] UserAuth:118 - Init User Auth plugin
2026-02-17 15:50:48,939 [INFO] PluginManage:359 - Loaded plugin userauth (category:base,tabindex:14)
2026-02-17 15:50:48,940 [INFO] PluginManage:283 - PluginManage : Loaded plugins [18]
2026-02-17 15:50:49,769 [INFO] PinOutPanel:1589 - setPackage(No Configuration,No Configuration)
2026-02-17 15:50:50,063 [INFO] CADModel:165 - CPN selected for project level
2026-02-17 15:50:50,063 [INFO] CADModel:114 - Register for checkConnection events
2026-02-17 15:50:50,120 [INFO] IPUIPlugin:80 - create IPUIPlugin
2026-02-17 15:50:50,120 [INFO] PluginManager:220 - loadIPPluginJar : add adc
2026-02-17 15:50:50,190 [INFO] IPUIPlugin:80 - create IPUIPlugin
2026-02-17 15:50:50,190 [INFO] PluginManager:220 - loadIPPluginJar : add aes
2026-02-17 15:50:50,270 [INFO] IPUIPlugin:80 - create IPUIPlugin
2026-02-17 15:50:50,270 [INFO] PluginManager:220 - loadIPPluginJar : add can
2026-02-17 15:50:50,333 [INFO] IPUIPlugin:80 - create IPUIPlugin
2026-02-17 15:50:50,333 [INFO] PluginManager:220 - loadIPPluginJar : add comp
2026-02-17 15:50:50,407 [INFO] IPUIPlugin:80 - create IPUIPlugin
2026-02-17 15:50:50,407 [INFO] PluginManager:220 - loadIPPluginJar : add cryp
2026-02-17 15:50:50,451 [INFO] IPUIPlugin:80 - create IPUIPlugin
2026-02-17 15:50:50,451 [INFO] PluginManager:220 - loadIPPluginJar : add ddr_ctrl_phy
2026-02-17 15:50:50,524 [INFO] IPUIPlugin:80 - create IPUIPlugin
2026-02-17 15:50:50,525 [INFO] PluginManager:220 - loadIPPluginJar : add dfsdm
2026-02-17 15:50:50,563 [INFO] IPUIPlugin:80 - create IPUIPlugin
2026-02-17 15:50:50,564 [INFO] PluginManager:220 - loadIPPluginJar : add dma
2026-02-17 15:50:50,652 [INFO] IPUIPlugin:80 - create IPUIPlugin
2026-02-17 15:50:50,653 [INFO] PluginManager:220 - loadIPPluginJar : add dma3
2026-02-17 15:50:50,665 [INFO] ThirdPartyUpdaterWithRetryManager:70 - Updater plugin not ready yet. [2/15]
2026-02-17 15:50:50,745 [INFO] IPUIPlugin:80 - create IPUIPlugin
2026-02-17 15:50:50,746 [INFO] PluginManager:220 - loadIPPluginJar : add extmemmanager
2026-02-17 15:50:50,811 [INFO] IPUIPlugin:80 - create IPUIPlugin
2026-02-17 15:50:50,811 [INFO] PluginManager:220 - loadIPPluginJar : add fatfs
2026-02-17 15:50:50,925 [INFO] IPUIPlugin:80 - create IPUIPlugin
2026-02-17 15:50:50,925 [INFO] PluginManager:220 - loadIPPluginJar : add fmc
2026-02-17 15:50:50,986 [INFO] IPUIPlugin:80 - create IPUIPlugin
2026-02-17 15:50:50,987 [INFO] PluginManager:220 - loadIPPluginJar : add freertos
2026-02-17 15:50:51,042 [INFO] IPUIPlugin:80 - create IPUIPlugin
2026-02-17 15:50:51,042 [INFO] PluginManager:220 - loadIPPluginJar : add genericplugin
2026-02-17 15:50:51,241 [INFO] IPUIPlugin:80 - create IPUIPlugin
2026-02-17 15:50:51,241 [INFO] PluginManager:220 - loadIPPluginJar : add gfxmmu
2026-02-17 15:50:51,521 [INFO] IPUIPlugin:80 - create IPUIPlugin
2026-02-17 15:50:51,522 [INFO] PluginManager:220 - loadIPPluginJar : add gic
2026-02-17 15:50:51,569 [INFO] IPUIPlugin:80 - create IPUIPlugin
2026-02-17 15:50:51,569 [INFO] PluginManager:220 - loadIPPluginJar : add gpio
2026-02-17 15:50:51,779 [INFO] IPUIPlugin:80 - create IPUIPlugin
2026-02-17 15:50:51,779 [INFO] PluginManager:220 - loadIPPluginJar : add gtzc
2026-02-17 15:50:51,853 [INFO] IPUIPlugin:80 - create IPUIPlugin
2026-02-17 15:50:51,853 [INFO] PluginManager:220 - loadIPPluginJar : add hash
2026-02-17 15:50:51,982 [INFO] IPUIPlugin:80 - create IPUIPlugin
2026-02-17 15:50:51,982 [INFO] PluginManager:220 - loadIPPluginJar : add i2c
2026-02-17 15:50:52,069 [INFO] IPUIPlugin:80 - create IPUIPlugin
2026-02-17 15:50:52,069 [INFO] PluginManager:220 - loadIPPluginJar : add i2s
2026-02-17 15:50:52,153 [INFO] IPUIPlugin:80 - create IPUIPlugin
2026-02-17 15:50:52,153 [INFO] PluginManager:220 - loadIPPluginJar : add i3c
2026-02-17 15:50:52,353 [INFO] IPUIPlugin:80 - create IPUIPlugin
2026-02-17 15:50:52,354 [INFO] PluginManager:220 - loadIPPluginJar : add ipddr
2026-02-17 15:50:52,547 [INFO] IPUIPlugin:80 - create IPUIPlugin
2026-02-17 15:50:52,548 [INFO] PluginManager:220 - loadIPPluginJar : add linkedlist
2026-02-17 15:50:52,634 [INFO] IPUIPlugin:80 - create IPUIPlugin
2026-02-17 15:50:52,634 [INFO] PluginManager:220 - loadIPPluginJar : add lorawan
2026-02-17 15:50:52,724 [INFO] IPUIPlugin:80 - create IPUIPlugin
2026-02-17 15:50:52,724 [INFO] PluginManager:220 - loadIPPluginJar : add ltdc
2026-02-17 15:50:52,773 [INFO] IPUIPlugin:80 - create IPUIPlugin
2026-02-17 15:50:52,773 [INFO] PluginManager:220 - loadIPPluginJar : add mdma
2026-02-17 15:50:52,810 [INFO] IPUIPlugin:80 - create IPUIPlugin
2026-02-17 15:50:52,810 [INFO] PluginManager:220 - loadIPPluginJar : add nvic
2026-02-17 15:50:52,896 [INFO] IPUIPlugin:80 - create IPUIPlugin
2026-02-17 15:50:52,896 [INFO] PluginManager:220 - loadIPPluginJar : add opamp
2026-02-17 15:50:53,028 [INFO] IPUIPlugin:80 - create IPUIPlugin
2026-02-17 15:50:53,028 [INFO] PluginManager:220 - loadIPPluginJar : add openamp
2026-02-17 15:50:53,125 [INFO] IPUIPlugin:80 - create IPUIPlugin
2026-02-17 15:50:53,125 [INFO] PluginManager:220 - loadIPPluginJar : add pdm2pcm
2026-02-17 15:50:53,177 [INFO] IPUIPlugin:80 - create IPUIPlugin
2026-02-17 15:50:53,182 [INFO] PluginManager:220 - loadIPPluginJar : add plateformsettings
2026-02-17 15:50:53,235 [INFO] IPUIPlugin:80 - create IPUIPlugin
2026-02-17 15:50:53,236 [INFO] PluginManager:220 - loadIPPluginJar : add quadspi
2026-02-17 15:50:53,307 [INFO] IPUIPlugin:80 - create IPUIPlugin
2026-02-17 15:50:53,308 [INFO] PluginManager:220 - loadIPPluginJar : add radio
2026-02-17 15:50:53,348 [INFO] IPUIPlugin:80 - create IPUIPlugin
2026-02-17 15:50:53,348 [INFO] PluginManager:220 - loadIPPluginJar : add resmgrutility
2026-02-17 15:50:53,450 [INFO] IPUIPlugin:80 - create IPUIPlugin
2026-02-17 15:50:53,450 [INFO] PluginManager:220 - loadIPPluginJar : add sai
2026-02-17 15:50:53,532 [INFO] IPUIPlugin:80 - create IPUIPlugin
2026-02-17 15:50:53,532 [INFO] PluginManager:220 - loadIPPluginJar : add spi
2026-02-17 15:50:53,667 [INFO] ThirdPartyUpdaterWithRetryManager:70 - Updater plugin not ready yet. [3/15]
2026-02-17 15:50:53,708 [INFO] IPUIPlugin:80 - create IPUIPlugin
2026-02-17 15:50:53,709 [INFO] PluginManager:220 - loadIPPluginJar : add stm32_wpan
2026-02-17 15:50:53,773 [INFO] IPUIPlugin:80 - create IPUIPlugin
2026-02-17 15:50:53,774 [INFO] PluginManager:220 - loadIPPluginJar : add tim
2026-02-17 15:50:53,896 [INFO] IPUIPlugin:80 - create IPUIPlugin
2026-02-17 15:50:53,896 [INFO] PluginManager:220 - loadIPPluginJar : add touchsensing
2026-02-17 15:50:53,946 [INFO] IPUIPlugin:80 - create IPUIPlugin
2026-02-17 15:50:53,946 [INFO] PluginManager:220 - loadIPPluginJar : add tracer_emb
2026-02-17 15:50:54,000 [INFO] IPUIPlugin:80 - create IPUIPlugin
2026-02-17 15:50:54,000 [INFO] PluginManager:220 - loadIPPluginJar : add ts
2026-02-17 15:50:54,052 [INFO] IPUIPlugin:80 - create IPUIPlugin
2026-02-17 15:50:54,053 [INFO] PluginManager:220 - loadIPPluginJar : add tsc
2026-02-17 15:50:54,105 [INFO] IPUIPlugin:80 - create IPUIPlugin
2026-02-17 15:50:54,106 [INFO] PluginManager:220 - loadIPPluginJar : add ucpd
2026-02-17 15:50:54,223 [INFO] IPUIPlugin:80 - create IPUIPlugin
2026-02-17 15:50:54,223 [INFO] PluginManager:220 - loadIPPluginJar : add usart
2026-02-17 15:50:54,329 [INFO] IPUIPlugin:80 - create IPUIPlugin
2026-02-17 15:50:54,329 [INFO] PluginManager:220 - loadIPPluginJar : add usbx
2026-02-17 15:50:54,571 [FATAL] Updater:351 - Updater called before beeing initialized
2026-02-17 15:50:54,645 [INFO] RulesReader:64 - Compatibility file has been processed (317 Rules)
2026-02-17 15:50:54,662 [INFO] RulesReader:64 - Compatibility file has been processed (317 Rules)
2026-02-17 15:50:54,679 [INFO] CADModel:165 - CPN selected for project level
2026-02-17 15:50:54,679 [INFO] CADModel:114 - Register for checkConnection events
2026-02-17 15:50:54,679 [FATAL] Updater:351 - Updater called before beeing initialized
2026-02-17 15:50:54,679 [ERROR] CADModel:125 - Updater not yet initialized, retry later 
2026-02-17 15:50:55,200 [FATAL] Updater:351 - Updater called before beeing initialized
2026-02-17 15:50:55,209 [INFO] CADModel:165 - CPN selected for project level
2026-02-17 15:50:55,209 [INFO] CADModel:114 - Register for checkConnection events
2026-02-17 15:50:55,209 [FATAL] Updater:351 - Updater called before beeing initialized
2026-02-17 15:50:55,209 [ERROR] CADModel:125 - Updater not yet initialized, retry later 
2026-02-17 15:50:55,213 [FATAL] Updater:351 - Updater called before beeing initialized
2026-02-17 15:50:55,491 [FATAL] Updater:351 - Updater called before beeing initialized
2026-02-17 15:50:55,532 [INFO] DbMcusAds:53 - JSON generation date=Tue Feb 10 17:46:36 IST 2026 (1770725796209)
2026-02-17 15:50:55,533 [FATAL] Updater:351 - Updater called before beeing initialized
2026-02-17 15:50:55,912 [WARN] DetailPanel:346 - Failed to get advertising image, set to default
2026-02-17 15:50:56,259 [FATAL] Updater:351 - Updater called before beeing initialized
2026-02-17 15:50:56,263 [FATAL] Updater:351 - Updater called before beeing initialized
2026-02-17 15:50:56,263 [FATAL] Updater:351 - Updater called before beeing initialized
2026-02-17 15:50:56,263 [WARN] DetailPanel:346 - Failed to get advertising image, set to default
2026-02-17 15:50:56,265 [FATAL] Updater:351 - Updater called before beeing initialized
2026-02-17 15:50:56,465 [ERROR] Updater:1198 - MainUpdater not yet initialized. External WinMGr cannot be set.
2026-02-17 15:50:56,500 [INFO] Updater:1134 - Updater Version found : 6.15.0
2026-02-17 15:50:56,559 [INFO] ApplicationProperties:184 - Using Application install path: D:\STM32CubeIDE_1.19.0\STM32CubeIDE\plugins\com.st.stm32cube.common.mx_6.15.0.202507011659
2026-02-17 15:50:56,668 [INFO] ThirdPartyUpdaterWithRetryManager:70 - Updater plugin not ready yet. [4/15]
2026-02-17 15:50:58,221 [ERROR] LogOutputStream:75 - [STDERR_REDIRECT] Feb 17, 2026 3:50:58 PM java.util.prefs.WindowsPreferences <init>
2026-02-17 15:50:58,227 [ERROR] LogOutputStream:75 - [STDERR_REDIRECT] WARNING: Could not open/create prefs root node Software\JavaSoft\Prefs at root 0xffffffff80000002. Windows RegCreateKeyEx(...) returned error code 5.
2026-02-17 15:50:58,228 [ERROR] LogOutputStream:75 - [STDERR_REDIRECT] 
2026-02-17 15:50:58,879 [INFO] MainUpdater:2872 - connection check result : 10
2026-02-17 15:50:58,879 [INFO] MainUpdater:3604 - Updater definition file requires update
2026-02-17 15:50:58,881 [INFO] MainUpdater:289 - Updater Check For Update Now.
2026-02-17 15:50:58,881 [INFO] MicroXplorer:498 - Change Database Version : DB.6.0.150
2026-02-17 15:50:58,940 [INFO] McuFinderGlobals:63 - Set McuFinder mode to 2 (CubeIDE integrated)
2026-02-17 15:50:58,968 [INFO] UserAuth:487 - Internet connection configuration mode: 1
2026-02-17 15:50:59,022 [INFO] ServerAccessManage:452 - Complete download http(s) 200
2026-02-17 15:50:59,024 [INFO] ServerAccessManage:509 - Download File updaters.zip
2026-02-17 15:50:59,060 [INFO] JxBrowserEngine:152 - Initiate JxBrowser Engine with user profile folder
2026-02-17 15:50:59,324 [INFO] FileExtend:248 - Unzip File : updaters.zip
2026-02-17 15:50:59,324 [INFO] FileExtend:263 - Standard Zip Deflate
2026-02-17 15:50:59,684 [WARN] MainUpdater:1193 - Updater busy. Cannot search thirdparties
2026-02-17 15:50:59,688 [INFO] ThirdPartyUpdaterWithRetryManager:96 - Updater plugin is busy. [1/15]
2026-02-17 15:51:02,146 [INFO] ServerAccessManage:452 - Complete download http(s) 200
2026-02-17 15:51:02,146 [INFO] ServerAccessManage:509 - Download File PacksControlFlags.xml
2026-02-17 15:51:02,575 [INFO] ServerAccessManage:452 - Complete download http(s) 200
2026-02-17 15:51:02,576 [INFO] ServerAccessManage:509 - Download File cubemx.pidx
2026-02-17 15:51:02,688 [WARN] MainUpdater:1193 - Updater busy. Cannot search thirdparties
2026-02-17 15:51:02,688 [INFO] ThirdPartyUpdaterWithRetryManager:96 - Updater plugin is busy. [2/15]
2026-02-17 15:51:03,370 [INFO] WebApp:169 - Instantiating new browser for Auth
2026-02-17 15:51:03,838 [INFO] ServerAccessManage:452 - Complete download http(s) 200
2026-02-17 15:51:03,838 [INFO] ServerAccessManage:509 - Download File STMicroelectronics.FP-SNS-MOTENVWB1.pdsc
2026-02-17 15:51:05,695 [WARN] MainUpdater:1193 - Updater busy. Cannot search thirdparties
2026-02-17 15:51:05,695 [INFO] ThirdPartyUpdaterWithRetryManager:96 - Updater plugin is busy. [3/15]
2026-02-17 15:51:06,413 [INFO] WebApp:463 - Apply proxy settings
2026-02-17 15:51:06,414 [INFO] WebApp:548 - Chromium requires no authentication
2026-02-17 15:51:06,457 [INFO] WebApp:491 - Direct internet connection detected
2026-02-17 15:51:06,570 [INFO] WebApp:900 - Register for checkConnection events
2026-02-17 15:51:06,571 [INFO] WebApp:463 - Apply proxy settings
2026-02-17 15:51:06,571 [INFO] WebApp:548 - Chromium requires no authentication
2026-02-17 15:51:06,572 [INFO] WebApp:491 - Direct internet connection detected
2026-02-17 15:51:06,858 [INFO] WebApp:191 - Connection restablished
2026-02-17 15:51:07,500 [INFO] WebApp:225 - Starting web application
2026-02-17 15:51:07,500 [INFO] WebApp:593 - Web application path used D:\STM32CubeIDE_1.19.0\STM32CubeIDE\plugins\com.st.stm32cube.common.mx_6.15.0.202507011659\db\plugins\mcufinder\reactClient1\index.html
2026-02-17 15:51:07,924 [INFO] UserAuth:487 - Internet connection configuration mode: 1
2026-02-17 15:51:08,699 [WARN] MainUpdater:1193 - Updater busy. Cannot search thirdparties
2026-02-17 15:51:08,699 [INFO] ThirdPartyUpdaterWithRetryManager:96 - Updater plugin is busy. [4/15]
2026-02-17 15:51:08,742 [WARN] PackLoader:240 - Cannot read IP mode file for STMicroelectronics.FP-SNS-MOTENVWB1.1.5.0
2026-02-17 15:51:08,743 [INFO] PopulateThirdPartyThread:66 - Ending populate Thread
2026-02-17 15:51:08,749 [INFO] ThirdParty:1030 - CMSIS Pack Vendor :STMicroelectronics FP-SNS-MOTENVWB1 1.5.0
2026-02-17 15:51:08,750 [INFO] LoadServerUpdatesThread:375 - End of LoadServerUpdate Thread
2026-02-17 15:51:08,972 [INFO] CheckServerUpdateThread:120 - End of CheckServer Thread
2026-02-17 15:51:12,329 [WARN] PackLoader:240 - Cannot read IP mode file for STMicroelectronics.FP-SNS-MOTENVWB1.1.4.0
2026-02-17 15:51:12,352 [WARN] PackLoader:240 - Cannot read IP mode file for STMicroelectronics.FP-ATR-ASTRA1.2.0.2
2026-02-17 15:51:12,397 [WARN] PackLoader:240 - Cannot read IP mode file for STMicroelectronics.X-CUBE-SMBUS.2.1.0
2026-02-17 15:51:12,526 [WARN] PackLoader:240 - Cannot read IP mode file for STMicroelectronics.X-CUBE-AZRTOS-F7.1.1.0
2026-02-17 15:51:12,578 [WARN] PackLoader:240 - Cannot read IP mode file for STMicroelectronics.FP-SNS-MOTENV1.5.1.0
2026-02-17 15:51:12,639 [WARN] PackLoader:240 - Cannot read IP mode file for WES.I-CUBE-Cesium.1.4.0
2026-02-17 15:51:12,764 [WARN] PackLoader:240 - Cannot read IP mode file for STMicroelectronics.X-CUBE-AZRTOS-H7.3.4.0
2026-02-17 15:51:12,814 [WARN] PackLoader:240 - Cannot read IP mode file for STMicroelectronics.X-CUBE-DISPLAY.3.0.0
2026-02-17 15:51:12,833 [WARN] PackLoader:240 - Cannot read IP mode file for STMicroelectronics.FP-SNS-MOTENVWB1.1.5.0
2026-02-17 15:51:12,875 [WARN] PackLoader:240 - Cannot read IP mode file for STMicroelectronics.X-CUBE-NFC10.1.0.0
2026-02-17 15:51:12,922 [WARN] PackLoader:240 - Cannot read IP mode file for STMicroelectronics.X-CUBE-ST60.1.1.0
2026-02-17 15:51:12,973 [WARN] PackLoader:240 - Cannot read IP mode file for emotas.I-CUBE-CANOPEN.1.3.0
2026-02-17 15:51:13,022 [WARN] PackLoader:240 - Cannot read IP mode file for STMicroelectronics.X-CUBE-GNSS1.7.1.0
2026-02-17 15:51:13,084 [WARN] PackLoader:240 - Cannot read IP mode file for STMicroelectronics.FP-SNS-STBOX1.2.1.0
2026-02-17 15:51:13,144 [WARN] PackLoader:240 - Cannot read IP mode file for STMicroelectronics.FP-SNS-SMARTAG2.1.2.0
2026-02-17 15:51:13,163 [WARN] PackLoader:240 - Cannot read IP mode file for STMicroelectronics.FP-SNS-FLIGHT1.5.1.0
2026-02-17 15:51:13,267 [INFO] LogOutputStream:77 - [STDOUT_REDIRECT] 1 : Invalid condition id : UX_CORESTACK_Condition cause : null
2026-02-17 15:51:13,271 [INFO] LogOutputStream:77 - [STDOUT_REDIRECT] 1 : Invalid condition id : UX_CORESTACK_Condition cause : null
2026-02-17 15:51:13,272 [INFO] LogOutputStream:77 - [STDOUT_REDIRECT] 1 : Invalid condition id : UX_CORESTACK_Condition cause : null
2026-02-17 15:51:13,272 [INFO] LogOutputStream:77 - [STDOUT_REDIRECT] 1 : Invalid condition id : UX_CORESTACK_Condition cause : null
2026-02-17 15:51:13,272 [INFO] LogOutputStream:77 - [STDOUT_REDIRECT] 1 : Invalid condition id : UX_CORESTACK_Condition cause : null
2026-02-17 15:51:13,291 [WARN] PackLoader:240 - Cannot read IP mode file for STMicroelectronics.X-CUBE-AZRTOS-WL.2.0.0
2026-02-17 15:51:13,414 [WARN] PackLoader:240 - Cannot read IP mode file for STMicroelectronics.X-CUBE-AZRTOS-H7RS.1.2.0
2026-02-17 15:51:13,455 [WARN] PackLoader:240 - Cannot read IP mode file for STMicroelectronics.X-CUBE-BLE2.3.3.0
2026-02-17 15:51:13,605 [WARN] PackLoader:240 - Cannot read IP mode file for Infineon.AIROC-Wi-Fi-Bluetooth-STM32.1.8.0
2026-02-17 15:51:13,686 [WARN] PackLoader:240 - Cannot read IP mode file for STMicroelectronics.X-CUBE-NFC9.1.0.0
2026-02-17 15:51:13,729 [WARN] PackLoader:240 - Cannot read IP mode file for STMicroelectronics.X-CUBE-BLE1.7.1.0
2026-02-17 15:51:13,753 [WARN] PackLoader:240 - Cannot read IP mode file for wolfSSL.I-CUBE-wolfMQTT.1.19.2
2026-02-17 15:51:13,791 [WARN] PackLoader:240 - Cannot read IP mode file for STMicroelectronics.X-CUBE-FREERTOS.1.4.0
2026-02-17 15:51:13,829 [WARN] PackLoader:240 - Cannot read IP mode file for STMicroelectronics.X-CUBE-EEPRMA1.5.2.0
2026-02-17 15:51:13,882 [WARN] PackLoader:240 - Cannot read IP mode file for wolfSSL.I-CUBE-wolfSSL.5.8.4
2026-02-17 15:51:13,897 [WARN] PackLoader:240 - Cannot read IP mode file for Cesanta.I-CUBE-Mongoose.7.20.0
2026-02-17 15:51:14,103 [WARN] PackLoader:240 - Cannot read IP mode file for STMicroelectronics.X-CUBE-MEMS1.12.0.0
2026-02-17 15:51:14,399 [WARN] PackLoader:240 - Cannot read IP mode file for STMicroelectronics.X-CUBE-AZRTOS-G0.1.1.0
2026-02-17 15:51:14,430 [WARN] PackLoader:240 - Cannot read IP mode file for STMicroelectronics.X-CUBE-NFC4.3.0.0
2026-02-17 15:51:14,477 [WARN] PackLoader:240 - Cannot read IP mode file for EmbeddedOffice.I-CUBE-FS-RTOS.1.0.1
2026-02-17 15:51:14,517 [WARN] PackLoader:240 - Cannot read IP mode file for STMicroelectronics.X-CUBE-WB05N.2.0.0
2026-02-17 15:51:14,531 [WARN] PackLoader:240 - Cannot read IP mode file for wolfSSL.I-CUBE-wolfTPM.3.8.0
2026-02-17 15:51:14,574 [WARN] PackLoader:240 - Cannot read IP mode file for STMicroelectronics.X-CUBE-TCPP.4.2.0
2026-02-17 15:51:14,624 [WARN] PackLoader:240 - Cannot read IP mode file for RealThread.X-CUBE-RT-Thread_Nano.4.1.1
2026-02-17 15:51:14,639 [WARN] PackLoader:240 - Cannot read IP mode file for STMicroelectronics.FP-ATR-SIGFOX1.3.2.0
2026-02-17 15:51:14,676 [WARN] PackLoader:240 - Cannot read IP mode file for ITTIA_DB.I-CUBE-ITTIADB.8.9.0
2026-02-17 15:51:14,712 [WARN] PackLoader:240 - Cannot read IP mode file for STMicroelectronics.X-CUBE-NFC6.3.2.0
2026-02-17 15:51:14,745 [WARN] PackLoader:240 - Cannot read IP mode file for STMicroelectronics.X-CUBE-AI.10.2.0
2026-02-17 15:51:14,802 [WARN] PackLoader:240 - Cannot read IP mode file for SEGGER.I-CUBE-embOS.1.3.1
2026-02-17 15:51:14,921 [WARN] PackLoader:240 - Cannot read IP mode file for STMicroelectronics.X-CUBE-ALGOBUILD.1.4.0
2026-02-17 15:51:14,965 [WARN] PackLoader:240 - Cannot read IP mode file for STMicroelectronics.X-CUBE-PM33A1.1.0.0
2026-02-17 15:51:15,076 [WARN] PackLoader:240 - Cannot read IP mode file for STMicroelectronics.X-CUBE-AZRTOS-F4.1.1.0
2026-02-17 15:51:15,126 [WARN] PackLoader:240 - Cannot read IP mode file for STMicroelectronics.X-CUBE-ISPU.2.1.0
2026-02-17 15:51:15,204 [WARN] PackLoader:240 - Cannot read IP mode file for STMicroelectronics.X-CUBE-IPS.3.2.0
2026-02-17 15:51:15,271 [WARN] PackLoader:240 - Cannot read IP mode file for STMicroelectronics.X-CUBE-NFC12.1.0.0
2026-02-17 15:51:15,387 [WARN] PackLoader:240 - Cannot read IP mode file for STMicroelectronics.X-CUBE-AZRTOS-L5.2.0.0
2026-02-17 15:51:15,437 [WARN] PackLoader:240 - Cannot read IP mode file for STMicroelectronics.X-CUBE-TOUCHGFX.4.26.0
2026-02-17 15:51:15,464 [WARN] PackLoader:240 - Cannot read IP mode file for STMicroelectronics.FP-SNS-STAIOTCFT.1.0.0
2026-02-17 15:51:15,512 [WARN] PackLoader:240 - Cannot read IP mode file for STMicroelectronics.X-CUBE-DPower.1.3.0
2026-02-17 15:51:15,572 [WARN] ConditionMgr:438 - getConditionDescription Invalid condition id : LAN8742 Phy interface Condition cause : null
2026-02-17 15:51:15,572 [WARN] PackLoader:240 - Cannot read IP mode file for STMicroelectronics.X-CUBE-AZRTOS-L4.2.0.0
2026-02-17 15:51:15,572 [WARN] ConditionMgr:1044 - genDependencies : Invalid condition id : LAN8742 Phy interface Condition cause : null
2026-02-17 15:51:15,572 [WARN] ConditionMgr:1044 - genDependencies : Invalid condition id : LAN8742 Phy interface Condition cause : null
2026-02-17 15:51:15,572 [WARN] ConditionMgr:1044 - genDependencies : Invalid condition id : LAN8742 Phy interface Condition cause : null
2026-02-17 15:51:15,620 [WARN] PackLoader:240 - Cannot read IP mode file for STMicroelectronics.X-CUBE-SFXS2LP1.4.0.0
2026-02-17 15:51:15,659 [WARN] PackLoader:240 - Cannot read IP mode file for STMicroelectronics.X-CUBE-ST67W61.1.2.0
2026-02-17 15:51:15,711 [WARN] PackLoader:240 - Cannot read IP mode file for STMicroelectronics.X-CUBE-BLEMGR.4.1.0
2026-02-17 15:51:15,833 [WARN] ConditionMgr:438 - getConditionDescription Invalid condition id : UX DEVICE CLASS RTOS Condition cause : null
2026-02-17 15:51:15,834 [WARN] ConditionMgr:438 - getConditionDescription Invalid condition id : UX DEVICE CLASS RTOS Condition cause : null
2026-02-17 15:51:15,838 [WARN] PackLoader:240 - Cannot read IP mode file for STMicroelectronics.X-CUBE-AZRTOS-WB.2.0.0
2026-02-17 15:51:15,839 [WARN] ConditionMgr:1044 - genDependencies : Invalid condition id : UX DEVICE CLASS RTOS Condition cause : null
2026-02-17 15:51:15,839 [WARN] ConditionMgr:1044 - genDependencies : Invalid condition id : UX DEVICE CLASS RTOS Condition cause : null
2026-02-17 15:51:15,840 [WARN] ConditionMgr:1044 - genDependencies : Invalid condition id : UX DEVICE CLASS RTOS Condition cause : null
2026-02-17 15:51:15,840 [WARN] ConditionMgr:1044 - genDependencies : Invalid condition id : UX DEVICE CLASS RTOS Condition cause : null
2026-02-17 15:51:15,840 [WARN] ConditionMgr:1044 - genDependencies : Invalid condition id : UX DEVICE CLASS RTOS Condition cause : null
2026-02-17 15:51:15,855 [WARN] ConditionMgr:438 - getConditionDescription Invalid condition id : Cortex-A Device cause : null
2026-02-17 15:51:15,901 [WARN] ConditionMgr:1044 - genDependencies : Invalid condition id : Cortex-A Device cause : null
2026-02-17 15:51:15,902 [WARN] ConditionMgr:1044 - genDependencies : Invalid condition id : Cortex-A Device cause : null
2026-02-17 15:51:15,903 [WARN] ConditionMgr:1044 - genDependencies : Invalid condition id : Cortex-A Device cause : null
2026-02-17 15:51:15,947 [WARN] PackLoader:240 - Cannot read IP mode file for STMicroelectronics.X-CUBE-STSE01.2.0.0
2026-02-17 15:51:16,015 [WARN] PackLoader:240 - Cannot read IP mode file for STMicroelectronics.X-CUBE-SUBG2.5.0.0
2026-02-17 15:51:16,137 [WARN] PackLoader:240 - Cannot read IP mode file for STMicroelectronics.X-CUBE-AZRTOS-G4.2.0.0
2026-02-17 15:51:16,161 [WARN] PackLoader:240 - Cannot read IP mode file for wolfSSL.I-CUBE-wolfSSH.1.4.20
2026-02-17 15:51:16,209 [WARN] PackLoader:240 - Cannot read IP mode file for STMicroelectronics.X-CUBE-NFC7.2.0.0
2026-02-17 15:51:16,255 [WARN] PackLoader:240 - Cannot read IP mode file for STMicroelectronics.X-CUBE-ALS.1.0.2
2026-02-17 15:51:16,318 [WARN] PackLoader:240 - Cannot read IP mode file for STMicroelectronics.X-CUBE-TOF1.3.4.3
2026-02-17 15:51:16,343 [INFO] ThirdParty:978 - Integrity check success = true
2026-02-17 15:51:16,343 [INFO] IntegrityCheckThread:100 - exiting critical section [integrity check]
2026-02-17 15:51:16,343 [INFO] IntegrityCheckThread:103 - End integrity checks thread
2026-02-17 15:52:32,568 [ERROR] LogOutputStream:75 - [STDERR_REDIRECT] 
2026-02-17 15:52:32,569 [ERROR] LogOutputStream:75 - [STDERR_REDIRECT] 
2026-02-17 15:52:41,058 [INFO] Activator:176 - 


2026-02-17 15:52:41,064 [INFO] Activator:177 - !SESSION log4j initialized
2026-02-17 15:52:48,765 [INFO] LogOutputStream:77 - [STDOUT_REDIRECT] 
2026-02-17 15:52:51,447 [INFO] ApplicationProperties:184 - Using Application install path: D:\STM32CubeIDE_1.19.0\STM32CubeIDE\plugins\com.st.stm32cube.common.mx_6.15.0.202507011659
2026-02-17 15:52:51,467 [INFO] DbMcusXml:78 - Set database path to: D:\STM32CubeIDE_1.19.0\STM32CubeIDE\plugins\com.st.stm32cube.common.mx_6.15.0.202507011659\\db\/mcu/
2026-02-17 15:52:51,468 [INFO] ApiDb:274 - Set plugin database path to: D:\STM32CubeIDE_1.19.0\STM32CubeIDE\plugins\com.st.stm32cube.common.mx_6.15.0.202507011659\\db\/plugins/boardmanager/
2026-02-17 15:52:51,468 [WARN] ApiDb:259 - Overriding images path with different value:  => D:\STM32CubeIDE_1.19.0\STM32CubeIDE\plugins\com.st.stm32cube.common.mx_6.15.0.202507011659\\db\/plugins/mcufinder/images/
2026-02-17 15:52:51,474 [INFO] ApiDb:250 - Set database path to: C:\Users\Hemanth Madu\.stmcufinder\plugins\mcufinder//mcu/
2026-02-17 15:52:51,477 [INFO] DbMcusAds:125 - Set database path to: C:\Users\Hemanth Madu\.stmcufinder\plugins\mcufinder//mcu/
2026-02-17 15:52:51,479 [INFO] CrossReferenceDbSqlite:203 - Set database path to: C:\Users\Hemanth Madu\.stmcufinder\plugins\mcufinder//mcu/cs/
2026-02-17 15:52:51,653 [INFO] RulesReader:64 - Compatibility file has been processed (317 Rules)
2026-02-17 15:52:51,840 [INFO] DbMcusXml:78 - Set database path to: D:\STM32CubeIDE_1.19.0\STM32CubeIDE\plugins\com.st.stm32cube.common.mx_6.15.0.202507011659\\db\/mcu/
2026-02-17 15:52:51,840 [INFO] ApiDb:274 - Set plugin database path to: D:\STM32CubeIDE_1.19.0\STM32CubeIDE\plugins\com.st.stm32cube.common.mx_6.15.0.202507011659\\db\/plugins/boardmanager/
2026-02-17 15:52:51,841 [INFO] ApiDb:261 - Set plugin images path to: D:\STM32CubeIDE_1.19.0\STM32CubeIDE\plugins\com.st.stm32cube.common.mx_6.15.0.202507011659\\db\/plugins/mcufinder/images/
2026-02-17 15:52:51,842 [WARN] DbFile:41 - Overriding database path with different value: C:\Users\Hemanth Madu\.stmcufinder\plugins\mcufinder/ => C:\Users\Hemanth Madu\.stmcufinder\plugins\mcufinder
2026-02-17 15:52:51,842 [INFO] ApiDb:250 - Set database path to: C:\Users\Hemanth Madu\.stmcufinder\plugins\mcufinder//mcu/
2026-02-17 15:52:51,843 [WARN] DbFile:41 - Overriding database path with different value: C:\Users\Hemanth Madu\.stmcufinder\plugins\mcufinder/ => C:\Users\Hemanth Madu\.stmcufinder\plugins\mcufinder
2026-02-17 15:52:51,843 [INFO] DbMcusAds:125 - Set database path to: C:\Users\Hemanth Madu\.stmcufinder\plugins\mcufinder//mcu/
2026-02-17 15:52:51,843 [WARN] DbFile:41 - Overriding database path with different value: C:\Users\Hemanth Madu\.stmcufinder\plugins\mcufinder/ => C:\Users\Hemanth Madu\.stmcufinder\plugins\mcufinder
2026-02-17 15:52:51,844 [WARN] DbFile:41 - Overriding database path with different value: C:\Users\Hemanth Madu\.stmcufinder\plugins\mcufinder/ => C:\Users\Hemanth Madu\.stmcufinder\plugins\mcufinder
2026-02-17 15:52:51,844 [INFO] CrossReferenceDbSqlite:203 - Set database path to: C:\Users\Hemanth Madu\.stmcufinder\plugins\mcufinder//mcu/cs/
2026-02-17 15:52:52,121 [INFO] MainPanel:274 - HeapMemory: 277872640
2026-02-17 15:52:52,228 [INFO] DbMcusXml:78 - Set database path to: D:\STM32CubeIDE_1.19.0\STM32CubeIDE\plugins\com.st.stm32cube.common.mx_6.15.0.202507011659\\db\/mcu/
2026-02-17 15:52:52,228 [INFO] ApiDb:274 - Set plugin database path to: D:\STM32CubeIDE_1.19.0\STM32CubeIDE\plugins\com.st.stm32cube.common.mx_6.15.0.202507011659\\db\/plugins/boardmanager/
2026-02-17 15:52:52,228 [INFO] ApiDb:261 - Set plugin images path to: D:\STM32CubeIDE_1.19.0\STM32CubeIDE\plugins\com.st.stm32cube.common.mx_6.15.0.202507011659\\db\/plugins/mcufinder/images/
2026-02-17 15:52:52,228 [WARN] DbFile:41 - Overriding database path with different value: C:\Users\Hemanth Madu\.stmcufinder\plugins\mcufinder/ => C:\Users\Hemanth Madu\.stmcufinder\plugins\mcufinder
2026-02-17 15:52:52,229 [INFO] ApiDb:250 - Set database path to: C:\Users\Hemanth Madu\.stmcufinder\plugins\mcufinder//mcu/
2026-02-17 15:52:52,229 [WARN] DbFile:41 - Overriding database path with different value: C:\Users\Hemanth Madu\.stmcufinder\plugins\mcufinder/ => C:\Users\Hemanth Madu\.stmcufinder\plugins\mcufinder
2026-02-17 15:52:52,229 [INFO] DbMcusAds:125 - Set database path to: C:\Users\Hemanth Madu\.stmcufinder\plugins\mcufinder//mcu/
2026-02-17 15:52:52,229 [WARN] DbFile:41 - Overriding database path with different value: C:\Users\Hemanth Madu\.stmcufinder\plugins\mcufinder/ => C:\Users\Hemanth Madu\.stmcufinder\plugins\mcufinder
2026-02-17 15:52:52,229 [WARN] DbFile:41 - Overriding database path with different value: C:\Users\Hemanth Madu\.stmcufinder\plugins\mcufinder/ => C:\Users\Hemanth Madu\.stmcufinder\plugins\mcufinder
2026-02-17 15:52:52,229 [INFO] CrossReferenceDbSqlite:203 - Set database path to: C:\Users\Hemanth Madu\.stmcufinder\plugins\mcufinder//mcu/cs/
2026-02-17 15:52:52,261 [INFO] ApplicationProperties:184 - Using Application install path: D:\STM32CubeIDE_1.19.0\STM32CubeIDE\plugins\com.st.stm32cube.common.mx_6.15.0.202507011659
2026-02-17 15:52:52,263 [INFO] PluginManage:196 - Search for loadable plugins [exclusion list=, ]
2026-02-17 15:52:52,264 [INFO] PluginManage:310 - Check plugin analytics
2026-02-17 15:52:52,543 [INFO] AnalyticsPlugin:253 - Accepted Software Licenses: 
2026-02-17 15:52:52,543 [INFO] AnalyticsPlugin:255 - Accepted CMSIS Pack Licenses: 
2026-02-17 15:52:52,543 [INFO] AnalyticsPlugin:257 - Accepted Firmware Licenses: FW.L4.1.18.0
2026-02-17 15:52:52,548 [INFO] PluginManage:359 - Loaded plugin analytics (category:tool,tabindex:-1)
2026-02-17 15:52:52,549 [INFO] PluginManage:310 - Check plugin cadmodel
2026-02-17 15:52:52,554 [INFO] CADModel:105 - Init CAD model plugin
2026-02-17 15:52:52,554 [INFO] PluginManage:359 - Loaded plugin cadmodel (category:power,tabindex:5)
2026-02-17 15:52:52,554 [INFO] PluginManage:310 - Check plugin clock
2026-02-17 15:52:52,564 [INFO] PluginManage:359 - Loaded plugin clock (category:base,tabindex:2)
2026-02-17 15:52:52,565 [INFO] PluginManage:310 - Check plugin ddr
2026-02-17 15:52:52,569 [INFO] PluginManage:359 - Loaded plugin ddr (category:tool,tabindex:6)
2026-02-17 15:52:52,569 [INFO] PluginManage:310 - Check plugin filemanager
2026-02-17 15:52:52,762 [INFO] PluginManage:359 - Loaded plugin filemanager (category:base,tabindex:10)
2026-02-17 15:52:52,762 [INFO] PluginManage:310 - Check plugin ipmanager
2026-02-17 15:52:52,771 [INFO] PluginManage:359 - Loaded plugin ipmanager (category:base,tabindex:5)
2026-02-17 15:52:52,772 [INFO] PluginManage:310 - Check plugin lpbam
2026-02-17 15:52:52,781 [INFO] PluginManage:359 - Loaded plugin lpbam (category:base,tabindex:0)
2026-02-17 15:52:52,781 [INFO] PluginManage:310 - Check plugin memorymap
2026-02-17 15:52:52,794 [INFO] PluginManage:359 - Loaded plugin memorymap (category:base,tabindex:4)
2026-02-17 15:52:52,794 [INFO] PluginManage:310 - Check plugin pinoutandconfiguration
2026-02-17 15:52:52,805 [INFO] PluginManage:359 - Loaded plugin pinoutandconfiguration (category:base,tabindex:1)
2026-02-17 15:52:52,805 [INFO] PluginManage:310 - Check plugin pinoutconfig
2026-02-17 15:52:52,918 [WARN] SupportedApi:132 - Cannot load RTOS API schema: s4s-elt-must-match.1: The content of 'definitions' must match (annotation?, (simpleType | complexType)?, (unique | key | keyref)*)). A problem was found starting at: attribute.
2026-02-17 15:52:53,115 [INFO] PluginManage:359 - Loaded plugin pinoutconfig (category:base,tabindex:0)
2026-02-17 15:52:53,116 [INFO] PluginManage:310 - Check plugin power
2026-02-17 15:52:53,130 [INFO] PluginManage:359 - Loaded plugin power (category:power,tabindex:4)
2026-02-17 15:52:53,130 [INFO] PluginManage:310 - Check plugin projectmanager
2026-02-17 15:52:53,147 [INFO] PluginManage:359 - Loaded plugin projectmanager (category:projectmanager,tabindex:4)
2026-02-17 15:52:53,148 [INFO] PluginManage:310 - Check plugin rif
2026-02-17 15:52:53,160 [INFO] PluginManage:359 - Loaded plugin rif (category:base,tabindex:3)
2026-02-17 15:52:53,160 [INFO] PluginManage:310 - Check plugin thirdparty
2026-02-17 15:52:53,378 [INFO] PluginManage:359 - Loaded plugin thirdparty (category:base,tabindex:-1)
2026-02-17 15:52:53,378 [WARN] IntegrityCheckThread:84 - waiting for thirdparty lock release [integrity check]
2026-02-17 15:52:53,378 [INFO] PluginManage:310 - Check plugin tools
2026-02-17 15:52:53,379 [INFO] IntegrityCheckThread:86 - entering critical section [integrity check]
2026-02-17 15:52:53,379 [INFO] ThirdPartyUpdaterWithRetryManager:70 - Updater plugin not ready yet. [1/15]
2026-02-17 15:52:53,384 [INFO] PluginManage:359 - Loaded plugin tools (category:base,tabindex:7)
2026-02-17 15:52:53,384 [INFO] PluginManage:310 - Check plugin tutovideos
2026-02-17 15:52:53,626 [INFO] PluginManage:359 - Loaded plugin tutovideos (category:base,tabindex:-1)
2026-02-17 15:52:53,626 [INFO] PluginManage:310 - Check plugin updater
2026-02-17 15:52:53,658 [INFO] PluginManage:359 - Loaded plugin updater (category:base,tabindex:12)
2026-02-17 15:52:53,658 [INFO] PluginManage:310 - Check plugin userauth
2026-02-17 15:52:53,663 [INFO] UserAuth:118 - Init User Auth plugin
2026-02-17 15:52:53,666 [INFO] PluginManage:359 - Loaded plugin userauth (category:base,tabindex:14)
2026-02-17 15:52:53,666 [INFO] PluginManage:283 - PluginManage : Loaded plugins [18]
2026-02-17 15:52:53,979 [INFO] PinOutPanel:1589 - setPackage(No Configuration,No Configuration)
2026-02-17 15:52:54,116 [INFO] CADModel:165 - CPN selected for project level
2026-02-17 15:52:54,116 [INFO] CADModel:114 - Register for checkConnection events
2026-02-17 15:52:54,133 [INFO] IPUIPlugin:80 - create IPUIPlugin
2026-02-17 15:52:54,134 [INFO] PluginManager:220 - loadIPPluginJar : add adc
2026-02-17 15:52:54,136 [INFO] IPUIPlugin:80 - create IPUIPlugin
2026-02-17 15:52:54,137 [INFO] PluginManager:220 - loadIPPluginJar : add aes
2026-02-17 15:52:54,141 [INFO] IPUIPlugin:80 - create IPUIPlugin
2026-02-17 15:52:54,141 [INFO] PluginManager:220 - loadIPPluginJar : add can
2026-02-17 15:52:54,143 [INFO] IPUIPlugin:80 - create IPUIPlugin
2026-02-17 15:52:54,143 [INFO] PluginManager:220 - loadIPPluginJar : add comp
2026-02-17 15:52:54,146 [INFO] IPUIPlugin:80 - create IPUIPlugin
2026-02-17 15:52:54,147 [INFO] PluginManager:220 - loadIPPluginJar : add cryp
2026-02-17 15:52:54,151 [INFO] IPUIPlugin:80 - create IPUIPlugin
2026-02-17 15:52:54,151 [INFO] PluginManager:220 - loadIPPluginJar : add ddr_ctrl_phy
2026-02-17 15:52:54,154 [INFO] IPUIPlugin:80 - create IPUIPlugin
2026-02-17 15:52:54,155 [INFO] PluginManager:220 - loadIPPluginJar : add dfsdm
2026-02-17 15:52:54,162 [INFO] IPUIPlugin:80 - create IPUIPlugin
2026-02-17 15:52:54,164 [INFO] PluginManager:220 - loadIPPluginJar : add dma
2026-02-17 15:52:54,167 [INFO] IPUIPlugin:80 - create IPUIPlugin
2026-02-17 15:52:54,167 [INFO] PluginManager:220 - loadIPPluginJar : add dma3
2026-02-17 15:52:54,171 [INFO] IPUIPlugin:80 - create IPUIPlugin
2026-02-17 15:52:54,171 [INFO] PluginManager:220 - loadIPPluginJar : add extmemmanager
2026-02-17 15:52:54,173 [INFO] IPUIPlugin:80 - create IPUIPlugin
2026-02-17 15:52:54,173 [INFO] PluginManager:220 - loadIPPluginJar : add fatfs
2026-02-17 15:52:54,180 [INFO] IPUIPlugin:80 - create IPUIPlugin
2026-02-17 15:52:54,180 [INFO] PluginManager:220 - loadIPPluginJar : add fmc
2026-02-17 15:52:54,187 [INFO] IPUIPlugin:80 - create IPUIPlugin
2026-02-17 15:52:54,187 [INFO] PluginManager:220 - loadIPPluginJar : add freertos
2026-02-17 15:52:54,189 [INFO] IPUIPlugin:80 - create IPUIPlugin
2026-02-17 15:52:54,189 [INFO] PluginManager:220 - loadIPPluginJar : add genericplugin
2026-02-17 15:52:54,191 [INFO] IPUIPlugin:80 - create IPUIPlugin
2026-02-17 15:52:54,191 [INFO] PluginManager:220 - loadIPPluginJar : add gfxmmu
2026-02-17 15:52:54,196 [INFO] IPUIPlugin:80 - create IPUIPlugin
2026-02-17 15:52:54,196 [INFO] PluginManager:220 - loadIPPluginJar : add gic
2026-02-17 15:52:54,200 [INFO] IPUIPlugin:80 - create IPUIPlugin
2026-02-17 15:52:54,200 [INFO] PluginManager:220 - loadIPPluginJar : add gpio
2026-02-17 15:52:54,203 [INFO] IPUIPlugin:80 - create IPUIPlugin
2026-02-17 15:52:54,203 [INFO] PluginManager:220 - loadIPPluginJar : add gtzc
2026-02-17 15:52:54,205 [INFO] IPUIPlugin:80 - create IPUIPlugin
2026-02-17 15:52:54,206 [INFO] PluginManager:220 - loadIPPluginJar : add hash
2026-02-17 15:52:54,208 [INFO] IPUIPlugin:80 - create IPUIPlugin
2026-02-17 15:52:54,209 [INFO] PluginManager:220 - loadIPPluginJar : add i2c
2026-02-17 15:52:54,211 [INFO] IPUIPlugin:80 - create IPUIPlugin
2026-02-17 15:52:54,211 [INFO] PluginManager:220 - loadIPPluginJar : add i2s
2026-02-17 15:52:54,214 [INFO] IPUIPlugin:80 - create IPUIPlugin
2026-02-17 15:52:54,214 [INFO] PluginManager:220 - loadIPPluginJar : add i3c
2026-02-17 15:52:54,217 [INFO] IPUIPlugin:80 - create IPUIPlugin
2026-02-17 15:52:54,218 [INFO] PluginManager:220 - loadIPPluginJar : add ipddr
2026-02-17 15:52:54,225 [INFO] IPUIPlugin:80 - create IPUIPlugin
2026-02-17 15:52:54,225 [INFO] PluginManager:220 - loadIPPluginJar : add linkedlist
2026-02-17 15:52:54,229 [INFO] IPUIPlugin:80 - create IPUIPlugin
2026-02-17 15:52:54,230 [INFO] PluginManager:220 - loadIPPluginJar : add lorawan
2026-02-17 15:52:54,232 [INFO] IPUIPlugin:80 - create IPUIPlugin
2026-02-17 15:52:54,232 [INFO] PluginManager:220 - loadIPPluginJar : add ltdc
2026-02-17 15:52:54,239 [INFO] IPUIPlugin:80 - create IPUIPlugin
2026-02-17 15:52:54,240 [INFO] PluginManager:220 - loadIPPluginJar : add mdma
2026-02-17 15:52:54,242 [INFO] IPUIPlugin:80 - create IPUIPlugin
2026-02-17 15:52:54,242 [INFO] PluginManager:220 - loadIPPluginJar : add nvic
2026-02-17 15:52:54,246 [INFO] IPUIPlugin:80 - create IPUIPlugin
2026-02-17 15:52:54,246 [INFO] PluginManager:220 - loadIPPluginJar : add opamp
2026-02-17 15:52:54,249 [INFO] IPUIPlugin:80 - create IPUIPlugin
2026-02-17 15:52:54,249 [INFO] PluginManager:220 - loadIPPluginJar : add openamp
2026-02-17 15:52:54,253 [INFO] IPUIPlugin:80 - create IPUIPlugin
2026-02-17 15:52:54,253 [INFO] PluginManager:220 - loadIPPluginJar : add pdm2pcm
2026-02-17 15:52:54,259 [INFO] IPUIPlugin:80 - create IPUIPlugin
2026-02-17 15:52:54,264 [INFO] PluginManager:220 - loadIPPluginJar : add plateformsettings
2026-02-17 15:52:54,266 [INFO] IPUIPlugin:80 - create IPUIPlugin
2026-02-17 15:52:54,266 [INFO] PluginManager:220 - loadIPPluginJar : add quadspi
2026-02-17 15:52:54,268 [INFO] IPUIPlugin:80 - create IPUIPlugin
2026-02-17 15:52:54,270 [INFO] PluginManager:220 - loadIPPluginJar : add radio
2026-02-17 15:52:54,274 [INFO] IPUIPlugin:80 - create IPUIPlugin
2026-02-17 15:52:54,274 [INFO] PluginManager:220 - loadIPPluginJar : add resmgrutility
2026-02-17 15:52:54,281 [INFO] IPUIPlugin:80 - create IPUIPlugin
2026-02-17 15:52:54,281 [INFO] PluginManager:220 - loadIPPluginJar : add sai
2026-02-17 15:52:54,284 [INFO] IPUIPlugin:80 - create IPUIPlugin
2026-02-17 15:52:54,284 [INFO] PluginManager:220 - loadIPPluginJar : add spi
2026-02-17 15:52:54,292 [INFO] IPUIPlugin:80 - create IPUIPlugin
2026-02-17 15:52:54,293 [INFO] PluginManager:220 - loadIPPluginJar : add stm32_wpan
2026-02-17 15:52:54,297 [INFO] IPUIPlugin:80 - create IPUIPlugin
2026-02-17 15:52:54,297 [INFO] PluginManager:220 - loadIPPluginJar : add tim
2026-02-17 15:52:54,300 [INFO] IPUIPlugin:80 - create IPUIPlugin
2026-02-17 15:52:54,300 [INFO] PluginManager:220 - loadIPPluginJar : add touchsensing
2026-02-17 15:52:54,303 [INFO] IPUIPlugin:80 - create IPUIPlugin
2026-02-17 15:52:54,303 [INFO] PluginManager:220 - loadIPPluginJar : add tracer_emb
2026-02-17 15:52:54,306 [INFO] IPUIPlugin:80 - create IPUIPlugin
2026-02-17 15:52:54,306 [INFO] PluginManager:220 - loadIPPluginJar : add ts
2026-02-17 15:52:54,308 [INFO] IPUIPlugin:80 - create IPUIPlugin
2026-02-17 15:52:54,308 [INFO] PluginManager:220 - loadIPPluginJar : add tsc
2026-02-17 15:52:54,310 [INFO] IPUIPlugin:80 - create IPUIPlugin
2026-02-17 15:52:54,310 [INFO] PluginManager:220 - loadIPPluginJar : add ucpd
2026-02-17 15:52:54,312 [INFO] IPUIPlugin:80 - create IPUIPlugin
2026-02-17 15:52:54,312 [INFO] PluginManager:220 - loadIPPluginJar : add usart
2026-02-17 15:52:54,316 [INFO] IPUIPlugin:80 - create IPUIPlugin
2026-02-17 15:52:54,316 [INFO] PluginManager:220 - loadIPPluginJar : add usbx
2026-02-17 15:52:54,484 [FATAL] Updater:351 - Updater called before beeing initialized
2026-02-17 15:52:54,582 [INFO] RulesReader:64 - Compatibility file has been processed (317 Rules)
2026-02-17 15:52:54,623 [INFO] RulesReader:64 - Compatibility file has been processed (317 Rules)
2026-02-17 15:52:54,640 [INFO] CADModel:165 - CPN selected for project level
2026-02-17 15:52:54,640 [INFO] CADModel:114 - Register for checkConnection events
2026-02-17 15:52:54,640 [FATAL] Updater:351 - Updater called before beeing initialized
2026-02-17 15:52:54,640 [ERROR] CADModel:125 - Updater not yet initialized, retry later 
2026-02-17 15:52:54,877 [FATAL] Updater:351 - Updater called before beeing initialized
2026-02-17 15:52:54,880 [INFO] CADModel:165 - CPN selected for project level
2026-02-17 15:52:54,880 [INFO] CADModel:114 - Register for checkConnection events
2026-02-17 15:52:54,881 [FATAL] Updater:351 - Updater called before beeing initialized
2026-02-17 15:52:54,881 [ERROR] CADModel:125 - Updater not yet initialized, retry later 
2026-02-17 15:52:54,886 [FATAL] Updater:351 - Updater called before beeing initialized
2026-02-17 15:52:55,106 [FATAL] Updater:351 - Updater called before beeing initialized
2026-02-17 15:52:55,112 [INFO] DbMcusAds:53 - JSON generation date=Tue Feb 10 17:46:36 IST 2026 (1770725796209)
2026-02-17 15:52:55,113 [FATAL] Updater:351 - Updater called before beeing initialized
2026-02-17 15:52:55,240 [WARN] DetailPanel:346 - Failed to get advertising image, set to default
2026-02-17 15:52:55,417 [FATAL] Updater:351 - Updater called before beeing initialized
2026-02-17 15:52:55,419 [FATAL] Updater:351 - Updater called before beeing initialized
2026-02-17 15:52:55,419 [FATAL] Updater:351 - Updater called before beeing initialized
2026-02-17 15:52:55,419 [WARN] DetailPanel:346 - Failed to get advertising image, set to default
2026-02-17 15:52:55,420 [FATAL] Updater:351 - Updater called before beeing initialized
2026-02-17 15:52:55,484 [ERROR] Updater:1198 - MainUpdater not yet initialized. External WinMGr cannot be set.
2026-02-17 15:52:55,487 [INFO] Updater:1134 - Updater Version found : 6.15.0
2026-02-17 15:52:55,512 [INFO] ApplicationProperties:184 - Using Application install path: D:\STM32CubeIDE_1.19.0\STM32CubeIDE\plugins\com.st.stm32cube.common.mx_6.15.0.202507011659
2026-02-17 15:52:56,380 [INFO] ThirdPartyUpdaterWithRetryManager:70 - Updater plugin not ready yet. [2/15]
2026-02-17 15:52:57,103 [ERROR] LogOutputStream:75 - [STDERR_REDIRECT] Feb 17, 2026 3:52:57 PM java.util.prefs.WindowsPreferences <init>
2026-02-17 15:52:57,110 [ERROR] LogOutputStream:75 - [STDERR_REDIRECT] WARNING: Could not open/create prefs root node Software\JavaSoft\Prefs at root 0xffffffff80000002. Windows RegCreateKeyEx(...) returned error code 5.
2026-02-17 15:52:57,111 [ERROR] LogOutputStream:75 - [STDERR_REDIRECT] 
2026-02-17 15:52:57,632 [INFO] MainUpdater:2872 - connection check result : 10
2026-02-17 15:52:57,634 [INFO] MainUpdater:289 - Updater Check For Update Now.
2026-02-17 15:52:57,634 [INFO] MicroXplorer:498 - Change Database Version : DB.6.0.150
2026-02-17 15:52:57,642 [INFO] McuFinderGlobals:63 - Set McuFinder mode to 2 (CubeIDE integrated)
2026-02-17 15:52:57,644 [INFO] UserAuth:487 - Internet connection configuration mode: 1
2026-02-17 15:52:57,673 [INFO] JxBrowserEngine:152 - Initiate JxBrowser Engine with user profile folder
2026-02-17 15:52:57,900 [INFO] CheckServerUpdateThread:120 - End of CheckServer Thread
2026-02-17 15:52:58,504 [INFO] WebApp:169 - Instantiating new browser for Auth
2026-02-17 15:52:59,453 [INFO] WebApp:463 - Apply proxy settings
2026-02-17 15:52:59,453 [INFO] WebApp:548 - Chromium requires no authentication
2026-02-17 15:52:59,469 [INFO] WebApp:491 - Direct internet connection detected
2026-02-17 15:52:59,516 [INFO] WebApp:900 - Register for checkConnection events
2026-02-17 15:52:59,517 [INFO] WebApp:463 - Apply proxy settings
2026-02-17 15:52:59,517 [INFO] WebApp:548 - Chromium requires no authentication
2026-02-17 15:52:59,518 [INFO] WebApp:491 - Direct internet connection detected
2026-02-17 15:52:59,793 [WARN] PackLoader:240 - Cannot read IP mode file for STMicroelectronics.FP-SNS-MOTENVWB1.1.4.0
2026-02-17 15:52:59,813 [WARN] PackLoader:240 - Cannot read IP mode file for STMicroelectronics.FP-ATR-ASTRA1.2.0.2
2026-02-17 15:52:59,832 [WARN] PackLoader:240 - Cannot read IP mode file for STMicroelectronics.X-CUBE-SMBUS.2.1.0
2026-02-17 15:52:59,839 [INFO] WebApp:191 - Connection restablished
2026-02-17 15:52:59,907 [INFO] WebApp:225 - Starting web application
2026-02-17 15:52:59,907 [INFO] WebApp:593 - Web application path used D:\STM32CubeIDE_1.19.0\STM32CubeIDE\plugins\com.st.stm32cube.common.mx_6.15.0.202507011659\db\plugins\mcufinder\reactClient1\index.html
2026-02-17 15:52:59,908 [WARN] PackLoader:240 - Cannot read IP mode file for STMicroelectronics.X-CUBE-AZRTOS-F7.1.1.0
2026-02-17 15:52:59,929 [WARN] PackLoader:240 - Cannot read IP mode file for STMicroelectronics.FP-SNS-MOTENV1.5.1.0
2026-02-17 15:52:59,954 [WARN] PackLoader:240 - Cannot read IP mode file for WES.I-CUBE-Cesium.1.4.0
2026-02-17 15:53:00,032 [WARN] PackLoader:240 - Cannot read IP mode file for STMicroelectronics.X-CUBE-AZRTOS-H7.3.4.0
2026-02-17 15:53:00,060 [WARN] PackLoader:240 - Cannot read IP mode file for STMicroelectronics.X-CUBE-DISPLAY.3.0.0
2026-02-17 15:53:00,080 [WARN] PackLoader:240 - Cannot read IP mode file for STMicroelectronics.FP-SNS-MOTENVWB1.1.5.0
2026-02-17 15:53:00,096 [WARN] PackLoader:240 - Cannot read IP mode file for STMicroelectronics.X-CUBE-NFC10.1.0.0
2026-02-17 15:53:00,110 [WARN] PackLoader:240 - Cannot read IP mode file for STMicroelectronics.X-CUBE-ST60.1.1.0
2026-02-17 15:53:00,122 [WARN] PackLoader:240 - Cannot read IP mode file for emotas.I-CUBE-CANOPEN.1.3.0
2026-02-17 15:53:00,134 [WARN] PackLoader:240 - Cannot read IP mode file for STMicroelectronics.X-CUBE-GNSS1.7.1.0
2026-02-17 15:53:00,152 [WARN] PackLoader:240 - Cannot read IP mode file for STMicroelectronics.FP-SNS-STBOX1.2.1.0
2026-02-17 15:53:00,165 [WARN] PackLoader:240 - Cannot read IP mode file for STMicroelectronics.FP-SNS-SMARTAG2.1.2.0
2026-02-17 15:53:00,174 [WARN] PackLoader:240 - Cannot read IP mode file for STMicroelectronics.FP-SNS-FLIGHT1.5.1.0
2026-02-17 15:53:00,193 [INFO] LogOutputStream:77 - [STDOUT_REDIRECT] 1 : Invalid condition id : UX_CORESTACK_Condition cause : null
2026-02-17 15:53:00,196 [INFO] LogOutputStream:77 - [STDOUT_REDIRECT] 1 : Invalid condition id : UX_CORESTACK_Condition cause : null
2026-02-17 15:53:00,199 [INFO] LogOutputStream:77 - [STDOUT_REDIRECT] 1 : Invalid condition id : UX_CORESTACK_Condition cause : null
2026-02-17 15:53:00,202 [INFO] LogOutputStream:77 - [STDOUT_REDIRECT] 1 : Invalid condition id : UX_CORESTACK_Condition cause : null
2026-02-17 15:53:00,204 [INFO] LogOutputStream:77 - [STDOUT_REDIRECT] 1 : Invalid condition id : UX_CORESTACK_Condition cause : null
2026-02-17 15:53:00,211 [WARN] PackLoader:240 - Cannot read IP mode file for STMicroelectronics.X-CUBE-AZRTOS-WL.2.0.0
2026-02-17 15:53:00,228 [INFO] UserAuth:487 - Internet connection configuration mode: 1
2026-02-17 15:53:00,369 [WARN] PackLoader:240 - Cannot read IP mode file for STMicroelectronics.X-CUBE-AZRTOS-H7RS.1.2.0
2026-02-17 15:53:00,389 [WARN] PackLoader:240 - Cannot read IP mode file for STMicroelectronics.X-CUBE-BLE2.3.3.0
2026-02-17 15:53:00,522 [WARN] PackLoader:240 - Cannot read IP mode file for Infineon.AIROC-Wi-Fi-Bluetooth-STM32.1.8.0
2026-02-17 15:53:00,544 [WARN] PackLoader:240 - Cannot read IP mode file for STMicroelectronics.X-CUBE-NFC9.1.0.0
2026-02-17 15:53:00,556 [WARN] PackLoader:240 - Cannot read IP mode file for STMicroelectronics.X-CUBE-BLE1.7.1.0
2026-02-17 15:53:00,564 [WARN] PackLoader:240 - Cannot read IP mode file for wolfSSL.I-CUBE-wolfMQTT.1.19.2
2026-02-17 15:53:00,617 [WARN] PackLoader:240 - Cannot read IP mode file for STMicroelectronics.X-CUBE-FREERTOS.1.4.0
2026-02-17 15:53:00,683 [WARN] PackLoader:240 - Cannot read IP mode file for STMicroelectronics.X-CUBE-EEPRMA1.5.2.0
2026-02-17 15:53:00,716 [WARN] PackLoader:240 - Cannot read IP mode file for wolfSSL.I-CUBE-wolfSSL.5.8.4
2026-02-17 15:53:00,730 [WARN] PackLoader:240 - Cannot read IP mode file for Cesanta.I-CUBE-Mongoose.7.20.0
2026-02-17 15:53:01,126 [WARN] PackLoader:240 - Cannot read IP mode file for STMicroelectronics.X-CUBE-MEMS1.12.0.0
2026-02-17 15:53:01,482 [WARN] PackLoader:240 - Cannot read IP mode file for STMicroelectronics.X-CUBE-AZRTOS-G0.1.1.0
2026-02-17 15:53:01,499 [WARN] PackLoader:240 - Cannot read IP mode file for STMicroelectronics.X-CUBE-NFC4.3.0.0
2026-02-17 15:53:01,516 [WARN] PackLoader:240 - Cannot read IP mode file for EmbeddedOffice.I-CUBE-FS-RTOS.1.0.1
2026-02-17 15:53:01,526 [WARN] PackLoader:240 - Cannot read IP mode file for STMicroelectronics.X-CUBE-WB05N.2.0.0
2026-02-17 15:53:01,533 [WARN] PackLoader:240 - Cannot read IP mode file for wolfSSL.I-CUBE-wolfTPM.3.8.0
2026-02-17 15:53:01,544 [WARN] PackLoader:240 - Cannot read IP mode file for STMicroelectronics.X-CUBE-TCPP.4.2.0
2026-02-17 15:53:01,553 [WARN] PackLoader:240 - Cannot read IP mode file for RealThread.X-CUBE-RT-Thread_Nano.4.1.1
2026-02-17 15:53:01,563 [WARN] PackLoader:240 - Cannot read IP mode file for STMicroelectronics.FP-ATR-SIGFOX1.3.2.0
2026-02-17 15:53:01,581 [WARN] PackLoader:240 - Cannot read IP mode file for ITTIA_DB.I-CUBE-ITTIADB.8.9.0
2026-02-17 15:53:01,624 [WARN] PackLoader:240 - Cannot read IP mode file for STMicroelectronics.X-CUBE-NFC6.3.2.0
2026-02-17 15:53:01,660 [WARN] PackLoader:240 - Cannot read IP mode file for STMicroelectronics.X-CUBE-AI.10.2.0
2026-02-17 15:53:01,762 [WARN] PackLoader:240 - Cannot read IP mode file for SEGGER.I-CUBE-embOS.1.3.1
2026-02-17 15:53:01,934 [WARN] PackLoader:240 - Cannot read IP mode file for STMicroelectronics.X-CUBE-ALGOBUILD.1.4.0
2026-02-17 15:53:01,959 [WARN] PackLoader:240 - Cannot read IP mode file for STMicroelectronics.X-CUBE-PM33A1.1.0.0
2026-02-17 15:53:02,034 [WARN] PackLoader:240 - Cannot read IP mode file for STMicroelectronics.X-CUBE-AZRTOS-F4.1.1.0
2026-02-17 15:53:02,059 [WARN] PackLoader:240 - Cannot read IP mode file for STMicroelectronics.X-CUBE-ISPU.2.1.0
2026-02-17 15:53:02,098 [WARN] PackLoader:240 - Cannot read IP mode file for STMicroelectronics.X-CUBE-IPS.3.2.0
2026-02-17 15:53:02,133 [WARN] PackLoader:240 - Cannot read IP mode file for STMicroelectronics.X-CUBE-NFC12.1.0.0
2026-02-17 15:53:02,170 [WARN] PackLoader:240 - Cannot read IP mode file for STMicroelectronics.X-CUBE-AZRTOS-L5.2.0.0
2026-02-17 15:53:02,181 [WARN] PackLoader:240 - Cannot read IP mode file for STMicroelectronics.X-CUBE-TOUCHGFX.4.26.0
2026-02-17 15:53:02,189 [WARN] PackLoader:240 - Cannot read IP mode file for STMicroelectronics.FP-SNS-STAIOTCFT.1.0.0
2026-02-17 15:53:02,201 [WARN] PackLoader:240 - Cannot read IP mode file for STMicroelectronics.X-CUBE-DPower.1.3.0
2026-02-17 15:53:02,233 [WARN] ConditionMgr:438 - getConditionDescription Invalid condition id : LAN8742 Phy interface Condition cause : null
2026-02-17 15:53:02,234 [WARN] PackLoader:240 - Cannot read IP mode file for STMicroelectronics.X-CUBE-AZRTOS-L4.2.0.0
2026-02-17 15:53:02,237 [WARN] ConditionMgr:1044 - genDependencies : Invalid condition id : LAN8742 Phy interface Condition cause : null
2026-02-17 15:53:02,237 [WARN] ConditionMgr:1044 - genDependencies : Invalid condition id : LAN8742 Phy interface Condition cause : null
2026-02-17 15:53:02,239 [WARN] ConditionMgr:1044 - genDependencies : Invalid condition id : LAN8742 Phy interface Condition cause : null
2026-02-17 15:53:02,248 [WARN] PackLoader:240 - Cannot read IP mode file for STMicroelectronics.X-CUBE-SFXS2LP1.4.0.0
2026-02-17 15:53:02,268 [WARN] PackLoader:240 - Cannot read IP mode file for STMicroelectronics.X-CUBE-ST67W61.1.2.0
2026-02-17 15:53:02,284 [WARN] PackLoader:240 - Cannot read IP mode file for STMicroelectronics.X-CUBE-BLEMGR.4.1.0
2026-02-17 15:53:02,302 [WARN] ConditionMgr:438 - getConditionDescription Invalid condition id : UX DEVICE CLASS RTOS Condition cause : null
2026-02-17 15:53:02,302 [WARN] ConditionMgr:438 - getConditionDescription Invalid condition id : UX DEVICE CLASS RTOS Condition cause : null
2026-02-17 15:53:02,306 [WARN] PackLoader:240 - Cannot read IP mode file for STMicroelectronics.X-CUBE-AZRTOS-WB.2.0.0
2026-02-17 15:53:02,307 [WARN] ConditionMgr:1044 - genDependencies : Invalid condition id : UX DEVICE CLASS RTOS Condition cause : null
2026-02-17 15:53:02,308 [WARN] ConditionMgr:1044 - genDependencies : Invalid condition id : UX DEVICE CLASS RTOS Condition cause : null
2026-02-17 15:53:02,308 [WARN] ConditionMgr:1044 - genDependencies : Invalid condition id : UX DEVICE CLASS RTOS Condition cause : null
2026-02-17 15:53:02,308 [WARN] ConditionMgr:1044 - genDependencies : Invalid condition id : UX DEVICE CLASS RTOS Condition cause : null
2026-02-17 15:53:02,309 [WARN] ConditionMgr:1044 - genDependencies : Invalid condition id : UX DEVICE CLASS RTOS Condition cause : null
2026-02-17 15:53:02,314 [WARN] ConditionMgr:438 - getConditionDescription Invalid condition id : Cortex-A Device cause : null
2026-02-17 15:53:02,331 [WARN] ConditionMgr:1044 - genDependencies : Invalid condition id : Cortex-A Device cause : null
2026-02-17 15:53:02,331 [WARN] ConditionMgr:1044 - genDependencies : Invalid condition id : Cortex-A Device cause : null
2026-02-17 15:53:02,331 [WARN] ConditionMgr:1044 - genDependencies : Invalid condition id : Cortex-A Device cause : null
2026-02-17 15:53:02,341 [WARN] PackLoader:240 - Cannot read IP mode file for STMicroelectronics.X-CUBE-STSE01.2.0.0
2026-02-17 15:53:02,357 [WARN] PackLoader:240 - Cannot read IP mode file for STMicroelectronics.X-CUBE-SUBG2.5.0.0
2026-02-17 15:53:02,380 [WARN] PackLoader:240 - Cannot read IP mode file for STMicroelectronics.X-CUBE-AZRTOS-G4.2.0.0
2026-02-17 15:53:02,391 [WARN] PackLoader:240 - Cannot read IP mode file for wolfSSL.I-CUBE-wolfSSH.1.4.20
2026-02-17 15:53:02,395 [WARN] PackLoader:240 - Cannot read IP mode file for STMicroelectronics.X-CUBE-NFC7.2.0.0
2026-02-17 15:53:02,400 [WARN] PackLoader:240 - Cannot read IP mode file for STMicroelectronics.X-CUBE-ALS.1.0.2
2026-02-17 15:53:02,413 [WARN] PackLoader:240 - Cannot read IP mode file for STMicroelectronics.X-CUBE-TOF1.3.4.3
2026-02-17 15:53:02,425 [INFO] ThirdParty:978 - Integrity check success = true
2026-02-17 15:53:02,426 [INFO] IntegrityCheckThread:100 - exiting critical section [integrity check]
2026-02-17 15:53:02,426 [INFO] IntegrityCheckThread:103 - End integrity checks thread
2026-02-17 16:01:19,694 [INFO] McuFinderGlobals:63 - Set McuFinder mode to 2 (CubeIDE integrated)
2026-02-17 16:01:19,770 [INFO] MainUpdater:2872 - connection check result : 10
2026-02-17 16:01:21,463 [INFO] ApiDb:581 - Connected to CubeFinder SQLite database (C:\Users\Hemanth Madu\.stmcufinder\plugins\mcufinder\mcu\cube-finder-db.db)
2026-02-17 16:01:21,755 [INFO] ApiDb:668 - CubeFinder database Data Model version=2.1
2026-02-17 16:01:21,756 [INFO] ApiDb:669 - CubeFinder database Configuration version=3.0.39
2026-02-17 16:01:21,757 [INFO] ApiDb:670 - CubeFinder database generation date=2025-12-22 (1766407740)
2026-02-17 16:01:21,758 [INFO] ApiDb:671 - CubeFinder database FW Pack versions=[FP-ATR-ASTRA1_V2.0.0, FP-SNS-FLIGHT1_V5.1.0, FP-SNS-MOTENV1_V5.1.0, FP-SNS-MOTENVWB1_V1.4.0, FP-SNS-SMARTAG2_V1.2.0, FP-SNS-STBOX1_V2.1.0, STM32Cube_FW_C0_V1.4.0, STM32Cube_FW_F4_V1.28.3, STM32Cube_FW_F7_V1.17.4, STM32Cube_FW_G0_V1.6.2, STM32Cube_FW_G4_V1.6.1, STM32Cube_FW_H5_V1.5.1, STM32Cube_FW_H7RS_V1.3.0, STM32Cube_FW_H7_V1.12.1, STM32Cube_FW_L0_V1.12.2, STM32Cube_FW_L4_V1.18.1, STM32Cube_FW_L5_V1.6.0, STM32Cube_FW_N6_V1.3.0, STM32Cube_FW_U0_V1.3.0, STM32Cube_FW_U3_V1.2.1, STM32Cube_FW_U5_V1.8.0, STM32Cube_FW_WB0_V1.4.0, STM32Cube_FW_WBA_V1.8.0, STM32Cube_FW_WB_V1.24.0, STM32Cube_FW_WL3_V1.3.0, STM32Cube_FW_WL_V1.4.0, X-CUBE-ALGOBUILD_V1.4.0, X-CUBE-ALS_V1.0.2, X-CUBE-AZRTOS-F4_V1.1.0, X-CUBE-AZRTOS-F7_V1.1.0, X-CUBE-AZRTOS-G0_V1.1.0, X-CUBE-AZRTOS-G4_V2.0.0, X-CUBE-AZRTOS-H7RS_V1.1.0, X-CUBE-AZRTOS-H7_V3.4.0, X-CUBE-AZRTOS-L4_V2.0.0, X-CUBE-AZRTOS-L5_V2.0.0, X-CUBE-AZRTOS-WB_V2.0.0, X-CUBE-AZRTOS-WL_V2.0.0, X-CUBE-BLE1_V7.1.0, X-CUBE-BLE2_V3.3.0, X-CUBE-BLEMGR_V4.1.0, X-CUBE-EEPRMA1_V5.2.0, X-CUBE-FREERTOS_V1.3.1, X-CUBE-GNSS1_V6.0.0, X-CUBE-MEMS1_V12.0.0, X-CUBE-NFC4_V3.0.0, X-CUBE-NFC7_V2.0.0, X-CUBE-SFXS2LP1_V4.0.0, X-CUBE-ST67W61_V1.1.0, X-CUBE-SUBG2_V5.0.0, X-CUBE-TOF1_V3.4.3]
2026-02-17 16:01:30,897 [INFO] ApiDb:240 - Found 880 in-development CPN: [B-G473E-ZEST1S, B-WB1M-WPAN1, B-WBA5M-WPAN, B-WL5M-SUBG1, NUCLEO-C031C6, NUCLEO-C051C8, NUCLEO-C071RB, NUCLEO-C092RC, NUCLEO-H503RB, NUCLEO-H533RE, NUCLEO-H563ZI, NUCLEO-H7S3L8, NUCLEO-N657X0-Q, NUCLEO-U031R8, NUCLEO-U083RC, NUCLEO-U385RG-Q, NUCLEO-U545RE-Q, NUCLEO-U5A5ZJ-Q, NUCLEO-WB05KZ, NUCLEO-WB07CC, NUCLEO-WB09KE, NUCLEO-WBA52CG, NUCLEO-WBA55CG, NUCLEO-WL33CC1, NUCLEO-WL33CC2, STEVAL-PROTEUS1, STEVAL-SMARTAG2, STEVAL-STWINBX1, STM320518-EVAL, STM32C0116-DK, STM32C011D6Y3TR, STM32C011D6Y6TR, STM32C011F4P3, STM32C011F4P6, STM32C011F4U3, STM32C011F4U6TR, STM32C011F6P3, STM32C011F6P6, STM32C011F6U3, STM32C011F6U6TR, STM32C011J4M3, STM32C011J4M6, STM32C011J6M3, STM32C011J6M6, STM32C0316-DK, STM32C031C4T3, STM32C031C4T6, STM32C031C4U3, STM32C031C4U6, STM32C031C6T3, STM32C031C6T6, STM32C031C6U3, STM32C031C6U6, STM32C031F4P3, STM32C031F4P6, STM32C031F6P3, STM32C031F6P6, STM32C031G4U3, STM32C031G4U6, STM32C031G6U3, STM32C031G6U6, STM32C031K4T3, STM32C031K4T6, STM32C031K4U3, STM32C031K4U6, STM32C031K6T3, STM32C031K6T6, STM32C031K6U3, STM32C031K6U6, STM32C051C6T6, STM32C051C6U6, STM32C051C8T6, STM32C051C8U6, STM32C051D8Y6TR, STM32C051F6P6, STM32C051F8P6, STM32C051G6U6, STM32C051G8U6, STM32C051K6T6, STM32C051K6U6, STM32C051K8T6, STM32C071C8T6, STM32C071C8T6N, STM32C071C8U6, STM32C071C8U6N, STM32C071CBT6, STM32C071CBT6N, STM32C071CBU6, STM32C071CBU6N, STM32C071F8P6, STM32C071F8P6N, STM32C071FBP6, STM32C071FBP6N, STM32C071FBY6TR, STM32C071G8U6, STM32C071G8U6N, STM32C071GBU6, STM32C071GBU6N, STM32C071K8T6, STM32C071K8T6N, STM32C071K8U6, STM32C071K8U6N, STM32C071KBT6, STM32C071KBT6N, STM32C071KBU6, STM32C071KBU6N, STM32C071R8T6, STM32C071R8T6N, STM32C071RBI6N, STM32C071RBT6, STM32C071RBT6N, STM32C091CBT6, STM32C091CBU6, STM32C091CCT6, STM32C091CCU6, STM32C091ECY6TR, STM32C091FBP6, STM32C091FCP6, STM32C091GBU6, STM32C091GCU6, STM32C091KBT6, STM32C091KBU6, STM32C091KCT6, STM32C091KCU6, STM32C091RBT6, STM32C091RCI6, STM32C091RCT6, STM32C092CBT6, STM32C092CBU6, STM32C092CCT6, STM32C092CCU6, STM32C092ECY6TR, STM32C092FBP6, STM32C092FCP6, STM32C092GBU6, STM32C092GCU6, STM32C092KBT6, STM32C092KBU6, STM32C092KCT6, STM32C092KCU6, STM32C092RBT6, STM32C092RCI6, STM32C092RCT6, STM32G071K8TXN, STM32G071K8UXN, STM32G081GBU6N, STM32G081KBT6N, STM32G081KBUXN, STM32G0B1CCT6N, STM32G0B1KCT6, STM32G0B1NEY6TR, STM32G0B1RCT6N, STM32G0C1CCT6, STM32G0C1CCT6N, STM32G0C1CCU6N, STM32G0C1CET6N, STM32G0C1CEU6N, STM32G0C1KCT6, STM32G0C1NEY6TR, STM32G0C1RCI6N, STM32G0C1RCT6N, STM32G0C1REI6N, STM32G0C1RET6N, STM32G0C1VCI6, STM32G0C1VEI6, STM32G411C6T3, STM32G411C6T6, STM32G411C6U3, STM32G411C6U6, STM32G411C8T3, STM32G411C8T6, STM32G411C8U3, STM32G411C8U6, STM32G411CBT3, STM32G411CBT6, STM32G411CBU3, STM32G411CBU6, STM32G411K6T3, STM32G411K6T6, STM32G411K6U3, STM32G411K6U6, STM32G411K8T3, STM32G411K8T6, STM32G411K8U3, STM32G411K8U6, STM32G411KBT3, STM32G411KBT6, STM32G411KBU3, STM32G411KBU6, STM32G411M6T3, STM32G411M6T6, STM32G411M8T3, STM32G411M8T6, STM32G411MBT3, STM32G411MBT6, STM32G411R6T3, STM32G411R6T6, STM32G411R8T3, STM32G411R8T6, STM32G411RBT3, STM32G411RBT6, STM32G414CBT3, STM32G414CBT6, STM32G414CBU3, STM32G414CBU6, STM32G414CCT3, STM32G414CCT6, STM32G414CCU3, STM32G414CCU6, STM32G414MBT3, STM32G414MBT6, STM32G414MCT3, STM32G414MCT6, STM32G414RBT3, STM32G414RBT6, STM32G414RCT3, STM32G414RCT6, STM32G414VBT3, STM32G414VBT6, STM32G414VCT3, STM32G414VCT6, STM32G431CBT3Z, STM32G431RBT3Z, STM32G471CCT6, STM32G471CCU6, STM32G471CET3, STM32G471CET6, STM32G471CEU3, STM32G471CEU6, STM32G471MCT6, STM32G471MET3, STM32G471MET6, STM32G471MEY6TR, STM32G471QCT6, STM32G471QET3, STM32G471RCT6, STM32G471RET3, STM32G471RET6, STM32G471VCH6, STM32G471VCI6, STM32G471VCT6, STM32G471VEH3, STM32G471VEH6, STM32G471VEI3, STM32G471VEI6, STM32G471VET3, STM32G471VET6, STM32G473QET3Z, STM32G473RET3Z, STM32G474CCT6, STM32G491RET3Z, STM32H503CBT6, STM32H503CBU6, STM32H503EBY6TR, STM32H503KBU6, STM32H503RBT6, STM32H523CCT6, STM32H523CCU6, STM32H523CET6, STM32H523CEU6, STM32H523HEY6TR, STM32H523RCT6, STM32H523RET6, STM32H523VCI6, STM32H523VCT6, STM32H523VEI6, STM32H523VET6, STM32H523ZCJ6, STM32H523ZCT6, STM32H523ZEJ6, STM32H523ZET6, STM32H533CET6, STM32H533CEU6, STM32H533HEY6TR, STM32H533RET6, STM32H533VEI6, STM32H533VET6, STM32H533ZEJ6, STM32H533ZET6, STM32H562AGI6, STM32H562AII6, STM32H562IGK6, STM32H562IGT6, STM32H562IIK6, STM32H562IIT6, STM32H562RGT6, STM32H562RGV6, STM32H562RIT6, STM32H562RIV6, STM32H562VGT6, STM32H562VIT6, STM32H562ZGT6, STM32H562ZIT6, STM32H563AGI6, STM32H563AII3Q, STM32H563AII6, STM32H563IGK6, STM32H563IGT6, STM32H563IIK3Q, STM32H563IIK6, STM32H563IIT3Q, STM32H563IIT6, STM32H563MIY3QTR, STM32H563RGT6, STM32H563RGV6, STM32H563RIT6, STM32H563RIV6, STM32H563VGT6, STM32H563VIT3Q, STM32H563VIT6, STM32H563ZGT6, STM32H563ZIT3Q, STM32H563ZIT6, STM32H573AII3Q, STM32H573AII6, STM32H573I-DK, STM32H573IIK3Q, STM32H573IIK6, STM32H573IIT3Q, STM32H573IIT6, STM32H573MIY3QTR, STM32H573RIT6, STM32H573RIV6, STM32H573VIT3Q, STM32H573VIT6, STM32H573ZIT3Q, STM32H573ZIT6, STM32H7R3A8I6, STM32H7R3I8K6, STM32H7R3I8T6, STM32H7R3L8H6, STM32H7R3L8H6H, STM32H7R3R8V6, STM32H7R3V8H6, STM32H7R3V8T6, STM32H7R3V8Y6TR, STM32H7R3Z8J6, STM32H7R3Z8T6, STM32H7R7A8I6, STM32H7R7I8K6, STM32H7R7I8T6, STM32H7R7L8H6, STM32H7R7L8H6H, STM32H7R7Z8J6, STM32H7S3A8I6, STM32H7S3I8K6, STM32H7S3I8T6, STM32H7S3L8H6, STM32H7S3L8H6H, STM32H7S3R8V6, STM32H7S3V8H6, STM32H7S3V8T6, STM32H7S3V8Y6TR, STM32H7S3Z8J6, STM32H7S3Z8T6, STM32H7S78-DK, STM32H7S7A8I6, STM32H7S7I8K6, STM32H7S7I8T6, STM32H7S7L8H6, STM32H7S7L8H6H, STM32H7S7Z8J6, STM32L4R5QGI6STR, STM32MP131AAE3, STM32MP131AAF3, STM32MP131AAG3, STM32MP131CAE3, STM32MP131CAF3, STM32MP131CAG3, STM32MP131DAE7, STM32MP131DAF7, STM32MP131DAG7, STM32MP131FAE7, STM32MP131FAF7, STM32MP131FAG7, STM32MP133AAE3, STM32MP133AAF3, STM32MP133AAG3, STM32MP133CAE3, STM32MP133CAF3, STM32MP133CAG3, STM32MP133DAE7, STM32MP133DAF7, STM32MP133DAG7, STM32MP133FAE7, STM32MP133FAF7, STM32MP133FAG7, STM32MP135AAE3, STM32MP135AAF3, STM32MP135AAG3, STM32MP135CAE3, STM32MP135CAF3, STM32MP135CAG3, STM32MP135DAE7, STM32MP135DAF7, STM32MP135DAG7, STM32MP135F-DK, STM32MP135FAE7, STM32MP135FAF7, STM32MP135FAF7T, STM32MP135FAF7U, STM32MP135FAG7, STM32MP211AAL3, STM32MP211AAM3, STM32MP211AAN3, STM32MP211AAO3, STM32MP211CAL3, STM32MP211CAM3, STM32MP211CAN3, STM32MP211CAO3, STM32MP211DAL3, STM32MP211DAM3, STM32MP211DAN3, STM32MP211DAO3, STM32MP211FAL3, STM32MP211FAM3, STM32MP211FAN3, STM32MP211FAO3, STM32MP213AAL3, STM32MP213AAM3, STM32MP213AAN3, STM32MP213AAO3, STM32MP213CAL3, STM32MP213CAM3, STM32MP213CAN3, STM32MP213CAO3, STM32MP213DAL3, STM32MP213DAM3, STM32MP213DAN3, STM32MP213DAO3, STM32MP213FAL3, STM32MP213FAM3, STM32MP213FAN3, STM32MP213FAO3, STM32MP215AAL3, STM32MP215AAM3, STM32MP215AAN3, STM32MP215AAO3, STM32MP215CAL3, STM32MP215CAM3, STM32MP215CAN3, STM32MP215CAO3, STM32MP215DAL3, STM32MP215DAM3, STM32MP215DAN3, STM32MP215DAO3, STM32MP215F-DK, STM32MP215FAL3, STM32MP215FAM3, STM32MP215FAN3, STM32MP215FAO3, STM32MP231AAJ3, STM32MP231AAK3, STM32MP231AAL3, STM32MP231CAJ3, STM32MP231CAK3, STM32MP231CAL3, STM32MP231DAJ3, STM32MP231DAK3, STM32MP231DAL3, STM32MP231FAJ3, STM32MP231FAK3, STM32MP231FAL3, STM32MP233AAJ3, STM32MP233AAK3, STM32MP233AAL3, STM32MP233CAJ3, STM32MP233CAK3, STM32MP233CAL3, STM32MP233DAJ3, STM32MP233DAK3, STM32MP233DAL3, STM32MP233FAJ3, STM32MP233FAK3, STM32MP233FAL3, STM32MP235AAJ3, STM32MP235AAK3, STM32MP235AAL3, STM32MP235CAJ3, STM32MP235CAK3, STM32MP235CAL3, STM32MP235DAJ3, STM32MP235DAK3, STM32MP235DAL3, STM32MP235FAJ3, STM32MP235FAK3, STM32MP235FAL3, STM32MP251AAI3, STM32MP251AAK3, STM32MP251AAL3, STM32MP251CAI3, STM32MP251CAK3, STM32MP251CAL3, STM32MP251DAI3, STM32MP251DAK3, STM32MP251DAL3, STM32MP251FAI3, STM32MP251FAK3, STM32MP251FAL3, STM32MP253AAI3, STM32MP253AAK3, STM32MP253AAL3, STM32MP253CAI3, STM32MP253CAK3, STM32MP253CAL3, STM32MP253DAI3, STM32MP253DAK3, STM32MP253DAL3, STM32MP253FAI3, STM32MP253FAK3, STM32MP253FAL3, STM32MP255AAI3, STM32MP255AAK3, STM32MP255AAL3, STM32MP255CAI3, STM32MP255CAK3, STM32MP255CAL3, STM32MP255DAI3, STM32MP255DAK3, STM32MP255DAL3, STM32MP255FAI3, STM32MP255FAK3, STM32MP255FAL3, STM32MP257AAI3, STM32MP257AAK3, STM32MP257AAL3, STM32MP257CAI3, STM32MP257CAK3, STM32MP257CAL3, STM32MP257DAI3, STM32MP257DAK3, STM32MP257DAL3, STM32MP257F-DK, STM32MP257F-EV1, STM32MP257FAI3, STM32MP257FAK3, STM32MP257FAL3, STM32N645A0H3Q, STM32N645B0H3Q, STM32N645I0H3Q, STM32N645L0H3Q, STM32N645X0H3Q, STM32N645Z0H3Q, STM32N647A0H3Q, STM32N647B0H3Q, STM32N647I0H3Q, STM32N647L0H3Q, STM32N647X0H3Q, STM32N647Z0H3Q, STM32N655A0H3Q, STM32N655B0H3Q, STM32N655I0H3Q, STM32N655L0H3Q, STM32N655X0H3Q, STM32N655Z0H3Q, STM32N6570-DK, STM32N657A0H3Q, STM32N657B0H3Q, STM32N657I0H3Q, STM32N657L0H3Q, STM32N657X0H3Q, STM32N657Z0H3Q, STM32U031C6T6, STM32U031C6U6, STM32U031C8T6, STM32U031C8U6, STM32U031F4P6, STM32U031F6P6, STM32U031F8P6, STM32U031G6Y6TR, STM32U031G8Y6TR, STM32U031K4U6, STM32U031K6U6, STM32U031K8U6, STM32U031R6I6, STM32U031R6T6, STM32U031R8I6, STM32U031R8T6, STM32U073C8T6, STM32U073C8U6, STM32U073CBT6, STM32U073CBU6, STM32U073CCT6, STM32U073CCU6, STM32U073H8Y6TR, STM32U073HBY6TR, STM32U073HCY6TR, STM32U073K8U6, STM32U073KBU6, STM32U073KCU6, STM32U073M8I6, STM32U073M8T6, STM32U073MBI6, STM32U073MBT6, STM32U073MCI6, STM32U073MCT6, STM32U073R8I6, STM32U073R8T6, STM32U073RBI6, STM32U073RBT6, STM32U073RCI6, STM32U073RCT6, STM32U083C-DK, STM32U083CCT6, STM32U083CCU6, STM32U083HCY6TR, STM32U083KCU6, STM32U083MCI6, STM32U083MCT6, STM32U083RCI6, STM32U083RCT6, STM32U375CET6, STM32U375CET6Q, STM32U375CEU6, STM32U375CEU6Q, STM32U375CEY6QTR, STM32U375CGT6, STM32U375CGT6Q, STM32U375CGU6, STM32U375CGU6Q, STM32U375CGY6QTR, STM32U375KEU6, STM32U375KGU6, STM32U375REI6, STM32U375REI6Q, STM32U375RET6, STM32U375RET6Q, STM32U375REY6GTR, STM32U375REY6QTR, STM32U375RGI6, STM32U375RGI6Q, STM32U375RGT6, STM32U375RGT6Q, STM32U375RGY6GTR, STM32U375RGY6QTR, STM32U375VEI6, STM32U375VEI6Q, STM32U375VET6, STM32U375VET6Q, STM32U375VGI6, STM32U375VGI6Q, STM32U375VGT6, STM32U375VGT6Q, STM32U385CGT6, STM32U385CGT6Q, STM32U385CGU6, STM32U385CGU6Q, STM32U385CGY6QTR, STM32U385KGU6, STM32U385RGI6, STM32U385RGI6Q, STM32U385RGT6, STM32U385RGT6Q, STM32U385RGY6GTR, STM32U385RGY6QTR, STM32U385VGI6, STM32U385VGI6Q, STM32U385VGT6, STM32U385VGT6Q, STM32U535CBT6, STM32U535CBT6Q, STM32U535CBU6, STM32U535CBU6Q, STM32U535CCT6, STM32U535CCT6Q, STM32U535CCU6, STM32U535CCU6Q, STM32U535CET6, STM32U535CET6Q, STM32U535CEU6, STM32U535CEU6Q, STM32U535JEY6QTR, STM32U535NCY6QTR, STM32U535NEY6QTR, STM32U535RBI6, STM32U535RBI6Q, STM32U535RBT6, STM32U535RBT6Q, STM32U535RCI6, STM32U535RCI6Q, STM32U535RCT6, STM32U535RCT6Q, STM32U535REI6, STM32U535REI6Q, STM32U535RET6, STM32U535RET6Q, STM32U535VCI6, STM32U535VCI6Q, STM32U535VCT6, STM32U535VCT6Q, STM32U535VEI6, STM32U535VEI6Q, STM32U535VET6, STM32U535VET6Q, STM32U545CET6, STM32U545CET6Q, STM32U545CEU6, STM32U545CEU6Q, STM32U545JEY6QTR, STM32U545NEY6QTR, STM32U545REI6, STM32U545REI6Q, STM32U545RET6, STM32U545RET6Q, STM32U545VEI6, STM32U545VEI6Q, STM32U545VET6, STM32U545VET6Q, STM32U595AIH6, STM32U595AIH6Q, STM32U595AJH6, STM32U595AJH6Q, STM32U595QII6, STM32U595QII6Q, STM32U595QJI6, STM32U595QJI6Q, STM32U595RIT6, STM32U595RIT6Q, STM32U595RJT6, STM32U595RJT6Q, STM32U595VIT6, STM32U595VIT6Q, STM32U595VJT6, STM32U595VJT6Q, STM32U595ZIT6, STM32U595ZIT6Q, STM32U595ZIY6QTR, STM32U595ZJT6, STM32U595ZJT6Q, STM32U595ZJY6QTR, STM32U599BJY6QTR, STM32U599NIH6Q, STM32U599NJH6Q, STM32U599VIT6Q, STM32U599VJT6, STM32U599VJT6Q, STM32U599ZIT6Q, STM32U599ZIY6QTR, STM32U599ZJT6Q, STM32U599ZJY6QTR, STM32U5A5AJH6, STM32U5A5AJH6Q, STM32U5A5QII3Q , STM32U5A5QJI6, STM32U5A5QJI6Q, STM32U5A5RJT6, STM32U5A5RJT6Q, STM32U5A5VJT6, STM32U5A5VJT6Q, STM32U5A5ZJT6, STM32U5A5ZJT6Q, STM32U5A5ZJY6QTR, STM32U5A9BJY6QTR, STM32U5A9J-DK, STM32U5A9NJH6Q, STM32U5A9VJT6Q, STM32U5A9ZJT6Q, STM32U5A9ZJY6QTR, STM32U5F7VIT6, STM32U5F7VIT6Q, STM32U5F7VJT6, STM32U5F7VJT6Q, STM32U5F9BJY6QTR, STM32U5F9NJH6Q, STM32U5F9VIT6Q, STM32U5F9VJT6Q, STM32U5F9ZIJ6QTR, STM32U5F9ZIT6Q, STM32U5F9ZJJ6QTR, STM32U5F9ZJT6Q, STM32U5G7VJT6, STM32U5G7VJT6Q, STM32U5G9BJY6QTR, STM32U5G9J-DK1, STM32U5G9J-DK2, STM32U5G9NJH6Q, STM32U5G9VJT6Q, STM32U5G9ZJJ6QTR, STM32U5G9ZJT6Q, STM32WB05KZV6TR, STM32WB05KZV7TR, STM32WB05TZF6TR, STM32WB05TZF7TR, STM32WB06CCF6TR, STM32WB06CCF7TR, STM32WB06CCV6TR, STM32WB06CCV7TR, STM32WB06KCV6TR, STM32WB06KCV7TR, STM32WB07CCF6TR, STM32WB07CCF7TR, STM32WB07CCV6TR, STM32WB07CCV7TR, STM32WB07KCV6TR, STM32WB07KCV7TR, STM32WB09KEV6TR, STM32WB09KEV7TR, STM32WB09TEF6TR, STM32WB09TEF7TR, STM32WB1MMCH6, STM32WBA50KGU6, STM32WBA50KGU6TR, STM32WBA52CEU6, STM32WBA52CEU6TR, STM32WBA52CEU7, STM32WBA52CEU7TR, STM32WBA52CGU6, STM32WBA52CGU6TR, STM32WBA52CGU6U, STM32WBA52CGU7, STM32WBA52CGU7TR, STM32WBA52KEU6, STM32WBA52KEU6TR, STM32WBA52KGU6, STM32WBA52KGU6TR, STM32WBA54CEU6, STM32WBA54CEU6TR, STM32WBA54CEU7, STM32WBA54CEU7TR, STM32WBA54CGU6, STM32WBA54CGU6TR, STM32WBA54CGU7, STM32WBA54CGU7TR, STM32WBA54KEU6, STM32WBA54KEU6TR, STM32WBA54KEU7, STM32WBA54KEU7TR, STM32WBA54KGU6, STM32WBA54KGU6TR, STM32WBA54KGU7, STM32WBA54KGU7TR, STM32WBA55CEU6, STM32WBA55CEU6TR, STM32WBA55CEU7, STM32WBA55CEU7TR, STM32WBA55CGU6, STM32WBA55CGU6TR, STM32WBA55CGU6U, STM32WBA55CGU7, STM32WBA55CGU7TR, STM32WBA55G-DK1, STM32WBA55HEF6, STM32WBA55HEF7, STM32WBA55HGF6, STM32WBA55HGF7, STM32WBA55UEI6, STM32WBA55UEI6TR, STM32WBA55UEI7, STM32WBA55UEI7TR, STM32WBA55UGI6, STM32WBA55UGI6TR, STM32WBA55UGI7, STM32WBA55UGI7TR, STM32WBA5MMGH6TR, STM32WBA62MGF6, STM32WBA62MIF6, STM32WBA65MGF7, STM32WBA65MIF6, STM32WBA65MIF7, STM32WL30K8V6, STM32WL30KBV6, STM32WL31C8V6, STM32WL31CBV6, STM32WL31K8V6, STM32WL31KBV6, STM32WL33C8V6, STM32WL33C8V6X, STM32WL33CBV6, STM32WL33CBV6X, STM32WL33CCV6, STM32WL33CCV6A, STM32WL33CCV6X, STM32WL33K8V7, STM32WL33K8V7X, STM32WL33KBV7 , STM32WL33KBV7X, STM32WL33KCV7, STM32WL33KCV7X, STM32WL5MOCH6, STM32WL5MOCH6TR]
2026-02-17 16:01:30,904 [INFO] DbMcus:218 - Found 4876 MCUs, 4876 are supported
2026-02-17 16:01:30,905 [INFO] ApiDb:423 - Load user favorites file C:\Users\Hemanth Madu/.stm32cubeide/favorites.mcus.txt: 0 item(s)
2026-02-17 16:01:30,906 [INFO] ApiDb:427 - User favorites MCUs=[]
2026-02-17 16:01:30,906 [INFO] DbMcus:224 - Set 0 / 0 favorites MCUs
2026-02-17 16:01:31,537 [INFO] ApiDb:668 - CubeFinder database Data Model version=2.1
2026-02-17 16:01:31,537 [INFO] ApiDb:669 - CubeFinder database Configuration version=3.0.39
2026-02-17 16:01:31,538 [INFO] ApiDb:670 - CubeFinder database generation date=2025-12-22 (1766407740)
2026-02-17 16:01:31,538 [INFO] ApiDb:671 - CubeFinder database FW Pack versions=[FP-ATR-ASTRA1_V2.0.0, FP-SNS-FLIGHT1_V5.1.0, FP-SNS-MOTENV1_V5.1.0, FP-SNS-MOTENVWB1_V1.4.0, FP-SNS-SMARTAG2_V1.2.0, FP-SNS-STBOX1_V2.1.0, STM32Cube_FW_C0_V1.4.0, STM32Cube_FW_F4_V1.28.3, STM32Cube_FW_F7_V1.17.4, STM32Cube_FW_G0_V1.6.2, STM32Cube_FW_G4_V1.6.1, STM32Cube_FW_H5_V1.5.1, STM32Cube_FW_H7RS_V1.3.0, STM32Cube_FW_H7_V1.12.1, STM32Cube_FW_L0_V1.12.2, STM32Cube_FW_L4_V1.18.1, STM32Cube_FW_L5_V1.6.0, STM32Cube_FW_N6_V1.3.0, STM32Cube_FW_U0_V1.3.0, STM32Cube_FW_U3_V1.2.1, STM32Cube_FW_U5_V1.8.0, STM32Cube_FW_WB0_V1.4.0, STM32Cube_FW_WBA_V1.8.0, STM32Cube_FW_WB_V1.24.0, STM32Cube_FW_WL3_V1.3.0, STM32Cube_FW_WL_V1.4.0, X-CUBE-ALGOBUILD_V1.4.0, X-CUBE-ALS_V1.0.2, X-CUBE-AZRTOS-F4_V1.1.0, X-CUBE-AZRTOS-F7_V1.1.0, X-CUBE-AZRTOS-G0_V1.1.0, X-CUBE-AZRTOS-G4_V2.0.0, X-CUBE-AZRTOS-H7RS_V1.1.0, X-CUBE-AZRTOS-H7_V3.4.0, X-CUBE-AZRTOS-L4_V2.0.0, X-CUBE-AZRTOS-L5_V2.0.0, X-CUBE-AZRTOS-WB_V2.0.0, X-CUBE-AZRTOS-WL_V2.0.0, X-CUBE-BLE1_V7.1.0, X-CUBE-BLE2_V3.3.0, X-CUBE-BLEMGR_V4.1.0, X-CUBE-EEPRMA1_V5.2.0, X-CUBE-FREERTOS_V1.3.1, X-CUBE-GNSS1_V6.0.0, X-CUBE-MEMS1_V12.0.0, X-CUBE-NFC4_V3.0.0, X-CUBE-NFC7_V2.0.0, X-CUBE-SFXS2LP1_V4.0.0, X-CUBE-ST67W61_V1.1.0, X-CUBE-SUBG2_V5.0.0, X-CUBE-TOF1_V3.4.3]
2026-02-17 16:01:31,789 [INFO] DbBoardsSqlite:226 - include board P-NUCLEO-WB55-NUCLEO as a kit item of type 'Nucleo-64'
2026-02-17 16:01:31,790 [INFO] DbBoardsSqlite:226 - include board P-NUCLEO-WB55-USBDONGLE as a kit item of type 'Nucleo USB Dongle'
2026-02-17 16:01:31,797 [INFO] DbBoardsSqlite:226 - include board STEVAL-IDP005V1 as a kit item of type 'Evaluation Board'
2026-02-17 16:01:31,799 [INFO] DbBoardsSqlite:226 - include board STEVAL-IDP005V2 as a kit item of type 'Evaluation Board'
2026-02-17 16:01:32,114 [INFO] ApiDb:240 - Found 880 in-development CPN: [B-G473E-ZEST1S, B-WB1M-WPAN1, B-WBA5M-WPAN, B-WL5M-SUBG1, NUCLEO-C031C6, NUCLEO-C051C8, NUCLEO-C071RB, NUCLEO-C092RC, NUCLEO-H503RB, NUCLEO-H533RE, NUCLEO-H563ZI, NUCLEO-H7S3L8, NUCLEO-N657X0-Q, NUCLEO-U031R8, NUCLEO-U083RC, NUCLEO-U385RG-Q, NUCLEO-U545RE-Q, NUCLEO-U5A5ZJ-Q, NUCLEO-WB05KZ, NUCLEO-WB07CC, NUCLEO-WB09KE, NUCLEO-WBA52CG, NUCLEO-WBA55CG, NUCLEO-WL33CC1, NUCLEO-WL33CC2, STEVAL-PROTEUS1, STEVAL-SMARTAG2, STEVAL-STWINBX1, STM320518-EVAL, STM32C0116-DK, STM32C011D6Y3TR, STM32C011D6Y6TR, STM32C011F4P3, STM32C011F4P6, STM32C011F4U3, STM32C011F4U6TR, STM32C011F6P3, STM32C011F6P6, STM32C011F6U3, STM32C011F6U6TR, STM32C011J4M3, STM32C011J4M6, STM32C011J6M3, STM32C011J6M6, STM32C0316-DK, STM32C031C4T3, STM32C031C4T6, STM32C031C4U3, STM32C031C4U6, STM32C031C6T3, STM32C031C6T6, STM32C031C6U3, STM32C031C6U6, STM32C031F4P3, STM32C031F4P6, STM32C031F6P3, STM32C031F6P6, STM32C031G4U3, STM32C031G4U6, STM32C031G6U3, STM32C031G6U6, STM32C031K4T3, STM32C031K4T6, STM32C031K4U3, STM32C031K4U6, STM32C031K6T3, STM32C031K6T6, STM32C031K6U3, STM32C031K6U6, STM32C051C6T6, STM32C051C6U6, STM32C051C8T6, STM32C051C8U6, STM32C051D8Y6TR, STM32C051F6P6, STM32C051F8P6, STM32C051G6U6, STM32C051G8U6, STM32C051K6T6, STM32C051K6U6, STM32C051K8T6, STM32C071C8T6, STM32C071C8T6N, STM32C071C8U6, STM32C071C8U6N, STM32C071CBT6, STM32C071CBT6N, STM32C071CBU6, STM32C071CBU6N, STM32C071F8P6, STM32C071F8P6N, STM32C071FBP6, STM32C071FBP6N, STM32C071FBY6TR, STM32C071G8U6, STM32C071G8U6N, STM32C071GBU6, STM32C071GBU6N, STM32C071K8T6, STM32C071K8T6N, STM32C071K8U6, STM32C071K8U6N, STM32C071KBT6, STM32C071KBT6N, STM32C071KBU6, STM32C071KBU6N, STM32C071R8T6, STM32C071R8T6N, STM32C071RBI6N, STM32C071RBT6, STM32C071RBT6N, STM32C091CBT6, STM32C091CBU6, STM32C091CCT6, STM32C091CCU6, STM32C091ECY6TR, STM32C091FBP6, STM32C091FCP6, STM32C091GBU6, STM32C091GCU6, STM32C091KBT6, STM32C091KBU6, STM32C091KCT6, STM32C091KCU6, STM32C091RBT6, STM32C091RCI6, STM32C091RCT6, STM32C092CBT6, STM32C092CBU6, STM32C092CCT6, STM32C092CCU6, STM32C092ECY6TR, STM32C092FBP6, STM32C092FCP6, STM32C092GBU6, STM32C092GCU6, STM32C092KBT6, STM32C092KBU6, STM32C092KCT6, STM32C092KCU6, STM32C092RBT6, STM32C092RCI6, STM32C092RCT6, STM32G071K8TXN, STM32G071K8UXN, STM32G081GBU6N, STM32G081KBT6N, STM32G081KBUXN, STM32G0B1CCT6N, STM32G0B1KCT6, STM32G0B1NEY6TR, STM32G0B1RCT6N, STM32G0C1CCT6, STM32G0C1CCT6N, STM32G0C1CCU6N, STM32G0C1CET6N, STM32G0C1CEU6N, STM32G0C1KCT6, STM32G0C1NEY6TR, STM32G0C1RCI6N, STM32G0C1RCT6N, STM32G0C1REI6N, STM32G0C1RET6N, STM32G0C1VCI6, STM32G0C1VEI6, STM32G411C6T3, STM32G411C6T6, STM32G411C6U3, STM32G411C6U6, STM32G411C8T3, STM32G411C8T6, STM32G411C8U3, STM32G411C8U6, STM32G411CBT3, STM32G411CBT6, STM32G411CBU3, STM32G411CBU6, STM32G411K6T3, STM32G411K6T6, STM32G411K6U3, STM32G411K6U6, STM32G411K8T3, STM32G411K8T6, STM32G411K8U3, STM32G411K8U6, STM32G411KBT3, STM32G411KBT6, STM32G411KBU3, STM32G411KBU6, STM32G411M6T3, STM32G411M6T6, STM32G411M8T3, STM32G411M8T6, STM32G411MBT3, STM32G411MBT6, STM32G411R6T3, STM32G411R6T6, STM32G411R8T3, STM32G411R8T6, STM32G411RBT3, STM32G411RBT6, STM32G414CBT3, STM32G414CBT6, STM32G414CBU3, STM32G414CBU6, STM32G414CCT3, STM32G414CCT6, STM32G414CCU3, STM32G414CCU6, STM32G414MBT3, STM32G414MBT6, STM32G414MCT3, STM32G414MCT6, STM32G414RBT3, STM32G414RBT6, STM32G414RCT3, STM32G414RCT6, STM32G414VBT3, STM32G414VBT6, STM32G414VCT3, STM32G414VCT6, STM32G431CBT3Z, STM32G431RBT3Z, STM32G471CCT6, STM32G471CCU6, STM32G471CET3, STM32G471CET6, STM32G471CEU3, STM32G471CEU6, STM32G471MCT6, STM32G471MET3, STM32G471MET6, STM32G471MEY6TR, STM32G471QCT6, STM32G471QET3, STM32G471RCT6, STM32G471RET3, STM32G471RET6, STM32G471VCH6, STM32G471VCI6, STM32G471VCT6, STM32G471VEH3, STM32G471VEH6, STM32G471VEI3, STM32G471VEI6, STM32G471VET3, STM32G471VET6, STM32G473QET3Z, STM32G473RET3Z, STM32G474CCT6, STM32G491RET3Z, STM32H503CBT6, STM32H503CBU6, STM32H503EBY6TR, STM32H503KBU6, STM32H503RBT6, STM32H523CCT6, STM32H523CCU6, STM32H523CET6, STM32H523CEU6, STM32H523HEY6TR, STM32H523RCT6, STM32H523RET6, STM32H523VCI6, STM32H523VCT6, STM32H523VEI6, STM32H523VET6, STM32H523ZCJ6, STM32H523ZCT6, STM32H523ZEJ6, STM32H523ZET6, STM32H533CET6, STM32H533CEU6, STM32H533HEY6TR, STM32H533RET6, STM32H533VEI6, STM32H533VET6, STM32H533ZEJ6, STM32H533ZET6, STM32H562AGI6, STM32H562AII6, STM32H562IGK6, STM32H562IGT6, STM32H562IIK6, STM32H562IIT6, STM32H562RGT6, STM32H562RGV6, STM32H562RIT6, STM32H562RIV6, STM32H562VGT6, STM32H562VIT6, STM32H562ZGT6, STM32H562ZIT6, STM32H563AGI6, STM32H563AII3Q, STM32H563AII6, STM32H563IGK6, STM32H563IGT6, STM32H563IIK3Q, STM32H563IIK6, STM32H563IIT3Q, STM32H563IIT6, STM32H563MIY3QTR, STM32H563RGT6, STM32H563RGV6, STM32H563RIT6, STM32H563RIV6, STM32H563VGT6, STM32H563VIT3Q, STM32H563VIT6, STM32H563ZGT6, STM32H563ZIT3Q, STM32H563ZIT6, STM32H573AII3Q, STM32H573AII6, STM32H573I-DK, STM32H573IIK3Q, STM32H573IIK6, STM32H573IIT3Q, STM32H573IIT6, STM32H573MIY3QTR, STM32H573RIT6, STM32H573RIV6, STM32H573VIT3Q, STM32H573VIT6, STM32H573ZIT3Q, STM32H573ZIT6, STM32H7R3A8I6, STM32H7R3I8K6, STM32H7R3I8T6, STM32H7R3L8H6, STM32H7R3L8H6H, STM32H7R3R8V6, STM32H7R3V8H6, STM32H7R3V8T6, STM32H7R3V8Y6TR, STM32H7R3Z8J6, STM32H7R3Z8T6, STM32H7R7A8I6, STM32H7R7I8K6, STM32H7R7I8T6, STM32H7R7L8H6, STM32H7R7L8H6H, STM32H7R7Z8J6, STM32H7S3A8I6, STM32H7S3I8K6, STM32H7S3I8T6, STM32H7S3L8H6, STM32H7S3L8H6H, STM32H7S3R8V6, STM32H7S3V8H6, STM32H7S3V8T6, STM32H7S3V8Y6TR, STM32H7S3Z8J6, STM32H7S3Z8T6, STM32H7S78-DK, STM32H7S7A8I6, STM32H7S7I8K6, STM32H7S7I8T6, STM32H7S7L8H6, STM32H7S7L8H6H, STM32H7S7Z8J6, STM32L4R5QGI6STR, STM32MP131AAE3, STM32MP131AAF3, STM32MP131AAG3, STM32MP131CAE3, STM32MP131CAF3, STM32MP131CAG3, STM32MP131DAE7, STM32MP131DAF7, STM32MP131DAG7, STM32MP131FAE7, STM32MP131FAF7, STM32MP131FAG7, STM32MP133AAE3, STM32MP133AAF3, STM32MP133AAG3, STM32MP133CAE3, STM32MP133CAF3, STM32MP133CAG3, STM32MP133DAE7, STM32MP133DAF7, STM32MP133DAG7, STM32MP133FAE7, STM32MP133FAF7, STM32MP133FAG7, STM32MP135AAE3, STM32MP135AAF3, STM32MP135AAG3, STM32MP135CAE3, STM32MP135CAF3, STM32MP135CAG3, STM32MP135DAE7, STM32MP135DAF7, STM32MP135DAG7, STM32MP135F-DK, STM32MP135FAE7, STM32MP135FAF7, STM32MP135FAF7T, STM32MP135FAF7U, STM32MP135FAG7, STM32MP211AAL3, STM32MP211AAM3, STM32MP211AAN3, STM32MP211AAO3, STM32MP211CAL3, STM32MP211CAM3, STM32MP211CAN3, STM32MP211CAO3, STM32MP211DAL3, STM32MP211DAM3, STM32MP211DAN3, STM32MP211DAO3, STM32MP211FAL3, STM32MP211FAM3, STM32MP211FAN3, STM32MP211FAO3, STM32MP213AAL3, STM32MP213AAM3, STM32MP213AAN3, STM32MP213AAO3, STM32MP213CAL3, STM32MP213CAM3, STM32MP213CAN3, STM32MP213CAO3, STM32MP213DAL3, STM32MP213DAM3, STM32MP213DAN3, STM32MP213DAO3, STM32MP213FAL3, STM32MP213FAM3, STM32MP213FAN3, STM32MP213FAO3, STM32MP215AAL3, STM32MP215AAM3, STM32MP215AAN3, STM32MP215AAO3, STM32MP215CAL3, STM32MP215CAM3, STM32MP215CAN3, STM32MP215CAO3, STM32MP215DAL3, STM32MP215DAM3, STM32MP215DAN3, STM32MP215DAO3, STM32MP215F-DK, STM32MP215FAL3, STM32MP215FAM3, STM32MP215FAN3, STM32MP215FAO3, STM32MP231AAJ3, STM32MP231AAK3, STM32MP231AAL3, STM32MP231CAJ3, STM32MP231CAK3, STM32MP231CAL3, STM32MP231DAJ3, STM32MP231DAK3, STM32MP231DAL3, STM32MP231FAJ3, STM32MP231FAK3, STM32MP231FAL3, STM32MP233AAJ3, STM32MP233AAK3, STM32MP233AAL3, STM32MP233CAJ3, STM32MP233CAK3, STM32MP233CAL3, STM32MP233DAJ3, STM32MP233DAK3, STM32MP233DAL3, STM32MP233FAJ3, STM32MP233FAK3, STM32MP233FAL3, STM32MP235AAJ3, STM32MP235AAK3, STM32MP235AAL3, STM32MP235CAJ3, STM32MP235CAK3, STM32MP235CAL3, STM32MP235DAJ3, STM32MP235DAK3, STM32MP235DAL3, STM32MP235FAJ3, STM32MP235FAK3, STM32MP235FAL3, STM32MP251AAI3, STM32MP251AAK3, STM32MP251AAL3, STM32MP251CAI3, STM32MP251CAK3, STM32MP251CAL3, STM32MP251DAI3, STM32MP251DAK3, STM32MP251DAL3, STM32MP251FAI3, STM32MP251FAK3, STM32MP251FAL3, STM32MP253AAI3, STM32MP253AAK3, STM32MP253AAL3, STM32MP253CAI3, STM32MP253CAK3, STM32MP253CAL3, STM32MP253DAI3, STM32MP253DAK3, STM32MP253DAL3, STM32MP253FAI3, STM32MP253FAK3, STM32MP253FAL3, STM32MP255AAI3, STM32MP255AAK3, STM32MP255AAL3, STM32MP255CAI3, STM32MP255CAK3, STM32MP255CAL3, STM32MP255DAI3, STM32MP255DAK3, STM32MP255DAL3, STM32MP255FAI3, STM32MP255FAK3, STM32MP255FAL3, STM32MP257AAI3, STM32MP257AAK3, STM32MP257AAL3, STM32MP257CAI3, STM32MP257CAK3, STM32MP257CAL3, STM32MP257DAI3, STM32MP257DAK3, STM32MP257DAL3, STM32MP257F-DK, STM32MP257F-EV1, STM32MP257FAI3, STM32MP257FAK3, STM32MP257FAL3, STM32N645A0H3Q, STM32N645B0H3Q, STM32N645I0H3Q, STM32N645L0H3Q, STM32N645X0H3Q, STM32N645Z0H3Q, STM32N647A0H3Q, STM32N647B0H3Q, STM32N647I0H3Q, STM32N647L0H3Q, STM32N647X0H3Q, STM32N647Z0H3Q, STM32N655A0H3Q, STM32N655B0H3Q, STM32N655I0H3Q, STM32N655L0H3Q, STM32N655X0H3Q, STM32N655Z0H3Q, STM32N6570-DK, STM32N657A0H3Q, STM32N657B0H3Q, STM32N657I0H3Q, STM32N657L0H3Q, STM32N657X0H3Q, STM32N657Z0H3Q, STM32U031C6T6, STM32U031C6U6, STM32U031C8T6, STM32U031C8U6, STM32U031F4P6, STM32U031F6P6, STM32U031F8P6, STM32U031G6Y6TR, STM32U031G8Y6TR, STM32U031K4U6, STM32U031K6U6, STM32U031K8U6, STM32U031R6I6, STM32U031R6T6, STM32U031R8I6, STM32U031R8T6, STM32U073C8T6, STM32U073C8U6, STM32U073CBT6, STM32U073CBU6, STM32U073CCT6, STM32U073CCU6, STM32U073H8Y6TR, STM32U073HBY6TR, STM32U073HCY6TR, STM32U073K8U6, STM32U073KBU6, STM32U073KCU6, STM32U073M8I6, STM32U073M8T6, STM32U073MBI6, STM32U073MBT6, STM32U073MCI6, STM32U073MCT6, STM32U073R8I6, STM32U073R8T6, STM32U073RBI6, STM32U073RBT6, STM32U073RCI6, STM32U073RCT6, STM32U083C-DK, STM32U083CCT6, STM32U083CCU6, STM32U083HCY6TR, STM32U083KCU6, STM32U083MCI6, STM32U083MCT6, STM32U083RCI6, STM32U083RCT6, STM32U375CET6, STM32U375CET6Q, STM32U375CEU6, STM32U375CEU6Q, STM32U375CEY6QTR, STM32U375CGT6, STM32U375CGT6Q, STM32U375CGU6, STM32U375CGU6Q, STM32U375CGY6QTR, STM32U375KEU6, STM32U375KGU6, STM32U375REI6, STM32U375REI6Q, STM32U375RET6, STM32U375RET6Q, STM32U375REY6GTR, STM32U375REY6QTR, STM32U375RGI6, STM32U375RGI6Q, STM32U375RGT6, STM32U375RGT6Q, STM32U375RGY6GTR, STM32U375RGY6QTR, STM32U375VEI6, STM32U375VEI6Q, STM32U375VET6, STM32U375VET6Q, STM32U375VGI6, STM32U375VGI6Q, STM32U375VGT6, STM32U375VGT6Q, STM32U385CGT6, STM32U385CGT6Q, STM32U385CGU6, STM32U385CGU6Q, STM32U385CGY6QTR, STM32U385KGU6, STM32U385RGI6, STM32U385RGI6Q, STM32U385RGT6, STM32U385RGT6Q, STM32U385RGY6GTR, STM32U385RGY6QTR, STM32U385VGI6, STM32U385VGI6Q, STM32U385VGT6, STM32U385VGT6Q, STM32U535CBT6, STM32U535CBT6Q, STM32U535CBU6, STM32U535CBU6Q, STM32U535CCT6, STM32U535CCT6Q, STM32U535CCU6, STM32U535CCU6Q, STM32U535CET6, STM32U535CET6Q, STM32U535CEU6, STM32U535CEU6Q, STM32U535JEY6QTR, STM32U535NCY6QTR, STM32U535NEY6QTR, STM32U535RBI6, STM32U535RBI6Q, STM32U535RBT6, STM32U535RBT6Q, STM32U535RCI6, STM32U535RCI6Q, STM32U535RCT6, STM32U535RCT6Q, STM32U535REI6, STM32U535REI6Q, STM32U535RET6, STM32U535RET6Q, STM32U535VCI6, STM32U535VCI6Q, STM32U535VCT6, STM32U535VCT6Q, STM32U535VEI6, STM32U535VEI6Q, STM32U535VET6, STM32U535VET6Q, STM32U545CET6, STM32U545CET6Q, STM32U545CEU6, STM32U545CEU6Q, STM32U545JEY6QTR, STM32U545NEY6QTR, STM32U545REI6, STM32U545REI6Q, STM32U545RET6, STM32U545RET6Q, STM32U545VEI6, STM32U545VEI6Q, STM32U545VET6, STM32U545VET6Q, STM32U595AIH6, STM32U595AIH6Q, STM32U595AJH6, STM32U595AJH6Q, STM32U595QII6, STM32U595QII6Q, STM32U595QJI6, STM32U595QJI6Q, STM32U595RIT6, STM32U595RIT6Q, STM32U595RJT6, STM32U595RJT6Q, STM32U595VIT6, STM32U595VIT6Q, STM32U595VJT6, STM32U595VJT6Q, STM32U595ZIT6, STM32U595ZIT6Q, STM32U595ZIY6QTR, STM32U595ZJT6, STM32U595ZJT6Q, STM32U595ZJY6QTR, STM32U599BJY6QTR, STM32U599NIH6Q, STM32U599NJH6Q, STM32U599VIT6Q, STM32U599VJT6, STM32U599VJT6Q, STM32U599ZIT6Q, STM32U599ZIY6QTR, STM32U599ZJT6Q, STM32U599ZJY6QTR, STM32U5A5AJH6, STM32U5A5AJH6Q, STM32U5A5QII3Q , STM32U5A5QJI6, STM32U5A5QJI6Q, STM32U5A5RJT6, STM32U5A5RJT6Q, STM32U5A5VJT6, STM32U5A5VJT6Q, STM32U5A5ZJT6, STM32U5A5ZJT6Q, STM32U5A5ZJY6QTR, STM32U5A9BJY6QTR, STM32U5A9J-DK, STM32U5A9NJH6Q, STM32U5A9VJT6Q, STM32U5A9ZJT6Q, STM32U5A9ZJY6QTR, STM32U5F7VIT6, STM32U5F7VIT6Q, STM32U5F7VJT6, STM32U5F7VJT6Q, STM32U5F9BJY6QTR, STM32U5F9NJH6Q, STM32U5F9VIT6Q, STM32U5F9VJT6Q, STM32U5F9ZIJ6QTR, STM32U5F9ZIT6Q, STM32U5F9ZJJ6QTR, STM32U5F9ZJT6Q, STM32U5G7VJT6, STM32U5G7VJT6Q, STM32U5G9BJY6QTR, STM32U5G9J-DK1, STM32U5G9J-DK2, STM32U5G9NJH6Q, STM32U5G9VJT6Q, STM32U5G9ZJJ6QTR, STM32U5G9ZJT6Q, STM32WB05KZV6TR, STM32WB05KZV7TR, STM32WB05TZF6TR, STM32WB05TZF7TR, STM32WB06CCF6TR, STM32WB06CCF7TR, STM32WB06CCV6TR, STM32WB06CCV7TR, STM32WB06KCV6TR, STM32WB06KCV7TR, STM32WB07CCF6TR, STM32WB07CCF7TR, STM32WB07CCV6TR, STM32WB07CCV7TR, STM32WB07KCV6TR, STM32WB07KCV7TR, STM32WB09KEV6TR, STM32WB09KEV7TR, STM32WB09TEF6TR, STM32WB09TEF7TR, STM32WB1MMCH6, STM32WBA50KGU6, STM32WBA50KGU6TR, STM32WBA52CEU6, STM32WBA52CEU6TR, STM32WBA52CEU7, STM32WBA52CEU7TR, STM32WBA52CGU6, STM32WBA52CGU6TR, STM32WBA52CGU6U, STM32WBA52CGU7, STM32WBA52CGU7TR, STM32WBA52KEU6, STM32WBA52KEU6TR, STM32WBA52KGU6, STM32WBA52KGU6TR, STM32WBA54CEU6, STM32WBA54CEU6TR, STM32WBA54CEU7, STM32WBA54CEU7TR, STM32WBA54CGU6, STM32WBA54CGU6TR, STM32WBA54CGU7, STM32WBA54CGU7TR, STM32WBA54KEU6, STM32WBA54KEU6TR, STM32WBA54KEU7, STM32WBA54KEU7TR, STM32WBA54KGU6, STM32WBA54KGU6TR, STM32WBA54KGU7, STM32WBA54KGU7TR, STM32WBA55CEU6, STM32WBA55CEU6TR, STM32WBA55CEU7, STM32WBA55CEU7TR, STM32WBA55CGU6, STM32WBA55CGU6TR, STM32WBA55CGU6U, STM32WBA55CGU7, STM32WBA55CGU7TR, STM32WBA55G-DK1, STM32WBA55HEF6, STM32WBA55HEF7, STM32WBA55HGF6, STM32WBA55HGF7, STM32WBA55UEI6, STM32WBA55UEI6TR, STM32WBA55UEI7, STM32WBA55UEI7TR, STM32WBA55UGI6, STM32WBA55UGI6TR, STM32WBA55UGI7, STM32WBA55UGI7TR, STM32WBA5MMGH6TR, STM32WBA62MGF6, STM32WBA62MIF6, STM32WBA65MGF7, STM32WBA65MIF6, STM32WBA65MIF7, STM32WL30K8V6, STM32WL30KBV6, STM32WL31C8V6, STM32WL31CBV6, STM32WL31K8V6, STM32WL31KBV6, STM32WL33C8V6, STM32WL33C8V6X, STM32WL33CBV6, STM32WL33CBV6X, STM32WL33CCV6, STM32WL33CCV6A, STM32WL33CCV6X, STM32WL33K8V7, STM32WL33K8V7X, STM32WL33KBV7 , STM32WL33KBV7X, STM32WL33KCV7, STM32WL33KCV7X, STM32WL5MOCH6, STM32WL5MOCH6TR]
2026-02-17 16:01:32,294 [INFO] BoardInfo:889 - No configuration file found for board P-NUCLEO-WB55
2026-02-17 16:01:32,294 [INFO] DbBoards:161 - Kit is not supported: P-NUCLEO-WB55
2026-02-17 16:01:32,298 [INFO] BoardInfo:889 - No configuration file found for board STEVAL-BFA001V1B
2026-02-17 16:01:32,299 [INFO] DbBoards:161 - Kit is not supported: STEVAL-BFA001V1B
2026-02-17 16:01:32,300 [INFO] BoardInfo:889 - No configuration file found for board STEVAL-BFA001V2B
2026-02-17 16:01:32,300 [INFO] DbBoards:161 - Kit is not supported: STEVAL-BFA001V2B
2026-02-17 16:01:32,467 [INFO] DbBoards:168 - Found 212 boards, 209 are supported
2026-02-17 16:01:32,467 [INFO] DbBoards:169 - Found 212 boards, 43 of them is supported for  Bsp
2026-02-17 16:01:32,469 [INFO] ApiDb:423 - Load user favorites file C:\Users\Hemanth Madu/.stm32cubeide/favorites.boards.txt: 0 item(s)
2026-02-17 16:01:32,469 [INFO] ApiDb:427 - User favorites Boards=[]
2026-02-17 16:01:32,470 [INFO] DbBoards:198 - Set 0 / 0 favorites Boards
2026-02-17 16:01:32,470 [INFO] McuFinderGlobals:76 - Set McuFinderConnectedMode to true
2026-02-17 16:01:32,487 [INFO] MultiScanPanel:200 - Auto-refresh data requested => check proxy status ongoing
2026-02-17 16:01:32,496 [INFO] FinderPluginLoader:96 - Searching for filters in installed packs
2026-02-17 16:01:34,364 [INFO] LoadUrlFilesThread:185 - End of LoadServerUrlFiles without Thread
2026-02-17 16:01:34,423 [INFO] DetailPanel:341 - Set advertising image to C:/Users/Hemanth Madu/STM32Cube/Repository/\en.prom-stm32c0-entry-level-graphic-0226.png
2026-02-17 16:01:54,863 [INFO] MultiScanPanel:200 - Auto-refresh data requested => check proxy status ongoing
2026-02-17 16:01:55,054 [INFO] LoadUrlFilesThread:185 - End of LoadServerUrlFiles without Thread
2026-02-17 16:01:55,054 [INFO] DetailPanel:341 - Set advertising image to C:/Users/Hemanth Madu/STM32Cube/Repository/\en.prom-stm32c0-entry-level-graphic-0226.png
2026-02-17 16:01:55,068 [INFO] DbBoards:642 - Loading board mini-images...
2026-02-17 16:02:00,842 [ERROR] DbBoards:659 - Image file not found for board STM32MP215F-DK: C:\Users\Hemanth Madu\.stmcufinder\plugins\mcufinder//mcu//boards_images/STM32MP215F-DK.jpg
2026-02-17 16:02:01,200 [INFO] DbBoards:665 - Loaded 211 board mini-images
2026-02-17 16:02:19,154 [INFO] MainUpdater:2872 - connection check result : 10
2026-02-17 16:02:19,154 [INFO] MainUpdater:2872 - connection check result : 10
2026-02-17 16:02:19,217 [INFO] MicroXplorer:468 - Change Database Path : 
2026-02-17 16:02:19,217 [INFO] MicroXplorer:498 - Change Database Version : DB.6.0.150
2026-02-17 16:02:19,241 [WARN] ThirdParty:871 - waiting for thirdparty lock release [close project]
2026-02-17 16:02:19,241 [INFO] ThirdParty:873 - entering critical section [close project]
2026-02-17 16:02:19,243 [INFO] ThirdParty:883 - exiting critical section [close project]
2026-02-17 16:02:19,247 [INFO] PinOutPanel:1589 - setPackage(No Configuration,No Configuration)
2026-02-17 16:02:19,250 [INFO] UtilMem:75 - Begin LoadConfig() Used Memory: 1034683768 Bytes (1073741824)
2026-02-17 16:02:19,261 [INFO] OpenFileManager:355 - Change cursor
2026-02-17 16:02:19,365 [INFO] ProjectFactory:514 - No CPN specified for board NUCLEO-L476RG => set CPN to STM32L476RGT3
2026-02-17 16:02:19,366 [INFO] Mcu:2029 - Initializing MCU STM32L476R(C-E-G)Tx STM32L476RGTx STM32L476RGT3
2026-02-17 16:02:22,801 [INFO] Context:786 - Trying to add GPIOservice into a context  which must be forbidden
2026-02-17 16:02:23,811 [INFO] Rule:233 - rule 117617 - U5Cobra4M][GTZC] default value MPCBB3 and MPCBB5 - Not Secured memory - MPCBB1 is applicable
2026-02-17 16:02:23,812 [INFO] Rule:233 - rule 117617 - U5Cobra4M][GTZC] default value MPCBB3 and MPCBB5 - Not Secured memory - MPCBB1 is applicable
2026-02-17 16:02:23,812 [INFO] Rule:233 - rule 117617 - U5Cobra4M][GTZC] default value MPCBB3 and MPCBB5 - Not Secured memory - MPCBB2 is applicable
2026-02-17 16:02:23,812 [INFO] Rule:233 - rule 117617 - U5Cobra4M][GTZC] default value MPCBB3 and MPCBB5 - Not Secured memory - MPCBB2 is applicable
2026-02-17 16:02:23,812 [INFO] Rule:233 - rule 117617 - U5Cobra4M][GTZC] default value MPCBB3 and MPCBB5 - Not Secured memory - MPCBB3 is applicable
2026-02-17 16:02:23,812 [INFO] Rule:233 - rule 117617 - U5Cobra4M][GTZC] default value MPCBB3 and MPCBB5 - Not Secured memory - MPCBB3 is applicable
2026-02-17 16:02:23,812 [INFO] Rule:233 - rule 117617 - U5Cobra4M][GTZC] default value MPCBB3 and MPCBB5 - Not Secured memory - MPCBB4 is applicable
2026-02-17 16:02:23,812 [INFO] Rule:233 - rule 117617 - U5Cobra4M][GTZC] default value MPCBB3 and MPCBB5 - Not Secured memory - MPCBB4 is applicable
2026-02-17 16:02:23,812 [INFO] Rule:233 - rule 117617 - U5Cobra4M][GTZC] default value MPCBB3 and MPCBB5 - Secured memory - MPCBB1 is applicable
2026-02-17 16:02:23,812 [INFO] Rule:233 - rule 117617 - U5Cobra4M][GTZC] default value MPCBB3 and MPCBB5 - Secured memory - MPCBB2 is applicable
2026-02-17 16:02:23,812 [INFO] Rule:233 - rule 117617 - U5Cobra4M][GTZC] default value MPCBB3 and MPCBB5 - Secured memory - MPCBB3 is applicable
2026-02-17 16:02:23,812 [INFO] Rule:233 - rule 117617 - U5Cobra4M][GTZC] default value MPCBB3 and MPCBB5 - Secured memory - MPCBB4 is applicable
2026-02-17 16:02:23,812 [INFO] Rule:233 - rule 117617 - U5Cobra4M][GTZC] default value MPCBB3 and MPCBB5 - Privileged memory - MPCBB1 is applicable
2026-02-17 16:02:23,812 [INFO] Rule:233 - rule 117617 - U5Cobra4M][GTZC] default value MPCBB3 and MPCBB5 - Privileged memory - MPCBB2 is applicable
2026-02-17 16:02:23,812 [INFO] Rule:233 - rule 117617 - U5Cobra4M][GTZC] default value MPCBB3 and MPCBB5 - Privileged memory - MPCBB3 is applicable
2026-02-17 16:02:23,812 [INFO] Rule:233 - rule 117617 - U5Cobra4M][GTZC] default value MPCBB3 and MPCBB5 - Privileged memory - MPCBB4 is applicable
2026-02-17 16:02:23,813 [INFO] Rule:233 - rule 117617 - U5Cobra4M][GTZC] default value MPCBB3 and MPCBB5 - Not Privileged memory - MPCBB1 is applicable
2026-02-17 16:02:23,813 [INFO] Rule:233 - rule 117617 - U5Cobra4M][GTZC] default value MPCBB3 and MPCBB5 - Not Privileged memory - MPCBB2 is applicable
2026-02-17 16:02:23,813 [INFO] Rule:233 - rule 117617 - U5Cobra4M][GTZC] default value MPCBB3 and MPCBB5 - Not Privileged memory - MPCBB3 is applicable
2026-02-17 16:02:23,813 [INFO] Rule:233 - rule 117617 - U5Cobra4M][GTZC] default value MPCBB3 and MPCBB5 - Not Privileged memory - MPCBB4 is applicable
2026-02-17 16:02:23,813 [INFO] Rule:233 - rule 117617 - U5Cobra4M][GTZC] default value MPCBB3 and MPCBB5 - Privileged memory - MPCBB1 is applicable
2026-02-17 16:02:23,813 [INFO] Rule:233 - rule 117617 - U5Cobra4M][GTZC] default value MPCBB3 and MPCBB5 - Privileged memory - MPCBB2 is applicable
2026-02-17 16:02:23,813 [INFO] Rule:233 - rule 117617 - U5Cobra4M][GTZC] default value MPCBB3 and MPCBB5 - Privileged memory - MPCBB3 is applicable
2026-02-17 16:02:23,813 [INFO] Rule:233 - rule 117617 - U5Cobra4M][GTZC] default value MPCBB3 and MPCBB5 - Privileged memory - MPCBB4 is applicable
2026-02-17 16:02:23,813 [INFO] Rule:233 - rule 117617 - U5Cobra4M][GTZC] default value MPCBB3 and MPCBB5 - Privileged memory - MPCBB1 is applicable
2026-02-17 16:02:23,813 [INFO] Rule:233 - rule 117617 - U5Cobra4M][GTZC] default value MPCBB3 and MPCBB5 - Privileged memory - MPCBB2 is applicable
2026-02-17 16:02:23,813 [INFO] Rule:233 - rule 117617 - U5Cobra4M][GTZC] default value MPCBB3 and MPCBB5 - Privileged memory - MPCBB3 is applicable
2026-02-17 16:02:23,813 [INFO] Rule:233 - rule 117617 - U5Cobra4M][GTZC] default value MPCBB3 and MPCBB5 - Privileged memory - MPCBB4 is applicable
2026-02-17 16:02:23,813 [INFO] Rule:233 - rule 117617 - U5Cobra4M][GTZC] default value MPCBB3 and MPCBB5 - Not Privileged memory - MPCBB1 is applicable
2026-02-17 16:02:23,813 [INFO] Rule:233 - rule 117617 - U5Cobra4M][GTZC] default value MPCBB3 and MPCBB5 - Not Privileged memory - MPCBB2 is applicable
2026-02-17 16:02:23,813 [INFO] Rule:233 - rule 117617 - U5Cobra4M][GTZC] default value MPCBB3 and MPCBB5 - Not Privileged memory - MPCBB3 is applicable
2026-02-17 16:02:23,813 [INFO] Rule:233 - rule 117617 - U5Cobra4M][GTZC] default value MPCBB3 and MPCBB5 - Not Privileged memory - MPCBB4 is applicable
2026-02-17 16:02:23,814 [INFO] Rule:233 - rule 117617 - U5Cobra4M][GTZC] default value MPCBB3 and MPCBB5 - Privileged memory - MPCBB1 is applicable
2026-02-17 16:02:23,814 [INFO] Rule:233 - rule 117617 - U5Cobra4M][GTZC] default value MPCBB3 and MPCBB5 - Privileged memory - MPCBB2 is applicable
2026-02-17 16:02:23,814 [INFO] Rule:233 - rule 117617 - U5Cobra4M][GTZC] default value MPCBB3 and MPCBB5 - Privileged memory - MPCBB3 is applicable
2026-02-17 16:02:23,814 [INFO] Rule:233 - rule 117617 - U5Cobra4M][GTZC] default value MPCBB3 and MPCBB5 - Privileged memory - MPCBB4 is applicable
2026-02-17 16:02:23,814 [INFO] Rule:233 - rule Rename SubGHz_Phy SUBGHZ_APPLICATION SUBGHZ_PINGPONG to SUBGHZ_ADV_APPLICATION is applicable
2026-02-17 16:02:23,814 [INFO] Rule:233 - rule Rename Enabled to IBEACON is applicable
2026-02-17 16:02:23,814 [INFO] Rule:233 - rule GTZC_S instance for project manager is applicable
2026-02-17 16:02:23,814 [INFO] Rule:233 - rule GTZC_S instance for context M33S is applicable
2026-02-17 16:02:23,814 [INFO] Rule:233 - rule GTZC_S instance value for IP GTZC is applicable
2026-02-17 16:02:23,817 [INFO] Rule:233 - rule GTZC_S instance for mcu.IP is applicable
2026-02-17 16:02:23,817 [INFO] Rule:233 - rule GTZC_S instance for VP is applicable
2026-02-17 16:02:23,817 [INFO] Rule:233 - rule GTZC_S instance for signal is applicable
2026-02-17 16:02:23,817 [INFO] Rule:233 - rule GTZC_S instance for mcu.Pin is applicable
2026-02-17 16:02:23,817 [INFO] Rule:233 - rule GTZC_S instance for VP is applicable
2026-02-17 16:02:23,818 [INFO] Rule:233 - rule GTZC_S instance for signal is applicable
2026-02-17 16:02:23,818 [INFO] Rule:233 - rule GTZC_S instance for mcu is applicable
2026-02-17 16:02:23,818 [INFO] Rule:233 - rule GTZC_S instance for mcu.Pin is applicable
2026-02-17 16:02:23,818 [INFO] Rule:233 - rule GTZC_S instance value for IP GTZC is applicable
2026-02-17 16:02:23,818 [INFO] Rule:233 - rule GTZC_S instance for project manager is applicable
2026-02-17 16:02:23,818 [INFO] Rule:233 - rule GTZC_S instance for context M33S is applicable
2026-02-17 16:02:23,818 [INFO] Rule:233 - rule GTZC_S instance for VP is applicable
2026-02-17 16:02:23,818 [INFO] Rule:233 - rule GTZC_S instance for signal is applicable
2026-02-17 16:02:23,818 [INFO] Rule:233 - rule SPDIFRX instance for mcu is applicable
2026-02-17 16:02:23,818 [INFO] Rule:233 - rule Rename Tracer Mode is applicable
2026-02-17 16:02:23,818 [INFO] Rule:233 - rule SPDIFRX instance value for IP SPDIFRX is applicable
2026-02-17 16:02:23,818 [INFO] Rule:233 - rule SPDIFRX instance for signal is applicable
2026-02-17 16:02:23,818 [INFO] Rule:233 - rule SPDIFRX instance for project manager is applicable
2026-02-17 16:02:23,819 [INFO] Rule:233 - rule SPDIFRX instance for project manager is applicable
2026-02-17 16:02:23,819 [INFO] Rule:233 - rule ADC Scan  fix with FW F7 is applicable
2026-02-17 16:02:23,819 [INFO] Rule:233 - rule ADC Scan  fix with FW F7 is applicable
2026-02-17 16:02:23,819 [INFO] Rule:233 - rule WakeUp0 Mode is applicable
2026-02-17 16:02:23,819 [INFO] Rule:233 - rule WakeUp0 SIGNAL is applicable
2026-02-17 16:02:23,819 [INFO] Rule:233 - rule WakeUp1 Mode is applicable
2026-02-17 16:02:23,819 [INFO] Rule:233 - rule WakeUp1 SIGNAL is applicable
2026-02-17 16:02:23,819 [INFO] Rule:233 - rule WakeUp2 Mode is applicable
2026-02-17 16:02:23,819 [INFO] Rule:233 - rule WakeUp2 SIGNAL is applicable
2026-02-17 16:02:23,819 [INFO] Rule:233 - rule WakeUp4 Mode is applicable
2026-02-17 16:02:23,819 [INFO] Rule:233 - rule WakeUp4 SIGNAL is applicable
2026-02-17 16:02:23,820 [INFO] Rule:233 - rule WakeUp5 Mode is applicable
2026-02-17 16:02:23,820 [INFO] Rule:233 - rule WakeUp5 SIGNAL is applicable
2026-02-17 16:02:23,820 [INFO] Rule:233 - rule Add RTC Activate Clock Source is applicable
2026-02-17 16:02:23,820 [INFO] Rule:233 - rule Add RTC Activate Calendar 1 is applicable
2026-02-17 16:02:23,820 [INFO] Rule:233 - rule Add RTC Activate Calendar 2 is applicable
2026-02-17 16:02:23,820 [INFO] Rule:233 - rule Add RTC Activate Calendar 3 is applicable
2026-02-17 16:02:23,820 [INFO] Rule:233 - rule UART/USART TX Mode is applicable
2026-02-17 16:02:23,820 [INFO] Rule:233 - rule UART/USART RX Mode is applicable
2026-02-17 16:02:23,820 [INFO] Rule:233 - rule UART/USART RX TX Mode is applicable
2026-02-17 16:02:23,820 [INFO] Rule:233 - rule UART/USART PARITY NONE is applicable
2026-02-17 16:02:23,820 [INFO] Rule:233 - rule UART/USART PARITY EVEN is applicable
2026-02-17 16:02:23,821 [INFO] Rule:233 - rule UART/USART PARITY ODD is applicable
2026-02-17 16:02:23,821 [INFO] Rule:233 - rule USART StopBits 1 is applicable
2026-02-17 16:02:23,821 [INFO] Rule:233 - rule USART StopBits 2 is applicable
2026-02-17 16:02:23,821 [INFO] Rule:233 - rule USART StopBits 1.5 is applicable
2026-02-17 16:02:23,821 [INFO] Rule:233 - rule USART StopBits 0.5 is applicable
2026-02-17 16:02:23,821 [INFO] Rule:233 - rule UART/USART WORD LENGTH 7 is applicable
2026-02-17 16:02:23,821 [INFO] Rule:233 - rule UART/USART WORD LENGTH 8 is applicable
2026-02-17 16:02:23,821 [INFO] Rule:233 - rule UART/USART WORD LENGTH 9 is applicable
2026-02-17 16:02:23,821 [INFO] Rule:233 - rule Rename FMC NAND NCE signal is applicable
2026-02-17 16:02:23,821 [INFO] Rule:233 - rule Rename FMC NAND INT signal is applicable
2026-02-17 16:02:23,821 [INFO] Rule:233 - rule Change Default Value for LSE Drive Capability for WB family is applicable
2026-02-17 16:02:23,821 [INFO] Rule:233 - rule Change Default Value for ADC Clock Prescaler G0 family is applicable
2026-02-17 16:02:23,821 [INFO] Rule:233 - rule Change Default Value for ADC ExternalTrigConv L4 family is applicable
2026-02-17 16:02:23,821 [INFO] Rule:233 - rule Change Default Value for ADC ExternalTrigInjecConv L4 family is applicable
2026-02-17 16:02:23,822 [INFO] Rule:233 - rule Change Default Value for ADC ExternalTrigConv F3 family is applicable
2026-02-17 16:02:23,822 [INFO] Rule:233 - rule Change Default Value for ADC ExternalTrigInjecConv F3 family is applicable
2026-02-17 16:02:23,822 [INFO] Rule:233 - rule Change Default Value for ADC ExternalTrigConv Goldfish serie is applicable
2026-02-17 16:02:23,822 [INFO] Rule:233 - rule Change Default Value for ADC ExternalTrigInjecConv Goldfish serie is applicable
2026-02-17 16:02:23,822 [INFO] Rule:233 - rule Change Default Value for ADC ExternalTrigConv L0 family is applicable
2026-02-17 16:02:23,822 [INFO] Rule:233 - rule Change Default Value for ADC ExternalTrigConv F0 family is applicable
2026-02-17 16:02:23,822 [INFO] Rule:233 - rule Change Default Value for ADC ExternalTrigConvn L1 family is applicable
2026-02-17 16:02:23,822 [INFO] Rule:233 - rule Change Default Value for ADC ExternalTrigInjecConv L1 family is applicable
2026-02-17 16:02:23,822 [INFO] Rule:233 - rule Change Default Value for ADC ExternalTrigConv F1 family is applicable
2026-02-17 16:02:23,822 [INFO] Rule:233 - rule Change Default Value for ADC ExternalTrigInjecConv F1 family is applicable
2026-02-17 16:02:23,822 [INFO] Rule:233 - rule Change Default Value for ADC ExternalTrigConv F7 family is applicable
2026-02-17 16:02:23,822 [INFO] Rule:233 - rule Change Default Value for ADC ExternalTrigInjecConv F7 family is applicable
2026-02-17 16:02:23,823 [INFO] Rule:233 - rule Change Default Value for ADC ExternalTrigConv F4 and F2 family is applicable
2026-02-17 16:02:23,823 [INFO] Rule:233 - rule Change Default Value for ADC ExternalTrigInjecConv F4 and F2 family is applicable
2026-02-17 16:02:23,823 [INFO] Rule:233 - rule ADC SamplingTime fix with FW L0  is applicable
2026-02-17 16:02:23,823 [INFO] Rule:233 - rule ADC SamplingTime fix with FW L0  is applicable
2026-02-17 16:02:23,823 [INFO] Rule:233 - rule ADC SamplingTime fix with FW L0 is applicable
2026-02-17 16:02:23,823 [INFO] Rule:233 - rule ADC SamplingTime fix with FW L0 is applicable
2026-02-17 16:02:23,823 [INFO] Rule:233 - rule ADC SamplingTime fix with FW L0  is applicable
2026-02-17 16:02:23,823 [INFO] Rule:233 - rule ADC SamplingTime fix with FW L0 is applicable
2026-02-17 16:02:23,823 [INFO] Rule:233 - rule Rename USB_OE Signal is applicable
2026-02-17 16:02:23,823 [INFO] Rule:233 - rule Rename Activate_OE Mode is applicable
2026-02-17 16:02:23,823 [INFO] Rule:233 - rule Rename DIE462/DIE415 pin PC14/OSC32_IN -> PC14-OSC32_IN (PC14) is applicable
2026-02-17 16:02:23,823 [INFO] Rule:233 - rule Rename DIE462/DIE415 pin PC15/OSC32_OUT -> PC15-OSC32_OUT (PC15) is applicable
2026-02-17 16:02:23,823 [INFO] Rule:233 - rule Rename DIE462/DIE415 pin PH0/OSC_IN -> PH0-OSC_IN (PH0) is applicable
2026-02-17 16:02:23,823 [INFO] Rule:233 - rule Rename DIE462/DIE415 pin PH1/OSC_OUT -> PH1-OSC_OUT (PH1) is applicable
2026-02-17 16:02:23,824 [INFO] Rule:233 - rule Rename DIE462 pin PA13 -> PA13 (JTMS/SWDIO) is applicable
2026-02-17 16:02:23,824 [INFO] Rule:233 - rule Rename DIE415 pin PA13 -> PA13 (JTMS/SWDIO) is applicable
2026-02-17 16:02:23,824 [INFO] Rule:233 - rule Rename DIE462 pin PA14 -> PA14 (JTCK/SWCLK) is applicable
2026-02-17 16:02:23,824 [INFO] Rule:233 - rule Rename DIE415 pin PA14 -> PA14 (JTCK/SWCLK) is applicable
2026-02-17 16:02:23,824 [INFO] Rule:233 - rule Rename DIE462/DIE415 pin PA15 -> PA15 (JTDI) is applicable
2026-02-17 16:02:23,824 [INFO] Rule:233 - rule Rename DIE462 pin PB3 -> PB3 (JTD0/TRACESWO) is applicable
2026-02-17 16:02:23,824 [INFO] Rule:233 - rule Rename DIE415 pin PB3 -> PB3 (JTD0-TRACESWO) is applicable
2026-02-17 16:02:23,824 [INFO] Rule:233 - rule Rename DIE462/DIE415 pin PB4 -> PB4 (NJTRST) is applicable
2026-02-17 16:02:23,824 [INFO] Rule:233 - rule Rename DIE462 pin PH3/BOOT0 -> PH3-BOOT0 (BOOT0) is applicable
2026-02-17 16:02:23,825 [INFO] Rule:233 - rule Rename CRYP DataEncryptionTypesList to Algorithm is applicable
2026-02-17 16:02:23,825 [INFO] Rule:233 - rule Rename AES DataEncryptionTypesList to Algorithm is applicable
2026-02-17 16:02:23,825 [INFO] Rule:233 - rule Rename TDESECB to CRYP_TDES_ECB is applicable
2026-02-17 16:02:23,825 [INFO] Rule:233 - rule Rename TDESCBC to CRYP_TDES_CBC is applicable
2026-02-17 16:02:23,825 [INFO] Rule:233 - rule Rename DESECB to CRYP_DES_ECB is applicable
2026-02-17 16:02:23,825 [INFO] Rule:233 - rule Rename DESCBC to CRYP_DES_CBC is applicable
2026-02-17 16:02:23,825 [INFO] Rule:233 - rule Rename AESECB to CRYP_AES_ECB is applicable
2026-02-17 16:02:23,825 [INFO] Rule:233 - rule Rename AESCBC to CRYP_AES_CBC is applicable
2026-02-17 16:02:23,825 [INFO] Rule:233 - rule Rename AESCTR to CRYP_AES_CTR is applicable
2026-02-17 16:02:23,825 [INFO] Rule:233 - rule Rename AESGCM to CRYP_AES_GCM is applicable
2026-02-17 16:02:23,825 [INFO] Rule:233 - rule Rename AESCCM to CRYP_AES_CCM is applicable
2026-02-17 16:02:23,825 [INFO] Rule:233 - rule Rename CAN TimeSeg1 to BS1 is applicable
2026-02-17 16:02:23,825 [INFO] Rule:233 - rule Rename CAN TimeSeg2 to BS2 is applicable
2026-02-17 16:02:23,826 [INFO] Rule:233 - rule Rename CAN SyncJumpWidth to SJW is applicable
2026-02-17 16:02:23,826 [INFO] Rule:233 - rule TimeTriggeredMode to TTCM is applicable
2026-02-17 16:02:23,826 [INFO] Rule:233 - rule Rename CAN AutoBusOff to ABOM is applicable
2026-02-17 16:02:23,826 [INFO] Rule:233 - rule Rename CAN AutoWakeUp to AWUM is applicable
2026-02-17 16:02:23,826 [INFO] Rule:233 - rule Rename CAN AutoRetransmission to NART is applicable
2026-02-17 16:02:23,826 [INFO] Rule:233 - rule Rename CAN ReceiveFifoLocked to RFLM is applicable
2026-02-17 16:02:23,826 [INFO] Rule:233 - rule Rename CAN TransmitFifoPriority to TXFP is applicable
2026-02-17 16:02:23,826 [INFO] Rule:233 - rule Rename HRTIMER HRTIM_OUTPUTFAULTLEVEL_HIGH in HRTIMER HRTIM_OUTPUTFAULTLEVEL_HIGHZ is applicable
2026-02-17 16:02:23,826 [INFO] Rule:233 - rule Rename TIMER TIM_CLEARINPUTSOURCE_OCREFCLR in  TIMER TIM_CLEARINPUTSOURCE_NONE for F7 family is applicable
2026-02-17 16:02:23,826 [INFO] Rule:233 - rule FDCAN_R1 - Rename FDCAN mode Master into Classic is applicable
2026-02-17 16:02:23,826 [INFO] Rule:233 - rule FDCAN_R2 - Rename FDCAN mode Slave into Classic is applicable
2026-02-17 16:02:23,827 [INFO] Rule:233 - rule FDCAN1_R3 - if PA10.Mode=FullDuplex, add Pin PA12 is applicable
2026-02-17 16:02:23,827 [INFO] Rule:233 - rule FDCAN1_R3 - if PA9.Mode=FullDuplex, add Pin PA11 is applicable
2026-02-17 16:02:23,827 [INFO] Rule:233 - rule FDCAN1_R3 - Alternatepin_1 - if PE1.Mode=FullDuplex, add Pin PB9 is applicable
2026-02-17 16:02:23,827 [INFO] Rule:233 - rule FDCAN1_R3 - Alternatepin_1 - if PE0.Mode=FullDuplex, add Pin PB8 is applicable
2026-02-17 16:02:23,827 [INFO] Rule:233 - rule FDCAN1_R3 - Alternatepin_2 - if PD5.Mode=FullDuplex, add Pin PD1 is applicable
2026-02-17 16:02:23,827 [INFO] Rule:233 - rule FDCAN1_R3 - Alternatepin_2 - if PD4.Mode=FullDuplex, add Pin PD0 is applicable
2026-02-17 16:02:23,828 [INFO] Rule:233 - rule FDCAN1_R4 - Rename Mode FullDuplex into Enable FDCAN_TXFD for pin PA10 is applicable
2026-02-17 16:02:23,828 [INFO] Rule:233 - rule FDCAN1_R4 - Rename Mode FullDuplex into Enable FDCAN_TXFD for pin PA9 is applicable
2026-02-17 16:02:23,828 [INFO] Rule:233 - rule FDCAN1_R4 - Alternatepin_1 - Rename Mode FullDuplex into Enable FDCAN_TXFD for pin PE1 is applicable
2026-02-17 16:02:23,828 [INFO] Rule:233 - rule FDCAN1_R4 - Alternatepin_1 - Rename Mode FullDuplex into Enable FDCAN_TXFD for pin PE0 is applicable
2026-02-17 16:02:23,828 [INFO] Rule:233 - rule FDCAN1_R4 - Alternatepin_2 - Rename Mode FullDuplex into Enable FDCAN_TXFD for pin PD5 is applicable
2026-02-17 16:02:23,828 [INFO] Rule:233 - rule FDCAN1_R4 - Alternatepin_2 - Rename Mode FullDuplex into Enable FDCAN_TXFD for pin PD4 is applicable
2026-02-17 16:02:23,828 [INFO] Rule:233 - rule FDCAN2_R3 - if PD10.Mode=FullDuplex, add Pin PB13 is applicable
2026-02-17 16:02:23,828 [INFO] Rule:233 - rule FDCAN2_R3 - if PD9.Mode=FullDuplex, add Pin PB12 is applicable
2026-02-17 16:02:23,828 [INFO] Rule:233 - rule FDCAN2_R3 - Alternatepin_1 - if PB7.Mode=FullDuplex, add Pin PB6 is applicable
2026-02-17 16:02:23,828 [INFO] Rule:233 - rule FDCAN2_R3 - Alternatepin_1 - if PD9.Mode=FullDuplex, add Pin PB12 is applicable
2026-02-17 16:02:23,829 [INFO] Rule:233 - rule FDCAN2_R4 - Rename Mode FullDuplex into Enable FDCAN_TXFD for pin PD10 is applicable
2026-02-17 16:02:23,829 [INFO] Rule:233 - rule FDCAN2_R4 - Rename Mode FullDuplex into Enable FDCAN_TXFD for pin PD9 is applicable
2026-02-17 16:02:23,829 [INFO] Rule:233 - rule FDCAN2_R4 - Alternatepin_1 - Rename Mode FullDuplex into Enable FDCAN_TXFD for pin PB7 is applicable
2026-02-17 16:02:23,829 [INFO] Rule:233 - rule FDCAN2_R4 - Alternatepin_1 - Rename Mode FullDuplex into Enable FDCAN_TXFD for pin PD6 is applicable
2026-02-17 16:02:23,829 [INFO] Rule:233 - rule USART TxPinLevelInvertParam Mode is applicable
2026-02-17 16:02:23,829 [INFO] Rule:233 - rule USART RxPinLevelInvertParam Mode is applicable
2026-02-17 16:02:23,829 [INFO] Rule:233 - rule USART DataInvertParam Mode is applicable
2026-02-17 16:02:23,829 [INFO] Rule:233 - rule USART SwapParam Mode is applicable
2026-02-17 16:02:23,829 [INFO] Rule:233 - rule USART OverrunDisableParam Mode is applicable
2026-02-17 16:02:23,829 [INFO] Rule:233 - rule USART DMADisableonRxErrorParam Mode is applicable
2026-02-17 16:02:23,830 [INFO] Rule:233 - rule USART MSBFirstParam Mode is applicable
2026-02-17 16:02:23,830 [INFO] Rule:233 - rule Update MwName for USB_DEVICE is applicable
2026-02-17 16:02:23,830 [INFO] Rule:233 - rule Change PWR_Regulator_Voltage_Scale Default Value for RCC  H7 family is applicable
2026-02-17 16:02:23,830 [INFO] Rule:233 - rule UART/USART IPParameter rename Prescaler parameter to ClockPrescaler is applicable
2026-02-17 16:02:23,830 [INFO] Rule:233 - rule UART/USART Prescaler rename Prescaler parameter to ClockPrescaler is applicable
2026-02-17 16:02:23,830 [INFO] Rule:233 - rule TIM1CLockSelection is applicable
2026-02-17 16:02:23,830 [INFO] Rule:233 - rule TIM15CLockSelection is applicable
2026-02-17 16:02:23,830 [INFO] Rule:233 - rule align RCC SDMMC3CLockSelection default value on MP1 is applicable
2026-02-17 16:02:23,830 [INFO] Rule:233 - rule align RCC SDMMC12CLockSelection default value on MP1 is applicable
2026-02-17 16:02:23,830 [INFO] Rule:233 - rule align RCC QSPICLockSelection default value on MP1 is applicable
2026-02-17 16:02:23,830 [INFO] Rule:233 - rule align RCC QSPICLockSelection default value on MP1 is applicable
2026-02-17 16:02:23,830 [INFO] Rule:233 - rule align RCC SPI6CLockSelection default value on MP1 is applicable
2026-02-17 16:02:23,831 [INFO] Rule:233 - rule align RCC LPTIM23CLockSelection default value on MP1 is applicable
2026-02-17 16:02:23,831 [INFO] Rule:233 - rule align RCC LPTIM1CLockSelection default value on MP1 is applicable
2026-02-17 16:02:23,831 [INFO] Rule:233 - rule align RCC USART1CLockSelection default value on MP1 is applicable
2026-02-17 16:02:23,833 [INFO] Rule:233 - rule align RCC USART24CLockSelection default value on MP1 is applicable
2026-02-17 16:02:23,833 [INFO] Rule:233 - rule align RCC USART6CLockSelection default value on MP1 is applicable
2026-02-17 16:02:23,834 [INFO] Rule:233 - rule align RCC UART78CLockSelection default value on MP1 is applicable
2026-02-17 16:02:23,834 [INFO] Rule:233 - rule align RCC USART35CLockSelection default value on MP1 is applicable
2026-02-17 16:02:23,834 [INFO] Rule:233 - rule align RCC SPI45CLockSelection default value on MP1 is applicable
2026-02-17 16:02:23,834 [INFO] Rule:233 - rule align RCC I2C46CLockSelection BCLK value on MP1 is applicable
2026-02-17 16:02:23,834 [INFO] Rule:233 - rule align RCC SPI45CLockSelection default value on MP1 is applicable
2026-02-17 16:02:23,834 [INFO] Rule:233 - rule align RCC I2C12CLockSelection default value on MP1 is applicable
2026-02-17 16:02:23,834 [INFO] Rule:233 - rule align RCC I2C35CLockSelection default value on MP1 is applicable
2026-02-17 16:02:23,834 [INFO] Rule:233 - rule align RCC LPTIM45CLockSelection default value on MP1 is applicable
2026-02-17 16:02:23,834 [INFO] Rule:233 - rule Rename DCMI PIXCK signal is applicable
2026-02-17 16:02:23,834 [INFO] Rule:233 - rule Change Default Value for I2C46CLockSelection MP1 family is applicable
2026-02-17 16:02:23,834 [INFO] Rule:233 - rule Change Default Value for UART for G4, G0 and WB families is applicable
2026-02-17 16:02:23,835 [INFO] Rule:233 - rule Change Default Value for USART for G4, G0 and WB families is applicable
2026-02-17 16:02:23,835 [INFO] Rule:233 - rule Change Default Value for USART for G4 family is applicable
2026-02-17 16:02:23,835 [INFO] Rule:233 - rule Change USART1CLockSelection refparam name for MP1 is applicable
2026-02-17 16:02:23,835 [INFO] Rule:233 - rule Change USART2CLockSelection refparam name for MP1 is applicable
2026-02-17 16:02:23,835 [INFO] Rule:233 - rule Change USART3CLockSelection refparam name for MP1 is applicable
2026-02-17 16:02:23,835 [INFO] Rule:233 - rule Change UART4CLockSelection refparam name for MP1 is applicable
2026-02-17 16:02:23,835 [INFO] Rule:233 - rule Change UART5CLockSelection refparam name for MP1 is applicable
2026-02-17 16:02:23,835 [INFO] Rule:233 - rule Change LPUART1CLockSelection refparam name for MP1 is applicable
2026-02-17 16:02:23,835 [INFO] Rule:233 - rule Change LPTIM1CLockSelection refparam name for MP1 is applicable
2026-02-17 16:02:23,835 [INFO] Rule:233 - rule Change LPTIM2CLockSelection refparam name for MP1 is applicable
2026-02-17 16:02:23,835 [INFO] Rule:233 - rule Change RCC_MCO1Source refparam name for MP1 is applicable
2026-02-17 16:02:23,836 [INFO] Rule:233 - rule Change LSCOSource1 refparam name for MP1 is applicable
2026-02-17 16:02:23,836 [INFO] Rule:233 - rule Change SMPSCLockSelection refparam name for MP1 is applicable
2026-02-17 16:02:23,836 [INFO] Rule:233 - rule Change LPTIM3CLockSelection refparam name for MP1 is applicable
2026-02-17 16:02:23,836 [INFO] Rule:233 - rule Change MPCBB* Default Template Mode to Parameters is applicable
2026-02-17 16:02:23,836 [INFO] Rule:233 - rule Change MPCWM* or MPCBB* Secure Mode to Parameters is applicable
2026-02-17 16:02:23,836 [INFO] Rule:233 - rule Change MPCWM* or MPCBB* No Secure Mode to Parameters is applicable
2026-02-17 16:02:23,836 [INFO] Rule:233 - rule Change TZSC IP Secure Mode to Parameters is applicable
2026-02-17 16:02:23,836 [INFO] Rule:233 - rule Change TZSC IP No Secure Mode to Parameters is applicable
2026-02-17 16:02:23,836 [INFO] Rule:233 - rule Change TZSC IP Privilege Mode to Parameters is applicable
2026-02-17 16:02:23,836 [INFO] Rule:233 - rule Change TZSC IP No Privilege Mode to Parameters is applicable
2026-02-17 16:02:23,836 [INFO] Rule:233 - rule Change TZIC IT Secure Mode to Parameters is applicable
2026-02-17 16:02:23,837 [INFO] Rule:233 - rule Change TZIC IT No Secure Mode to Parameters is applicable
2026-02-17 16:02:23,837 [INFO] Rule:233 - rule Add MPCBB1_NonSecureArea_Start_Address value with referenced to MPCBB1_NonSecureArea_Start value is applicable
2026-02-17 16:02:23,837 [INFO] Rule:233 - rule Add MPCBB2_NonSecureArea_Start_Address value with referenced to MPCBB2_NonSecureArea_Start value is applicable
2026-02-17 16:02:23,837 [INFO] Rule:233 - rule Add MPCWM1_NonSecureArea*_Start_Address value with referenced to MPCWM1_NonSecureArea*_Start value is applicable
2026-02-17 16:02:23,837 [INFO] Rule:233 - rule Add MPCWM2_NonSecureArea*_Start_Address value with referenced to MPCWM2_NonSecureArea*_Start value is applicable
2026-02-17 16:02:23,837 [INFO] Rule:233 - rule Add MPCWM3_NonSecureArea_Start_Address value with referenced to MPCWM3_NonSecureArea_Start value is applicable
2026-02-17 16:02:23,837 [INFO] Rule:233 - rule Change Default Value for PLL1UserDefinedConfig is applicable
2026-02-17 16:02:23,837 [INFO] Rule:233 - rule Change GPIO_PuPd Default Value for USART in async mode is applicable
2026-02-17 16:02:23,837 [INFO] Rule:233 - rule Change SMPSDivider Default Value is applicable
2026-02-17 16:02:23,837 [INFO] Rule:233 - rule OPAMP is applicable
2026-02-17 16:02:23,837 [INFO] Rule:233 - rule LPUART IPParameter rename Prescaler parameter to ClockPrescaler for STM32H7 is applicable
2026-02-17 16:02:23,837 [INFO] Rule:233 - rule LPUART IPParameter rename Prescaler parameter to ClockPrescaler for STM32H7 is applicable
2026-02-17 16:02:23,837 [INFO] Rule:233 - rule LPUART IPParameter rename Prescaler parameter to ClockPrescaler for STM32WB is applicable
2026-02-17 16:02:23,838 [INFO] Rule:233 - rule LPUART IPParameter rename Prescaler parameter to ClockPrescaler for STM32WB is applicable
2026-02-17 16:02:23,838 [INFO] Rule:233 - rule LPUART IPParameter rename Prescaler parameter to ClockPrescaler for STM32G4 is applicable
2026-02-17 16:02:23,838 [INFO] Rule:233 - rule LPUART IPParameter rename Prescaler parameter to ClockPrescaler for STM32G4 is applicable
2026-02-17 16:02:23,838 [INFO] Rule:233 - rule LPUART IPParameter rename Prescaler parameter to ClockPrescaler for STM32L5 is applicable
2026-02-17 16:02:23,838 [INFO] Rule:233 - rule LPUART IPParameter rename Prescaler parameter to ClockPrescaler for STM32L5 is applicable
2026-02-17 16:02:23,838 [INFO] Rule:233 - rule LPUART IPParameter rename Prescaler parameter to ClockPrescaler for STM32G4 is applicable
2026-02-17 16:02:23,838 [INFO] Rule:233 - rule LPUART IPParameter rename Prescaler parameter to ClockPrescaler for STM32G4 is applicable
2026-02-17 16:02:23,838 [INFO] Rule:233 - rule USB device lib V2.5.3 for L0 rename USBD_SUPPORT_USER_STRING parameter to USBD_SUPPORT_USER_STRING_DESC4 is applicable
2026-02-17 16:02:23,838 [INFO] Rule:233 - rule I2SCLockSelection clock entry align is applicable
2026-02-17 16:02:23,838 [INFO] Rule:233 - rule Assign TIMx context if used as SYS timebase is applicable
2026-02-17 16:02:23,838 [INFO] Rule:233 - rule Change GPIO_Pu Default Value for I2C is applicable
2026-02-17 16:02:23,838 [INFO] Rule:233 - rule Change GPIO_Pu Default Value for SMBus is applicable
2026-02-17 16:02:23,839 [INFO] Rule:233 - rule change FDCAN default value is applicable
2026-02-17 16:02:23,839 [INFO] Rule:233 - rule Change mode sai is applicable
2026-02-17 16:02:23,839 [INFO] Rule:233 - rule **Change sai mode is applicable
2026-02-17 16:02:23,839 [INFO] Rule:233 - rule Rename STM32WPAN CFG_BLE_IRK to CFG_BLE_IR is applicable
2026-02-17 16:02:23,839 [INFO] Rule:233 - rule Rename STM32WPAN CFG_BLE_ERK to CFG_BLE_ER is applicable
2026-02-17 16:02:23,839 [INFO] Rule:233 - rule Rename STM32WPAN CFG_BLE_IRK_HEX to CFG_BLE_IR_HEX is applicable
2026-02-17 16:02:23,839 [INFO] Rule:233 - rule Rename STM32WPAN CFG_BLE_ERK_HEX to CFG_BLE_ER_HEX is applicable
2026-02-17 16:02:23,839 [INFO] Rule:233 - rule Adapt Old IOC before rework replace old CORTEX_M33/CORTEX_M55 attributes by the new one. is applicable
2026-02-17 16:02:23,839 [INFO] Rule:233 - rule Rename parametre of RCC RCC_APBDBG_DIV2 to RCC_TIMPRES_DIV2 is applicable
2026-02-17 16:02:23,839 [INFO] Rule:233 - rule Rename DIE493 pin PA10 [PA12] -> PA10 is applicable
2026-02-17 16:02:23,839 [INFO] Rule:233 - rule Rename DIE493 pin PA9 [PA11] -> PA9 is applicable
2026-02-17 16:02:23,839 [INFO] Rule:233 - rule Rename DIE492 PartNumber CPN STM32WBA5MJGHx -> STM32WBA5MMGHx is applicable
2026-02-17 16:02:23,839 [INFO] Rule:233 - rule Rename DIE492 PartNumber  Name STM32WBA5MJGHx -> STM32WBA5MMGHx is applicable
2026-02-17 16:02:23,839 [INFO] Rule:233 - rule Rename DIE492 PartNumber UserName STM32WBA5MJGHx -> STM32WBA5MMGHx is applicable
2026-02-17 16:02:23,839 [INFO] Rule:233 - rule Rename DIE492 PartNumber DeviceId STM32WBA5MJGHx -> STM32WBA5MMGHx is applicable
2026-02-17 16:02:23,840 [INFO] Rule:233 - rule Adapt Old IOC CSI. is applicable
2026-02-17 16:02:23,840 [INFO] Rule:233 - rule Adapt Old IOC DCMIPP. is applicable
2026-02-17 16:02:23,840 [INFO] Rule:233 - rule Adapt Old IOC DCMIPP Mode Parallel. is applicable
2026-02-17 16:02:23,840 [INFO] Rule:233 - rule Adapt Old IOC LTDC. is applicable
2026-02-17 16:02:23,840 [INFO] Rule:233 - rule Rename STM32MP2 RIF Peripheral LTDC RIF.RISUP.LTDC_L0L1.Privilege -> RIF.RISUP.LTDC_L1L2.Privilege is applicable
2026-02-17 16:02:23,840 [INFO] Rule:233 - rule Rename STM32MP2 RIF Peripheral LTDC RIF.RISUP.LTDC_L0L1.Privilege -> RIF.RISUP.LTDC_L1L2.Privilege is applicable
2026-02-17 16:02:23,840 [INFO] Rule:233 - rule Rename STM32MP2 RIF Peripheral LTDC RIF.RISUP.LTDC_L0L1.Lock -> RIF.RISUP.LTDC_L1L2.Lock is applicable
2026-02-17 16:02:23,840 [INFO] Rule:233 - rule Rename STM32MP2 RIF Peripheral LTDC RIF.RISUP.LTDC_L2.Lock -> RIF.RISUP.LTDC_L3.Lock is applicable
2026-02-17 16:02:23,840 [INFO] Rule:233 - rule Adapt the old IOC example for updating the SYS when it is misconfigured. is applicable
2026-02-17 16:02:23,840 [INFO] Rule:233 - rule Rename STM32C09 Mcu.Package LQFP64 -> LQFP48 is applicable
2026-02-17 16:02:23,840 [INFO] Rule:233 - rule Adapt the old IOC example for updating the SYS when it is misconfigured. is applicable
2026-02-17 16:02:23,840 [INFO] Rule:233 - rule Adapt the old IOC example for updating the SYS when it is misconfigured. is applicable
2026-02-17 16:02:23,887 [INFO] DbConfProperties:307 - Apply Compatibility (53/282 Rules)
2026-02-17 16:02:23,911 [INFO] ImportTextPane:234 - (OptionalMessage_ERROR) Unable to find key (Mcu.ThirdPartyNb) in loaded IOC file
2026-02-17 16:02:23,918 [INFO] ImportTextPane:234 - (OptionalMessage_ERROR) Pin12 (VP_RIF_VS_RIF1) cannot be retrieved for this MCU
2026-02-17 16:02:24,320 [INFO] RtosManager:558 - Registered RTOS mode: class=CMSIS, group=RTOS, mode=CMSIS_V1, owner=FREERTOS
2026-02-17 16:02:24,321 [INFO] RtosManager:558 - Registered RTOS mode: class=CMSIS, group=RTOS2, mode=CMSIS_V2, owner=FREERTOS
2026-02-17 16:02:24,321 [INFO] RtosManager:558 - Registered RTOS mode: class=RTOS, group=Core, mode=CMSIS_V1, owner=FREERTOS
2026-02-17 16:02:24,321 [INFO] RtosManager:558 - Registered RTOS mode: class=RTOS, group=Core, mode=CMSIS_V2, owner=FREERTOS
2026-02-17 16:02:24,321 [WARN] ModelIntegratedComponent:184 - Missing modes for component STMicroelectronics:FreeRTOS:0.0.1:STMicroelectronics:RTOS:FreeRTOS:Core:::10.2.0:
2026-02-17 16:02:24,351 [WARN] ModelIntegratedComponent:63 - No mode defined for component null
2026-02-17 16:02:24,352 [WARN] ModelIntegratedComponent:63 - No mode defined for component null
2026-02-17 16:02:24,352 [WARN] ModelIntegratedComponent:63 - No mode defined for component null
2026-02-17 16:02:24,352 [WARN] ModelIntegratedComponent:63 - No mode defined for component null
2026-02-17 16:02:24,352 [WARN] ModelIntegratedComponent:63 - No mode defined for component null
2026-02-17 16:02:24,352 [WARN] ModelIntegratedComponent:63 - No mode defined for component null
2026-02-17 16:02:24,352 [WARN] ModelIntegratedComponent:63 - No mode defined for component null
2026-02-17 16:02:24,352 [WARN] ModelIntegratedComponent:63 - No mode defined for component null
2026-02-17 16:02:24,352 [WARN] ModelIntegratedComponent:63 - No mode defined for component null
2026-02-17 16:02:24,352 [WARN] ModelIntegratedComponent:63 - No mode defined for component null
2026-02-17 16:02:24,352 [WARN] ModelIntegratedComponent:63 - No mode defined for component null
2026-02-17 16:02:24,352 [WARN] ModelIntegratedComponent:63 - No mode defined for component null
2026-02-17 16:02:24,352 [WARN] ModelIntegratedComponent:63 - No mode defined for component null
2026-02-17 16:02:24,352 [WARN] ModelIntegratedComponent:63 - No mode defined for component null
2026-02-17 16:02:24,352 [WARN] ModelIntegratedComponent:63 - No mode defined for component null
2026-02-17 16:02:24,353 [WARN] ModelIntegratedComponent:63 - No mode defined for component null
2026-02-17 16:02:24,353 [WARN] ModelIntegratedComponent:63 - No mode defined for component null
2026-02-17 16:02:24,353 [WARN] ModelIntegratedComponent:63 - No mode defined for component null
2026-02-17 16:02:24,353 [WARN] ModelIntegratedComponent:63 - No mode defined for component null
2026-02-17 16:02:24,353 [WARN] ModelIntegratedComponent:63 - No mode defined for component null
2026-02-17 16:02:24,353 [WARN] ModelIntegratedComponent:63 - No mode defined for component null
2026-02-17 16:02:24,353 [WARN] ModelIntegratedComponent:63 - No mode defined for component null
2026-02-17 16:02:24,353 [WARN] ModelIntegratedComponent:63 - No mode defined for component null
2026-02-17 16:02:24,353 [WARN] ModelIntegratedComponent:63 - No mode defined for component null
2026-02-17 16:02:24,353 [WARN] ModelIntegratedComponent:63 - No mode defined for component null
2026-02-17 16:02:24,353 [WARN] ModelIntegratedComponent:63 - No mode defined for component null
2026-02-17 16:02:24,353 [WARN] ModelIntegratedComponent:63 - No mode defined for component null
2026-02-17 16:02:24,353 [WARN] ModelIntegratedComponent:63 - No mode defined for component null
2026-02-17 16:02:24,353 [WARN] ModelIntegratedComponent:63 - No mode defined for component null
2026-02-17 16:02:24,353 [WARN] ModelIntegratedComponent:63 - No mode defined for component null
2026-02-17 16:02:24,354 [WARN] ModelIntegratedComponent:63 - No mode defined for component null
2026-02-17 16:02:24,354 [WARN] ModelIntegratedComponent:63 - No mode defined for component null
2026-02-17 16:02:24,354 [WARN] ModelIntegratedComponent:63 - No mode defined for component null
2026-02-17 16:02:24,354 [WARN] ModelIntegratedComponent:63 - No mode defined for component null
2026-02-17 16:02:24,354 [WARN] ModelIntegratedComponent:63 - No mode defined for component null
2026-02-17 16:02:24,354 [WARN] ModelPack:524 - Component already loaded: STMicroelectronics:HAL Drivers:0.0.0:STMicroelectronics:Device:STMicro_Driver:XSPI:HAL::0.0.1:HAL_XSPI
2026-02-17 16:02:24,418 [INFO] ThirdPartyModel:298 - Start build external matchings
2026-02-17 16:02:24,972 [INFO] ThirdPartyModel:316 - End build external matchings
2026-02-17 16:02:24,986 [INFO] ImportTextPane:234 - (OptionalMessage_ERROR) IP (RCC) : Invalid parameter (FamilyName)
2026-02-17 16:02:24,989 [INFO] ImportTextPane:234 - (OptionalMessage_ERROR) IP (RCC) : Parameter (RNGFreq_Value) has invalid value (64000000)
2026-02-17 16:02:24,989 [INFO] ImportTextPane:234 - (OptionalMessage_ERROR) IP (RCC) : Parameter (SDMMCFreq_Value) has invalid value (64000000)
2026-02-17 16:02:24,989 [INFO] ImportTextPane:234 - (OptionalMessage_ERROR) IP (RCC) : Parameter (USBFreq_Value) has invalid value (64000000)
2026-02-17 16:02:25,541 [INFO] UtilMem:75 - End LoadConfig() Used Memory: 890840144 Bytes (1073741824)
2026-02-17 16:02:25,657 [WARN] ThirdParty:833 - waiting for thirdparty lock release [change project]
2026-02-17 16:02:25,658 [INFO] ThirdParty:835 - entering critical section [change project]
2026-02-17 16:02:25,659 [INFO] ThirdParty:1030 - CMSIS Pack Vendor :STMicroelectronics X-CUBE-PM33A1 1.0.0
2026-02-17 16:02:25,659 [INFO] ThirdParty:1030 - CMSIS Pack Vendor :STMicroelectronics USBPD 4.1
2026-02-17 16:02:25,659 [INFO] ThirdParty:1030 - CMSIS Pack Vendor :STMicroelectronics X-CUBE-NFC9 1.0.0
2026-02-17 16:02:25,659 [INFO] ThirdParty:1030 - CMSIS Pack Vendor :STMicroelectronics USB_HOST 2.0.0
2026-02-17 16:02:25,659 [INFO] ThirdParty:1030 - CMSIS Pack Vendor :STMicroelectronics FP-SNS-MOTENVWB1 1.4.0
2026-02-17 16:02:25,659 [INFO] ThirdParty:1030 - CMSIS Pack Vendor :STMicroelectronics X-CUBE-AZRTOS-F4 1.1.0
2026-02-17 16:02:25,659 [INFO] ThirdParty:1030 - CMSIS Pack Vendor :STMicroelectronics LIBJPEG 8.0.0
2026-02-17 16:02:25,659 [INFO] ThirdParty:1030 - CMSIS Pack Vendor :STMicroelectronics FP-ATR-ASTRA1 2.0.2
2026-02-17 16:02:25,659 [INFO] ThirdParty:1030 - CMSIS Pack Vendor :STMicroelectronics X-CUBE-BLE1 7.1.0
2026-02-17 16:02:25,659 [INFO] ThirdParty:1030 - CMSIS Pack Vendor :STMicroelectronics X-CUBE-SMBUS 2.1.0
2026-02-17 16:02:25,659 [INFO] ThirdParty:1030 - CMSIS Pack Vendor :wolfSSL I-CUBE-wolfMQTT 1.19.2
2026-02-17 16:02:25,659 [INFO] ThirdParty:1030 - CMSIS Pack Vendor :STMicroelectronics USB_DEVICE 3.0.0
2026-02-17 16:02:25,659 [INFO] ThirdParty:1030 - CMSIS Pack Vendor :STMicroelectronics X-CUBE-ISPU 2.1.0
2026-02-17 16:02:25,660 [INFO] ThirdParty:1030 - CMSIS Pack Vendor :STMicroelectronics X-CUBE-FREERTOS 1.4.0
2026-02-17 16:02:25,660 [INFO] ThirdParty:1030 - CMSIS Pack Vendor :STMicroelectronics X-CUBE-EEPRMA1 5.2.0
2026-02-17 16:02:25,660 [INFO] ThirdParty:1030 - CMSIS Pack Vendor :STMicroelectronics X-CUBE-IPS 3.2.0
2026-02-17 16:02:25,662 [INFO] ThirdParty:1030 - CMSIS Pack Vendor :STMicroelectronics X-CUBE-BLEMGR 4.1.0
2026-02-17 16:02:25,662 [INFO] ThirdParty:1030 - CMSIS Pack Vendor :STMicroelectronics X-CUBE-AZRTOS-WB 2.0.0
2026-02-17 16:02:25,663 [INFO] ThirdParty:1030 - CMSIS Pack Vendor :wolfSSL I-CUBE-wolfSSL 5.8.4
2026-02-17 16:02:25,663 [INFO] ThirdParty:1030 - CMSIS Pack Vendor :Cesanta I-CUBE-Mongoose 7.20.0
2026-02-17 16:02:25,663 [INFO] ThirdParty:1030 - CMSIS Pack Vendor :STMicroelectronics X-CUBE-NFC12 1.0.0
2026-02-17 16:02:25,663 [INFO] ThirdParty:1030 - CMSIS Pack Vendor :STMicroelectronics X-CUBE-AZRTOS-F7 1.1.0
2026-02-17 16:02:25,663 [INFO] ThirdParty:1030 - CMSIS Pack Vendor :STMicroelectronics X-CUBE-AZRTOS-L5 2.0.0
2026-02-17 16:02:25,664 [INFO] ThirdParty:1030 - CMSIS Pack Vendor :STMicroelectronics USB_DEVICE 2.0.0
2026-02-17 16:02:25,672 [INFO] ThirdParty:1030 - CMSIS Pack Vendor :quantropi X-CUBE-qispace-sdk-base 2.1.0
2026-02-17 16:02:25,672 [INFO] ThirdParty:1030 - CMSIS Pack Vendor :STMicroelectronics X-CUBE-MEMS1 12.0.0
2026-02-17 16:02:25,672 [INFO] ThirdParty:1030 - CMSIS Pack Vendor :STMicroelectronics X-CUBE-STSE01 2.0.0
2026-02-17 16:02:25,672 [INFO] ThirdParty:1030 - CMSIS Pack Vendor :STMicroelectronics FP-SNS-MOTENV1 5.1.0
2026-02-17 16:02:25,672 [INFO] ThirdParty:1030 - CMSIS Pack Vendor :STMicroelectronics FreeRTOS 0.0.1
2026-02-17 16:02:25,672 [INFO] ThirdParty:1030 - CMSIS Pack Vendor :STMicroelectronics X-CUBE-AZRTOS-G0 1.1.0
2026-02-17 16:02:25,673 [INFO] ThirdParty:1030 - CMSIS Pack Vendor :STMicroelectronics X-CUBE-NFC4 3.0.0
2026-02-17 16:02:25,673 [INFO] ThirdParty:1030 - CMSIS Pack Vendor :STMicroelectronics X-CUBE-SUBG2 5.0.0
2026-02-17 16:02:25,673 [INFO] ThirdParty:1030 - CMSIS Pack Vendor :STMicroelectronics STM32_WPAN 1.0.0
2026-02-17 16:02:25,673 [INFO] ThirdParty:1030 - CMSIS Pack Vendor :EmbeddedOffice I-CUBE-FS-RTOS 1.0.1
2026-02-17 16:02:25,673 [INFO] ThirdParty:1030 - CMSIS Pack Vendor :STMicroelectronics lwIP 2.0.3
2026-02-17 16:02:25,673 [INFO] ThirdParty:1030 - CMSIS Pack Vendor :WES I-CUBE-Cesium 1.4.0
2026-02-17 16:02:25,673 [INFO] ThirdParty:1030 - CMSIS Pack Vendor :STMicroelectronics USB_HOST 1.0.0
2026-02-17 16:02:25,673 [INFO] ThirdParty:1030 - CMSIS Pack Vendor :STMicroelectronics X-CUBE-AZRTOS-G4 2.0.0
2026-02-17 16:02:25,674 [INFO] ThirdParty:1030 - CMSIS Pack Vendor :STMicroelectronics X-CUBE-WB05N 2.0.0
2026-02-17 16:02:25,674 [INFO] ThirdParty:1030 - CMSIS Pack Vendor :STMicroelectronics PDM2PCM 3.1.0
2026-02-17 16:02:25,674 [INFO] ThirdParty:1030 - CMSIS Pack Vendor :STMicroelectronics PDM2PCM 3.3.0
2026-02-17 16:02:25,674 [INFO] ThirdParty:1030 - CMSIS Pack Vendor :wolfSSL I-CUBE-wolfTPM 3.8.0
2026-02-17 16:02:25,674 [INFO] ThirdParty:1030 - CMSIS Pack Vendor :STMicroelectronics X-CUBE-AZRTOS-H7 3.4.0
2026-02-17 16:02:25,674 [INFO] ThirdParty:1030 - CMSIS Pack Vendor :STMicroelectronics X-CUBE-DISPLAY 3.0.0
2026-02-17 16:02:25,674 [INFO] ThirdParty:1030 - CMSIS Pack Vendor :wolfSSL I-CUBE-wolfSSH 1.4.20
2026-02-17 16:02:25,674 [INFO] ThirdParty:1030 - CMSIS Pack Vendor :STMicroelectronics X-CUBE-NFC7 2.0.0
2026-02-17 16:02:25,674 [INFO] ThirdParty:1030 - CMSIS Pack Vendor :STMicroelectronics FP-SNS-MOTENVWB1 1.5.0
2026-02-17 16:02:25,674 [INFO] ThirdParty:1030 - CMSIS Pack Vendor :STMicroelectronics X-CUBE-TCPP 4.2.0
2026-02-17 16:02:25,675 [INFO] ThirdParty:1030 - CMSIS Pack Vendor :RealThread X-CUBE-RT-Thread_Nano 4.1.1
2026-02-17 16:02:25,675 [INFO] ThirdParty:1030 - CMSIS Pack Vendor :STMicroelectronics FP-ATR-SIGFOX1 3.2.0
2026-02-17 16:02:25,675 [INFO] ThirdParty:1030 - CMSIS Pack Vendor :STMicroelectronics X-CUBE-NFC10 1.0.0
2026-02-17 16:02:25,675 [INFO] ThirdParty:1030 - CMSIS Pack Vendor :STMicroelectronics HAL Drivers 0.0.0
2026-02-17 16:02:25,675 [INFO] ThirdParty:1030 - CMSIS Pack Vendor :STMicroelectronics MBEDTLS 2.16.2
2026-02-17 16:02:25,675 [INFO] ThirdParty:1030 - CMSIS Pack Vendor :STMicroelectronics X-CUBE-ST60 1.1.0
2026-02-17 16:02:25,675 [INFO] ThirdParty:1030 - CMSIS Pack Vendor :STMicroelectronics X-CUBE-ALS 1.0.2
2026-02-17 16:02:25,675 [INFO] ThirdParty:1030 - CMSIS Pack Vendor :emotas I-CUBE-CANOPEN 1.3.0
2026-02-17 16:02:25,675 [INFO] ThirdParty:1030 - CMSIS Pack Vendor :STMicroelectronics MBEDTLS 2.14.1
2026-02-17 16:02:25,675 [INFO] ThirdParty:1030 - CMSIS Pack Vendor :STMicroelectronics X-CUBE-GNSS1 7.1.0
2026-02-17 16:02:25,675 [INFO] ThirdParty:1030 - CMSIS Pack Vendor :ITTIA_DB I-CUBE-ITTIADB 8.9.0
2026-02-17 16:02:25,675 [INFO] ThirdParty:1030 - CMSIS Pack Vendor :STMicroelectronics X-CUBE-TOUCHGFX 4.26.0
2026-02-17 16:02:25,675 [INFO] ThirdParty:1030 - CMSIS Pack Vendor :STMicroelectronics X-CUBE-NFC6 3.2.0
2026-02-17 16:02:25,676 [INFO] ThirdParty:1030 - CMSIS Pack Vendor :STMicroelectronics FP-SNS-STBOX1 2.1.0
2026-02-17 16:02:25,676 [INFO] ThirdParty:1030 - CMSIS Pack Vendor :STMicroelectronics X-CUBE-AI 10.2.0
2026-02-17 16:02:25,676 [INFO] ThirdParty:1030 - CMSIS Pack Vendor :STMicroelectronics FP-SNS-STAIOTCFT 1.0.0
2026-02-17 16:02:25,676 [INFO] ThirdParty:1030 - CMSIS Pack Vendor :STMicroelectronics ThreadX 1.0.0
2026-02-17 16:02:25,676 [INFO] ThirdParty:1030 - CMSIS Pack Vendor :STMicroelectronics FP-SNS-SMARTAG2 1.2.0
2026-02-17 16:02:25,676 [INFO] ThirdParty:1030 - CMSIS Pack Vendor :STMicroelectronics FP-SNS-FLIGHT1 5.1.0
2026-02-17 16:02:25,676 [INFO] ThirdParty:1030 - CMSIS Pack Vendor :STMicroelectronics X-CUBE-AZRTOS-WL 2.0.0
2026-02-17 16:02:25,676 [INFO] ThirdParty:1030 - CMSIS Pack Vendor :SEGGER I-CUBE-embOS 1.3.1
2026-02-17 16:02:25,676 [INFO] ThirdParty:1030 - CMSIS Pack Vendor :STMicroelectronics X-CUBE-ALGOBUILD 1.4.0
2026-02-17 16:02:25,676 [INFO] ThirdParty:1030 - CMSIS Pack Vendor :STMicroelectronics X-CUBE-DPower 1.3.0
2026-02-17 16:02:25,676 [INFO] ThirdParty:1030 - CMSIS Pack Vendor :STMicroelectronics USB_DEVICE 1.0.0
2026-02-17 16:02:25,676 [INFO] ThirdParty:1030 - CMSIS Pack Vendor :STMicroelectronics X-CUBE-AZRTOS-H7RS 1.2.0
2026-02-17 16:02:25,676 [INFO] ThirdParty:1030 - CMSIS Pack Vendor :STMicroelectronics X-CUBE-AZRTOS-L4 2.0.0
2026-02-17 16:02:25,677 [INFO] ThirdParty:1030 - CMSIS Pack Vendor :STMicroelectronics ThreadX 0.0.2
2026-02-17 16:02:25,677 [INFO] ThirdParty:1030 - CMSIS Pack Vendor :STMicroelectronics lwIP 2.1.2
2026-02-17 16:02:25,677 [INFO] ThirdParty:1030 - CMSIS Pack Vendor :STMicroelectronics X-CUBE-SFXS2LP1 4.0.0
2026-02-17 16:02:25,677 [INFO] ThirdParty:1030 - CMSIS Pack Vendor :STMicroelectronics X-CUBE-BLE2 3.3.0
2026-02-17 16:02:25,677 [INFO] ThirdParty:1030 - CMSIS Pack Vendor :Avnet-IOTCONNECT X-CUBE-iotc-st67-sdk 1.0.0
2026-02-17 16:02:25,696 [INFO] ThirdParty:1030 - CMSIS Pack Vendor :STMicroelectronics X-CUBE-TOF1 3.4.3
2026-02-17 16:02:25,720 [INFO] ThirdParty:1030 - CMSIS Pack Vendor :Infineon AIROC-Wi-Fi-Bluetooth-STM32 1.8.0
2026-02-17 16:02:25,720 [INFO] ThirdParty:1030 - CMSIS Pack Vendor :STMicroelectronics PDM2PCM 3.2.0
2026-02-17 16:02:25,720 [INFO] ThirdParty:1030 - CMSIS Pack Vendor :STMicroelectronics X-CUBE-ST67W61 1.2.0
2026-02-17 16:02:25,721 [INFO] ThirdParty:841 - exiting critical section [change project]
2026-02-17 16:02:27,090 [INFO] PinOutPanel:1589 - setPackage(No Configuration,No Configuration)
2026-02-17 16:02:27,092 [INFO] PinOutPanel:1589 - setPackage(STM32L476RGTx,LQFP64)
2026-02-17 16:02:28,452 [INFO] UtilMem:75 - Before build in PCC Used Memory: 913001776 Bytes (1073741824)
2026-02-17 16:02:30,483 [INFO] UtilMem:75 - After build in PCC Used Memory: 904730184 Bytes (1073741824)
2026-02-17 16:02:30,530 [INFO] IPUIPlugin:80 - create IPUIPlugin
2026-02-17 16:02:30,530 [INFO] IPUIPlugin:80 - create IPUIPlugin
2026-02-17 16:02:30,530 [INFO] IPUIPlugin:80 - create IPUIPlugin
2026-02-17 16:02:30,530 [INFO] IPUIPlugin:80 - create IPUIPlugin
2026-02-17 16:02:30,530 [INFO] IPUIPlugin:80 - create IPUIPlugin
2026-02-17 16:02:30,530 [INFO] IPUIPlugin:80 - create IPUIPlugin
2026-02-17 16:02:30,532 [INFO] IPUIPlugin:80 - create IPUIPlugin
2026-02-17 16:02:30,533 [INFO] IPUIPlugin:80 - create IPUIPlugin
2026-02-17 16:02:30,533 [INFO] IPUIPlugin:80 - create IPUIPlugin
2026-02-17 16:02:30,533 [INFO] IPUIPlugin:80 - create IPUIPlugin
2026-02-17 16:02:30,533 [INFO] IPUIPlugin:80 - create IPUIPlugin
2026-02-17 16:02:30,533 [INFO] IPUIPlugin:80 - create IPUIPlugin
2026-02-17 16:02:30,533 [INFO] IPUIPlugin:80 - create IPUIPlugin
2026-02-17 16:02:30,534 [INFO] IPUIPlugin:80 - create IPUIPlugin
2026-02-17 16:02:30,534 [INFO] IPUIPlugin:80 - create IPUIPlugin
2026-02-17 16:02:30,534 [INFO] IPUIPlugin:80 - create IPUIPlugin
2026-02-17 16:02:30,534 [INFO] IPUIPlugin:80 - create IPUIPlugin
2026-02-17 16:02:30,535 [INFO] IPUIPlugin:80 - create IPUIPlugin
2026-02-17 16:02:30,536 [INFO] IPUIPlugin:80 - create IPUIPlugin
2026-02-17 16:02:30,536 [INFO] IPUIPlugin:80 - create IPUIPlugin
2026-02-17 16:02:30,537 [INFO] IPUIPlugin:80 - create IPUIPlugin
2026-02-17 16:02:30,537 [INFO] IPUIPlugin:80 - create IPUIPlugin
2026-02-17 16:02:30,537 [INFO] IPUIPlugin:80 - create IPUIPlugin
2026-02-17 16:02:30,537 [INFO] IPUIPlugin:80 - create IPUIPlugin
2026-02-17 16:02:30,537 [INFO] IPUIPlugin:80 - create IPUIPlugin
2026-02-17 16:02:30,538 [INFO] IPUIPlugin:80 - create IPUIPlugin
2026-02-17 16:02:30,538 [INFO] IPUIPlugin:80 - create IPUIPlugin
2026-02-17 16:02:30,538 [INFO] IPUIPlugin:80 - create IPUIPlugin
2026-02-17 16:02:30,538 [INFO] IPUIPlugin:80 - create IPUIPlugin
2026-02-17 16:02:30,538 [INFO] IPUIPlugin:80 - create IPUIPlugin
2026-02-17 16:02:30,539 [INFO] IPUIPlugin:80 - create IPUIPlugin
2026-02-17 16:02:30,539 [INFO] IPUIPlugin:80 - create IPUIPlugin
2026-02-17 16:02:30,539 [INFO] IPUIPlugin:80 - create IPUIPlugin
2026-02-17 16:02:30,539 [INFO] IPUIPlugin:80 - create IPUIPlugin
2026-02-17 16:02:30,539 [INFO] IPUIPlugin:80 - create IPUIPlugin
2026-02-17 16:02:30,540 [INFO] IPUIPlugin:80 - create IPUIPlugin
2026-02-17 16:02:30,540 [INFO] IPUIPlugin:80 - create IPUIPlugin
2026-02-17 16:02:30,540 [INFO] IPUIPlugin:80 - create IPUIPlugin
2026-02-17 16:02:30,540 [INFO] IPUIPlugin:80 - create IPUIPlugin
2026-02-17 16:02:30,540 [INFO] IPUIPlugin:80 - create IPUIPlugin
2026-02-17 16:02:30,541 [INFO] IPUIPlugin:80 - create IPUIPlugin
2026-02-17 16:02:30,541 [INFO] IPUIPlugin:80 - create IPUIPlugin
2026-02-17 16:02:30,541 [INFO] IPUIPlugin:80 - create IPUIPlugin
2026-02-17 16:02:30,541 [INFO] IPUIPlugin:80 - create IPUIPlugin
2026-02-17 16:02:30,541 [INFO] IPUIPlugin:80 - create IPUIPlugin
2026-02-17 16:02:30,542 [INFO] IPUIPlugin:80 - create IPUIPlugin
2026-02-17 16:02:30,542 [INFO] IPUIPlugin:80 - create IPUIPlugin
2026-02-17 16:02:30,542 [INFO] IPUIPlugin:80 - create IPUIPlugin
2026-02-17 16:02:30,542 [INFO] IPUIPlugin:80 - create IPUIPlugin
2026-02-17 16:02:30,543 [INFO] IPUIPlugin:80 - create IPUIPlugin
2026-02-17 16:02:30,543 [INFO] IPUIPlugin:80 - create IPUIPlugin
2026-02-17 16:02:30,543 [INFO] IPUIPlugin:80 - create IPUIPlugin
2026-02-17 16:02:30,544 [INFO] IPUIPlugin:80 - create IPUIPlugin
2026-02-17 16:02:30,544 [INFO] IPUIPlugin:80 - create IPUIPlugin
2026-02-17 16:02:30,544 [INFO] IPUIPlugin:80 - create IPUIPlugin
2026-02-17 16:02:30,545 [INFO] IPUIPlugin:80 - create IPUIPlugin
2026-02-17 16:02:30,545 [INFO] IPUIPlugin:80 - create IPUIPlugin
2026-02-17 16:02:30,546 [INFO] IPUIPlugin:80 - create IPUIPlugin
2026-02-17 16:02:30,546 [INFO] IPUIPlugin:80 - create IPUIPlugin
2026-02-17 16:02:30,886 [INFO] CADModel:165 - CPN selected for project levelSTM32L476RGT3
2026-02-17 16:02:30,886 [INFO] CADModel:114 - Register for checkConnection events
2026-02-17 16:02:30,926 [INFO] OpenFileManager:386 - Restore cursor
2026-02-17 16:02:35,909 [INFO] UtilMem:75 - End SaveConfig() Used Memory: 956645032 Bytes (1073741824)
2026-02-17 16:02:36,009 [INFO] UtilMem:75 - End SaveConfig() Used Memory: 980432008 Bytes (1073741824)
2026-02-17 16:02:36,810 [INFO] BlockDiagram:2775 - set Specific Code input for plugin: SYS
2026-02-17 16:02:36,811 [INFO] BlockDiagram:2775 - set Specific Code input for plugin: RCC
2026-02-17 16:02:36,811 [INFO] BlockDiagram:2775 - set Specific Code input for plugin: NVIC
2026-02-17 16:02:36,811 [INFO] BlockDiagram:2775 - set Specific Code input for plugin: USART
2026-02-17 16:02:36,811 [INFO] BlockDiagram:2775 - set Specific Code input for plugin: GPIO
2026-02-17 16:02:36,812 [INFO] CodeGenerator:892 - code generatio: config db path: D:\STM32CubeIDE_1.19.0\STM32CubeIDE\plugins\com.st.stm32cube.common.mx_6.15.0.202507011659\\db\
2026-02-17 16:02:37,072 [INFO] CodeEngine:265 - oldGeneratedFile, D:\Systick_BareMetal\MXTmpFiles\license.tmp_save
2026-02-17 16:02:37,837 [INFO] CodeEngine:289 - Generated code: D:\Systick_BareMetal\MXTmpFiles\license.tmp
2026-02-17 16:02:38,047 [INFO] CodeEngine:265 - oldGeneratedFile, D:\Systick_BareMetal\MXTmpFiles\gpio.tmp_save
2026-02-17 16:02:38,285 [INFO] CodeEngine:289 - Generated code: D:\Systick_BareMetal\MXTmpFiles\gpio.tmp
2026-02-17 16:02:38,519 [INFO] CodeEngine:265 - oldGeneratedFile, D:\Systick_BareMetal\Core\Src\stm32l4xx_it.c_save
2026-02-17 16:02:38,771 [INFO] CodeEngine:289 - Generated code: D:\Systick_BareMetal\Core\Src\stm32l4xx_it.c
2026-02-17 16:02:38,790 [INFO] CodeEngine:265 - oldGeneratedFile, D:\Systick_BareMetal\Core\Inc\stm32l4xx_it.h_save
2026-02-17 16:02:38,889 [INFO] CodeEngine:289 - Generated code: D:\Systick_BareMetal\Core\Inc\stm32l4xx_it.h
2026-02-17 16:02:38,918 [INFO] CodeEngine:265 - oldGeneratedFile, D:\Systick_BareMetal\Core\Src\stm32l4xx_hal_msp.c_save
2026-02-17 16:02:39,350 [INFO] CodeEngine:289 - Generated code: D:\Systick_BareMetal\Core\Src\stm32l4xx_hal_msp.c
2026-02-17 16:02:39,374 [INFO] CodeEngine:265 - oldGeneratedFile, D:\Systick_BareMetal\MXTmpFiles\system.tmp_save
2026-02-17 16:02:39,466 [INFO] CodeEngine:289 - Generated code: D:\Systick_BareMetal\MXTmpFiles\system.tmp
2026-02-17 16:02:39,499 [INFO] CodeEngine:321 - oldGeneratedFile, D:\Systick_BareMetal\Core\Inc\stm32l4xx_hal_conf.h_save
2026-02-17 16:02:39,816 [INFO] CodeEngine:345 - Generated code: D:\Systick_BareMetal\Core\Inc\stm32l4xx_hal_conf.h
2026-02-17 16:02:39,934 [INFO] ApiDbMcu:532 - Load IP Config File for USART2
2026-02-17 16:02:39,938 [INFO] ApiDbMcu:532 - Load IP Config File for RCC
2026-02-17 16:02:39,951 [INFO] CodeEngine:265 - oldGeneratedFile, D:\Systick_BareMetal\Core\Inc\main.h_save
2026-02-17 16:02:40,171 [INFO] CodeEngine:289 - Generated code: D:\Systick_BareMetal\Core\Inc\main.h
2026-02-17 16:02:40,194 [INFO] CodeEngine:265 - oldGeneratedFile, D:\Systick_BareMetal\Core\Src\main.c_save
2026-02-17 16:02:40,395 [INFO] CodeEngine:289 - Generated code: D:\Systick_BareMetal\Core\Src\main.c
2026-02-17 16:02:41,021 [INFO] ProjectBuilder:3606 - Time for Copy HAL[1] : 333mS.
2026-02-17 16:02:41,027 [INFO] ProjectBuilder:5216 - Project Generator version: 4.7.0-B52
2026-02-17 16:02:41,184 [INFO] ConfigFileManager:1595 - The Die is : DIE415
2026-02-17 16:02:41,222 [INFO] ApiDbMcu:532 - Load IP Config File for FATFS
2026-02-17 16:02:41,234 [INFO] ApiDbMcu:532 - Load IP Config File for FREERTOS
2026-02-17 16:02:41,258 [INFO] ApiDbMcu:532 - Load IP Config File for TOUCHSENSING
2026-02-17 16:02:41,271 [INFO] ApiDbMcu:532 - Load IP Config File for USB_DEVICE
2026-02-17 16:02:41,284 [INFO] ApiDbMcu:532 - Load IP Config File for USB_HOST
2026-02-17 16:02:42,926 [INFO] LogOutputStream:77 - [STDOUT_REDIRECT] 
2026-02-17 16:02:48,434 [INFO] ProjectBuilder:5496 - Time for Generating toolchain IDE Files: 7407mS.
2026-02-17 16:02:48,434 [INFO] ProjectBuilder:3463 - Time for Copy CMSIS : 0mS.
2026-02-17 16:02:48,434 [INFO] ProjectBuilder:3463 - Time for Copy CMSIS : 0mS.
2026-02-17 16:02:52,286 [INFO] McuFinderGlobals:76 - Set McuFinderConnectedMode to true
2026-02-17 16:02:52,304 [INFO] ApiDb:448 - Save user favorites file C:\Users\Hemanth Madu/.stm32cubeide/favorites.mcus.txt: 0 item(s)
2026-02-17 16:02:52,305 [INFO] ApiDb:452 - User favorites MCUs=[]
2026-02-17 16:02:52,353 [INFO] ApiDb:448 - Save user favorites file C:\Users\Hemanth Madu/.stm32cubeide/favorites.boards.txt: 0 item(s)
2026-02-17 16:02:52,353 [INFO] ApiDb:452 - User favorites Boards=[]
2026-02-17 16:04:06,327 [INFO] WebApp:194 - Connection lost
2026-02-17 16:04:06,610 [INFO] WebApp:191 - Connection restablished
2026-02-17 16:08:22,373 [INFO] UtilMem:75 - End SaveConfig() Used Memory: 693417480 Bytes (1073741824)
2026-02-17 16:08:24,164 [INFO] UtilMem:75 - End SaveConfig() Used Memory: 725438064 Bytes (1073741824)
2026-02-17 16:08:27,142 [INFO] UtilMem:75 - End SaveConfig() Used Memory: 799586192 Bytes (1073741824)
2026-02-17 16:08:27,869 [INFO] BlockDiagram:2775 - set Specific Code input for plugin: SYS
2026-02-17 16:08:27,870 [INFO] BlockDiagram:2775 - set Specific Code input for plugin: RCC
2026-02-17 16:08:27,870 [INFO] BlockDiagram:2775 - set Specific Code input for plugin: NVIC
2026-02-17 16:08:27,871 [INFO] BlockDiagram:2775 - set Specific Code input for plugin: USART
2026-02-17 16:08:27,872 [INFO] BlockDiagram:2775 - set Specific Code input for plugin: GPIO
2026-02-17 16:08:27,874 [INFO] CodeGenerator:892 - code generatio: config db path: D:\STM32CubeIDE_1.19.0\STM32CubeIDE\plugins\com.st.stm32cube.common.mx_6.15.0.202507011659\\db\
2026-02-17 16:08:28,012 [INFO] CodeEngine:265 - oldGeneratedFile, D:\Systick_BareMetal\MXTmpFiles\license.tmp_save
2026-02-17 16:08:28,433 [INFO] CodeEngine:289 - Generated code: D:\Systick_BareMetal\MXTmpFiles\license.tmp
2026-02-17 16:08:28,526 [INFO] CodeEngine:265 - oldGeneratedFile, D:\Systick_BareMetal\MXTmpFiles\gpio.tmp_save
2026-02-17 16:08:28,758 [INFO] CodeEngine:289 - Generated code: D:\Systick_BareMetal\MXTmpFiles\gpio.tmp
2026-02-17 16:08:29,089 [INFO] CodeEngine:265 - oldGeneratedFile, D:\Systick_BareMetal\Core\Src\stm32l4xx_it.c_save
2026-02-17 16:08:29,534 [INFO] CodeEngine:289 - Generated code: D:\Systick_BareMetal\Core\Src\stm32l4xx_it.c
2026-02-17 16:08:29,547 [INFO] CodeEngine:265 - oldGeneratedFile, D:\Systick_BareMetal\Core\Inc\stm32l4xx_it.h_save
2026-02-17 16:08:29,664 [INFO] CodeEngine:289 - Generated code: D:\Systick_BareMetal\Core\Inc\stm32l4xx_it.h
2026-02-17 16:08:29,687 [INFO] CodeEngine:265 - oldGeneratedFile, D:\Systick_BareMetal\Core\Src\stm32l4xx_hal_msp.c_save
2026-02-17 16:08:30,047 [INFO] CodeEngine:289 - Generated code: D:\Systick_BareMetal\Core\Src\stm32l4xx_hal_msp.c
2026-02-17 16:08:30,059 [INFO] CodeEngine:265 - oldGeneratedFile, D:\Systick_BareMetal\MXTmpFiles\system.tmp_save
2026-02-17 16:08:30,141 [INFO] CodeEngine:289 - Generated code: D:\Systick_BareMetal\MXTmpFiles\system.tmp
2026-02-17 16:08:30,172 [INFO] CodeEngine:321 - oldGeneratedFile, D:\Systick_BareMetal\Core\Inc\stm32l4xx_hal_conf.h_save
2026-02-17 16:08:30,405 [INFO] CodeEngine:345 - Generated code: D:\Systick_BareMetal\Core\Inc\stm32l4xx_hal_conf.h
2026-02-17 16:08:30,472 [INFO] CodeEngine:265 - oldGeneratedFile, D:\Systick_BareMetal\Core\Inc\main.h_save
2026-02-17 16:08:30,681 [INFO] CodeEngine:289 - Generated code: D:\Systick_BareMetal\Core\Inc\main.h
2026-02-17 16:08:30,692 [INFO] CodeEngine:265 - oldGeneratedFile, D:\Systick_BareMetal\Core\Src\main.c_save
2026-02-17 16:08:30,907 [INFO] CodeEngine:289 - Generated code: D:\Systick_BareMetal\Core\Src\main.c
2026-02-17 16:08:31,493 [INFO] ProjectBuilder:3606 - Time for Copy HAL[1] : 318mS.
2026-02-17 16:08:31,496 [INFO] ProjectBuilder:5216 - Project Generator version: 4.7.0-B52
2026-02-17 16:08:31,605 [INFO] ConfigFileManager:1595 - The Die is : DIE415
2026-02-17 16:08:34,094 [INFO] ProjectBuilder:5496 - Time for Generating toolchain IDE Files: 2598mS.
2026-02-17 16:08:34,095 [INFO] ProjectBuilder:3463 - Time for Copy CMSIS : 0mS.
2026-02-17 16:08:34,097 [INFO] ProjectBuilder:3463 - Time for Copy CMSIS : 0mS.
2026-02-17 16:23:18,794 [INFO] MainUpdater:2872 - connection check result : 10
2026-02-17 16:23:20,215 [INFO] McuFinderGlobals:76 - Set McuFinderConnectedMode to true
2026-02-17 16:23:20,218 [INFO] MultiScanPanel:200 - Auto-refresh data requested => check proxy status ongoing
2026-02-17 16:23:20,218 [INFO] FinderPluginLoader:96 - Searching for filters in installed packs
2026-02-17 16:23:23,541 [INFO] LoadUrlFilesThread:185 - End of LoadServerUrlFiles without Thread
2026-02-17 16:23:23,541 [INFO] DetailPanel:341 - Set advertising image to C:/Users/Hemanth Madu/STM32Cube/Repository/\en.prom-stm32c0-entry-level-graphic-0226.png
2026-02-17 16:23:59,271 [INFO] McuFinderGlobals:76 - Set McuFinderConnectedMode to true
2026-02-17 16:24:00,195 [INFO] ApiDb:448 - Save user favorites file C:\Users\Hemanth Madu/.stm32cubeide/favorites.mcus.txt: 0 item(s)
2026-02-17 16:24:00,195 [INFO] ApiDb:452 - User favorites MCUs=[]
2026-02-17 16:24:14,827 [INFO] MainUpdater:2872 - connection check result : 10
2026-02-17 16:24:16,945 [INFO] McuFinderGlobals:76 - Set McuFinderConnectedMode to true
2026-02-17 16:24:16,946 [INFO] MultiScanPanel:200 - Auto-refresh data requested => check proxy status ongoing
2026-02-17 16:24:16,947 [INFO] FinderPluginLoader:96 - Searching for filters in installed packs
2026-02-17 16:24:18,223 [INFO] LoadUrlFilesThread:185 - End of LoadServerUrlFiles without Thread
2026-02-17 16:24:18,223 [INFO] DetailPanel:341 - Set advertising image to C:/Users/Hemanth Madu/STM32Cube/Repository/\en.prom-stm32c0-entry-level-graphic-0226.png
2026-02-17 16:24:18,806 [INFO] MultiScanPanel:728 - adjusting invalid saved split location: -0.11
2026-02-17 16:24:19,008 [INFO] MultiScanPanel:728 - adjusting invalid saved split location: -0.11
2026-02-17 16:27:13,688 [INFO] McuFinderGlobals:76 - Set McuFinderConnectedMode to true
2026-02-17 16:27:14,162 [INFO] ApiDb:448 - Save user favorites file C:\Users\Hemanth Madu/.stm32cubeide/favorites.mcus.txt: 0 item(s)
2026-02-17 16:27:14,162 [INFO] ApiDb:452 - User favorites MCUs=[]
2026-02-17 16:27:20,605 [INFO] MainUpdater:2872 - connection check result : 10
2026-02-17 16:27:22,215 [INFO] McuFinderGlobals:76 - Set McuFinderConnectedMode to true
2026-02-17 16:27:22,216 [INFO] MultiScanPanel:200 - Auto-refresh data requested => check proxy status ongoing
2026-02-17 16:27:22,217 [INFO] FinderPluginLoader:96 - Searching for filters in installed packs
2026-02-17 16:27:23,250 [INFO] LoadUrlFilesThread:185 - End of LoadServerUrlFiles without Thread
2026-02-17 16:27:23,251 [INFO] DetailPanel:341 - Set advertising image to C:/Users/Hemanth Madu/STM32Cube/Repository/\en.prom-stm32c0-entry-level-graphic-0226.png
2026-02-17 16:27:23,533 [INFO] MultiScanPanel:728 - adjusting invalid saved split location: -0.1
2026-02-17 16:27:23,675 [INFO] MultiScanPanel:728 - adjusting invalid saved split location: -0.1
2026-02-17 16:27:32,686 [INFO] McuFinderGlobals:76 - Set McuFinderConnectedMode to true
2026-02-17 16:27:32,836 [INFO] ApiDb:448 - Save user favorites file C:\Users\Hemanth Madu/.stm32cubeide/favorites.mcus.txt: 0 item(s)
2026-02-17 16:27:32,837 [INFO] ApiDb:452 - User favorites MCUs=[]
2026-02-17 16:27:41,466 [ERROR] LogOutputStream:75 - [STDERR_REDIRECT] 
2026-02-17 16:27:41,481 [ERROR] LogOutputStream:75 - [STDERR_REDIRECT] 
2026-02-17 16:27:53,933 [INFO] Activator:176 - 


2026-02-17 16:27:53,942 [INFO] Activator:177 - !SESSION log4j initialized
2026-02-17 16:28:04,113 [INFO] LogOutputStream:77 - [STDOUT_REDIRECT] 
2026-02-17 16:28:08,659 [INFO] ApplicationProperties:184 - Using Application install path: D:\STM32CubeIDE_1.19.0\STM32CubeIDE\plugins\com.st.stm32cube.common.mx_6.15.0.202507011659
2026-02-17 16:28:08,689 [INFO] DbMcusXml:78 - Set database path to: D:\STM32CubeIDE_1.19.0\STM32CubeIDE\plugins\com.st.stm32cube.common.mx_6.15.0.202507011659\\db\/mcu/
2026-02-17 16:28:08,689 [INFO] ApiDb:274 - Set plugin database path to: D:\STM32CubeIDE_1.19.0\STM32CubeIDE\plugins\com.st.stm32cube.common.mx_6.15.0.202507011659\\db\/plugins/boardmanager/
2026-02-17 16:28:08,689 [WARN] ApiDb:259 - Overriding images path with different value:  => D:\STM32CubeIDE_1.19.0\STM32CubeIDE\plugins\com.st.stm32cube.common.mx_6.15.0.202507011659\\db\/plugins/mcufinder/images/
2026-02-17 16:28:08,701 [INFO] ApiDb:250 - Set database path to: C:\Users\Hemanth Madu\.stmcufinder\plugins\mcufinder//mcu/
2026-02-17 16:28:08,702 [INFO] DbMcusAds:125 - Set database path to: C:\Users\Hemanth Madu\.stmcufinder\plugins\mcufinder//mcu/
2026-02-17 16:28:08,704 [INFO] CrossReferenceDbSqlite:203 - Set database path to: C:\Users\Hemanth Madu\.stmcufinder\plugins\mcufinder//mcu/cs/
2026-02-17 16:28:08,913 [INFO] RulesReader:64 - Compatibility file has been processed (317 Rules)
2026-02-17 16:28:09,121 [INFO] DbMcusXml:78 - Set database path to: D:\STM32CubeIDE_1.19.0\STM32CubeIDE\plugins\com.st.stm32cube.common.mx_6.15.0.202507011659\\db\/mcu/
2026-02-17 16:28:09,121 [INFO] ApiDb:274 - Set plugin database path to: D:\STM32CubeIDE_1.19.0\STM32CubeIDE\plugins\com.st.stm32cube.common.mx_6.15.0.202507011659\\db\/plugins/boardmanager/
2026-02-17 16:28:09,122 [INFO] ApiDb:261 - Set plugin images path to: D:\STM32CubeIDE_1.19.0\STM32CubeIDE\plugins\com.st.stm32cube.common.mx_6.15.0.202507011659\\db\/plugins/mcufinder/images/
2026-02-17 16:28:09,122 [WARN] DbFile:41 - Overriding database path with different value: C:\Users\Hemanth Madu\.stmcufinder\plugins\mcufinder/ => C:\Users\Hemanth Madu\.stmcufinder\plugins\mcufinder
2026-02-17 16:28:09,122 [INFO] ApiDb:250 - Set database path to: C:\Users\Hemanth Madu\.stmcufinder\plugins\mcufinder//mcu/
2026-02-17 16:28:09,122 [WARN] DbFile:41 - Overriding database path with different value: C:\Users\Hemanth Madu\.stmcufinder\plugins\mcufinder/ => C:\Users\Hemanth Madu\.stmcufinder\plugins\mcufinder
2026-02-17 16:28:09,122 [INFO] DbMcusAds:125 - Set database path to: C:\Users\Hemanth Madu\.stmcufinder\plugins\mcufinder//mcu/
2026-02-17 16:28:09,122 [WARN] DbFile:41 - Overriding database path with different value: C:\Users\Hemanth Madu\.stmcufinder\plugins\mcufinder/ => C:\Users\Hemanth Madu\.stmcufinder\plugins\mcufinder
2026-02-17 16:28:09,122 [WARN] DbFile:41 - Overriding database path with different value: C:\Users\Hemanth Madu\.stmcufinder\plugins\mcufinder/ => C:\Users\Hemanth Madu\.stmcufinder\plugins\mcufinder
2026-02-17 16:28:09,122 [INFO] CrossReferenceDbSqlite:203 - Set database path to: C:\Users\Hemanth Madu\.stmcufinder\plugins\mcufinder//mcu/cs/
2026-02-17 16:28:09,335 [INFO] MainPanel:274 - HeapMemory: 268435456
2026-02-17 16:28:09,705 [INFO] DbMcusXml:78 - Set database path to: D:\STM32CubeIDE_1.19.0\STM32CubeIDE\plugins\com.st.stm32cube.common.mx_6.15.0.202507011659\\db\/mcu/
2026-02-17 16:28:09,705 [INFO] ApiDb:274 - Set plugin database path to: D:\STM32CubeIDE_1.19.0\STM32CubeIDE\plugins\com.st.stm32cube.common.mx_6.15.0.202507011659\\db\/plugins/boardmanager/
2026-02-17 16:28:09,705 [INFO] ApiDb:261 - Set plugin images path to: D:\STM32CubeIDE_1.19.0\STM32CubeIDE\plugins\com.st.stm32cube.common.mx_6.15.0.202507011659\\db\/plugins/mcufinder/images/
2026-02-17 16:28:09,705 [WARN] DbFile:41 - Overriding database path with different value: C:\Users\Hemanth Madu\.stmcufinder\plugins\mcufinder/ => C:\Users\Hemanth Madu\.stmcufinder\plugins\mcufinder
2026-02-17 16:28:09,705 [INFO] ApiDb:250 - Set database path to: C:\Users\Hemanth Madu\.stmcufinder\plugins\mcufinder//mcu/
2026-02-17 16:28:09,705 [WARN] DbFile:41 - Overriding database path with different value: C:\Users\Hemanth Madu\.stmcufinder\plugins\mcufinder/ => C:\Users\Hemanth Madu\.stmcufinder\plugins\mcufinder
2026-02-17 16:28:09,705 [INFO] DbMcusAds:125 - Set database path to: C:\Users\Hemanth Madu\.stmcufinder\plugins\mcufinder//mcu/
2026-02-17 16:28:09,705 [WARN] DbFile:41 - Overriding database path with different value: C:\Users\Hemanth Madu\.stmcufinder\plugins\mcufinder/ => C:\Users\Hemanth Madu\.stmcufinder\plugins\mcufinder
2026-02-17 16:28:09,705 [WARN] DbFile:41 - Overriding database path with different value: C:\Users\Hemanth Madu\.stmcufinder\plugins\mcufinder/ => C:\Users\Hemanth Madu\.stmcufinder\plugins\mcufinder
2026-02-17 16:28:09,706 [INFO] CrossReferenceDbSqlite:203 - Set database path to: C:\Users\Hemanth Madu\.stmcufinder\plugins\mcufinder//mcu/cs/
2026-02-17 16:28:09,745 [INFO] ApplicationProperties:184 - Using Application install path: D:\STM32CubeIDE_1.19.0\STM32CubeIDE\plugins\com.st.stm32cube.common.mx_6.15.0.202507011659
2026-02-17 16:28:09,746 [INFO] PluginManage:196 - Search for loadable plugins [exclusion list=, ]
2026-02-17 16:28:09,752 [INFO] PluginManage:310 - Check plugin analytics
2026-02-17 16:28:10,095 [INFO] AnalyticsPlugin:253 - Accepted Software Licenses: 
2026-02-17 16:28:10,096 [INFO] AnalyticsPlugin:255 - Accepted CMSIS Pack Licenses: 
2026-02-17 16:28:10,096 [INFO] AnalyticsPlugin:257 - Accepted Firmware Licenses: FW.L4.1.18.0
2026-02-17 16:28:10,101 [INFO] PluginManage:359 - Loaded plugin analytics (category:tool,tabindex:-1)
2026-02-17 16:28:10,102 [INFO] PluginManage:310 - Check plugin cadmodel
2026-02-17 16:28:10,114 [INFO] CADModel:105 - Init CAD model plugin
2026-02-17 16:28:10,114 [INFO] PluginManage:359 - Loaded plugin cadmodel (category:power,tabindex:5)
2026-02-17 16:28:10,115 [INFO] PluginManage:310 - Check plugin clock
2026-02-17 16:28:10,130 [INFO] PluginManage:359 - Loaded plugin clock (category:base,tabindex:2)
2026-02-17 16:28:10,130 [INFO] PluginManage:310 - Check plugin ddr
2026-02-17 16:28:10,138 [INFO] PluginManage:359 - Loaded plugin ddr (category:tool,tabindex:6)
2026-02-17 16:28:10,138 [INFO] PluginManage:310 - Check plugin filemanager
2026-02-17 16:28:10,431 [INFO] PluginManage:359 - Loaded plugin filemanager (category:base,tabindex:10)
2026-02-17 16:28:10,431 [INFO] PluginManage:310 - Check plugin ipmanager
2026-02-17 16:28:10,438 [INFO] PluginManage:359 - Loaded plugin ipmanager (category:base,tabindex:5)
2026-02-17 16:28:10,438 [INFO] PluginManage:310 - Check plugin lpbam
2026-02-17 16:28:10,451 [INFO] PluginManage:359 - Loaded plugin lpbam (category:base,tabindex:0)
2026-02-17 16:28:10,452 [INFO] PluginManage:310 - Check plugin memorymap
2026-02-17 16:28:10,485 [INFO] PluginManage:359 - Loaded plugin memorymap (category:base,tabindex:4)
2026-02-17 16:28:10,486 [INFO] PluginManage:310 - Check plugin pinoutandconfiguration
2026-02-17 16:28:10,493 [INFO] PluginManage:359 - Loaded plugin pinoutandconfiguration (category:base,tabindex:1)
2026-02-17 16:28:10,493 [INFO] PluginManage:310 - Check plugin pinoutconfig
2026-02-17 16:28:10,642 [WARN] SupportedApi:132 - Cannot load RTOS API schema: s4s-elt-must-match.1: The content of 'definitions' must match (annotation?, (simpleType | complexType)?, (unique | key | keyref)*)). A problem was found starting at: attribute.
2026-02-17 16:28:10,975 [INFO] PluginManage:359 - Loaded plugin pinoutconfig (category:base,tabindex:0)
2026-02-17 16:28:10,975 [INFO] PluginManage:310 - Check plugin power
2026-02-17 16:28:10,993 [INFO] PluginManage:359 - Loaded plugin power (category:power,tabindex:4)
2026-02-17 16:28:10,993 [INFO] PluginManage:310 - Check plugin projectmanager
2026-02-17 16:28:11,009 [INFO] PluginManage:359 - Loaded plugin projectmanager (category:projectmanager,tabindex:4)
2026-02-17 16:28:11,010 [INFO] PluginManage:310 - Check plugin rif
2026-02-17 16:28:11,028 [INFO] PluginManage:359 - Loaded plugin rif (category:base,tabindex:3)
2026-02-17 16:28:11,029 [INFO] PluginManage:310 - Check plugin thirdparty
2026-02-17 16:28:11,299 [INFO] PluginManage:359 - Loaded plugin thirdparty (category:base,tabindex:-1)
2026-02-17 16:28:11,299 [WARN] IntegrityCheckThread:84 - waiting for thirdparty lock release [integrity check]
2026-02-17 16:28:11,300 [INFO] PluginManage:310 - Check plugin tools
2026-02-17 16:28:11,300 [INFO] IntegrityCheckThread:86 - entering critical section [integrity check]
2026-02-17 16:28:11,300 [INFO] ThirdPartyUpdaterWithRetryManager:70 - Updater plugin not ready yet. [1/15]
2026-02-17 16:28:11,302 [INFO] PluginManage:359 - Loaded plugin tools (category:base,tabindex:7)
2026-02-17 16:28:11,302 [INFO] PluginManage:310 - Check plugin tutovideos
2026-02-17 16:28:11,965 [INFO] McuFinderGlobals:63 - Set McuFinder mode to 2 (CubeIDE integrated)
2026-02-17 16:28:11,994 [INFO] PluginManage:359 - Loaded plugin tutovideos (category:base,tabindex:-1)
2026-02-17 16:28:11,994 [INFO] PluginManage:310 - Check plugin updater
2026-02-17 16:28:12,019 [INFO] PluginManage:359 - Loaded plugin updater (category:base,tabindex:12)
2026-02-17 16:28:12,019 [INFO] PluginManage:310 - Check plugin userauth
2026-02-17 16:28:12,030 [INFO] UserAuth:118 - Init User Auth plugin
2026-02-17 16:28:12,031 [INFO] PluginManage:359 - Loaded plugin userauth (category:base,tabindex:14)
2026-02-17 16:28:12,031 [INFO] PluginManage:283 - PluginManage : Loaded plugins [18]
2026-02-17 16:28:12,514 [INFO] PinOutPanel:1589 - setPackage(No Configuration,No Configuration)
2026-02-17 16:28:12,690 [INFO] CADModel:165 - CPN selected for project level
2026-02-17 16:28:12,690 [INFO] CADModel:114 - Register for checkConnection events
2026-02-17 16:28:12,704 [INFO] IPUIPlugin:80 - create IPUIPlugin
2026-02-17 16:28:12,704 [INFO] PluginManager:220 - loadIPPluginJar : add adc
2026-02-17 16:28:12,706 [INFO] IPUIPlugin:80 - create IPUIPlugin
2026-02-17 16:28:12,706 [INFO] PluginManager:220 - loadIPPluginJar : add aes
2026-02-17 16:28:12,708 [INFO] IPUIPlugin:80 - create IPUIPlugin
2026-02-17 16:28:12,708 [INFO] PluginManager:220 - loadIPPluginJar : add can
2026-02-17 16:28:12,709 [INFO] IPUIPlugin:80 - create IPUIPlugin
2026-02-17 16:28:12,709 [INFO] PluginManager:220 - loadIPPluginJar : add comp
2026-02-17 16:28:12,711 [INFO] IPUIPlugin:80 - create IPUIPlugin
2026-02-17 16:28:12,712 [INFO] PluginManager:220 - loadIPPluginJar : add cryp
2026-02-17 16:28:12,719 [INFO] IPUIPlugin:80 - create IPUIPlugin
2026-02-17 16:28:12,719 [INFO] PluginManager:220 - loadIPPluginJar : add ddr_ctrl_phy
2026-02-17 16:28:12,721 [INFO] IPUIPlugin:80 - create IPUIPlugin
2026-02-17 16:28:12,721 [INFO] PluginManager:220 - loadIPPluginJar : add dfsdm
2026-02-17 16:28:12,725 [INFO] IPUIPlugin:80 - create IPUIPlugin
2026-02-17 16:28:12,726 [INFO] PluginManager:220 - loadIPPluginJar : add dma
2026-02-17 16:28:12,727 [INFO] IPUIPlugin:80 - create IPUIPlugin
2026-02-17 16:28:12,728 [INFO] PluginManager:220 - loadIPPluginJar : add dma3
2026-02-17 16:28:12,729 [INFO] IPUIPlugin:80 - create IPUIPlugin
2026-02-17 16:28:12,730 [INFO] PluginManager:220 - loadIPPluginJar : add extmemmanager
2026-02-17 16:28:12,731 [INFO] IPUIPlugin:80 - create IPUIPlugin
2026-02-17 16:28:12,731 [INFO] PluginManager:220 - loadIPPluginJar : add fatfs
2026-02-17 16:28:12,734 [INFO] IPUIPlugin:80 - create IPUIPlugin
2026-02-17 16:28:12,734 [INFO] PluginManager:220 - loadIPPluginJar : add fmc
2026-02-17 16:28:12,738 [INFO] IPUIPlugin:80 - create IPUIPlugin
2026-02-17 16:28:12,739 [INFO] PluginManager:220 - loadIPPluginJar : add freertos
2026-02-17 16:28:12,741 [INFO] IPUIPlugin:80 - create IPUIPlugin
2026-02-17 16:28:12,741 [INFO] PluginManager:220 - loadIPPluginJar : add genericplugin
2026-02-17 16:28:12,743 [INFO] IPUIPlugin:80 - create IPUIPlugin
2026-02-17 16:28:12,743 [INFO] PluginManager:220 - loadIPPluginJar : add gfxmmu
2026-02-17 16:28:12,746 [INFO] IPUIPlugin:80 - create IPUIPlugin
2026-02-17 16:28:12,747 [INFO] PluginManager:220 - loadIPPluginJar : add gic
2026-02-17 16:28:12,749 [INFO] IPUIPlugin:80 - create IPUIPlugin
2026-02-17 16:28:12,750 [INFO] PluginManager:220 - loadIPPluginJar : add gpio
2026-02-17 16:28:12,752 [INFO] IPUIPlugin:80 - create IPUIPlugin
2026-02-17 16:28:12,752 [INFO] PluginManager:220 - loadIPPluginJar : add gtzc
2026-02-17 16:28:12,753 [INFO] IPUIPlugin:80 - create IPUIPlugin
2026-02-17 16:28:12,754 [INFO] PluginManager:220 - loadIPPluginJar : add hash
2026-02-17 16:28:12,755 [INFO] IPUIPlugin:80 - create IPUIPlugin
2026-02-17 16:28:12,755 [INFO] PluginManager:220 - loadIPPluginJar : add i2c
2026-02-17 16:28:12,757 [INFO] IPUIPlugin:80 - create IPUIPlugin
2026-02-17 16:28:12,757 [INFO] PluginManager:220 - loadIPPluginJar : add i2s
2026-02-17 16:28:12,759 [INFO] IPUIPlugin:80 - create IPUIPlugin
2026-02-17 16:28:12,760 [INFO] PluginManager:220 - loadIPPluginJar : add i3c
2026-02-17 16:28:12,768 [INFO] IPUIPlugin:80 - create IPUIPlugin
2026-02-17 16:28:12,768 [INFO] PluginManager:220 - loadIPPluginJar : add ipddr
2026-02-17 16:28:12,774 [INFO] IPUIPlugin:80 - create IPUIPlugin
2026-02-17 16:28:12,774 [INFO] PluginManager:220 - loadIPPluginJar : add linkedlist
2026-02-17 16:28:12,777 [INFO] IPUIPlugin:80 - create IPUIPlugin
2026-02-17 16:28:12,777 [INFO] PluginManager:220 - loadIPPluginJar : add lorawan
2026-02-17 16:28:12,778 [INFO] IPUIPlugin:80 - create IPUIPlugin
2026-02-17 16:28:12,778 [INFO] PluginManager:220 - loadIPPluginJar : add ltdc
2026-02-17 16:28:12,782 [INFO] IPUIPlugin:80 - create IPUIPlugin
2026-02-17 16:28:12,782 [INFO] PluginManager:220 - loadIPPluginJar : add mdma
2026-02-17 16:28:12,785 [INFO] IPUIPlugin:80 - create IPUIPlugin
2026-02-17 16:28:12,785 [INFO] PluginManager:220 - loadIPPluginJar : add nvic
2026-02-17 16:28:12,787 [INFO] IPUIPlugin:80 - create IPUIPlugin
2026-02-17 16:28:12,787 [INFO] PluginManager:220 - loadIPPluginJar : add opamp
2026-02-17 16:28:12,790 [INFO] IPUIPlugin:80 - create IPUIPlugin
2026-02-17 16:28:12,790 [INFO] PluginManager:220 - loadIPPluginJar : add openamp
2026-02-17 16:28:12,792 [INFO] IPUIPlugin:80 - create IPUIPlugin
2026-02-17 16:28:12,792 [INFO] PluginManager:220 - loadIPPluginJar : add pdm2pcm
2026-02-17 16:28:12,797 [INFO] IPUIPlugin:80 - create IPUIPlugin
2026-02-17 16:28:12,799 [INFO] PluginManager:220 - loadIPPluginJar : add plateformsettings
2026-02-17 16:28:12,800 [INFO] IPUIPlugin:80 - create IPUIPlugin
2026-02-17 16:28:12,800 [INFO] PluginManager:220 - loadIPPluginJar : add quadspi
2026-02-17 16:28:12,801 [INFO] IPUIPlugin:80 - create IPUIPlugin
2026-02-17 16:28:12,802 [INFO] PluginManager:220 - loadIPPluginJar : add radio
2026-02-17 16:28:12,804 [INFO] IPUIPlugin:80 - create IPUIPlugin
2026-02-17 16:28:12,804 [INFO] PluginManager:220 - loadIPPluginJar : add resmgrutility
2026-02-17 16:28:12,806 [INFO] IPUIPlugin:80 - create IPUIPlugin
2026-02-17 16:28:12,807 [INFO] PluginManager:220 - loadIPPluginJar : add sai
2026-02-17 16:28:12,808 [INFO] IPUIPlugin:80 - create IPUIPlugin
2026-02-17 16:28:12,809 [INFO] PluginManager:220 - loadIPPluginJar : add spi
2026-02-17 16:28:12,813 [INFO] IPUIPlugin:80 - create IPUIPlugin
2026-02-17 16:28:12,813 [INFO] PluginManager:220 - loadIPPluginJar : add stm32_wpan
2026-02-17 16:28:12,815 [INFO] IPUIPlugin:80 - create IPUIPlugin
2026-02-17 16:28:12,815 [INFO] PluginManager:220 - loadIPPluginJar : add tim
2026-02-17 16:28:12,817 [INFO] IPUIPlugin:80 - create IPUIPlugin
2026-02-17 16:28:12,818 [INFO] PluginManager:220 - loadIPPluginJar : add touchsensing
2026-02-17 16:28:12,820 [INFO] IPUIPlugin:80 - create IPUIPlugin
2026-02-17 16:28:12,820 [INFO] PluginManager:220 - loadIPPluginJar : add tracer_emb
2026-02-17 16:28:12,822 [INFO] IPUIPlugin:80 - create IPUIPlugin
2026-02-17 16:28:12,822 [INFO] PluginManager:220 - loadIPPluginJar : add ts
2026-02-17 16:28:12,823 [INFO] IPUIPlugin:80 - create IPUIPlugin
2026-02-17 16:28:12,823 [INFO] PluginManager:220 - loadIPPluginJar : add tsc
2026-02-17 16:28:12,825 [INFO] IPUIPlugin:80 - create IPUIPlugin
2026-02-17 16:28:12,825 [INFO] PluginManager:220 - loadIPPluginJar : add ucpd
2026-02-17 16:28:12,828 [INFO] IPUIPlugin:80 - create IPUIPlugin
2026-02-17 16:28:12,828 [INFO] PluginManager:220 - loadIPPluginJar : add usart
2026-02-17 16:28:12,830 [INFO] IPUIPlugin:80 - create IPUIPlugin
2026-02-17 16:28:12,830 [INFO] PluginManager:220 - loadIPPluginJar : add usbx
2026-02-17 16:28:12,980 [FATAL] Updater:351 - Updater called before beeing initialized
2026-02-17 16:28:13,028 [INFO] RulesReader:64 - Compatibility file has been processed (317 Rules)
2026-02-17 16:28:13,041 [INFO] RulesReader:64 - Compatibility file has been processed (317 Rules)
2026-02-17 16:28:13,059 [INFO] CADModel:165 - CPN selected for project level
2026-02-17 16:28:13,059 [INFO] CADModel:114 - Register for checkConnection events
2026-02-17 16:28:13,059 [FATAL] Updater:351 - Updater called before beeing initialized
2026-02-17 16:28:13,059 [ERROR] CADModel:125 - Updater not yet initialized, retry later 
2026-02-17 16:28:13,464 [FATAL] Updater:351 - Updater called before beeing initialized
2026-02-17 16:28:13,470 [INFO] CADModel:165 - CPN selected for project level
2026-02-17 16:28:13,470 [INFO] CADModel:114 - Register for checkConnection events
2026-02-17 16:28:13,470 [FATAL] Updater:351 - Updater called before beeing initialized
2026-02-17 16:28:13,470 [ERROR] CADModel:125 - Updater not yet initialized, retry later 
2026-02-17 16:28:13,474 [FATAL] Updater:351 - Updater called before beeing initialized
2026-02-17 16:28:13,696 [FATAL] Updater:351 - Updater called before beeing initialized
2026-02-17 16:28:13,702 [INFO] DbMcusAds:53 - JSON generation date=Tue Feb 10 17:46:36 IST 2026 (1770725796209)
2026-02-17 16:28:13,702 [FATAL] Updater:351 - Updater called before beeing initialized
2026-02-17 16:28:13,795 [WARN] DetailPanel:346 - Failed to get advertising image, set to default
2026-02-17 16:28:13,933 [FATAL] Updater:351 - Updater called before beeing initialized
2026-02-17 16:28:13,935 [FATAL] Updater:351 - Updater called before beeing initialized
2026-02-17 16:28:13,935 [FATAL] Updater:351 - Updater called before beeing initialized
2026-02-17 16:28:13,935 [WARN] DetailPanel:346 - Failed to get advertising image, set to default
2026-02-17 16:28:13,936 [FATAL] Updater:351 - Updater called before beeing initialized
2026-02-17 16:28:14,028 [ERROR] Updater:1198 - MainUpdater not yet initialized. External WinMGr cannot be set.
2026-02-17 16:28:14,038 [INFO] Updater:1134 - Updater Version found : 6.15.0
2026-02-17 16:28:14,057 [INFO] ApplicationProperties:184 - Using Application install path: D:\STM32CubeIDE_1.19.0\STM32CubeIDE\plugins\com.st.stm32cube.common.mx_6.15.0.202507011659
2026-02-17 16:28:14,301 [INFO] ThirdPartyUpdaterWithRetryManager:70 - Updater plugin not ready yet. [2/15]
2026-02-17 16:28:15,642 [ERROR] LogOutputStream:75 - [STDERR_REDIRECT] Feb 17, 2026 4:28:15 PM java.util.prefs.WindowsPreferences <init>
2026-02-17 16:28:15,643 [ERROR] LogOutputStream:75 - [STDERR_REDIRECT] WARNING: Could not open/create prefs root node Software\JavaSoft\Prefs at root 0xffffffff80000002. Windows RegCreateKeyEx(...) returned error code 5.
2026-02-17 16:28:15,643 [ERROR] LogOutputStream:75 - [STDERR_REDIRECT] 
2026-02-17 16:28:16,071 [INFO] MainUpdater:2872 - connection check result : 10
2026-02-17 16:28:16,072 [INFO] MainUpdater:289 - Updater Check For Update Now.
2026-02-17 16:28:16,072 [INFO] MicroXplorer:498 - Change Database Version : DB.6.0.150
2026-02-17 16:28:16,086 [INFO] McuFinderGlobals:63 - Set McuFinder mode to 2 (CubeIDE integrated)
2026-02-17 16:28:16,087 [INFO] UserAuth:487 - Internet connection configuration mode: 1
2026-02-17 16:28:16,150 [INFO] JxBrowserEngine:152 - Initiate JxBrowser Engine with user profile folder
2026-02-17 16:28:16,291 [INFO] CheckServerUpdateThread:120 - End of CheckServer Thread
2026-02-17 16:28:16,293 [INFO] MainUpdater:2872 - connection check result : 10
2026-02-17 16:28:17,648 [INFO] ApiDb:581 - Connected to CubeFinder SQLite database (C:\Users\Hemanth Madu\.stmcufinder\plugins\mcufinder\mcu\cube-finder-db.db)
2026-02-17 16:28:17,707 [WARN] PackLoader:240 - Cannot read IP mode file for STMicroelectronics.FP-SNS-MOTENVWB1.1.4.0
2026-02-17 16:28:17,724 [WARN] PackLoader:240 - Cannot read IP mode file for STMicroelectronics.FP-ATR-ASTRA1.2.0.2
2026-02-17 16:28:17,741 [WARN] PackLoader:240 - Cannot read IP mode file for STMicroelectronics.X-CUBE-SMBUS.2.1.0
2026-02-17 16:28:17,788 [WARN] PackLoader:240 - Cannot read IP mode file for STMicroelectronics.X-CUBE-AZRTOS-F7.1.1.0
2026-02-17 16:28:17,805 [WARN] PackLoader:240 - Cannot read IP mode file for STMicroelectronics.FP-SNS-MOTENV1.5.1.0
2026-02-17 16:28:17,823 [WARN] PackLoader:240 - Cannot read IP mode file for WES.I-CUBE-Cesium.1.4.0
2026-02-17 16:28:17,871 [WARN] PackLoader:240 - Cannot read IP mode file for STMicroelectronics.X-CUBE-AZRTOS-H7.3.4.0
2026-02-17 16:28:17,891 [WARN] PackLoader:240 - Cannot read IP mode file for STMicroelectronics.X-CUBE-DISPLAY.3.0.0
2026-02-17 16:28:17,906 [WARN] PackLoader:240 - Cannot read IP mode file for STMicroelectronics.FP-SNS-MOTENVWB1.1.5.0
2026-02-17 16:28:17,920 [WARN] PackLoader:240 - Cannot read IP mode file for STMicroelectronics.X-CUBE-NFC10.1.0.0
2026-02-17 16:28:17,934 [WARN] PackLoader:240 - Cannot read IP mode file for STMicroelectronics.X-CUBE-ST60.1.1.0
2026-02-17 16:28:17,945 [WARN] PackLoader:240 - Cannot read IP mode file for emotas.I-CUBE-CANOPEN.1.3.0
2026-02-17 16:28:17,954 [WARN] PackLoader:240 - Cannot read IP mode file for STMicroelectronics.X-CUBE-GNSS1.7.1.0
2026-02-17 16:28:17,966 [WARN] PackLoader:240 - Cannot read IP mode file for STMicroelectronics.FP-SNS-STBOX1.2.1.0
2026-02-17 16:28:17,975 [WARN] PackLoader:240 - Cannot read IP mode file for STMicroelectronics.FP-SNS-SMARTAG2.1.2.0
2026-02-17 16:28:17,979 [INFO] ApiDb:668 - CubeFinder database Data Model version=2.1
2026-02-17 16:28:17,979 [INFO] ApiDb:669 - CubeFinder database Configuration version=3.0.39
2026-02-17 16:28:17,979 [INFO] ApiDb:670 - CubeFinder database generation date=2025-12-22 (1766407740)
2026-02-17 16:28:17,979 [INFO] ApiDb:671 - CubeFinder database FW Pack versions=[FP-ATR-ASTRA1_V2.0.0, FP-SNS-FLIGHT1_V5.1.0, FP-SNS-MOTENV1_V5.1.0, FP-SNS-MOTENVWB1_V1.4.0, FP-SNS-SMARTAG2_V1.2.0, FP-SNS-STBOX1_V2.1.0, STM32Cube_FW_C0_V1.4.0, STM32Cube_FW_F4_V1.28.3, STM32Cube_FW_F7_V1.17.4, STM32Cube_FW_G0_V1.6.2, STM32Cube_FW_G4_V1.6.1, STM32Cube_FW_H5_V1.5.1, STM32Cube_FW_H7RS_V1.3.0, STM32Cube_FW_H7_V1.12.1, STM32Cube_FW_L0_V1.12.2, STM32Cube_FW_L4_V1.18.1, STM32Cube_FW_L5_V1.6.0, STM32Cube_FW_N6_V1.3.0, STM32Cube_FW_U0_V1.3.0, STM32Cube_FW_U3_V1.2.1, STM32Cube_FW_U5_V1.8.0, STM32Cube_FW_WB0_V1.4.0, STM32Cube_FW_WBA_V1.8.0, STM32Cube_FW_WB_V1.24.0, STM32Cube_FW_WL3_V1.3.0, STM32Cube_FW_WL_V1.4.0, X-CUBE-ALGOBUILD_V1.4.0, X-CUBE-ALS_V1.0.2, X-CUBE-AZRTOS-F4_V1.1.0, X-CUBE-AZRTOS-F7_V1.1.0, X-CUBE-AZRTOS-G0_V1.1.0, X-CUBE-AZRTOS-G4_V2.0.0, X-CUBE-AZRTOS-H7RS_V1.1.0, X-CUBE-AZRTOS-H7_V3.4.0, X-CUBE-AZRTOS-L4_V2.0.0, X-CUBE-AZRTOS-L5_V2.0.0, X-CUBE-AZRTOS-WB_V2.0.0, X-CUBE-AZRTOS-WL_V2.0.0, X-CUBE-BLE1_V7.1.0, X-CUBE-BLE2_V3.3.0, X-CUBE-BLEMGR_V4.1.0, X-CUBE-EEPRMA1_V5.2.0, X-CUBE-FREERTOS_V1.3.1, X-CUBE-GNSS1_V6.0.0, X-CUBE-MEMS1_V12.0.0, X-CUBE-NFC4_V3.0.0, X-CUBE-NFC7_V2.0.0, X-CUBE-SFXS2LP1_V4.0.0, X-CUBE-ST67W61_V1.1.0, X-CUBE-SUBG2_V5.0.0, X-CUBE-TOF1_V3.4.3]
2026-02-17 16:28:17,993 [WARN] PackLoader:240 - Cannot read IP mode file for STMicroelectronics.FP-SNS-FLIGHT1.5.1.0
2026-02-17 16:28:18,011 [INFO] LogOutputStream:77 - [STDOUT_REDIRECT] 1 : Invalid condition id : UX_CORESTACK_Condition cause : null
2026-02-17 16:28:18,013 [INFO] LogOutputStream:77 - [STDOUT_REDIRECT] 1 : Invalid condition id : UX_CORESTACK_Condition cause : null
2026-02-17 16:28:18,015 [INFO] LogOutputStream:77 - [STDOUT_REDIRECT] 1 : Invalid condition id : UX_CORESTACK_Condition cause : null
2026-02-17 16:28:18,016 [INFO] LogOutputStream:77 - [STDOUT_REDIRECT] 1 : Invalid condition id : UX_CORESTACK_Condition cause : null
2026-02-17 16:28:18,019 [INFO] LogOutputStream:77 - [STDOUT_REDIRECT] 1 : Invalid condition id : UX_CORESTACK_Condition cause : null
2026-02-17 16:28:18,023 [WARN] PackLoader:240 - Cannot read IP mode file for STMicroelectronics.X-CUBE-AZRTOS-WL.2.0.0
2026-02-17 16:28:18,028 [INFO] WebApp:169 - Instantiating new browser for Auth
2026-02-17 16:28:18,069 [WARN] PackLoader:240 - Cannot read IP mode file for STMicroelectronics.X-CUBE-AZRTOS-H7RS.1.2.0
2026-02-17 16:28:18,088 [WARN] PackLoader:240 - Cannot read IP mode file for STMicroelectronics.X-CUBE-BLE2.3.3.0
2026-02-17 16:28:18,160 [WARN] PackLoader:240 - Cannot read IP mode file for Infineon.AIROC-Wi-Fi-Bluetooth-STM32.1.8.0
2026-02-17 16:28:18,180 [WARN] PackLoader:240 - Cannot read IP mode file for STMicroelectronics.X-CUBE-NFC9.1.0.0
2026-02-17 16:28:18,193 [WARN] PackLoader:240 - Cannot read IP mode file for STMicroelectronics.X-CUBE-BLE1.7.1.0
2026-02-17 16:28:18,200 [WARN] PackLoader:240 - Cannot read IP mode file for wolfSSL.I-CUBE-wolfMQTT.1.19.2
2026-02-17 16:28:18,209 [WARN] PackLoader:240 - Cannot read IP mode file for STMicroelectronics.X-CUBE-FREERTOS.1.4.0
2026-02-17 16:28:18,221 [WARN] PackLoader:240 - Cannot read IP mode file for STMicroelectronics.X-CUBE-EEPRMA1.5.2.0
2026-02-17 16:28:18,232 [WARN] PackLoader:240 - Cannot read IP mode file for wolfSSL.I-CUBE-wolfSSL.5.8.4
2026-02-17 16:28:18,245 [WARN] PackLoader:240 - Cannot read IP mode file for Cesanta.I-CUBE-Mongoose.7.20.0
2026-02-17 16:28:18,362 [WARN] PackLoader:240 - Cannot read IP mode file for STMicroelectronics.X-CUBE-MEMS1.12.0.0
2026-02-17 16:28:18,507 [WARN] PackLoader:240 - Cannot read IP mode file for STMicroelectronics.X-CUBE-AZRTOS-G0.1.1.0
2026-02-17 16:28:18,518 [WARN] PackLoader:240 - Cannot read IP mode file for STMicroelectronics.X-CUBE-NFC4.3.0.0
2026-02-17 16:28:18,533 [WARN] PackLoader:240 - Cannot read IP mode file for EmbeddedOffice.I-CUBE-FS-RTOS.1.0.1
2026-02-17 16:28:18,541 [WARN] PackLoader:240 - Cannot read IP mode file for STMicroelectronics.X-CUBE-WB05N.2.0.0
2026-02-17 16:28:18,548 [WARN] PackLoader:240 - Cannot read IP mode file for wolfSSL.I-CUBE-wolfTPM.3.8.0
2026-02-17 16:28:18,562 [WARN] PackLoader:240 - Cannot read IP mode file for STMicroelectronics.X-CUBE-TCPP.4.2.0
2026-02-17 16:28:18,572 [WARN] PackLoader:240 - Cannot read IP mode file for RealThread.X-CUBE-RT-Thread_Nano.4.1.1
2026-02-17 16:28:18,580 [WARN] PackLoader:240 - Cannot read IP mode file for STMicroelectronics.FP-ATR-SIGFOX1.3.2.0
2026-02-17 16:28:18,590 [WARN] PackLoader:240 - Cannot read IP mode file for ITTIA_DB.I-CUBE-ITTIADB.8.9.0
2026-02-17 16:28:18,602 [WARN] PackLoader:240 - Cannot read IP mode file for STMicroelectronics.X-CUBE-NFC6.3.2.0
2026-02-17 16:28:18,613 [WARN] PackLoader:240 - Cannot read IP mode file for STMicroelectronics.X-CUBE-AI.10.2.0
2026-02-17 16:28:18,664 [WARN] PackLoader:240 - Cannot read IP mode file for SEGGER.I-CUBE-embOS.1.3.1
2026-02-17 16:28:18,759 [WARN] PackLoader:240 - Cannot read IP mode file for STMicroelectronics.X-CUBE-ALGOBUILD.1.4.0
2026-02-17 16:28:18,770 [WARN] PackLoader:240 - Cannot read IP mode file for STMicroelectronics.X-CUBE-PM33A1.1.0.0
2026-02-17 16:28:18,796 [WARN] PackLoader:240 - Cannot read IP mode file for STMicroelectronics.X-CUBE-AZRTOS-F4.1.1.0
2026-02-17 16:28:18,806 [WARN] PackLoader:240 - Cannot read IP mode file for STMicroelectronics.X-CUBE-ISPU.2.1.0
2026-02-17 16:28:18,858 [WARN] PackLoader:240 - Cannot read IP mode file for STMicroelectronics.X-CUBE-IPS.3.2.0
2026-02-17 16:28:18,899 [WARN] PackLoader:240 - Cannot read IP mode file for STMicroelectronics.X-CUBE-NFC12.1.0.0
2026-02-17 16:28:18,933 [WARN] PackLoader:240 - Cannot read IP mode file for STMicroelectronics.X-CUBE-AZRTOS-L5.2.0.0
2026-02-17 16:28:18,951 [WARN] PackLoader:240 - Cannot read IP mode file for STMicroelectronics.X-CUBE-TOUCHGFX.4.26.0
2026-02-17 16:28:18,960 [WARN] PackLoader:240 - Cannot read IP mode file for STMicroelectronics.FP-SNS-STAIOTCFT.1.0.0
2026-02-17 16:28:18,974 [WARN] PackLoader:240 - Cannot read IP mode file for STMicroelectronics.X-CUBE-DPower.1.3.0
2026-02-17 16:28:19,008 [WARN] ConditionMgr:438 - getConditionDescription Invalid condition id : LAN8742 Phy interface Condition cause : null
2026-02-17 16:28:19,010 [WARN] PackLoader:240 - Cannot read IP mode file for STMicroelectronics.X-CUBE-AZRTOS-L4.2.0.0
2026-02-17 16:28:19,012 [WARN] ConditionMgr:1044 - genDependencies : Invalid condition id : LAN8742 Phy interface Condition cause : null
2026-02-17 16:28:19,013 [WARN] ConditionMgr:1044 - genDependencies : Invalid condition id : LAN8742 Phy interface Condition cause : null
2026-02-17 16:28:19,014 [WARN] ConditionMgr:1044 - genDependencies : Invalid condition id : LAN8742 Phy interface Condition cause : null
2026-02-17 16:28:19,025 [WARN] PackLoader:240 - Cannot read IP mode file for STMicroelectronics.X-CUBE-SFXS2LP1.4.0.0
2026-02-17 16:28:19,037 [WARN] PackLoader:240 - Cannot read IP mode file for STMicroelectronics.X-CUBE-ST67W61.1.2.0
2026-02-17 16:28:19,057 [WARN] PackLoader:240 - Cannot read IP mode file for STMicroelectronics.X-CUBE-BLEMGR.4.1.0
2026-02-17 16:28:19,089 [WARN] ConditionMgr:438 - getConditionDescription Invalid condition id : UX DEVICE CLASS RTOS Condition cause : null
2026-02-17 16:28:19,089 [WARN] ConditionMgr:438 - getConditionDescription Invalid condition id : UX DEVICE CLASS RTOS Condition cause : null
2026-02-17 16:28:19,092 [WARN] PackLoader:240 - Cannot read IP mode file for STMicroelectronics.X-CUBE-AZRTOS-WB.2.0.0
2026-02-17 16:28:19,093 [WARN] ConditionMgr:1044 - genDependencies : Invalid condition id : UX DEVICE CLASS RTOS Condition cause : null
2026-02-17 16:28:19,093 [WARN] ConditionMgr:1044 - genDependencies : Invalid condition id : UX DEVICE CLASS RTOS Condition cause : null
2026-02-17 16:28:19,094 [WARN] ConditionMgr:1044 - genDependencies : Invalid condition id : UX DEVICE CLASS RTOS Condition cause : null
2026-02-17 16:28:19,095 [WARN] ConditionMgr:1044 - genDependencies : Invalid condition id : UX DEVICE CLASS RTOS Condition cause : null
2026-02-17 16:28:19,095 [WARN] ConditionMgr:1044 - genDependencies : Invalid condition id : UX DEVICE CLASS RTOS Condition cause : null
2026-02-17 16:28:19,107 [WARN] ConditionMgr:438 - getConditionDescription Invalid condition id : Cortex-A Device cause : null
2026-02-17 16:28:19,151 [WARN] ConditionMgr:1044 - genDependencies : Invalid condition id : Cortex-A Device cause : null
2026-02-17 16:28:19,152 [WARN] ConditionMgr:1044 - genDependencies : Invalid condition id : Cortex-A Device cause : null
2026-02-17 16:28:19,152 [WARN] ConditionMgr:1044 - genDependencies : Invalid condition id : Cortex-A Device cause : null
2026-02-17 16:28:19,165 [WARN] PackLoader:240 - Cannot read IP mode file for STMicroelectronics.X-CUBE-STSE01.2.0.0
2026-02-17 16:28:19,181 [WARN] PackLoader:240 - Cannot read IP mode file for STMicroelectronics.X-CUBE-SUBG2.5.0.0
2026-02-17 16:28:19,210 [WARN] PackLoader:240 - Cannot read IP mode file for STMicroelectronics.X-CUBE-AZRTOS-G4.2.0.0
2026-02-17 16:28:19,221 [WARN] PackLoader:240 - Cannot read IP mode file for wolfSSL.I-CUBE-wolfSSH.1.4.20
2026-02-17 16:28:19,230 [WARN] PackLoader:240 - Cannot read IP mode file for STMicroelectronics.X-CUBE-NFC7.2.0.0
2026-02-17 16:28:19,241 [WARN] PackLoader:240 - Cannot read IP mode file for STMicroelectronics.X-CUBE-ALS.1.0.2
2026-02-17 16:28:19,256 [WARN] PackLoader:240 - Cannot read IP mode file for STMicroelectronics.X-CUBE-TOF1.3.4.3
2026-02-17 16:28:19,275 [INFO] ThirdParty:978 - Integrity check success = true
2026-02-17 16:28:19,276 [INFO] IntegrityCheckThread:100 - exiting critical section [integrity check]
2026-02-17 16:28:19,276 [INFO] IntegrityCheckThread:103 - End integrity checks thread
2026-02-17 16:28:19,957 [INFO] WebApp:463 - Apply proxy settings
2026-02-17 16:28:19,958 [INFO] WebApp:548 - Chromium requires no authentication
2026-02-17 16:28:19,993 [INFO] WebApp:491 - Direct internet connection detected
2026-02-17 16:28:20,049 [INFO] WebApp:900 - Register for checkConnection events
2026-02-17 16:28:20,049 [INFO] WebApp:463 - Apply proxy settings
2026-02-17 16:28:20,049 [INFO] WebApp:548 - Chromium requires no authentication
2026-02-17 16:28:20,050 [INFO] WebApp:491 - Direct internet connection detected
2026-02-17 16:28:20,263 [INFO] WebApp:191 - Connection restablished
2026-02-17 16:28:20,736 [INFO] WebApp:225 - Starting web application
2026-02-17 16:28:20,736 [INFO] WebApp:593 - Web application path used D:\STM32CubeIDE_1.19.0\STM32CubeIDE\plugins\com.st.stm32cube.common.mx_6.15.0.202507011659\db\plugins\mcufinder\reactClient1\index.html
2026-02-17 16:28:20,943 [INFO] UserAuth:487 - Internet connection configuration mode: 1
2026-02-17 16:28:28,018 [INFO] ApiDb:240 - Found 880 in-development CPN: [B-G473E-ZEST1S, B-WB1M-WPAN1, B-WBA5M-WPAN, B-WL5M-SUBG1, NUCLEO-C031C6, NUCLEO-C051C8, NUCLEO-C071RB, NUCLEO-C092RC, NUCLEO-H503RB, NUCLEO-H533RE, NUCLEO-H563ZI, NUCLEO-H7S3L8, NUCLEO-N657X0-Q, NUCLEO-U031R8, NUCLEO-U083RC, NUCLEO-U385RG-Q, NUCLEO-U545RE-Q, NUCLEO-U5A5ZJ-Q, NUCLEO-WB05KZ, NUCLEO-WB07CC, NUCLEO-WB09KE, NUCLEO-WBA52CG, NUCLEO-WBA55CG, NUCLEO-WL33CC1, NUCLEO-WL33CC2, STEVAL-PROTEUS1, STEVAL-SMARTAG2, STEVAL-STWINBX1, STM320518-EVAL, STM32C0116-DK, STM32C011D6Y3TR, STM32C011D6Y6TR, STM32C011F4P3, STM32C011F4P6, STM32C011F4U3, STM32C011F4U6TR, STM32C011F6P3, STM32C011F6P6, STM32C011F6U3, STM32C011F6U6TR, STM32C011J4M3, STM32C011J4M6, STM32C011J6M3, STM32C011J6M6, STM32C0316-DK, STM32C031C4T3, STM32C031C4T6, STM32C031C4U3, STM32C031C4U6, STM32C031C6T3, STM32C031C6T6, STM32C031C6U3, STM32C031C6U6, STM32C031F4P3, STM32C031F4P6, STM32C031F6P3, STM32C031F6P6, STM32C031G4U3, STM32C031G4U6, STM32C031G6U3, STM32C031G6U6, STM32C031K4T3, STM32C031K4T6, STM32C031K4U3, STM32C031K4U6, STM32C031K6T3, STM32C031K6T6, STM32C031K6U3, STM32C031K6U6, STM32C051C6T6, STM32C051C6U6, STM32C051C8T6, STM32C051C8U6, STM32C051D8Y6TR, STM32C051F6P6, STM32C051F8P6, STM32C051G6U6, STM32C051G8U6, STM32C051K6T6, STM32C051K6U6, STM32C051K8T6, STM32C071C8T6, STM32C071C8T6N, STM32C071C8U6, STM32C071C8U6N, STM32C071CBT6, STM32C071CBT6N, STM32C071CBU6, STM32C071CBU6N, STM32C071F8P6, STM32C071F8P6N, STM32C071FBP6, STM32C071FBP6N, STM32C071FBY6TR, STM32C071G8U6, STM32C071G8U6N, STM32C071GBU6, STM32C071GBU6N, STM32C071K8T6, STM32C071K8T6N, STM32C071K8U6, STM32C071K8U6N, STM32C071KBT6, STM32C071KBT6N, STM32C071KBU6, STM32C071KBU6N, STM32C071R8T6, STM32C071R8T6N, STM32C071RBI6N, STM32C071RBT6, STM32C071RBT6N, STM32C091CBT6, STM32C091CBU6, STM32C091CCT6, STM32C091CCU6, STM32C091ECY6TR, STM32C091FBP6, STM32C091FCP6, STM32C091GBU6, STM32C091GCU6, STM32C091KBT6, STM32C091KBU6, STM32C091KCT6, STM32C091KCU6, STM32C091RBT6, STM32C091RCI6, STM32C091RCT6, STM32C092CBT6, STM32C092CBU6, STM32C092CCT6, STM32C092CCU6, STM32C092ECY6TR, STM32C092FBP6, STM32C092FCP6, STM32C092GBU6, STM32C092GCU6, STM32C092KBT6, STM32C092KBU6, STM32C092KCT6, STM32C092KCU6, STM32C092RBT6, STM32C092RCI6, STM32C092RCT6, STM32G071K8TXN, STM32G071K8UXN, STM32G081GBU6N, STM32G081KBT6N, STM32G081KBUXN, STM32G0B1CCT6N, STM32G0B1KCT6, STM32G0B1NEY6TR, STM32G0B1RCT6N, STM32G0C1CCT6, STM32G0C1CCT6N, STM32G0C1CCU6N, STM32G0C1CET6N, STM32G0C1CEU6N, STM32G0C1KCT6, STM32G0C1NEY6TR, STM32G0C1RCI6N, STM32G0C1RCT6N, STM32G0C1REI6N, STM32G0C1RET6N, STM32G0C1VCI6, STM32G0C1VEI6, STM32G411C6T3, STM32G411C6T6, STM32G411C6U3, STM32G411C6U6, STM32G411C8T3, STM32G411C8T6, STM32G411C8U3, STM32G411C8U6, STM32G411CBT3, STM32G411CBT6, STM32G411CBU3, STM32G411CBU6, STM32G411K6T3, STM32G411K6T6, STM32G411K6U3, STM32G411K6U6, STM32G411K8T3, STM32G411K8T6, STM32G411K8U3, STM32G411K8U6, STM32G411KBT3, STM32G411KBT6, STM32G411KBU3, STM32G411KBU6, STM32G411M6T3, STM32G411M6T6, STM32G411M8T3, STM32G411M8T6, STM32G411MBT3, STM32G411MBT6, STM32G411R6T3, STM32G411R6T6, STM32G411R8T3, STM32G411R8T6, STM32G411RBT3, STM32G411RBT6, STM32G414CBT3, STM32G414CBT6, STM32G414CBU3, STM32G414CBU6, STM32G414CCT3, STM32G414CCT6, STM32G414CCU3, STM32G414CCU6, STM32G414MBT3, STM32G414MBT6, STM32G414MCT3, STM32G414MCT6, STM32G414RBT3, STM32G414RBT6, STM32G414RCT3, STM32G414RCT6, STM32G414VBT3, STM32G414VBT6, STM32G414VCT3, STM32G414VCT6, STM32G431CBT3Z, STM32G431RBT3Z, STM32G471CCT6, STM32G471CCU6, STM32G471CET3, STM32G471CET6, STM32G471CEU3, STM32G471CEU6, STM32G471MCT6, STM32G471MET3, STM32G471MET6, STM32G471MEY6TR, STM32G471QCT6, STM32G471QET3, STM32G471RCT6, STM32G471RET3, STM32G471RET6, STM32G471VCH6, STM32G471VCI6, STM32G471VCT6, STM32G471VEH3, STM32G471VEH6, STM32G471VEI3, STM32G471VEI6, STM32G471VET3, STM32G471VET6, STM32G473QET3Z, STM32G473RET3Z, STM32G474CCT6, STM32G491RET3Z, STM32H503CBT6, STM32H503CBU6, STM32H503EBY6TR, STM32H503KBU6, STM32H503RBT6, STM32H523CCT6, STM32H523CCU6, STM32H523CET6, STM32H523CEU6, STM32H523HEY6TR, STM32H523RCT6, STM32H523RET6, STM32H523VCI6, STM32H523VCT6, STM32H523VEI6, STM32H523VET6, STM32H523ZCJ6, STM32H523ZCT6, STM32H523ZEJ6, STM32H523ZET6, STM32H533CET6, STM32H533CEU6, STM32H533HEY6TR, STM32H533RET6, STM32H533VEI6, STM32H533VET6, STM32H533ZEJ6, STM32H533ZET6, STM32H562AGI6, STM32H562AII6, STM32H562IGK6, STM32H562IGT6, STM32H562IIK6, STM32H562IIT6, STM32H562RGT6, STM32H562RGV6, STM32H562RIT6, STM32H562RIV6, STM32H562VGT6, STM32H562VIT6, STM32H562ZGT6, STM32H562ZIT6, STM32H563AGI6, STM32H563AII3Q, STM32H563AII6, STM32H563IGK6, STM32H563IGT6, STM32H563IIK3Q, STM32H563IIK6, STM32H563IIT3Q, STM32H563IIT6, STM32H563MIY3QTR, STM32H563RGT6, STM32H563RGV6, STM32H563RIT6, STM32H563RIV6, STM32H563VGT6, STM32H563VIT3Q, STM32H563VIT6, STM32H563ZGT6, STM32H563ZIT3Q, STM32H563ZIT6, STM32H573AII3Q, STM32H573AII6, STM32H573I-DK, STM32H573IIK3Q, STM32H573IIK6, STM32H573IIT3Q, STM32H573IIT6, STM32H573MIY3QTR, STM32H573RIT6, STM32H573RIV6, STM32H573VIT3Q, STM32H573VIT6, STM32H573ZIT3Q, STM32H573ZIT6, STM32H7R3A8I6, STM32H7R3I8K6, STM32H7R3I8T6, STM32H7R3L8H6, STM32H7R3L8H6H, STM32H7R3R8V6, STM32H7R3V8H6, STM32H7R3V8T6, STM32H7R3V8Y6TR, STM32H7R3Z8J6, STM32H7R3Z8T6, STM32H7R7A8I6, STM32H7R7I8K6, STM32H7R7I8T6, STM32H7R7L8H6, STM32H7R7L8H6H, STM32H7R7Z8J6, STM32H7S3A8I6, STM32H7S3I8K6, STM32H7S3I8T6, STM32H7S3L8H6, STM32H7S3L8H6H, STM32H7S3R8V6, STM32H7S3V8H6, STM32H7S3V8T6, STM32H7S3V8Y6TR, STM32H7S3Z8J6, STM32H7S3Z8T6, STM32H7S78-DK, STM32H7S7A8I6, STM32H7S7I8K6, STM32H7S7I8T6, STM32H7S7L8H6, STM32H7S7L8H6H, STM32H7S7Z8J6, STM32L4R5QGI6STR, STM32MP131AAE3, STM32MP131AAF3, STM32MP131AAG3, STM32MP131CAE3, STM32MP131CAF3, STM32MP131CAG3, STM32MP131DAE7, STM32MP131DAF7, STM32MP131DAG7, STM32MP131FAE7, STM32MP131FAF7, STM32MP131FAG7, STM32MP133AAE3, STM32MP133AAF3, STM32MP133AAG3, STM32MP133CAE3, STM32MP133CAF3, STM32MP133CAG3, STM32MP133DAE7, STM32MP133DAF7, STM32MP133DAG7, STM32MP133FAE7, STM32MP133FAF7, STM32MP133FAG7, STM32MP135AAE3, STM32MP135AAF3, STM32MP135AAG3, STM32MP135CAE3, STM32MP135CAF3, STM32MP135CAG3, STM32MP135DAE7, STM32MP135DAF7, STM32MP135DAG7, STM32MP135F-DK, STM32MP135FAE7, STM32MP135FAF7, STM32MP135FAF7T, STM32MP135FAF7U, STM32MP135FAG7, STM32MP211AAL3, STM32MP211AAM3, STM32MP211AAN3, STM32MP211AAO3, STM32MP211CAL3, STM32MP211CAM3, STM32MP211CAN3, STM32MP211CAO3, STM32MP211DAL3, STM32MP211DAM3, STM32MP211DAN3, STM32MP211DAO3, STM32MP211FAL3, STM32MP211FAM3, STM32MP211FAN3, STM32MP211FAO3, STM32MP213AAL3, STM32MP213AAM3, STM32MP213AAN3, STM32MP213AAO3, STM32MP213CAL3, STM32MP213CAM3, STM32MP213CAN3, STM32MP213CAO3, STM32MP213DAL3, STM32MP213DAM3, STM32MP213DAN3, STM32MP213DAO3, STM32MP213FAL3, STM32MP213FAM3, STM32MP213FAN3, STM32MP213FAO3, STM32MP215AAL3, STM32MP215AAM3, STM32MP215AAN3, STM32MP215AAO3, STM32MP215CAL3, STM32MP215CAM3, STM32MP215CAN3, STM32MP215CAO3, STM32MP215DAL3, STM32MP215DAM3, STM32MP215DAN3, STM32MP215DAO3, STM32MP215F-DK, STM32MP215FAL3, STM32MP215FAM3, STM32MP215FAN3, STM32MP215FAO3, STM32MP231AAJ3, STM32MP231AAK3, STM32MP231AAL3, STM32MP231CAJ3, STM32MP231CAK3, STM32MP231CAL3, STM32MP231DAJ3, STM32MP231DAK3, STM32MP231DAL3, STM32MP231FAJ3, STM32MP231FAK3, STM32MP231FAL3, STM32MP233AAJ3, STM32MP233AAK3, STM32MP233AAL3, STM32MP233CAJ3, STM32MP233CAK3, STM32MP233CAL3, STM32MP233DAJ3, STM32MP233DAK3, STM32MP233DAL3, STM32MP233FAJ3, STM32MP233FAK3, STM32MP233FAL3, STM32MP235AAJ3, STM32MP235AAK3, STM32MP235AAL3, STM32MP235CAJ3, STM32MP235CAK3, STM32MP235CAL3, STM32MP235DAJ3, STM32MP235DAK3, STM32MP235DAL3, STM32MP235FAJ3, STM32MP235FAK3, STM32MP235FAL3, STM32MP251AAI3, STM32MP251AAK3, STM32MP251AAL3, STM32MP251CAI3, STM32MP251CAK3, STM32MP251CAL3, STM32MP251DAI3, STM32MP251DAK3, STM32MP251DAL3, STM32MP251FAI3, STM32MP251FAK3, STM32MP251FAL3, STM32MP253AAI3, STM32MP253AAK3, STM32MP253AAL3, STM32MP253CAI3, STM32MP253CAK3, STM32MP253CAL3, STM32MP253DAI3, STM32MP253DAK3, STM32MP253DAL3, STM32MP253FAI3, STM32MP253FAK3, STM32MP253FAL3, STM32MP255AAI3, STM32MP255AAK3, STM32MP255AAL3, STM32MP255CAI3, STM32MP255CAK3, STM32MP255CAL3, STM32MP255DAI3, STM32MP255DAK3, STM32MP255DAL3, STM32MP255FAI3, STM32MP255FAK3, STM32MP255FAL3, STM32MP257AAI3, STM32MP257AAK3, STM32MP257AAL3, STM32MP257CAI3, STM32MP257CAK3, STM32MP257CAL3, STM32MP257DAI3, STM32MP257DAK3, STM32MP257DAL3, STM32MP257F-DK, STM32MP257F-EV1, STM32MP257FAI3, STM32MP257FAK3, STM32MP257FAL3, STM32N645A0H3Q, STM32N645B0H3Q, STM32N645I0H3Q, STM32N645L0H3Q, STM32N645X0H3Q, STM32N645Z0H3Q, STM32N647A0H3Q, STM32N647B0H3Q, STM32N647I0H3Q, STM32N647L0H3Q, STM32N647X0H3Q, STM32N647Z0H3Q, STM32N655A0H3Q, STM32N655B0H3Q, STM32N655I0H3Q, STM32N655L0H3Q, STM32N655X0H3Q, STM32N655Z0H3Q, STM32N6570-DK, STM32N657A0H3Q, STM32N657B0H3Q, STM32N657I0H3Q, STM32N657L0H3Q, STM32N657X0H3Q, STM32N657Z0H3Q, STM32U031C6T6, STM32U031C6U6, STM32U031C8T6, STM32U031C8U6, STM32U031F4P6, STM32U031F6P6, STM32U031F8P6, STM32U031G6Y6TR, STM32U031G8Y6TR, STM32U031K4U6, STM32U031K6U6, STM32U031K8U6, STM32U031R6I6, STM32U031R6T6, STM32U031R8I6, STM32U031R8T6, STM32U073C8T6, STM32U073C8U6, STM32U073CBT6, STM32U073CBU6, STM32U073CCT6, STM32U073CCU6, STM32U073H8Y6TR, STM32U073HBY6TR, STM32U073HCY6TR, STM32U073K8U6, STM32U073KBU6, STM32U073KCU6, STM32U073M8I6, STM32U073M8T6, STM32U073MBI6, STM32U073MBT6, STM32U073MCI6, STM32U073MCT6, STM32U073R8I6, STM32U073R8T6, STM32U073RBI6, STM32U073RBT6, STM32U073RCI6, STM32U073RCT6, STM32U083C-DK, STM32U083CCT6, STM32U083CCU6, STM32U083HCY6TR, STM32U083KCU6, STM32U083MCI6, STM32U083MCT6, STM32U083RCI6, STM32U083RCT6, STM32U375CET6, STM32U375CET6Q, STM32U375CEU6, STM32U375CEU6Q, STM32U375CEY6QTR, STM32U375CGT6, STM32U375CGT6Q, STM32U375CGU6, STM32U375CGU6Q, STM32U375CGY6QTR, STM32U375KEU6, STM32U375KGU6, STM32U375REI6, STM32U375REI6Q, STM32U375RET6, STM32U375RET6Q, STM32U375REY6GTR, STM32U375REY6QTR, STM32U375RGI6, STM32U375RGI6Q, STM32U375RGT6, STM32U375RGT6Q, STM32U375RGY6GTR, STM32U375RGY6QTR, STM32U375VEI6, STM32U375VEI6Q, STM32U375VET6, STM32U375VET6Q, STM32U375VGI6, STM32U375VGI6Q, STM32U375VGT6, STM32U375VGT6Q, STM32U385CGT6, STM32U385CGT6Q, STM32U385CGU6, STM32U385CGU6Q, STM32U385CGY6QTR, STM32U385KGU6, STM32U385RGI6, STM32U385RGI6Q, STM32U385RGT6, STM32U385RGT6Q, STM32U385RGY6GTR, STM32U385RGY6QTR, STM32U385VGI6, STM32U385VGI6Q, STM32U385VGT6, STM32U385VGT6Q, STM32U535CBT6, STM32U535CBT6Q, STM32U535CBU6, STM32U535CBU6Q, STM32U535CCT6, STM32U535CCT6Q, STM32U535CCU6, STM32U535CCU6Q, STM32U535CET6, STM32U535CET6Q, STM32U535CEU6, STM32U535CEU6Q, STM32U535JEY6QTR, STM32U535NCY6QTR, STM32U535NEY6QTR, STM32U535RBI6, STM32U535RBI6Q, STM32U535RBT6, STM32U535RBT6Q, STM32U535RCI6, STM32U535RCI6Q, STM32U535RCT6, STM32U535RCT6Q, STM32U535REI6, STM32U535REI6Q, STM32U535RET6, STM32U535RET6Q, STM32U535VCI6, STM32U535VCI6Q, STM32U535VCT6, STM32U535VCT6Q, STM32U535VEI6, STM32U535VEI6Q, STM32U535VET6, STM32U535VET6Q, STM32U545CET6, STM32U545CET6Q, STM32U545CEU6, STM32U545CEU6Q, STM32U545JEY6QTR, STM32U545NEY6QTR, STM32U545REI6, STM32U545REI6Q, STM32U545RET6, STM32U545RET6Q, STM32U545VEI6, STM32U545VEI6Q, STM32U545VET6, STM32U545VET6Q, STM32U595AIH6, STM32U595AIH6Q, STM32U595AJH6, STM32U595AJH6Q, STM32U595QII6, STM32U595QII6Q, STM32U595QJI6, STM32U595QJI6Q, STM32U595RIT6, STM32U595RIT6Q, STM32U595RJT6, STM32U595RJT6Q, STM32U595VIT6, STM32U595VIT6Q, STM32U595VJT6, STM32U595VJT6Q, STM32U595ZIT6, STM32U595ZIT6Q, STM32U595ZIY6QTR, STM32U595ZJT6, STM32U595ZJT6Q, STM32U595ZJY6QTR, STM32U599BJY6QTR, STM32U599NIH6Q, STM32U599NJH6Q, STM32U599VIT6Q, STM32U599VJT6, STM32U599VJT6Q, STM32U599ZIT6Q, STM32U599ZIY6QTR, STM32U599ZJT6Q, STM32U599ZJY6QTR, STM32U5A5AJH6, STM32U5A5AJH6Q, STM32U5A5QII3Q , STM32U5A5QJI6, STM32U5A5QJI6Q, STM32U5A5RJT6, STM32U5A5RJT6Q, STM32U5A5VJT6, STM32U5A5VJT6Q, STM32U5A5ZJT6, STM32U5A5ZJT6Q, STM32U5A5ZJY6QTR, STM32U5A9BJY6QTR, STM32U5A9J-DK, STM32U5A9NJH6Q, STM32U5A9VJT6Q, STM32U5A9ZJT6Q, STM32U5A9ZJY6QTR, STM32U5F7VIT6, STM32U5F7VIT6Q, STM32U5F7VJT6, STM32U5F7VJT6Q, STM32U5F9BJY6QTR, STM32U5F9NJH6Q, STM32U5F9VIT6Q, STM32U5F9VJT6Q, STM32U5F9ZIJ6QTR, STM32U5F9ZIT6Q, STM32U5F9ZJJ6QTR, STM32U5F9ZJT6Q, STM32U5G7VJT6, STM32U5G7VJT6Q, STM32U5G9BJY6QTR, STM32U5G9J-DK1, STM32U5G9J-DK2, STM32U5G9NJH6Q, STM32U5G9VJT6Q, STM32U5G9ZJJ6QTR, STM32U5G9ZJT6Q, STM32WB05KZV6TR, STM32WB05KZV7TR, STM32WB05TZF6TR, STM32WB05TZF7TR, STM32WB06CCF6TR, STM32WB06CCF7TR, STM32WB06CCV6TR, STM32WB06CCV7TR, STM32WB06KCV6TR, STM32WB06KCV7TR, STM32WB07CCF6TR, STM32WB07CCF7TR, STM32WB07CCV6TR, STM32WB07CCV7TR, STM32WB07KCV6TR, STM32WB07KCV7TR, STM32WB09KEV6TR, STM32WB09KEV7TR, STM32WB09TEF6TR, STM32WB09TEF7TR, STM32WB1MMCH6, STM32WBA50KGU6, STM32WBA50KGU6TR, STM32WBA52CEU6, STM32WBA52CEU6TR, STM32WBA52CEU7, STM32WBA52CEU7TR, STM32WBA52CGU6, STM32WBA52CGU6TR, STM32WBA52CGU6U, STM32WBA52CGU7, STM32WBA52CGU7TR, STM32WBA52KEU6, STM32WBA52KEU6TR, STM32WBA52KGU6, STM32WBA52KGU6TR, STM32WBA54CEU6, STM32WBA54CEU6TR, STM32WBA54CEU7, STM32WBA54CEU7TR, STM32WBA54CGU6, STM32WBA54CGU6TR, STM32WBA54CGU7, STM32WBA54CGU7TR, STM32WBA54KEU6, STM32WBA54KEU6TR, STM32WBA54KEU7, STM32WBA54KEU7TR, STM32WBA54KGU6, STM32WBA54KGU6TR, STM32WBA54KGU7, STM32WBA54KGU7TR, STM32WBA55CEU6, STM32WBA55CEU6TR, STM32WBA55CEU7, STM32WBA55CEU7TR, STM32WBA55CGU6, STM32WBA55CGU6TR, STM32WBA55CGU6U, STM32WBA55CGU7, STM32WBA55CGU7TR, STM32WBA55G-DK1, STM32WBA55HEF6, STM32WBA55HEF7, STM32WBA55HGF6, STM32WBA55HGF7, STM32WBA55UEI6, STM32WBA55UEI6TR, STM32WBA55UEI7, STM32WBA55UEI7TR, STM32WBA55UGI6, STM32WBA55UGI6TR, STM32WBA55UGI7, STM32WBA55UGI7TR, STM32WBA5MMGH6TR, STM32WBA62MGF6, STM32WBA62MIF6, STM32WBA65MGF7, STM32WBA65MIF6, STM32WBA65MIF7, STM32WL30K8V6, STM32WL30KBV6, STM32WL31C8V6, STM32WL31CBV6, STM32WL31K8V6, STM32WL31KBV6, STM32WL33C8V6, STM32WL33C8V6X, STM32WL33CBV6, STM32WL33CBV6X, STM32WL33CCV6, STM32WL33CCV6A, STM32WL33CCV6X, STM32WL33K8V7, STM32WL33K8V7X, STM32WL33KBV7 , STM32WL33KBV7X, STM32WL33KCV7, STM32WL33KCV7X, STM32WL5MOCH6, STM32WL5MOCH6TR]
2026-02-17 16:28:28,023 [INFO] DbMcus:218 - Found 4876 MCUs, 4876 are supported
2026-02-17 16:28:28,024 [INFO] ApiDb:423 - Load user favorites file C:\Users\Hemanth Madu/.stm32cubeide/favorites.mcus.txt: 0 item(s)
2026-02-17 16:28:28,024 [INFO] ApiDb:427 - User favorites MCUs=[]
2026-02-17 16:28:28,024 [INFO] DbMcus:224 - Set 0 / 0 favorites MCUs
2026-02-17 16:28:28,693 [INFO] ApiDb:668 - CubeFinder database Data Model version=2.1
2026-02-17 16:28:28,693 [INFO] ApiDb:669 - CubeFinder database Configuration version=3.0.39
2026-02-17 16:28:28,693 [INFO] ApiDb:670 - CubeFinder database generation date=2025-12-22 (1766407740)
2026-02-17 16:28:28,693 [INFO] ApiDb:671 - CubeFinder database FW Pack versions=[FP-ATR-ASTRA1_V2.0.0, FP-SNS-FLIGHT1_V5.1.0, FP-SNS-MOTENV1_V5.1.0, FP-SNS-MOTENVWB1_V1.4.0, FP-SNS-SMARTAG2_V1.2.0, FP-SNS-STBOX1_V2.1.0, STM32Cube_FW_C0_V1.4.0, STM32Cube_FW_F4_V1.28.3, STM32Cube_FW_F7_V1.17.4, STM32Cube_FW_G0_V1.6.2, STM32Cube_FW_G4_V1.6.1, STM32Cube_FW_H5_V1.5.1, STM32Cube_FW_H7RS_V1.3.0, STM32Cube_FW_H7_V1.12.1, STM32Cube_FW_L0_V1.12.2, STM32Cube_FW_L4_V1.18.1, STM32Cube_FW_L5_V1.6.0, STM32Cube_FW_N6_V1.3.0, STM32Cube_FW_U0_V1.3.0, STM32Cube_FW_U3_V1.2.1, STM32Cube_FW_U5_V1.8.0, STM32Cube_FW_WB0_V1.4.0, STM32Cube_FW_WBA_V1.8.0, STM32Cube_FW_WB_V1.24.0, STM32Cube_FW_WL3_V1.3.0, STM32Cube_FW_WL_V1.4.0, X-CUBE-ALGOBUILD_V1.4.0, X-CUBE-ALS_V1.0.2, X-CUBE-AZRTOS-F4_V1.1.0, X-CUBE-AZRTOS-F7_V1.1.0, X-CUBE-AZRTOS-G0_V1.1.0, X-CUBE-AZRTOS-G4_V2.0.0, X-CUBE-AZRTOS-H7RS_V1.1.0, X-CUBE-AZRTOS-H7_V3.4.0, X-CUBE-AZRTOS-L4_V2.0.0, X-CUBE-AZRTOS-L5_V2.0.0, X-CUBE-AZRTOS-WB_V2.0.0, X-CUBE-AZRTOS-WL_V2.0.0, X-CUBE-BLE1_V7.1.0, X-CUBE-BLE2_V3.3.0, X-CUBE-BLEMGR_V4.1.0, X-CUBE-EEPRMA1_V5.2.0, X-CUBE-FREERTOS_V1.3.1, X-CUBE-GNSS1_V6.0.0, X-CUBE-MEMS1_V12.0.0, X-CUBE-NFC4_V3.0.0, X-CUBE-NFC7_V2.0.0, X-CUBE-SFXS2LP1_V4.0.0, X-CUBE-ST67W61_V1.1.0, X-CUBE-SUBG2_V5.0.0, X-CUBE-TOF1_V3.4.3]
2026-02-17 16:28:28,901 [INFO] DbBoardsSqlite:226 - include board P-NUCLEO-WB55-NUCLEO as a kit item of type 'Nucleo-64'
2026-02-17 16:28:28,902 [INFO] DbBoardsSqlite:226 - include board P-NUCLEO-WB55-USBDONGLE as a kit item of type 'Nucleo USB Dongle'
2026-02-17 16:28:28,907 [INFO] DbBoardsSqlite:226 - include board STEVAL-IDP005V1 as a kit item of type 'Evaluation Board'
2026-02-17 16:28:28,907 [INFO] DbBoardsSqlite:226 - include board STEVAL-IDP005V2 as a kit item of type 'Evaluation Board'
2026-02-17 16:28:29,085 [INFO] ApiDb:240 - Found 880 in-development CPN: [B-G473E-ZEST1S, B-WB1M-WPAN1, B-WBA5M-WPAN, B-WL5M-SUBG1, NUCLEO-C031C6, NUCLEO-C051C8, NUCLEO-C071RB, NUCLEO-C092RC, NUCLEO-H503RB, NUCLEO-H533RE, NUCLEO-H563ZI, NUCLEO-H7S3L8, NUCLEO-N657X0-Q, NUCLEO-U031R8, NUCLEO-U083RC, NUCLEO-U385RG-Q, NUCLEO-U545RE-Q, NUCLEO-U5A5ZJ-Q, NUCLEO-WB05KZ, NUCLEO-WB07CC, NUCLEO-WB09KE, NUCLEO-WBA52CG, NUCLEO-WBA55CG, NUCLEO-WL33CC1, NUCLEO-WL33CC2, STEVAL-PROTEUS1, STEVAL-SMARTAG2, STEVAL-STWINBX1, STM320518-EVAL, STM32C0116-DK, STM32C011D6Y3TR, STM32C011D6Y6TR, STM32C011F4P3, STM32C011F4P6, STM32C011F4U3, STM32C011F4U6TR, STM32C011F6P3, STM32C011F6P6, STM32C011F6U3, STM32C011F6U6TR, STM32C011J4M3, STM32C011J4M6, STM32C011J6M3, STM32C011J6M6, STM32C0316-DK, STM32C031C4T3, STM32C031C4T6, STM32C031C4U3, STM32C031C4U6, STM32C031C6T3, STM32C031C6T6, STM32C031C6U3, STM32C031C6U6, STM32C031F4P3, STM32C031F4P6, STM32C031F6P3, STM32C031F6P6, STM32C031G4U3, STM32C031G4U6, STM32C031G6U3, STM32C031G6U6, STM32C031K4T3, STM32C031K4T6, STM32C031K4U3, STM32C031K4U6, STM32C031K6T3, STM32C031K6T6, STM32C031K6U3, STM32C031K6U6, STM32C051C6T6, STM32C051C6U6, STM32C051C8T6, STM32C051C8U6, STM32C051D8Y6TR, STM32C051F6P6, STM32C051F8P6, STM32C051G6U6, STM32C051G8U6, STM32C051K6T6, STM32C051K6U6, STM32C051K8T6, STM32C071C8T6, STM32C071C8T6N, STM32C071C8U6, STM32C071C8U6N, STM32C071CBT6, STM32C071CBT6N, STM32C071CBU6, STM32C071CBU6N, STM32C071F8P6, STM32C071F8P6N, STM32C071FBP6, STM32C071FBP6N, STM32C071FBY6TR, STM32C071G8U6, STM32C071G8U6N, STM32C071GBU6, STM32C071GBU6N, STM32C071K8T6, STM32C071K8T6N, STM32C071K8U6, STM32C071K8U6N, STM32C071KBT6, STM32C071KBT6N, STM32C071KBU6, STM32C071KBU6N, STM32C071R8T6, STM32C071R8T6N, STM32C071RBI6N, STM32C071RBT6, STM32C071RBT6N, STM32C091CBT6, STM32C091CBU6, STM32C091CCT6, STM32C091CCU6, STM32C091ECY6TR, STM32C091FBP6, STM32C091FCP6, STM32C091GBU6, STM32C091GCU6, STM32C091KBT6, STM32C091KBU6, STM32C091KCT6, STM32C091KCU6, STM32C091RBT6, STM32C091RCI6, STM32C091RCT6, STM32C092CBT6, STM32C092CBU6, STM32C092CCT6, STM32C092CCU6, STM32C092ECY6TR, STM32C092FBP6, STM32C092FCP6, STM32C092GBU6, STM32C092GCU6, STM32C092KBT6, STM32C092KBU6, STM32C092KCT6, STM32C092KCU6, STM32C092RBT6, STM32C092RCI6, STM32C092RCT6, STM32G071K8TXN, STM32G071K8UXN, STM32G081GBU6N, STM32G081KBT6N, STM32G081KBUXN, STM32G0B1CCT6N, STM32G0B1KCT6, STM32G0B1NEY6TR, STM32G0B1RCT6N, STM32G0C1CCT6, STM32G0C1CCT6N, STM32G0C1CCU6N, STM32G0C1CET6N, STM32G0C1CEU6N, STM32G0C1KCT6, STM32G0C1NEY6TR, STM32G0C1RCI6N, STM32G0C1RCT6N, STM32G0C1REI6N, STM32G0C1RET6N, STM32G0C1VCI6, STM32G0C1VEI6, STM32G411C6T3, STM32G411C6T6, STM32G411C6U3, STM32G411C6U6, STM32G411C8T3, STM32G411C8T6, STM32G411C8U3, STM32G411C8U6, STM32G411CBT3, STM32G411CBT6, STM32G411CBU3, STM32G411CBU6, STM32G411K6T3, STM32G411K6T6, STM32G411K6U3, STM32G411K6U6, STM32G411K8T3, STM32G411K8T6, STM32G411K8U3, STM32G411K8U6, STM32G411KBT3, STM32G411KBT6, STM32G411KBU3, STM32G411KBU6, STM32G411M6T3, STM32G411M6T6, STM32G411M8T3, STM32G411M8T6, STM32G411MBT3, STM32G411MBT6, STM32G411R6T3, STM32G411R6T6, STM32G411R8T3, STM32G411R8T6, STM32G411RBT3, STM32G411RBT6, STM32G414CBT3, STM32G414CBT6, STM32G414CBU3, STM32G414CBU6, STM32G414CCT3, STM32G414CCT6, STM32G414CCU3, STM32G414CCU6, STM32G414MBT3, STM32G414MBT6, STM32G414MCT3, STM32G414MCT6, STM32G414RBT3, STM32G414RBT6, STM32G414RCT3, STM32G414RCT6, STM32G414VBT3, STM32G414VBT6, STM32G414VCT3, STM32G414VCT6, STM32G431CBT3Z, STM32G431RBT3Z, STM32G471CCT6, STM32G471CCU6, STM32G471CET3, STM32G471CET6, STM32G471CEU3, STM32G471CEU6, STM32G471MCT6, STM32G471MET3, STM32G471MET6, STM32G471MEY6TR, STM32G471QCT6, STM32G471QET3, STM32G471RCT6, STM32G471RET3, STM32G471RET6, STM32G471VCH6, STM32G471VCI6, STM32G471VCT6, STM32G471VEH3, STM32G471VEH6, STM32G471VEI3, STM32G471VEI6, STM32G471VET3, STM32G471VET6, STM32G473QET3Z, STM32G473RET3Z, STM32G474CCT6, STM32G491RET3Z, STM32H503CBT6, STM32H503CBU6, STM32H503EBY6TR, STM32H503KBU6, STM32H503RBT6, STM32H523CCT6, STM32H523CCU6, STM32H523CET6, STM32H523CEU6, STM32H523HEY6TR, STM32H523RCT6, STM32H523RET6, STM32H523VCI6, STM32H523VCT6, STM32H523VEI6, STM32H523VET6, STM32H523ZCJ6, STM32H523ZCT6, STM32H523ZEJ6, STM32H523ZET6, STM32H533CET6, STM32H533CEU6, STM32H533HEY6TR, STM32H533RET6, STM32H533VEI6, STM32H533VET6, STM32H533ZEJ6, STM32H533ZET6, STM32H562AGI6, STM32H562AII6, STM32H562IGK6, STM32H562IGT6, STM32H562IIK6, STM32H562IIT6, STM32H562RGT6, STM32H562RGV6, STM32H562RIT6, STM32H562RIV6, STM32H562VGT6, STM32H562VIT6, STM32H562ZGT6, STM32H562ZIT6, STM32H563AGI6, STM32H563AII3Q, STM32H563AII6, STM32H563IGK6, STM32H563IGT6, STM32H563IIK3Q, STM32H563IIK6, STM32H563IIT3Q, STM32H563IIT6, STM32H563MIY3QTR, STM32H563RGT6, STM32H563RGV6, STM32H563RIT6, STM32H563RIV6, STM32H563VGT6, STM32H563VIT3Q, STM32H563VIT6, STM32H563ZGT6, STM32H563ZIT3Q, STM32H563ZIT6, STM32H573AII3Q, STM32H573AII6, STM32H573I-DK, STM32H573IIK3Q, STM32H573IIK6, STM32H573IIT3Q, STM32H573IIT6, STM32H573MIY3QTR, STM32H573RIT6, STM32H573RIV6, STM32H573VIT3Q, STM32H573VIT6, STM32H573ZIT3Q, STM32H573ZIT6, STM32H7R3A8I6, STM32H7R3I8K6, STM32H7R3I8T6, STM32H7R3L8H6, STM32H7R3L8H6H, STM32H7R3R8V6, STM32H7R3V8H6, STM32H7R3V8T6, STM32H7R3V8Y6TR, STM32H7R3Z8J6, STM32H7R3Z8T6, STM32H7R7A8I6, STM32H7R7I8K6, STM32H7R7I8T6, STM32H7R7L8H6, STM32H7R7L8H6H, STM32H7R7Z8J6, STM32H7S3A8I6, STM32H7S3I8K6, STM32H7S3I8T6, STM32H7S3L8H6, STM32H7S3L8H6H, STM32H7S3R8V6, STM32H7S3V8H6, STM32H7S3V8T6, STM32H7S3V8Y6TR, STM32H7S3Z8J6, STM32H7S3Z8T6, STM32H7S78-DK, STM32H7S7A8I6, STM32H7S7I8K6, STM32H7S7I8T6, STM32H7S7L8H6, STM32H7S7L8H6H, STM32H7S7Z8J6, STM32L4R5QGI6STR, STM32MP131AAE3, STM32MP131AAF3, STM32MP131AAG3, STM32MP131CAE3, STM32MP131CAF3, STM32MP131CAG3, STM32MP131DAE7, STM32MP131DAF7, STM32MP131DAG7, STM32MP131FAE7, STM32MP131FAF7, STM32MP131FAG7, STM32MP133AAE3, STM32MP133AAF3, STM32MP133AAG3, STM32MP133CAE3, STM32MP133CAF3, STM32MP133CAG3, STM32MP133DAE7, STM32MP133DAF7, STM32MP133DAG7, STM32MP133FAE7, STM32MP133FAF7, STM32MP133FAG7, STM32MP135AAE3, STM32MP135AAF3, STM32MP135AAG3, STM32MP135CAE3, STM32MP135CAF3, STM32MP135CAG3, STM32MP135DAE7, STM32MP135DAF7, STM32MP135DAG7, STM32MP135F-DK, STM32MP135FAE7, STM32MP135FAF7, STM32MP135FAF7T, STM32MP135FAF7U, STM32MP135FAG7, STM32MP211AAL3, STM32MP211AAM3, STM32MP211AAN3, STM32MP211AAO3, STM32MP211CAL3, STM32MP211CAM3, STM32MP211CAN3, STM32MP211CAO3, STM32MP211DAL3, STM32MP211DAM3, STM32MP211DAN3, STM32MP211DAO3, STM32MP211FAL3, STM32MP211FAM3, STM32MP211FAN3, STM32MP211FAO3, STM32MP213AAL3, STM32MP213AAM3, STM32MP213AAN3, STM32MP213AAO3, STM32MP213CAL3, STM32MP213CAM3, STM32MP213CAN3, STM32MP213CAO3, STM32MP213DAL3, STM32MP213DAM3, STM32MP213DAN3, STM32MP213DAO3, STM32MP213FAL3, STM32MP213FAM3, STM32MP213FAN3, STM32MP213FAO3, STM32MP215AAL3, STM32MP215AAM3, STM32MP215AAN3, STM32MP215AAO3, STM32MP215CAL3, STM32MP215CAM3, STM32MP215CAN3, STM32MP215CAO3, STM32MP215DAL3, STM32MP215DAM3, STM32MP215DAN3, STM32MP215DAO3, STM32MP215F-DK, STM32MP215FAL3, STM32MP215FAM3, STM32MP215FAN3, STM32MP215FAO3, STM32MP231AAJ3, STM32MP231AAK3, STM32MP231AAL3, STM32MP231CAJ3, STM32MP231CAK3, STM32MP231CAL3, STM32MP231DAJ3, STM32MP231DAK3, STM32MP231DAL3, STM32MP231FAJ3, STM32MP231FAK3, STM32MP231FAL3, STM32MP233AAJ3, STM32MP233AAK3, STM32MP233AAL3, STM32MP233CAJ3, STM32MP233CAK3, STM32MP233CAL3, STM32MP233DAJ3, STM32MP233DAK3, STM32MP233DAL3, STM32MP233FAJ3, STM32MP233FAK3, STM32MP233FAL3, STM32MP235AAJ3, STM32MP235AAK3, STM32MP235AAL3, STM32MP235CAJ3, STM32MP235CAK3, STM32MP235CAL3, STM32MP235DAJ3, STM32MP235DAK3, STM32MP235DAL3, STM32MP235FAJ3, STM32MP235FAK3, STM32MP235FAL3, STM32MP251AAI3, STM32MP251AAK3, STM32MP251AAL3, STM32MP251CAI3, STM32MP251CAK3, STM32MP251CAL3, STM32MP251DAI3, STM32MP251DAK3, STM32MP251DAL3, STM32MP251FAI3, STM32MP251FAK3, STM32MP251FAL3, STM32MP253AAI3, STM32MP253AAK3, STM32MP253AAL3, STM32MP253CAI3, STM32MP253CAK3, STM32MP253CAL3, STM32MP253DAI3, STM32MP253DAK3, STM32MP253DAL3, STM32MP253FAI3, STM32MP253FAK3, STM32MP253FAL3, STM32MP255AAI3, STM32MP255AAK3, STM32MP255AAL3, STM32MP255CAI3, STM32MP255CAK3, STM32MP255CAL3, STM32MP255DAI3, STM32MP255DAK3, STM32MP255DAL3, STM32MP255FAI3, STM32MP255FAK3, STM32MP255FAL3, STM32MP257AAI3, STM32MP257AAK3, STM32MP257AAL3, STM32MP257CAI3, STM32MP257CAK3, STM32MP257CAL3, STM32MP257DAI3, STM32MP257DAK3, STM32MP257DAL3, STM32MP257F-DK, STM32MP257F-EV1, STM32MP257FAI3, STM32MP257FAK3, STM32MP257FAL3, STM32N645A0H3Q, STM32N645B0H3Q, STM32N645I0H3Q, STM32N645L0H3Q, STM32N645X0H3Q, STM32N645Z0H3Q, STM32N647A0H3Q, STM32N647B0H3Q, STM32N647I0H3Q, STM32N647L0H3Q, STM32N647X0H3Q, STM32N647Z0H3Q, STM32N655A0H3Q, STM32N655B0H3Q, STM32N655I0H3Q, STM32N655L0H3Q, STM32N655X0H3Q, STM32N655Z0H3Q, STM32N6570-DK, STM32N657A0H3Q, STM32N657B0H3Q, STM32N657I0H3Q, STM32N657L0H3Q, STM32N657X0H3Q, STM32N657Z0H3Q, STM32U031C6T6, STM32U031C6U6, STM32U031C8T6, STM32U031C8U6, STM32U031F4P6, STM32U031F6P6, STM32U031F8P6, STM32U031G6Y6TR, STM32U031G8Y6TR, STM32U031K4U6, STM32U031K6U6, STM32U031K8U6, STM32U031R6I6, STM32U031R6T6, STM32U031R8I6, STM32U031R8T6, STM32U073C8T6, STM32U073C8U6, STM32U073CBT6, STM32U073CBU6, STM32U073CCT6, STM32U073CCU6, STM32U073H8Y6TR, STM32U073HBY6TR, STM32U073HCY6TR, STM32U073K8U6, STM32U073KBU6, STM32U073KCU6, STM32U073M8I6, STM32U073M8T6, STM32U073MBI6, STM32U073MBT6, STM32U073MCI6, STM32U073MCT6, STM32U073R8I6, STM32U073R8T6, STM32U073RBI6, STM32U073RBT6, STM32U073RCI6, STM32U073RCT6, STM32U083C-DK, STM32U083CCT6, STM32U083CCU6, STM32U083HCY6TR, STM32U083KCU6, STM32U083MCI6, STM32U083MCT6, STM32U083RCI6, STM32U083RCT6, STM32U375CET6, STM32U375CET6Q, STM32U375CEU6, STM32U375CEU6Q, STM32U375CEY6QTR, STM32U375CGT6, STM32U375CGT6Q, STM32U375CGU6, STM32U375CGU6Q, STM32U375CGY6QTR, STM32U375KEU6, STM32U375KGU6, STM32U375REI6, STM32U375REI6Q, STM32U375RET6, STM32U375RET6Q, STM32U375REY6GTR, STM32U375REY6QTR, STM32U375RGI6, STM32U375RGI6Q, STM32U375RGT6, STM32U375RGT6Q, STM32U375RGY6GTR, STM32U375RGY6QTR, STM32U375VEI6, STM32U375VEI6Q, STM32U375VET6, STM32U375VET6Q, STM32U375VGI6, STM32U375VGI6Q, STM32U375VGT6, STM32U375VGT6Q, STM32U385CGT6, STM32U385CGT6Q, STM32U385CGU6, STM32U385CGU6Q, STM32U385CGY6QTR, STM32U385KGU6, STM32U385RGI6, STM32U385RGI6Q, STM32U385RGT6, STM32U385RGT6Q, STM32U385RGY6GTR, STM32U385RGY6QTR, STM32U385VGI6, STM32U385VGI6Q, STM32U385VGT6, STM32U385VGT6Q, STM32U535CBT6, STM32U535CBT6Q, STM32U535CBU6, STM32U535CBU6Q, STM32U535CCT6, STM32U535CCT6Q, STM32U535CCU6, STM32U535CCU6Q, STM32U535CET6, STM32U535CET6Q, STM32U535CEU6, STM32U535CEU6Q, STM32U535JEY6QTR, STM32U535NCY6QTR, STM32U535NEY6QTR, STM32U535RBI6, STM32U535RBI6Q, STM32U535RBT6, STM32U535RBT6Q, STM32U535RCI6, STM32U535RCI6Q, STM32U535RCT6, STM32U535RCT6Q, STM32U535REI6, STM32U535REI6Q, STM32U535RET6, STM32U535RET6Q, STM32U535VCI6, STM32U535VCI6Q, STM32U535VCT6, STM32U535VCT6Q, STM32U535VEI6, STM32U535VEI6Q, STM32U535VET6, STM32U535VET6Q, STM32U545CET6, STM32U545CET6Q, STM32U545CEU6, STM32U545CEU6Q, STM32U545JEY6QTR, STM32U545NEY6QTR, STM32U545REI6, STM32U545REI6Q, STM32U545RET6, STM32U545RET6Q, STM32U545VEI6, STM32U545VEI6Q, STM32U545VET6, STM32U545VET6Q, STM32U595AIH6, STM32U595AIH6Q, STM32U595AJH6, STM32U595AJH6Q, STM32U595QII6, STM32U595QII6Q, STM32U595QJI6, STM32U595QJI6Q, STM32U595RIT6, STM32U595RIT6Q, STM32U595RJT6, STM32U595RJT6Q, STM32U595VIT6, STM32U595VIT6Q, STM32U595VJT6, STM32U595VJT6Q, STM32U595ZIT6, STM32U595ZIT6Q, STM32U595ZIY6QTR, STM32U595ZJT6, STM32U595ZJT6Q, STM32U595ZJY6QTR, STM32U599BJY6QTR, STM32U599NIH6Q, STM32U599NJH6Q, STM32U599VIT6Q, STM32U599VJT6, STM32U599VJT6Q, STM32U599ZIT6Q, STM32U599ZIY6QTR, STM32U599ZJT6Q, STM32U599ZJY6QTR, STM32U5A5AJH6, STM32U5A5AJH6Q, STM32U5A5QII3Q , STM32U5A5QJI6, STM32U5A5QJI6Q, STM32U5A5RJT6, STM32U5A5RJT6Q, STM32U5A5VJT6, STM32U5A5VJT6Q, STM32U5A5ZJT6, STM32U5A5ZJT6Q, STM32U5A5ZJY6QTR, STM32U5A9BJY6QTR, STM32U5A9J-DK, STM32U5A9NJH6Q, STM32U5A9VJT6Q, STM32U5A9ZJT6Q, STM32U5A9ZJY6QTR, STM32U5F7VIT6, STM32U5F7VIT6Q, STM32U5F7VJT6, STM32U5F7VJT6Q, STM32U5F9BJY6QTR, STM32U5F9NJH6Q, STM32U5F9VIT6Q, STM32U5F9VJT6Q, STM32U5F9ZIJ6QTR, STM32U5F9ZIT6Q, STM32U5F9ZJJ6QTR, STM32U5F9ZJT6Q, STM32U5G7VJT6, STM32U5G7VJT6Q, STM32U5G9BJY6QTR, STM32U5G9J-DK1, STM32U5G9J-DK2, STM32U5G9NJH6Q, STM32U5G9VJT6Q, STM32U5G9ZJJ6QTR, STM32U5G9ZJT6Q, STM32WB05KZV6TR, STM32WB05KZV7TR, STM32WB05TZF6TR, STM32WB05TZF7TR, STM32WB06CCF6TR, STM32WB06CCF7TR, STM32WB06CCV6TR, STM32WB06CCV7TR, STM32WB06KCV6TR, STM32WB06KCV7TR, STM32WB07CCF6TR, STM32WB07CCF7TR, STM32WB07CCV6TR, STM32WB07CCV7TR, STM32WB07KCV6TR, STM32WB07KCV7TR, STM32WB09KEV6TR, STM32WB09KEV7TR, STM32WB09TEF6TR, STM32WB09TEF7TR, STM32WB1MMCH6, STM32WBA50KGU6, STM32WBA50KGU6TR, STM32WBA52CEU6, STM32WBA52CEU6TR, STM32WBA52CEU7, STM32WBA52CEU7TR, STM32WBA52CGU6, STM32WBA52CGU6TR, STM32WBA52CGU6U, STM32WBA52CGU7, STM32WBA52CGU7TR, STM32WBA52KEU6, STM32WBA52KEU6TR, STM32WBA52KGU6, STM32WBA52KGU6TR, STM32WBA54CEU6, STM32WBA54CEU6TR, STM32WBA54CEU7, STM32WBA54CEU7TR, STM32WBA54CGU6, STM32WBA54CGU6TR, STM32WBA54CGU7, STM32WBA54CGU7TR, STM32WBA54KEU6, STM32WBA54KEU6TR, STM32WBA54KEU7, STM32WBA54KEU7TR, STM32WBA54KGU6, STM32WBA54KGU6TR, STM32WBA54KGU7, STM32WBA54KGU7TR, STM32WBA55CEU6, STM32WBA55CEU6TR, STM32WBA55CEU7, STM32WBA55CEU7TR, STM32WBA55CGU6, STM32WBA55CGU6TR, STM32WBA55CGU6U, STM32WBA55CGU7, STM32WBA55CGU7TR, STM32WBA55G-DK1, STM32WBA55HEF6, STM32WBA55HEF7, STM32WBA55HGF6, STM32WBA55HGF7, STM32WBA55UEI6, STM32WBA55UEI6TR, STM32WBA55UEI7, STM32WBA55UEI7TR, STM32WBA55UGI6, STM32WBA55UGI6TR, STM32WBA55UGI7, STM32WBA55UGI7TR, STM32WBA5MMGH6TR, STM32WBA62MGF6, STM32WBA62MIF6, STM32WBA65MGF7, STM32WBA65MIF6, STM32WBA65MIF7, STM32WL30K8V6, STM32WL30KBV6, STM32WL31C8V6, STM32WL31CBV6, STM32WL31K8V6, STM32WL31KBV6, STM32WL33C8V6, STM32WL33C8V6X, STM32WL33CBV6, STM32WL33CBV6X, STM32WL33CCV6, STM32WL33CCV6A, STM32WL33CCV6X, STM32WL33K8V7, STM32WL33K8V7X, STM32WL33KBV7 , STM32WL33KBV7X, STM32WL33KCV7, STM32WL33KCV7X, STM32WL5MOCH6, STM32WL5MOCH6TR]
2026-02-17 16:28:29,256 [INFO] BoardInfo:889 - No configuration file found for board P-NUCLEO-WB55
2026-02-17 16:28:29,257 [INFO] DbBoards:161 - Kit is not supported: P-NUCLEO-WB55
2026-02-17 16:28:29,261 [INFO] BoardInfo:889 - No configuration file found for board STEVAL-BFA001V1B
2026-02-17 16:28:29,262 [INFO] DbBoards:161 - Kit is not supported: STEVAL-BFA001V1B
2026-02-17 16:28:29,263 [INFO] BoardInfo:889 - No configuration file found for board STEVAL-BFA001V2B
2026-02-17 16:28:29,263 [INFO] DbBoards:161 - Kit is not supported: STEVAL-BFA001V2B
2026-02-17 16:28:29,461 [INFO] DbBoards:168 - Found 212 boards, 209 are supported
2026-02-17 16:28:29,461 [INFO] DbBoards:169 - Found 212 boards, 43 of them is supported for  Bsp
2026-02-17 16:28:29,463 [INFO] ApiDb:423 - Load user favorites file C:\Users\Hemanth Madu/.stm32cubeide/favorites.boards.txt: 0 item(s)
2026-02-17 16:28:29,463 [INFO] ApiDb:427 - User favorites Boards=[]
2026-02-17 16:28:29,463 [INFO] DbBoards:198 - Set 0 / 0 favorites Boards
2026-02-17 16:28:29,464 [INFO] McuFinderGlobals:76 - Set McuFinderConnectedMode to true
2026-02-17 16:28:29,480 [INFO] MultiScanPanel:200 - Auto-refresh data requested => check proxy status ongoing
2026-02-17 16:28:29,487 [INFO] FinderPluginLoader:96 - Searching for filters in installed packs
2026-02-17 16:28:31,154 [INFO] LoadUrlFilesThread:185 - End of LoadServerUrlFiles without Thread
2026-02-17 16:28:31,171 [INFO] DetailPanel:341 - Set advertising image to C:/Users/Hemanth Madu/STM32Cube/Repository/\en.prom-stm32c0-entry-level-graphic-0226.png
2026-02-17 16:28:31,739 [INFO] MultiScanPanel:728 - adjusting invalid saved split location: -0.1
2026-02-17 16:28:32,217 [INFO] MultiScanPanel:728 - adjusting invalid saved split location: -0.1
2026-02-17 16:28:41,726 [INFO] MultiScanPanel:200 - Auto-refresh data requested => check proxy status ongoing
2026-02-17 16:28:41,951 [INFO] LoadUrlFilesThread:185 - End of LoadServerUrlFiles without Thread
2026-02-17 16:28:41,952 [INFO] DetailPanel:341 - Set advertising image to C:/Users/Hemanth Madu/STM32Cube/Repository/\en.prom-stm32c0-entry-level-graphic-0226.png
2026-02-17 16:28:41,964 [INFO] DbBoards:642 - Loading board mini-images...
2026-02-17 16:28:46,218 [ERROR] DbBoards:659 - Image file not found for board STM32MP215F-DK: C:\Users\Hemanth Madu\.stmcufinder\plugins\mcufinder//mcu//boards_images/STM32MP215F-DK.jpg
2026-02-17 16:28:46,455 [INFO] DbBoards:665 - Loaded 211 board mini-images
2026-02-17 16:28:49,927 [INFO] MainUpdater:2872 - connection check result : 10
2026-02-17 16:28:49,928 [INFO] MainUpdater:2872 - connection check result : 10
2026-02-17 16:28:49,958 [INFO] MicroXplorer:468 - Change Database Path : 
2026-02-17 16:28:49,959 [INFO] MicroXplorer:498 - Change Database Version : DB.6.0.150
2026-02-17 16:28:49,971 [WARN] ThirdParty:871 - waiting for thirdparty lock release [close project]
2026-02-17 16:28:49,972 [INFO] ThirdParty:873 - entering critical section [close project]
2026-02-17 16:28:49,973 [INFO] ThirdParty:883 - exiting critical section [close project]
2026-02-17 16:28:49,976 [INFO] PinOutPanel:1589 - setPackage(No Configuration,No Configuration)
2026-02-17 16:28:49,977 [INFO] UtilMem:75 - Begin LoadConfig() Used Memory: 706602576 Bytes (754974720)
2026-02-17 16:28:49,987 [INFO] OpenFileManager:355 - Change cursor
2026-02-17 16:28:50,037 [INFO] ProjectFactory:514 - No CPN specified for board NUCLEO-L476RG => set CPN to STM32L476RGT3
2026-02-17 16:28:50,039 [INFO] Mcu:2029 - Initializing MCU STM32L476R(C-E-G)Tx STM32L476RGTx STM32L476RGT3
2026-02-17 16:28:55,026 [INFO] Context:786 - Trying to add GPIOservice into a context  which must be forbidden
2026-02-17 16:28:56,399 [INFO] Rule:233 - rule 117617 - U5Cobra4M][GTZC] default value MPCBB3 and MPCBB5 - Not Secured memory - MPCBB1 is applicable
2026-02-17 16:28:56,400 [INFO] Rule:233 - rule 117617 - U5Cobra4M][GTZC] default value MPCBB3 and MPCBB5 - Not Secured memory - MPCBB1 is applicable
2026-02-17 16:28:56,400 [INFO] Rule:233 - rule 117617 - U5Cobra4M][GTZC] default value MPCBB3 and MPCBB5 - Not Secured memory - MPCBB2 is applicable
2026-02-17 16:28:56,400 [INFO] Rule:233 - rule 117617 - U5Cobra4M][GTZC] default value MPCBB3 and MPCBB5 - Not Secured memory - MPCBB2 is applicable
2026-02-17 16:28:56,400 [INFO] Rule:233 - rule 117617 - U5Cobra4M][GTZC] default value MPCBB3 and MPCBB5 - Not Secured memory - MPCBB3 is applicable
2026-02-17 16:28:56,400 [INFO] Rule:233 - rule 117617 - U5Cobra4M][GTZC] default value MPCBB3 and MPCBB5 - Not Secured memory - MPCBB3 is applicable
2026-02-17 16:28:56,400 [INFO] Rule:233 - rule 117617 - U5Cobra4M][GTZC] default value MPCBB3 and MPCBB5 - Not Secured memory - MPCBB4 is applicable
2026-02-17 16:28:56,401 [INFO] Rule:233 - rule 117617 - U5Cobra4M][GTZC] default value MPCBB3 and MPCBB5 - Not Secured memory - MPCBB4 is applicable
2026-02-17 16:28:56,401 [INFO] Rule:233 - rule 117617 - U5Cobra4M][GTZC] default value MPCBB3 and MPCBB5 - Secured memory - MPCBB1 is applicable
2026-02-17 16:28:56,401 [INFO] Rule:233 - rule 117617 - U5Cobra4M][GTZC] default value MPCBB3 and MPCBB5 - Secured memory - MPCBB2 is applicable
2026-02-17 16:28:56,401 [INFO] Rule:233 - rule 117617 - U5Cobra4M][GTZC] default value MPCBB3 and MPCBB5 - Secured memory - MPCBB3 is applicable
2026-02-17 16:28:56,401 [INFO] Rule:233 - rule 117617 - U5Cobra4M][GTZC] default value MPCBB3 and MPCBB5 - Secured memory - MPCBB4 is applicable
2026-02-17 16:28:56,401 [INFO] Rule:233 - rule 117617 - U5Cobra4M][GTZC] default value MPCBB3 and MPCBB5 - Privileged memory - MPCBB1 is applicable
2026-02-17 16:28:56,401 [INFO] Rule:233 - rule 117617 - U5Cobra4M][GTZC] default value MPCBB3 and MPCBB5 - Privileged memory - MPCBB2 is applicable
2026-02-17 16:28:56,402 [INFO] Rule:233 - rule 117617 - U5Cobra4M][GTZC] default value MPCBB3 and MPCBB5 - Privileged memory - MPCBB3 is applicable
2026-02-17 16:28:56,402 [INFO] Rule:233 - rule 117617 - U5Cobra4M][GTZC] default value MPCBB3 and MPCBB5 - Privileged memory - MPCBB4 is applicable
2026-02-17 16:28:56,402 [INFO] Rule:233 - rule 117617 - U5Cobra4M][GTZC] default value MPCBB3 and MPCBB5 - Not Privileged memory - MPCBB1 is applicable
2026-02-17 16:28:56,402 [INFO] Rule:233 - rule 117617 - U5Cobra4M][GTZC] default value MPCBB3 and MPCBB5 - Not Privileged memory - MPCBB2 is applicable
2026-02-17 16:28:56,402 [INFO] Rule:233 - rule 117617 - U5Cobra4M][GTZC] default value MPCBB3 and MPCBB5 - Not Privileged memory - MPCBB3 is applicable
2026-02-17 16:28:56,402 [INFO] Rule:233 - rule 117617 - U5Cobra4M][GTZC] default value MPCBB3 and MPCBB5 - Not Privileged memory - MPCBB4 is applicable
2026-02-17 16:28:56,402 [INFO] Rule:233 - rule 117617 - U5Cobra4M][GTZC] default value MPCBB3 and MPCBB5 - Privileged memory - MPCBB1 is applicable
2026-02-17 16:28:56,403 [INFO] Rule:233 - rule 117617 - U5Cobra4M][GTZC] default value MPCBB3 and MPCBB5 - Privileged memory - MPCBB2 is applicable
2026-02-17 16:28:56,403 [INFO] Rule:233 - rule 117617 - U5Cobra4M][GTZC] default value MPCBB3 and MPCBB5 - Privileged memory - MPCBB3 is applicable
2026-02-17 16:28:56,403 [INFO] Rule:233 - rule 117617 - U5Cobra4M][GTZC] default value MPCBB3 and MPCBB5 - Privileged memory - MPCBB4 is applicable
2026-02-17 16:28:56,403 [INFO] Rule:233 - rule 117617 - U5Cobra4M][GTZC] default value MPCBB3 and MPCBB5 - Privileged memory - MPCBB1 is applicable
2026-02-17 16:28:56,403 [INFO] Rule:233 - rule 117617 - U5Cobra4M][GTZC] default value MPCBB3 and MPCBB5 - Privileged memory - MPCBB2 is applicable
2026-02-17 16:28:56,403 [INFO] Rule:233 - rule 117617 - U5Cobra4M][GTZC] default value MPCBB3 and MPCBB5 - Privileged memory - MPCBB3 is applicable
2026-02-17 16:28:56,403 [INFO] Rule:233 - rule 117617 - U5Cobra4M][GTZC] default value MPCBB3 and MPCBB5 - Privileged memory - MPCBB4 is applicable
2026-02-17 16:28:56,403 [INFO] Rule:233 - rule 117617 - U5Cobra4M][GTZC] default value MPCBB3 and MPCBB5 - Not Privileged memory - MPCBB1 is applicable
2026-02-17 16:28:56,404 [INFO] Rule:233 - rule 117617 - U5Cobra4M][GTZC] default value MPCBB3 and MPCBB5 - Not Privileged memory - MPCBB2 is applicable
2026-02-17 16:28:56,404 [INFO] Rule:233 - rule 117617 - U5Cobra4M][GTZC] default value MPCBB3 and MPCBB5 - Not Privileged memory - MPCBB3 is applicable
2026-02-17 16:28:56,404 [INFO] Rule:233 - rule 117617 - U5Cobra4M][GTZC] default value MPCBB3 and MPCBB5 - Not Privileged memory - MPCBB4 is applicable
2026-02-17 16:28:56,404 [INFO] Rule:233 - rule 117617 - U5Cobra4M][GTZC] default value MPCBB3 and MPCBB5 - Privileged memory - MPCBB1 is applicable
2026-02-17 16:28:56,404 [INFO] Rule:233 - rule 117617 - U5Cobra4M][GTZC] default value MPCBB3 and MPCBB5 - Privileged memory - MPCBB2 is applicable
2026-02-17 16:28:56,405 [INFO] Rule:233 - rule 117617 - U5Cobra4M][GTZC] default value MPCBB3 and MPCBB5 - Privileged memory - MPCBB3 is applicable
2026-02-17 16:28:56,407 [INFO] Rule:233 - rule 117617 - U5Cobra4M][GTZC] default value MPCBB3 and MPCBB5 - Privileged memory - MPCBB4 is applicable
2026-02-17 16:28:56,407 [INFO] Rule:233 - rule Rename SubGHz_Phy SUBGHZ_APPLICATION SUBGHZ_PINGPONG to SUBGHZ_ADV_APPLICATION is applicable
2026-02-17 16:28:56,407 [INFO] Rule:233 - rule Rename Enabled to IBEACON is applicable
2026-02-17 16:28:56,407 [INFO] Rule:233 - rule GTZC_S instance for project manager is applicable
2026-02-17 16:28:56,407 [INFO] Rule:233 - rule GTZC_S instance for context M33S is applicable
2026-02-17 16:28:56,407 [INFO] Rule:233 - rule GTZC_S instance value for IP GTZC is applicable
2026-02-17 16:28:56,408 [INFO] Rule:233 - rule GTZC_S instance for mcu.IP is applicable
2026-02-17 16:28:56,408 [INFO] Rule:233 - rule GTZC_S instance for VP is applicable
2026-02-17 16:28:56,408 [INFO] Rule:233 - rule GTZC_S instance for signal is applicable
2026-02-17 16:28:56,408 [INFO] Rule:233 - rule GTZC_S instance for mcu.Pin is applicable
2026-02-17 16:28:56,408 [INFO] Rule:233 - rule GTZC_S instance for VP is applicable
2026-02-17 16:28:56,408 [INFO] Rule:233 - rule GTZC_S instance for signal is applicable
2026-02-17 16:28:56,408 [INFO] Rule:233 - rule GTZC_S instance for mcu is applicable
2026-02-17 16:28:56,408 [INFO] Rule:233 - rule GTZC_S instance for mcu.Pin is applicable
2026-02-17 16:28:56,408 [INFO] Rule:233 - rule GTZC_S instance value for IP GTZC is applicable
2026-02-17 16:28:56,408 [INFO] Rule:233 - rule GTZC_S instance for project manager is applicable
2026-02-17 16:28:56,408 [INFO] Rule:233 - rule GTZC_S instance for context M33S is applicable
2026-02-17 16:28:56,408 [INFO] Rule:233 - rule GTZC_S instance for VP is applicable
2026-02-17 16:28:56,408 [INFO] Rule:233 - rule GTZC_S instance for signal is applicable
2026-02-17 16:28:56,408 [INFO] Rule:233 - rule SPDIFRX instance for mcu is applicable
2026-02-17 16:28:56,409 [INFO] Rule:233 - rule Rename Tracer Mode is applicable
2026-02-17 16:28:56,409 [INFO] Rule:233 - rule SPDIFRX instance value for IP SPDIFRX is applicable
2026-02-17 16:28:56,409 [INFO] Rule:233 - rule SPDIFRX instance for signal is applicable
2026-02-17 16:28:56,409 [INFO] Rule:233 - rule SPDIFRX instance for project manager is applicable
2026-02-17 16:28:56,409 [INFO] Rule:233 - rule SPDIFRX instance for project manager is applicable
2026-02-17 16:28:56,409 [INFO] Rule:233 - rule ADC Scan  fix with FW F7 is applicable
2026-02-17 16:28:56,409 [INFO] Rule:233 - rule ADC Scan  fix with FW F7 is applicable
2026-02-17 16:28:56,409 [INFO] Rule:233 - rule WakeUp0 Mode is applicable
2026-02-17 16:28:56,409 [INFO] Rule:233 - rule WakeUp0 SIGNAL is applicable
2026-02-17 16:28:56,409 [INFO] Rule:233 - rule WakeUp1 Mode is applicable
2026-02-17 16:28:56,409 [INFO] Rule:233 - rule WakeUp1 SIGNAL is applicable
2026-02-17 16:28:56,409 [INFO] Rule:233 - rule WakeUp2 Mode is applicable
2026-02-17 16:28:56,409 [INFO] Rule:233 - rule WakeUp2 SIGNAL is applicable
2026-02-17 16:28:56,410 [INFO] Rule:233 - rule WakeUp4 Mode is applicable
2026-02-17 16:28:56,410 [INFO] Rule:233 - rule WakeUp4 SIGNAL is applicable
2026-02-17 16:28:56,410 [INFO] Rule:233 - rule WakeUp5 Mode is applicable
2026-02-17 16:28:56,410 [INFO] Rule:233 - rule WakeUp5 SIGNAL is applicable
2026-02-17 16:28:56,410 [INFO] Rule:233 - rule Add RTC Activate Clock Source is applicable
2026-02-17 16:28:56,410 [INFO] Rule:233 - rule Add RTC Activate Calendar 1 is applicable
2026-02-17 16:28:56,410 [INFO] Rule:233 - rule Add RTC Activate Calendar 2 is applicable
2026-02-17 16:28:56,410 [INFO] Rule:233 - rule Add RTC Activate Calendar 3 is applicable
2026-02-17 16:28:56,410 [INFO] Rule:233 - rule UART/USART TX Mode is applicable
2026-02-17 16:28:56,410 [INFO] Rule:233 - rule UART/USART RX Mode is applicable
2026-02-17 16:28:56,410 [INFO] Rule:233 - rule UART/USART RX TX Mode is applicable
2026-02-17 16:28:56,410 [INFO] Rule:233 - rule UART/USART PARITY NONE is applicable
2026-02-17 16:28:56,410 [INFO] Rule:233 - rule UART/USART PARITY EVEN is applicable
2026-02-17 16:28:56,410 [INFO] Rule:233 - rule UART/USART PARITY ODD is applicable
2026-02-17 16:28:56,410 [INFO] Rule:233 - rule USART StopBits 1 is applicable
2026-02-17 16:28:56,411 [INFO] Rule:233 - rule USART StopBits 2 is applicable
2026-02-17 16:28:56,411 [INFO] Rule:233 - rule USART StopBits 1.5 is applicable
2026-02-17 16:28:56,411 [INFO] Rule:233 - rule USART StopBits 0.5 is applicable
2026-02-17 16:28:56,411 [INFO] Rule:233 - rule UART/USART WORD LENGTH 7 is applicable
2026-02-17 16:28:56,411 [INFO] Rule:233 - rule UART/USART WORD LENGTH 8 is applicable
2026-02-17 16:28:56,411 [INFO] Rule:233 - rule UART/USART WORD LENGTH 9 is applicable
2026-02-17 16:28:56,411 [INFO] Rule:233 - rule Rename FMC NAND NCE signal is applicable
2026-02-17 16:28:56,411 [INFO] Rule:233 - rule Rename FMC NAND INT signal is applicable
2026-02-17 16:28:56,411 [INFO] Rule:233 - rule Change Default Value for LSE Drive Capability for WB family is applicable
2026-02-17 16:28:56,411 [INFO] Rule:233 - rule Change Default Value for ADC Clock Prescaler G0 family is applicable
2026-02-17 16:28:56,411 [INFO] Rule:233 - rule Change Default Value for ADC ExternalTrigConv L4 family is applicable
2026-02-17 16:28:56,411 [INFO] Rule:233 - rule Change Default Value for ADC ExternalTrigInjecConv L4 family is applicable
2026-02-17 16:28:56,411 [INFO] Rule:233 - rule Change Default Value for ADC ExternalTrigConv F3 family is applicable
2026-02-17 16:28:56,411 [INFO] Rule:233 - rule Change Default Value for ADC ExternalTrigInjecConv F3 family is applicable
2026-02-17 16:28:56,412 [INFO] Rule:233 - rule Change Default Value for ADC ExternalTrigConv Goldfish serie is applicable
2026-02-17 16:28:56,413 [INFO] Rule:233 - rule Change Default Value for ADC ExternalTrigInjecConv Goldfish serie is applicable
2026-02-17 16:28:56,413 [INFO] Rule:233 - rule Change Default Value for ADC ExternalTrigConv L0 family is applicable
2026-02-17 16:28:56,414 [INFO] Rule:233 - rule Change Default Value for ADC ExternalTrigConv F0 family is applicable
2026-02-17 16:28:56,414 [INFO] Rule:233 - rule Change Default Value for ADC ExternalTrigConvn L1 family is applicable
2026-02-17 16:28:56,414 [INFO] Rule:233 - rule Change Default Value for ADC ExternalTrigInjecConv L1 family is applicable
2026-02-17 16:28:56,414 [INFO] Rule:233 - rule Change Default Value for ADC ExternalTrigConv F1 family is applicable
2026-02-17 16:28:56,414 [INFO] Rule:233 - rule Change Default Value for ADC ExternalTrigInjecConv F1 family is applicable
2026-02-17 16:28:56,414 [INFO] Rule:233 - rule Change Default Value for ADC ExternalTrigConv F7 family is applicable
2026-02-17 16:28:56,414 [INFO] Rule:233 - rule Change Default Value for ADC ExternalTrigInjecConv F7 family is applicable
2026-02-17 16:28:56,415 [INFO] Rule:233 - rule Change Default Value for ADC ExternalTrigConv F4 and F2 family is applicable
2026-02-17 16:28:56,415 [INFO] Rule:233 - rule Change Default Value for ADC ExternalTrigInjecConv F4 and F2 family is applicable
2026-02-17 16:28:56,415 [INFO] Rule:233 - rule ADC SamplingTime fix with FW L0  is applicable
2026-02-17 16:28:56,415 [INFO] Rule:233 - rule ADC SamplingTime fix with FW L0  is applicable
2026-02-17 16:28:56,415 [INFO] Rule:233 - rule ADC SamplingTime fix with FW L0 is applicable
2026-02-17 16:28:56,415 [INFO] Rule:233 - rule ADC SamplingTime fix with FW L0 is applicable
2026-02-17 16:28:56,415 [INFO] Rule:233 - rule ADC SamplingTime fix with FW L0  is applicable
2026-02-17 16:28:56,416 [INFO] Rule:233 - rule ADC SamplingTime fix with FW L0 is applicable
2026-02-17 16:28:56,416 [INFO] Rule:233 - rule Rename USB_OE Signal is applicable
2026-02-17 16:28:56,416 [INFO] Rule:233 - rule Rename Activate_OE Mode is applicable
2026-02-17 16:28:56,416 [INFO] Rule:233 - rule Rename DIE462/DIE415 pin PC14/OSC32_IN -> PC14-OSC32_IN (PC14) is applicable
2026-02-17 16:28:56,416 [INFO] Rule:233 - rule Rename DIE462/DIE415 pin PC15/OSC32_OUT -> PC15-OSC32_OUT (PC15) is applicable
2026-02-17 16:28:56,416 [INFO] Rule:233 - rule Rename DIE462/DIE415 pin PH0/OSC_IN -> PH0-OSC_IN (PH0) is applicable
2026-02-17 16:28:56,416 [INFO] Rule:233 - rule Rename DIE462/DIE415 pin PH1/OSC_OUT -> PH1-OSC_OUT (PH1) is applicable
2026-02-17 16:28:56,416 [INFO] Rule:233 - rule Rename DIE462 pin PA13 -> PA13 (JTMS/SWDIO) is applicable
2026-02-17 16:28:56,417 [INFO] Rule:233 - rule Rename DIE415 pin PA13 -> PA13 (JTMS/SWDIO) is applicable
2026-02-17 16:28:56,417 [INFO] Rule:233 - rule Rename DIE462 pin PA14 -> PA14 (JTCK/SWCLK) is applicable
2026-02-17 16:28:56,417 [INFO] Rule:233 - rule Rename DIE415 pin PA14 -> PA14 (JTCK/SWCLK) is applicable
2026-02-17 16:28:56,417 [INFO] Rule:233 - rule Rename DIE462/DIE415 pin PA15 -> PA15 (JTDI) is applicable
2026-02-17 16:28:56,417 [INFO] Rule:233 - rule Rename DIE462 pin PB3 -> PB3 (JTD0/TRACESWO) is applicable
2026-02-17 16:28:56,417 [INFO] Rule:233 - rule Rename DIE415 pin PB3 -> PB3 (JTD0-TRACESWO) is applicable
2026-02-17 16:28:56,417 [INFO] Rule:233 - rule Rename DIE462/DIE415 pin PB4 -> PB4 (NJTRST) is applicable
2026-02-17 16:28:56,417 [INFO] Rule:233 - rule Rename DIE462 pin PH3/BOOT0 -> PH3-BOOT0 (BOOT0) is applicable
2026-02-17 16:28:56,417 [INFO] Rule:233 - rule Rename CRYP DataEncryptionTypesList to Algorithm is applicable
2026-02-17 16:28:56,418 [INFO] Rule:233 - rule Rename AES DataEncryptionTypesList to Algorithm is applicable
2026-02-17 16:28:56,418 [INFO] Rule:233 - rule Rename TDESECB to CRYP_TDES_ECB is applicable
2026-02-17 16:28:56,418 [INFO] Rule:233 - rule Rename TDESCBC to CRYP_TDES_CBC is applicable
2026-02-17 16:28:56,418 [INFO] Rule:233 - rule Rename DESECB to CRYP_DES_ECB is applicable
2026-02-17 16:28:56,418 [INFO] Rule:233 - rule Rename DESCBC to CRYP_DES_CBC is applicable
2026-02-17 16:28:56,418 [INFO] Rule:233 - rule Rename AESECB to CRYP_AES_ECB is applicable
2026-02-17 16:28:56,418 [INFO] Rule:233 - rule Rename AESCBC to CRYP_AES_CBC is applicable
2026-02-17 16:28:56,418 [INFO] Rule:233 - rule Rename AESCTR to CRYP_AES_CTR is applicable
2026-02-17 16:28:56,418 [INFO] Rule:233 - rule Rename AESGCM to CRYP_AES_GCM is applicable
2026-02-17 16:28:56,418 [INFO] Rule:233 - rule Rename AESCCM to CRYP_AES_CCM is applicable
2026-02-17 16:28:56,419 [INFO] Rule:233 - rule Rename CAN TimeSeg1 to BS1 is applicable
2026-02-17 16:28:56,419 [INFO] Rule:233 - rule Rename CAN TimeSeg2 to BS2 is applicable
2026-02-17 16:28:56,419 [INFO] Rule:233 - rule Rename CAN SyncJumpWidth to SJW is applicable
2026-02-17 16:28:56,419 [INFO] Rule:233 - rule TimeTriggeredMode to TTCM is applicable
2026-02-17 16:28:56,419 [INFO] Rule:233 - rule Rename CAN AutoBusOff to ABOM is applicable
2026-02-17 16:28:56,419 [INFO] Rule:233 - rule Rename CAN AutoWakeUp to AWUM is applicable
2026-02-17 16:28:56,419 [INFO] Rule:233 - rule Rename CAN AutoRetransmission to NART is applicable
2026-02-17 16:28:56,419 [INFO] Rule:233 - rule Rename CAN ReceiveFifoLocked to RFLM is applicable
2026-02-17 16:28:56,419 [INFO] Rule:233 - rule Rename CAN TransmitFifoPriority to TXFP is applicable
2026-02-17 16:28:56,419 [INFO] Rule:233 - rule Rename HRTIMER HRTIM_OUTPUTFAULTLEVEL_HIGH in HRTIMER HRTIM_OUTPUTFAULTLEVEL_HIGHZ is applicable
2026-02-17 16:28:56,420 [INFO] Rule:233 - rule Rename TIMER TIM_CLEARINPUTSOURCE_OCREFCLR in  TIMER TIM_CLEARINPUTSOURCE_NONE for F7 family is applicable
2026-02-17 16:28:56,420 [INFO] Rule:233 - rule FDCAN_R1 - Rename FDCAN mode Master into Classic is applicable
2026-02-17 16:28:56,420 [INFO] Rule:233 - rule FDCAN_R2 - Rename FDCAN mode Slave into Classic is applicable
2026-02-17 16:28:56,420 [INFO] Rule:233 - rule FDCAN1_R3 - if PA10.Mode=FullDuplex, add Pin PA12 is applicable
2026-02-17 16:28:56,420 [INFO] Rule:233 - rule FDCAN1_R3 - if PA9.Mode=FullDuplex, add Pin PA11 is applicable
2026-02-17 16:28:56,420 [INFO] Rule:233 - rule FDCAN1_R3 - Alternatepin_1 - if PE1.Mode=FullDuplex, add Pin PB9 is applicable
2026-02-17 16:28:56,421 [INFO] Rule:233 - rule FDCAN1_R3 - Alternatepin_1 - if PE0.Mode=FullDuplex, add Pin PB8 is applicable
2026-02-17 16:28:56,421 [INFO] Rule:233 - rule FDCAN1_R3 - Alternatepin_2 - if PD5.Mode=FullDuplex, add Pin PD1 is applicable
2026-02-17 16:28:56,421 [INFO] Rule:233 - rule FDCAN1_R3 - Alternatepin_2 - if PD4.Mode=FullDuplex, add Pin PD0 is applicable
2026-02-17 16:28:56,421 [INFO] Rule:233 - rule FDCAN1_R4 - Rename Mode FullDuplex into Enable FDCAN_TXFD for pin PA10 is applicable
2026-02-17 16:28:56,422 [INFO] Rule:233 - rule FDCAN1_R4 - Rename Mode FullDuplex into Enable FDCAN_TXFD for pin PA9 is applicable
2026-02-17 16:28:56,422 [INFO] Rule:233 - rule FDCAN1_R4 - Alternatepin_1 - Rename Mode FullDuplex into Enable FDCAN_TXFD for pin PE1 is applicable
2026-02-17 16:28:56,422 [INFO] Rule:233 - rule FDCAN1_R4 - Alternatepin_1 - Rename Mode FullDuplex into Enable FDCAN_TXFD for pin PE0 is applicable
2026-02-17 16:28:56,422 [INFO] Rule:233 - rule FDCAN1_R4 - Alternatepin_2 - Rename Mode FullDuplex into Enable FDCAN_TXFD for pin PD5 is applicable
2026-02-17 16:28:56,422 [INFO] Rule:233 - rule FDCAN1_R4 - Alternatepin_2 - Rename Mode FullDuplex into Enable FDCAN_TXFD for pin PD4 is applicable
2026-02-17 16:28:56,422 [INFO] Rule:233 - rule FDCAN2_R3 - if PD10.Mode=FullDuplex, add Pin PB13 is applicable
2026-02-17 16:28:56,422 [INFO] Rule:233 - rule FDCAN2_R3 - if PD9.Mode=FullDuplex, add Pin PB12 is applicable
2026-02-17 16:28:56,422 [INFO] Rule:233 - rule FDCAN2_R3 - Alternatepin_1 - if PB7.Mode=FullDuplex, add Pin PB6 is applicable
2026-02-17 16:28:56,422 [INFO] Rule:233 - rule FDCAN2_R3 - Alternatepin_1 - if PD9.Mode=FullDuplex, add Pin PB12 is applicable
2026-02-17 16:28:56,423 [INFO] Rule:233 - rule FDCAN2_R4 - Rename Mode FullDuplex into Enable FDCAN_TXFD for pin PD10 is applicable
2026-02-17 16:28:56,423 [INFO] Rule:233 - rule FDCAN2_R4 - Rename Mode FullDuplex into Enable FDCAN_TXFD for pin PD9 is applicable
2026-02-17 16:28:56,423 [INFO] Rule:233 - rule FDCAN2_R4 - Alternatepin_1 - Rename Mode FullDuplex into Enable FDCAN_TXFD for pin PB7 is applicable
2026-02-17 16:28:56,423 [INFO] Rule:233 - rule FDCAN2_R4 - Alternatepin_1 - Rename Mode FullDuplex into Enable FDCAN_TXFD for pin PD6 is applicable
2026-02-17 16:28:56,423 [INFO] Rule:233 - rule USART TxPinLevelInvertParam Mode is applicable
2026-02-17 16:28:56,423 [INFO] Rule:233 - rule USART RxPinLevelInvertParam Mode is applicable
2026-02-17 16:28:56,423 [INFO] Rule:233 - rule USART DataInvertParam Mode is applicable
2026-02-17 16:28:56,423 [INFO] Rule:233 - rule USART SwapParam Mode is applicable
2026-02-17 16:28:56,423 [INFO] Rule:233 - rule USART OverrunDisableParam Mode is applicable
2026-02-17 16:28:56,423 [INFO] Rule:233 - rule USART DMADisableonRxErrorParam Mode is applicable
2026-02-17 16:28:56,424 [INFO] Rule:233 - rule USART MSBFirstParam Mode is applicable
2026-02-17 16:28:56,424 [INFO] Rule:233 - rule Update MwName for USB_DEVICE is applicable
2026-02-17 16:28:56,424 [INFO] Rule:233 - rule Change PWR_Regulator_Voltage_Scale Default Value for RCC  H7 family is applicable
2026-02-17 16:28:56,424 [INFO] Rule:233 - rule UART/USART IPParameter rename Prescaler parameter to ClockPrescaler is applicable
2026-02-17 16:28:56,424 [INFO] Rule:233 - rule UART/USART Prescaler rename Prescaler parameter to ClockPrescaler is applicable
2026-02-17 16:28:56,424 [INFO] Rule:233 - rule TIM1CLockSelection is applicable
2026-02-17 16:28:56,424 [INFO] Rule:233 - rule TIM15CLockSelection is applicable
2026-02-17 16:28:56,424 [INFO] Rule:233 - rule align RCC SDMMC3CLockSelection default value on MP1 is applicable
2026-02-17 16:28:56,424 [INFO] Rule:233 - rule align RCC SDMMC12CLockSelection default value on MP1 is applicable
2026-02-17 16:28:56,424 [INFO] Rule:233 - rule align RCC QSPICLockSelection default value on MP1 is applicable
2026-02-17 16:28:56,425 [INFO] Rule:233 - rule align RCC QSPICLockSelection default value on MP1 is applicable
2026-02-17 16:28:56,425 [INFO] Rule:233 - rule align RCC SPI6CLockSelection default value on MP1 is applicable
2026-02-17 16:28:56,425 [INFO] Rule:233 - rule align RCC LPTIM23CLockSelection default value on MP1 is applicable
2026-02-17 16:28:56,425 [INFO] Rule:233 - rule align RCC LPTIM1CLockSelection default value on MP1 is applicable
2026-02-17 16:28:56,425 [INFO] Rule:233 - rule align RCC USART1CLockSelection default value on MP1 is applicable
2026-02-17 16:28:56,425 [INFO] Rule:233 - rule align RCC USART24CLockSelection default value on MP1 is applicable
2026-02-17 16:28:56,425 [INFO] Rule:233 - rule align RCC USART6CLockSelection default value on MP1 is applicable
2026-02-17 16:28:56,425 [INFO] Rule:233 - rule align RCC UART78CLockSelection default value on MP1 is applicable
2026-02-17 16:28:56,425 [INFO] Rule:233 - rule align RCC USART35CLockSelection default value on MP1 is applicable
2026-02-17 16:28:56,425 [INFO] Rule:233 - rule align RCC SPI45CLockSelection default value on MP1 is applicable
2026-02-17 16:28:56,426 [INFO] Rule:233 - rule align RCC I2C46CLockSelection BCLK value on MP1 is applicable
2026-02-17 16:28:56,426 [INFO] Rule:233 - rule align RCC SPI45CLockSelection default value on MP1 is applicable
2026-02-17 16:28:56,426 [INFO] Rule:233 - rule align RCC I2C12CLockSelection default value on MP1 is applicable
2026-02-17 16:28:56,426 [INFO] Rule:233 - rule align RCC I2C35CLockSelection default value on MP1 is applicable
2026-02-17 16:28:56,426 [INFO] Rule:233 - rule align RCC LPTIM45CLockSelection default value on MP1 is applicable
2026-02-17 16:28:56,426 [INFO] Rule:233 - rule Rename DCMI PIXCK signal is applicable
2026-02-17 16:28:56,426 [INFO] Rule:233 - rule Change Default Value for I2C46CLockSelection MP1 family is applicable
2026-02-17 16:28:56,426 [INFO] Rule:233 - rule Change Default Value for UART for G4, G0 and WB families is applicable
2026-02-17 16:28:56,426 [INFO] Rule:233 - rule Change Default Value for USART for G4, G0 and WB families is applicable
2026-02-17 16:28:56,426 [INFO] Rule:233 - rule Change Default Value for USART for G4 family is applicable
2026-02-17 16:28:56,427 [INFO] Rule:233 - rule Change USART1CLockSelection refparam name for MP1 is applicable
2026-02-17 16:28:56,427 [INFO] Rule:233 - rule Change USART2CLockSelection refparam name for MP1 is applicable
2026-02-17 16:28:56,427 [INFO] Rule:233 - rule Change USART3CLockSelection refparam name for MP1 is applicable
2026-02-17 16:28:56,427 [INFO] Rule:233 - rule Change UART4CLockSelection refparam name for MP1 is applicable
2026-02-17 16:28:56,427 [INFO] Rule:233 - rule Change UART5CLockSelection refparam name for MP1 is applicable
2026-02-17 16:28:56,427 [INFO] Rule:233 - rule Change LPUART1CLockSelection refparam name for MP1 is applicable
2026-02-17 16:28:56,427 [INFO] Rule:233 - rule Change LPTIM1CLockSelection refparam name for MP1 is applicable
2026-02-17 16:28:56,427 [INFO] Rule:233 - rule Change LPTIM2CLockSelection refparam name for MP1 is applicable
2026-02-17 16:28:56,427 [INFO] Rule:233 - rule Change RCC_MCO1Source refparam name for MP1 is applicable
2026-02-17 16:28:56,427 [INFO] Rule:233 - rule Change LSCOSource1 refparam name for MP1 is applicable
2026-02-17 16:28:56,428 [INFO] Rule:233 - rule Change SMPSCLockSelection refparam name for MP1 is applicable
2026-02-17 16:28:56,428 [INFO] Rule:233 - rule Change LPTIM3CLockSelection refparam name for MP1 is applicable
2026-02-17 16:28:56,428 [INFO] Rule:233 - rule Change MPCBB* Default Template Mode to Parameters is applicable
2026-02-17 16:28:56,428 [INFO] Rule:233 - rule Change MPCWM* or MPCBB* Secure Mode to Parameters is applicable
2026-02-17 16:28:56,428 [INFO] Rule:233 - rule Change MPCWM* or MPCBB* No Secure Mode to Parameters is applicable
2026-02-17 16:28:56,428 [INFO] Rule:233 - rule Change TZSC IP Secure Mode to Parameters is applicable
2026-02-17 16:28:56,428 [INFO] Rule:233 - rule Change TZSC IP No Secure Mode to Parameters is applicable
2026-02-17 16:28:56,430 [INFO] Rule:233 - rule Change TZSC IP Privilege Mode to Parameters is applicable
2026-02-17 16:28:56,430 [INFO] Rule:233 - rule Change TZSC IP No Privilege Mode to Parameters is applicable
2026-02-17 16:28:56,430 [INFO] Rule:233 - rule Change TZIC IT Secure Mode to Parameters is applicable
2026-02-17 16:28:56,431 [INFO] Rule:233 - rule Change TZIC IT No Secure Mode to Parameters is applicable
2026-02-17 16:28:56,431 [INFO] Rule:233 - rule Add MPCBB1_NonSecureArea_Start_Address value with referenced to MPCBB1_NonSecureArea_Start value is applicable
2026-02-17 16:28:56,431 [INFO] Rule:233 - rule Add MPCBB2_NonSecureArea_Start_Address value with referenced to MPCBB2_NonSecureArea_Start value is applicable
2026-02-17 16:28:56,431 [INFO] Rule:233 - rule Add MPCWM1_NonSecureArea*_Start_Address value with referenced to MPCWM1_NonSecureArea*_Start value is applicable
2026-02-17 16:28:56,431 [INFO] Rule:233 - rule Add MPCWM2_NonSecureArea*_Start_Address value with referenced to MPCWM2_NonSecureArea*_Start value is applicable
2026-02-17 16:28:56,431 [INFO] Rule:233 - rule Add MPCWM3_NonSecureArea_Start_Address value with referenced to MPCWM3_NonSecureArea_Start value is applicable
2026-02-17 16:28:56,431 [INFO] Rule:233 - rule Change Default Value for PLL1UserDefinedConfig is applicable
2026-02-17 16:28:56,431 [INFO] Rule:233 - rule Change GPIO_PuPd Default Value for USART in async mode is applicable
2026-02-17 16:28:56,432 [INFO] Rule:233 - rule Change SMPSDivider Default Value is applicable
2026-02-17 16:28:56,432 [INFO] Rule:233 - rule OPAMP is applicable
2026-02-17 16:28:56,432 [INFO] Rule:233 - rule LPUART IPParameter rename Prescaler parameter to ClockPrescaler for STM32H7 is applicable
2026-02-17 16:28:56,432 [INFO] Rule:233 - rule LPUART IPParameter rename Prescaler parameter to ClockPrescaler for STM32H7 is applicable
2026-02-17 16:28:56,432 [INFO] Rule:233 - rule LPUART IPParameter rename Prescaler parameter to ClockPrescaler for STM32WB is applicable
2026-02-17 16:28:56,432 [INFO] Rule:233 - rule LPUART IPParameter rename Prescaler parameter to ClockPrescaler for STM32WB is applicable
2026-02-17 16:28:56,432 [INFO] Rule:233 - rule LPUART IPParameter rename Prescaler parameter to ClockPrescaler for STM32G4 is applicable
2026-02-17 16:28:56,432 [INFO] Rule:233 - rule LPUART IPParameter rename Prescaler parameter to ClockPrescaler for STM32G4 is applicable
2026-02-17 16:28:56,432 [INFO] Rule:233 - rule LPUART IPParameter rename Prescaler parameter to ClockPrescaler for STM32L5 is applicable
2026-02-17 16:28:56,433 [INFO] Rule:233 - rule LPUART IPParameter rename Prescaler parameter to ClockPrescaler for STM32L5 is applicable
2026-02-17 16:28:56,433 [INFO] Rule:233 - rule LPUART IPParameter rename Prescaler parameter to ClockPrescaler for STM32G4 is applicable
2026-02-17 16:28:56,433 [INFO] Rule:233 - rule LPUART IPParameter rename Prescaler parameter to ClockPrescaler for STM32G4 is applicable
2026-02-17 16:28:56,433 [INFO] Rule:233 - rule USB device lib V2.5.3 for L0 rename USBD_SUPPORT_USER_STRING parameter to USBD_SUPPORT_USER_STRING_DESC4 is applicable
2026-02-17 16:28:56,433 [INFO] Rule:233 - rule I2SCLockSelection clock entry align is applicable
2026-02-17 16:28:56,433 [INFO] Rule:233 - rule Assign TIMx context if used as SYS timebase is applicable
2026-02-17 16:28:56,433 [INFO] Rule:233 - rule Change GPIO_Pu Default Value for I2C is applicable
2026-02-17 16:28:56,433 [INFO] Rule:233 - rule Change GPIO_Pu Default Value for SMBus is applicable
2026-02-17 16:28:56,433 [INFO] Rule:233 - rule change FDCAN default value is applicable
2026-02-17 16:28:56,433 [INFO] Rule:233 - rule Change mode sai is applicable
2026-02-17 16:28:56,433 [INFO] Rule:233 - rule **Change sai mode is applicable
2026-02-17 16:28:56,434 [INFO] Rule:233 - rule Rename STM32WPAN CFG_BLE_IRK to CFG_BLE_IR is applicable
2026-02-17 16:28:56,434 [INFO] Rule:233 - rule Rename STM32WPAN CFG_BLE_ERK to CFG_BLE_ER is applicable
2026-02-17 16:28:56,434 [INFO] Rule:233 - rule Rename STM32WPAN CFG_BLE_IRK_HEX to CFG_BLE_IR_HEX is applicable
2026-02-17 16:28:56,434 [INFO] Rule:233 - rule Rename STM32WPAN CFG_BLE_ERK_HEX to CFG_BLE_ER_HEX is applicable
2026-02-17 16:28:56,434 [INFO] Rule:233 - rule Adapt Old IOC before rework replace old CORTEX_M33/CORTEX_M55 attributes by the new one. is applicable
2026-02-17 16:28:56,434 [INFO] Rule:233 - rule Rename parametre of RCC RCC_APBDBG_DIV2 to RCC_TIMPRES_DIV2 is applicable
2026-02-17 16:28:56,434 [INFO] Rule:233 - rule Rename DIE493 pin PA10 [PA12] -> PA10 is applicable
2026-02-17 16:28:56,434 [INFO] Rule:233 - rule Rename DIE493 pin PA9 [PA11] -> PA9 is applicable
2026-02-17 16:28:56,434 [INFO] Rule:233 - rule Rename DIE492 PartNumber CPN STM32WBA5MJGHx -> STM32WBA5MMGHx is applicable
2026-02-17 16:28:56,434 [INFO] Rule:233 - rule Rename DIE492 PartNumber  Name STM32WBA5MJGHx -> STM32WBA5MMGHx is applicable
2026-02-17 16:28:56,435 [INFO] Rule:233 - rule Rename DIE492 PartNumber UserName STM32WBA5MJGHx -> STM32WBA5MMGHx is applicable
2026-02-17 16:28:56,435 [INFO] Rule:233 - rule Rename DIE492 PartNumber DeviceId STM32WBA5MJGHx -> STM32WBA5MMGHx is applicable
2026-02-17 16:28:56,435 [INFO] Rule:233 - rule Adapt Old IOC CSI. is applicable
2026-02-17 16:28:56,435 [INFO] Rule:233 - rule Adapt Old IOC DCMIPP. is applicable
2026-02-17 16:28:56,435 [INFO] Rule:233 - rule Adapt Old IOC DCMIPP Mode Parallel. is applicable
2026-02-17 16:28:56,435 [INFO] Rule:233 - rule Adapt Old IOC LTDC. is applicable
2026-02-17 16:28:56,435 [INFO] Rule:233 - rule Rename STM32MP2 RIF Peripheral LTDC RIF.RISUP.LTDC_L0L1.Privilege -> RIF.RISUP.LTDC_L1L2.Privilege is applicable
2026-02-17 16:28:56,435 [INFO] Rule:233 - rule Rename STM32MP2 RIF Peripheral LTDC RIF.RISUP.LTDC_L0L1.Privilege -> RIF.RISUP.LTDC_L1L2.Privilege is applicable
2026-02-17 16:28:56,435 [INFO] Rule:233 - rule Rename STM32MP2 RIF Peripheral LTDC RIF.RISUP.LTDC_L0L1.Lock -> RIF.RISUP.LTDC_L1L2.Lock is applicable
2026-02-17 16:28:56,436 [INFO] Rule:233 - rule Rename STM32MP2 RIF Peripheral LTDC RIF.RISUP.LTDC_L2.Lock -> RIF.RISUP.LTDC_L3.Lock is applicable
2026-02-17 16:28:56,436 [INFO] Rule:233 - rule Adapt the old IOC example for updating the SYS when it is misconfigured. is applicable
2026-02-17 16:28:56,436 [INFO] Rule:233 - rule Rename STM32C09 Mcu.Package LQFP64 -> LQFP48 is applicable
2026-02-17 16:28:56,436 [INFO] Rule:233 - rule Adapt the old IOC example for updating the SYS when it is misconfigured. is applicable
2026-02-17 16:28:56,436 [INFO] Rule:233 - rule Adapt the old IOC example for updating the SYS when it is misconfigured. is applicable
2026-02-17 16:28:56,475 [INFO] DbConfProperties:307 - Apply Compatibility (53/282 Rules)
2026-02-17 16:28:56,510 [INFO] ImportTextPane:234 - (OptionalMessage_ERROR) Unable to find key (Mcu.ThirdPartyNb) in loaded IOC file
2026-02-17 16:28:56,519 [INFO] ImportTextPane:234 - (OptionalMessage_ERROR) Pin12 (VP_RIF_VS_RIF1) cannot be retrieved for this MCU
2026-02-17 16:28:57,069 [INFO] RtosManager:558 - Registered RTOS mode: class=CMSIS, group=RTOS, mode=CMSIS_V1, owner=FREERTOS
2026-02-17 16:28:57,070 [INFO] RtosManager:558 - Registered RTOS mode: class=CMSIS, group=RTOS2, mode=CMSIS_V2, owner=FREERTOS
2026-02-17 16:28:57,070 [INFO] RtosManager:558 - Registered RTOS mode: class=RTOS, group=Core, mode=CMSIS_V1, owner=FREERTOS
2026-02-17 16:28:57,071 [INFO] RtosManager:558 - Registered RTOS mode: class=RTOS, group=Core, mode=CMSIS_V2, owner=FREERTOS
2026-02-17 16:28:57,071 [WARN] ModelIntegratedComponent:184 - Missing modes for component STMicroelectronics:FreeRTOS:0.0.1:STMicroelectronics:RTOS:FreeRTOS:Core:::10.2.0:
2026-02-17 16:28:57,113 [WARN] ModelIntegratedComponent:63 - No mode defined for component null
2026-02-17 16:28:57,114 [WARN] ModelIntegratedComponent:63 - No mode defined for component null
2026-02-17 16:28:57,114 [WARN] ModelIntegratedComponent:63 - No mode defined for component null
2026-02-17 16:28:57,114 [WARN] ModelIntegratedComponent:63 - No mode defined for component null
2026-02-17 16:28:57,114 [WARN] ModelIntegratedComponent:63 - No mode defined for component null
2026-02-17 16:28:57,116 [WARN] ModelIntegratedComponent:63 - No mode defined for component null
2026-02-17 16:28:57,116 [WARN] ModelIntegratedComponent:63 - No mode defined for component null
2026-02-17 16:28:57,117 [WARN] ModelIntegratedComponent:63 - No mode defined for component null
2026-02-17 16:28:57,117 [WARN] ModelIntegratedComponent:63 - No mode defined for component null
2026-02-17 16:28:57,117 [WARN] ModelIntegratedComponent:63 - No mode defined for component null
2026-02-17 16:28:57,117 [WARN] ModelIntegratedComponent:63 - No mode defined for component null
2026-02-17 16:28:57,117 [WARN] ModelIntegratedComponent:63 - No mode defined for component null
2026-02-17 16:28:57,117 [WARN] ModelIntegratedComponent:63 - No mode defined for component null
2026-02-17 16:28:57,117 [WARN] ModelIntegratedComponent:63 - No mode defined for component null
2026-02-17 16:28:57,118 [WARN] ModelIntegratedComponent:63 - No mode defined for component null
2026-02-17 16:28:57,118 [WARN] ModelIntegratedComponent:63 - No mode defined for component null
2026-02-17 16:28:57,118 [WARN] ModelIntegratedComponent:63 - No mode defined for component null
2026-02-17 16:28:57,118 [WARN] ModelIntegratedComponent:63 - No mode defined for component null
2026-02-17 16:28:57,118 [WARN] ModelIntegratedComponent:63 - No mode defined for component null
2026-02-17 16:28:57,118 [WARN] ModelIntegratedComponent:63 - No mode defined for component null
2026-02-17 16:28:57,118 [WARN] ModelIntegratedComponent:63 - No mode defined for component null
2026-02-17 16:28:57,118 [WARN] ModelIntegratedComponent:63 - No mode defined for component null
2026-02-17 16:28:57,118 [WARN] ModelIntegratedComponent:63 - No mode defined for component null
2026-02-17 16:28:57,118 [WARN] ModelIntegratedComponent:63 - No mode defined for component null
2026-02-17 16:28:57,118 [WARN] ModelIntegratedComponent:63 - No mode defined for component null
2026-02-17 16:28:57,119 [WARN] ModelIntegratedComponent:63 - No mode defined for component null
2026-02-17 16:28:57,119 [WARN] ModelIntegratedComponent:63 - No mode defined for component null
2026-02-17 16:28:57,119 [WARN] ModelIntegratedComponent:63 - No mode defined for component null
2026-02-17 16:28:57,119 [WARN] ModelIntegratedComponent:63 - No mode defined for component null
2026-02-17 16:28:57,119 [WARN] ModelIntegratedComponent:63 - No mode defined for component null
2026-02-17 16:28:57,119 [WARN] ModelIntegratedComponent:63 - No mode defined for component null
2026-02-17 16:28:57,119 [WARN] ModelIntegratedComponent:63 - No mode defined for component null
2026-02-17 16:28:57,119 [WARN] ModelIntegratedComponent:63 - No mode defined for component null
2026-02-17 16:28:57,120 [WARN] ModelIntegratedComponent:63 - No mode defined for component null
2026-02-17 16:28:57,120 [WARN] ModelIntegratedComponent:63 - No mode defined for component null
2026-02-17 16:28:57,120 [WARN] ModelPack:524 - Component already loaded: STMicroelectronics:HAL Drivers:0.0.0:STMicroelectronics:Device:STMicro_Driver:XSPI:HAL::0.0.1:HAL_XSPI
2026-02-17 16:28:57,197 [INFO] ThirdPartyModel:298 - Start build external matchings
2026-02-17 16:28:58,578 [INFO] ThirdPartyModel:316 - End build external matchings
2026-02-17 16:28:58,601 [INFO] ImportTextPane:234 - (OptionalMessage_ERROR) IP (RCC) : Invalid parameter (FamilyName)
2026-02-17 16:28:58,604 [INFO] ImportTextPane:234 - (OptionalMessage_ERROR) IP (RCC) : Parameter (RNGFreq_Value) has invalid value (64000000)
2026-02-17 16:28:58,604 [INFO] ImportTextPane:234 - (OptionalMessage_ERROR) IP (RCC) : Parameter (SDMMCFreq_Value) has invalid value (64000000)
2026-02-17 16:28:58,605 [INFO] ImportTextPane:234 - (OptionalMessage_ERROR) IP (RCC) : Parameter (USBFreq_Value) has invalid value (64000000)
2026-02-17 16:28:59,436 [INFO] UtilMem:75 - End LoadConfig() Used Memory: 772453408 Bytes (1011875840)
2026-02-17 16:28:59,479 [WARN] ThirdParty:833 - waiting for thirdparty lock release [change project]
2026-02-17 16:28:59,480 [INFO] ThirdParty:835 - entering critical section [change project]
2026-02-17 16:28:59,480 [INFO] ThirdParty:1030 - CMSIS Pack Vendor :STMicroelectronics X-CUBE-PM33A1 1.0.0
2026-02-17 16:28:59,480 [INFO] ThirdParty:1030 - CMSIS Pack Vendor :STMicroelectronics USBPD 4.1
2026-02-17 16:28:59,481 [INFO] ThirdParty:1030 - CMSIS Pack Vendor :STMicroelectronics X-CUBE-NFC9 1.0.0
2026-02-17 16:28:59,481 [INFO] ThirdParty:1030 - CMSIS Pack Vendor :STMicroelectronics USB_HOST 2.0.0
2026-02-17 16:28:59,481 [INFO] ThirdParty:1030 - CMSIS Pack Vendor :STMicroelectronics FP-SNS-MOTENVWB1 1.4.0
2026-02-17 16:28:59,481 [INFO] ThirdParty:1030 - CMSIS Pack Vendor :STMicroelectronics X-CUBE-AZRTOS-F4 1.1.0
2026-02-17 16:28:59,481 [INFO] ThirdParty:1030 - CMSIS Pack Vendor :STMicroelectronics LIBJPEG 8.0.0
2026-02-17 16:28:59,481 [INFO] ThirdParty:1030 - CMSIS Pack Vendor :STMicroelectronics FP-ATR-ASTRA1 2.0.2
2026-02-17 16:28:59,481 [INFO] ThirdParty:1030 - CMSIS Pack Vendor :STMicroelectronics X-CUBE-BLE1 7.1.0
2026-02-17 16:28:59,481 [INFO] ThirdParty:1030 - CMSIS Pack Vendor :STMicroelectronics X-CUBE-SMBUS 2.1.0
2026-02-17 16:28:59,482 [INFO] ThirdParty:1030 - CMSIS Pack Vendor :wolfSSL I-CUBE-wolfMQTT 1.19.2
2026-02-17 16:28:59,482 [INFO] ThirdParty:1030 - CMSIS Pack Vendor :STMicroelectronics USB_DEVICE 3.0.0
2026-02-17 16:28:59,482 [INFO] ThirdParty:1030 - CMSIS Pack Vendor :STMicroelectronics X-CUBE-ISPU 2.1.0
2026-02-17 16:28:59,482 [INFO] ThirdParty:1030 - CMSIS Pack Vendor :STMicroelectronics X-CUBE-FREERTOS 1.4.0
2026-02-17 16:28:59,482 [INFO] ThirdParty:1030 - CMSIS Pack Vendor :STMicroelectronics X-CUBE-EEPRMA1 5.2.0
2026-02-17 16:28:59,482 [INFO] ThirdParty:1030 - CMSIS Pack Vendor :STMicroelectronics X-CUBE-IPS 3.2.0
2026-02-17 16:28:59,482 [INFO] ThirdParty:1030 - CMSIS Pack Vendor :STMicroelectronics X-CUBE-BLEMGR 4.1.0
2026-02-17 16:28:59,482 [INFO] ThirdParty:1030 - CMSIS Pack Vendor :STMicroelectronics X-CUBE-AZRTOS-WB 2.0.0
2026-02-17 16:28:59,482 [INFO] ThirdParty:1030 - CMSIS Pack Vendor :wolfSSL I-CUBE-wolfSSL 5.8.4
2026-02-17 16:28:59,482 [INFO] ThirdParty:1030 - CMSIS Pack Vendor :Cesanta I-CUBE-Mongoose 7.20.0
2026-02-17 16:28:59,482 [INFO] ThirdParty:1030 - CMSIS Pack Vendor :STMicroelectronics X-CUBE-NFC12 1.0.0
2026-02-17 16:28:59,482 [INFO] ThirdParty:1030 - CMSIS Pack Vendor :STMicroelectronics X-CUBE-AZRTOS-F7 1.1.0
2026-02-17 16:28:59,483 [INFO] ThirdParty:1030 - CMSIS Pack Vendor :STMicroelectronics X-CUBE-AZRTOS-L5 2.0.0
2026-02-17 16:28:59,483 [INFO] ThirdParty:1030 - CMSIS Pack Vendor :STMicroelectronics USB_DEVICE 2.0.0
2026-02-17 16:28:59,483 [INFO] ThirdParty:1030 - CMSIS Pack Vendor :quantropi X-CUBE-qispace-sdk-base 2.1.0
2026-02-17 16:28:59,483 [INFO] ThirdParty:1030 - CMSIS Pack Vendor :STMicroelectronics X-CUBE-MEMS1 12.0.0
2026-02-17 16:28:59,483 [INFO] ThirdParty:1030 - CMSIS Pack Vendor :STMicroelectronics X-CUBE-STSE01 2.0.0
2026-02-17 16:28:59,483 [INFO] ThirdParty:1030 - CMSIS Pack Vendor :STMicroelectronics FP-SNS-MOTENV1 5.1.0
2026-02-17 16:28:59,483 [INFO] ThirdParty:1030 - CMSIS Pack Vendor :STMicroelectronics FreeRTOS 0.0.1
2026-02-17 16:28:59,483 [INFO] ThirdParty:1030 - CMSIS Pack Vendor :STMicroelectronics X-CUBE-AZRTOS-G0 1.1.0
2026-02-17 16:28:59,483 [INFO] ThirdParty:1030 - CMSIS Pack Vendor :STMicroelectronics X-CUBE-NFC4 3.0.0
2026-02-17 16:28:59,483 [INFO] ThirdParty:1030 - CMSIS Pack Vendor :STMicroelectronics X-CUBE-SUBG2 5.0.0
2026-02-17 16:28:59,483 [INFO] ThirdParty:1030 - CMSIS Pack Vendor :STMicroelectronics STM32_WPAN 1.0.0
2026-02-17 16:28:59,483 [INFO] ThirdParty:1030 - CMSIS Pack Vendor :EmbeddedOffice I-CUBE-FS-RTOS 1.0.1
2026-02-17 16:28:59,483 [INFO] ThirdParty:1030 - CMSIS Pack Vendor :STMicroelectronics lwIP 2.0.3
2026-02-17 16:28:59,484 [INFO] ThirdParty:1030 - CMSIS Pack Vendor :WES I-CUBE-Cesium 1.4.0
2026-02-17 16:28:59,484 [INFO] ThirdParty:1030 - CMSIS Pack Vendor :STMicroelectronics USB_HOST 1.0.0
2026-02-17 16:28:59,484 [INFO] ThirdParty:1030 - CMSIS Pack Vendor :STMicroelectronics X-CUBE-AZRTOS-G4 2.0.0
2026-02-17 16:28:59,484 [INFO] ThirdParty:1030 - CMSIS Pack Vendor :STMicroelectronics X-CUBE-WB05N 2.0.0
2026-02-17 16:28:59,484 [INFO] ThirdParty:1030 - CMSIS Pack Vendor :STMicroelectronics PDM2PCM 3.1.0
2026-02-17 16:28:59,484 [INFO] ThirdParty:1030 - CMSIS Pack Vendor :STMicroelectronics PDM2PCM 3.3.0
2026-02-17 16:28:59,484 [INFO] ThirdParty:1030 - CMSIS Pack Vendor :wolfSSL I-CUBE-wolfTPM 3.8.0
2026-02-17 16:28:59,484 [INFO] ThirdParty:1030 - CMSIS Pack Vendor :STMicroelectronics X-CUBE-AZRTOS-H7 3.4.0
2026-02-17 16:28:59,484 [INFO] ThirdParty:1030 - CMSIS Pack Vendor :STMicroelectronics X-CUBE-DISPLAY 3.0.0
2026-02-17 16:28:59,484 [INFO] ThirdParty:1030 - CMSIS Pack Vendor :wolfSSL I-CUBE-wolfSSH 1.4.20
2026-02-17 16:28:59,484 [INFO] ThirdParty:1030 - CMSIS Pack Vendor :STMicroelectronics X-CUBE-NFC7 2.0.0
2026-02-17 16:28:59,484 [INFO] ThirdParty:1030 - CMSIS Pack Vendor :STMicroelectronics FP-SNS-MOTENVWB1 1.5.0
2026-02-17 16:28:59,485 [INFO] ThirdParty:1030 - CMSIS Pack Vendor :STMicroelectronics X-CUBE-TCPP 4.2.0
2026-02-17 16:28:59,485 [INFO] ThirdParty:1030 - CMSIS Pack Vendor :RealThread X-CUBE-RT-Thread_Nano 4.1.1
2026-02-17 16:28:59,485 [INFO] ThirdParty:1030 - CMSIS Pack Vendor :STMicroelectronics FP-ATR-SIGFOX1 3.2.0
2026-02-17 16:28:59,485 [INFO] ThirdParty:1030 - CMSIS Pack Vendor :STMicroelectronics X-CUBE-NFC10 1.0.0
2026-02-17 16:28:59,485 [INFO] ThirdParty:1030 - CMSIS Pack Vendor :STMicroelectronics HAL Drivers 0.0.0
2026-02-17 16:28:59,485 [INFO] ThirdParty:1030 - CMSIS Pack Vendor :STMicroelectronics MBEDTLS 2.16.2
2026-02-17 16:28:59,485 [INFO] ThirdParty:1030 - CMSIS Pack Vendor :STMicroelectronics X-CUBE-ST60 1.1.0
2026-02-17 16:28:59,485 [INFO] ThirdParty:1030 - CMSIS Pack Vendor :STMicroelectronics X-CUBE-ALS 1.0.2
2026-02-17 16:28:59,485 [INFO] ThirdParty:1030 - CMSIS Pack Vendor :emotas I-CUBE-CANOPEN 1.3.0
2026-02-17 16:28:59,485 [INFO] ThirdParty:1030 - CMSIS Pack Vendor :STMicroelectronics MBEDTLS 2.14.1
2026-02-17 16:28:59,485 [INFO] ThirdParty:1030 - CMSIS Pack Vendor :STMicroelectronics X-CUBE-GNSS1 7.1.0
2026-02-17 16:28:59,485 [INFO] ThirdParty:1030 - CMSIS Pack Vendor :ITTIA_DB I-CUBE-ITTIADB 8.9.0
2026-02-17 16:28:59,485 [INFO] ThirdParty:1030 - CMSIS Pack Vendor :STMicroelectronics X-CUBE-TOUCHGFX 4.26.0
2026-02-17 16:28:59,485 [INFO] ThirdParty:1030 - CMSIS Pack Vendor :STMicroelectronics X-CUBE-NFC6 3.2.0
2026-02-17 16:28:59,486 [INFO] ThirdParty:1030 - CMSIS Pack Vendor :STMicroelectronics FP-SNS-STBOX1 2.1.0
2026-02-17 16:28:59,486 [INFO] ThirdParty:1030 - CMSIS Pack Vendor :STMicroelectronics X-CUBE-AI 10.2.0
2026-02-17 16:28:59,486 [INFO] ThirdParty:1030 - CMSIS Pack Vendor :STMicroelectronics FP-SNS-STAIOTCFT 1.0.0
2026-02-17 16:28:59,486 [INFO] ThirdParty:1030 - CMSIS Pack Vendor :STMicroelectronics ThreadX 1.0.0
2026-02-17 16:28:59,486 [INFO] ThirdParty:1030 - CMSIS Pack Vendor :STMicroelectronics FP-SNS-SMARTAG2 1.2.0
2026-02-17 16:28:59,486 [INFO] ThirdParty:1030 - CMSIS Pack Vendor :STMicroelectronics FP-SNS-FLIGHT1 5.1.0
2026-02-17 16:28:59,486 [INFO] ThirdParty:1030 - CMSIS Pack Vendor :STMicroelectronics X-CUBE-AZRTOS-WL 2.0.0
2026-02-17 16:28:59,486 [INFO] ThirdParty:1030 - CMSIS Pack Vendor :SEGGER I-CUBE-embOS 1.3.1
2026-02-17 16:28:59,486 [INFO] ThirdParty:1030 - CMSIS Pack Vendor :STMicroelectronics X-CUBE-ALGOBUILD 1.4.0
2026-02-17 16:28:59,486 [INFO] ThirdParty:1030 - CMSIS Pack Vendor :STMicroelectronics X-CUBE-DPower 1.3.0
2026-02-17 16:28:59,486 [INFO] ThirdParty:1030 - CMSIS Pack Vendor :STMicroelectronics USB_DEVICE 1.0.0
2026-02-17 16:28:59,486 [INFO] ThirdParty:1030 - CMSIS Pack Vendor :STMicroelectronics X-CUBE-AZRTOS-H7RS 1.2.0
2026-02-17 16:28:59,486 [INFO] ThirdParty:1030 - CMSIS Pack Vendor :STMicroelectronics X-CUBE-AZRTOS-L4 2.0.0
2026-02-17 16:28:59,487 [INFO] ThirdParty:1030 - CMSIS Pack Vendor :STMicroelectronics ThreadX 0.0.2
2026-02-17 16:28:59,487 [INFO] ThirdParty:1030 - CMSIS Pack Vendor :STMicroelectronics lwIP 2.1.2
2026-02-17 16:28:59,487 [INFO] ThirdParty:1030 - CMSIS Pack Vendor :STMicroelectronics X-CUBE-SFXS2LP1 4.0.0
2026-02-17 16:28:59,487 [INFO] ThirdParty:1030 - CMSIS Pack Vendor :STMicroelectronics X-CUBE-BLE2 3.3.0
2026-02-17 16:28:59,487 [INFO] ThirdParty:1030 - CMSIS Pack Vendor :Avnet-IOTCONNECT X-CUBE-iotc-st67-sdk 1.0.0
2026-02-17 16:28:59,488 [INFO] ThirdParty:1030 - CMSIS Pack Vendor :STMicroelectronics X-CUBE-TOF1 3.4.3
2026-02-17 16:28:59,488 [INFO] ThirdParty:1030 - CMSIS Pack Vendor :Infineon AIROC-Wi-Fi-Bluetooth-STM32 1.8.0
2026-02-17 16:28:59,488 [INFO] ThirdParty:1030 - CMSIS Pack Vendor :STMicroelectronics PDM2PCM 3.2.0
2026-02-17 16:28:59,488 [INFO] ThirdParty:1030 - CMSIS Pack Vendor :STMicroelectronics X-CUBE-ST67W61 1.2.0
2026-02-17 16:28:59,488 [INFO] ThirdParty:841 - exiting critical section [change project]
2026-02-17 16:29:00,714 [INFO] PinOutPanel:1589 - setPackage(No Configuration,No Configuration)
2026-02-17 16:29:00,716 [INFO] PinOutPanel:1589 - setPackage(STM32L476RGTx,LQFP64)
2026-02-17 16:29:02,279 [INFO] UtilMem:75 - Before build in PCC Used Memory: 889982072 Bytes (1052770304)
2026-02-17 16:29:04,082 [INFO] UtilMem:75 - After build in PCC Used Memory: 662443128 Bytes (1052770304)
2026-02-17 16:29:04,157 [INFO] IPUIPlugin:80 - create IPUIPlugin
2026-02-17 16:29:04,157 [INFO] IPUIPlugin:80 - create IPUIPlugin
2026-02-17 16:29:04,157 [INFO] IPUIPlugin:80 - create IPUIPlugin
2026-02-17 16:29:04,158 [INFO] IPUIPlugin:80 - create IPUIPlugin
2026-02-17 16:29:04,158 [INFO] IPUIPlugin:80 - create IPUIPlugin
2026-02-17 16:29:04,158 [INFO] IPUIPlugin:80 - create IPUIPlugin
2026-02-17 16:29:04,158 [INFO] IPUIPlugin:80 - create IPUIPlugin
2026-02-17 16:29:04,159 [INFO] IPUIPlugin:80 - create IPUIPlugin
2026-02-17 16:29:04,159 [INFO] IPUIPlugin:80 - create IPUIPlugin
2026-02-17 16:29:04,159 [INFO] IPUIPlugin:80 - create IPUIPlugin
2026-02-17 16:29:04,159 [INFO] IPUIPlugin:80 - create IPUIPlugin
2026-02-17 16:29:04,159 [INFO] IPUIPlugin:80 - create IPUIPlugin
2026-02-17 16:29:04,160 [INFO] IPUIPlugin:80 - create IPUIPlugin
2026-02-17 16:29:04,160 [INFO] IPUIPlugin:80 - create IPUIPlugin
2026-02-17 16:29:04,160 [INFO] IPUIPlugin:80 - create IPUIPlugin
2026-02-17 16:29:04,160 [INFO] IPUIPlugin:80 - create IPUIPlugin
2026-02-17 16:29:04,163 [INFO] IPUIPlugin:80 - create IPUIPlugin
2026-02-17 16:29:04,164 [INFO] IPUIPlugin:80 - create IPUIPlugin
2026-02-17 16:29:04,165 [INFO] IPUIPlugin:80 - create IPUIPlugin
2026-02-17 16:29:04,165 [INFO] IPUIPlugin:80 - create IPUIPlugin
2026-02-17 16:29:04,166 [INFO] IPUIPlugin:80 - create IPUIPlugin
2026-02-17 16:29:04,166 [INFO] IPUIPlugin:80 - create IPUIPlugin
2026-02-17 16:29:04,167 [INFO] IPUIPlugin:80 - create IPUIPlugin
2026-02-17 16:29:04,167 [INFO] IPUIPlugin:80 - create IPUIPlugin
2026-02-17 16:29:04,167 [INFO] IPUIPlugin:80 - create IPUIPlugin
2026-02-17 16:29:04,168 [INFO] IPUIPlugin:80 - create IPUIPlugin
2026-02-17 16:29:04,168 [INFO] IPUIPlugin:80 - create IPUIPlugin
2026-02-17 16:29:04,169 [INFO] IPUIPlugin:80 - create IPUIPlugin
2026-02-17 16:29:04,169 [INFO] IPUIPlugin:80 - create IPUIPlugin
2026-02-17 16:29:04,170 [INFO] IPUIPlugin:80 - create IPUIPlugin
2026-02-17 16:29:04,170 [INFO] IPUIPlugin:80 - create IPUIPlugin
2026-02-17 16:29:04,171 [INFO] IPUIPlugin:80 - create IPUIPlugin
2026-02-17 16:29:04,171 [INFO] IPUIPlugin:80 - create IPUIPlugin
2026-02-17 16:29:04,172 [INFO] IPUIPlugin:80 - create IPUIPlugin
2026-02-17 16:29:04,173 [INFO] IPUIPlugin:80 - create IPUIPlugin
2026-02-17 16:29:04,173 [INFO] IPUIPlugin:80 - create IPUIPlugin
2026-02-17 16:29:04,174 [INFO] IPUIPlugin:80 - create IPUIPlugin
2026-02-17 16:29:04,175 [INFO] IPUIPlugin:80 - create IPUIPlugin
2026-02-17 16:29:04,175 [INFO] IPUIPlugin:80 - create IPUIPlugin
2026-02-17 16:29:04,176 [INFO] IPUIPlugin:80 - create IPUIPlugin
2026-02-17 16:29:04,176 [INFO] IPUIPlugin:80 - create IPUIPlugin
2026-02-17 16:29:04,177 [INFO] IPUIPlugin:80 - create IPUIPlugin
2026-02-17 16:29:04,178 [INFO] IPUIPlugin:80 - create IPUIPlugin
2026-02-17 16:29:04,179 [INFO] IPUIPlugin:80 - create IPUIPlugin
2026-02-17 16:29:04,180 [INFO] IPUIPlugin:80 - create IPUIPlugin
2026-02-17 16:29:04,181 [INFO] IPUIPlugin:80 - create IPUIPlugin
2026-02-17 16:29:04,181 [INFO] IPUIPlugin:80 - create IPUIPlugin
2026-02-17 16:29:04,182 [INFO] IPUIPlugin:80 - create IPUIPlugin
2026-02-17 16:29:04,183 [INFO] IPUIPlugin:80 - create IPUIPlugin
2026-02-17 16:29:04,183 [INFO] IPUIPlugin:80 - create IPUIPlugin
2026-02-17 16:29:04,184 [INFO] IPUIPlugin:80 - create IPUIPlugin
2026-02-17 16:29:04,185 [INFO] IPUIPlugin:80 - create IPUIPlugin
2026-02-17 16:29:04,185 [INFO] IPUIPlugin:80 - create IPUIPlugin
2026-02-17 16:29:04,187 [INFO] IPUIPlugin:80 - create IPUIPlugin
2026-02-17 16:29:04,187 [INFO] IPUIPlugin:80 - create IPUIPlugin
2026-02-17 16:29:04,189 [INFO] IPUIPlugin:80 - create IPUIPlugin
2026-02-17 16:29:04,190 [INFO] IPUIPlugin:80 - create IPUIPlugin
2026-02-17 16:29:04,191 [INFO] IPUIPlugin:80 - create IPUIPlugin
2026-02-17 16:29:04,192 [INFO] IPUIPlugin:80 - create IPUIPlugin
2026-02-17 16:29:04,709 [INFO] CADModel:165 - CPN selected for project levelSTM32L476RGT3
2026-02-17 16:29:04,710 [INFO] CADModel:114 - Register for checkConnection events
2026-02-17 16:29:04,758 [INFO] OpenFileManager:386 - Restore cursor
2026-02-17 16:29:06,543 [INFO] UtilMem:75 - End SaveConfig() Used Memory: 666918120 Bytes (1052770304)
2026-02-17 16:29:06,700 [INFO] UtilMem:75 - End SaveConfig() Used Memory: 702545920 Bytes (1052770304)
2026-02-17 16:29:07,985 [INFO] BlockDiagram:2775 - set Specific Code input for plugin: SYS
2026-02-17 16:29:07,986 [INFO] BlockDiagram:2775 - set Specific Code input for plugin: RCC
2026-02-17 16:29:07,986 [INFO] BlockDiagram:2775 - set Specific Code input for plugin: NVIC
2026-02-17 16:29:07,986 [INFO] BlockDiagram:2775 - set Specific Code input for plugin: USART
2026-02-17 16:29:08,015 [INFO] BlockDiagram:2775 - set Specific Code input for plugin: GPIO
2026-02-17 16:29:08,017 [INFO] CodeGenerator:892 - code generatio: config db path: D:\STM32CubeIDE_1.19.0\STM32CubeIDE\plugins\com.st.stm32cube.common.mx_6.15.0.202507011659\\db\
2026-02-17 16:29:08,367 [INFO] CodeEngine:265 - oldGeneratedFile, D:\Timers_BareMetal\MXTmpFiles\license.tmp_save
2026-02-17 16:29:09,150 [INFO] CodeEngine:289 - Generated code: D:\Timers_BareMetal\MXTmpFiles\license.tmp
2026-02-17 16:29:09,336 [INFO] CodeEngine:265 - oldGeneratedFile, D:\Timers_BareMetal\MXTmpFiles\gpio.tmp_save
2026-02-17 16:29:09,776 [INFO] CodeEngine:289 - Generated code: D:\Timers_BareMetal\MXTmpFiles\gpio.tmp
2026-02-17 16:29:10,114 [INFO] CodeEngine:265 - oldGeneratedFile, D:\Timers_BareMetal\Core\Src\stm32l4xx_it.c_save
2026-02-17 16:29:10,487 [INFO] CodeEngine:289 - Generated code: D:\Timers_BareMetal\Core\Src\stm32l4xx_it.c
2026-02-17 16:29:10,528 [INFO] CodeEngine:265 - oldGeneratedFile, D:\Timers_BareMetal\Core\Inc\stm32l4xx_it.h_save
2026-02-17 16:29:10,702 [INFO] CodeEngine:289 - Generated code: D:\Timers_BareMetal\Core\Inc\stm32l4xx_it.h
2026-02-17 16:29:10,746 [INFO] CodeEngine:265 - oldGeneratedFile, D:\Timers_BareMetal\Core\Src\stm32l4xx_hal_msp.c_save
2026-02-17 16:29:11,088 [INFO] CodeEngine:289 - Generated code: D:\Timers_BareMetal\Core\Src\stm32l4xx_hal_msp.c
2026-02-17 16:29:11,099 [INFO] CodeEngine:265 - oldGeneratedFile, D:\Timers_BareMetal\MXTmpFiles\system.tmp_save
2026-02-17 16:29:11,205 [INFO] CodeEngine:289 - Generated code: D:\Timers_BareMetal\MXTmpFiles\system.tmp
2026-02-17 16:29:11,225 [INFO] CodeEngine:321 - oldGeneratedFile, D:\Timers_BareMetal\Core\Inc\stm32l4xx_hal_conf.h_save
2026-02-17 16:29:11,508 [INFO] CodeEngine:345 - Generated code: D:\Timers_BareMetal\Core\Inc\stm32l4xx_hal_conf.h
2026-02-17 16:29:11,633 [INFO] ApiDbMcu:532 - Load IP Config File for USART2
2026-02-17 16:29:11,641 [INFO] ApiDbMcu:532 - Load IP Config File for RCC
2026-02-17 16:29:11,660 [INFO] CodeEngine:265 - oldGeneratedFile, D:\Timers_BareMetal\Core\Inc\main.h_save
2026-02-17 16:29:11,911 [INFO] CodeEngine:289 - Generated code: D:\Timers_BareMetal\Core\Inc\main.h
2026-02-17 16:29:11,927 [INFO] CodeEngine:265 - oldGeneratedFile, D:\Timers_BareMetal\Core\Src\main.c_save
2026-02-17 16:29:12,306 [INFO] CodeEngine:289 - Generated code: D:\Timers_BareMetal\Core\Src\main.c
2026-02-17 16:29:13,288 [INFO] ProjectBuilder:3606 - Time for Copy HAL[1] : 398mS.
2026-02-17 16:29:13,301 [INFO] ProjectBuilder:5216 - Project Generator version: 4.7.0-B52
2026-02-17 16:29:13,514 [INFO] ConfigFileManager:1595 - The Die is : DIE415
2026-02-17 16:29:13,540 [INFO] ApiDbMcu:532 - Load IP Config File for FATFS
2026-02-17 16:29:13,545 [INFO] ApiDbMcu:532 - Load IP Config File for FREERTOS
2026-02-17 16:29:13,585 [INFO] ApiDbMcu:532 - Load IP Config File for TOUCHSENSING
2026-02-17 16:29:13,601 [INFO] ApiDbMcu:532 - Load IP Config File for USB_DEVICE
2026-02-17 16:29:13,615 [INFO] ApiDbMcu:532 - Load IP Config File for USB_HOST
2026-02-17 16:29:14,506 [INFO] LogOutputStream:77 - [STDOUT_REDIRECT] 
2026-02-17 16:29:18,261 [INFO] ProjectBuilder:5496 - Time for Generating toolchain IDE Files: 4960mS.
2026-02-17 16:29:18,261 [INFO] ProjectBuilder:3463 - Time for Copy CMSIS : 0mS.
2026-02-17 16:29:18,261 [INFO] ProjectBuilder:3463 - Time for Copy CMSIS : 0mS.
2026-02-17 16:29:20,207 [INFO] McuFinderGlobals:76 - Set McuFinderConnectedMode to true
2026-02-17 16:29:20,207 [INFO] ApiDb:448 - Save user favorites file C:\Users\Hemanth Madu/.stm32cubeide/favorites.mcus.txt: 0 item(s)
2026-02-17 16:29:20,207 [INFO] ApiDb:452 - User favorites MCUs=[]
2026-02-17 16:29:20,222 [INFO] ApiDb:448 - Save user favorites file C:\Users\Hemanth Madu/.stm32cubeide/favorites.boards.txt: 0 item(s)
2026-02-17 16:29:20,222 [INFO] ApiDb:452 - User favorites Boards=[]
2026-02-17 17:04:07,792 [INFO] WebApp:194 - Connection lost
2026-02-17 17:04:08,026 [INFO] WebApp:191 - Connection restablished
2026-02-17 18:13:20,599 [INFO] WebApp:194 - Connection lost
2026-02-17 18:13:25,028 [INFO] WebApp:191 - Connection restablished
2026-02-17 18:13:27,275 [INFO] WebApp:194 - Connection lost
2026-02-17 18:13:27,432 [INFO] WebApp:191 - Connection restablished
2026-02-17 18:19:32,939 [ERROR] LogOutputStream:75 - [STDERR_REDIRECT] 
