2026-02-12 11:39:26,559 [INFO] Activator:176 - 


2026-02-12 11:39:26,575 [INFO] Activator:177 - !SESSION log4j initialized
2026-02-12 11:39:32,998 [INFO] LogOutputStream:77 - [STDOUT_REDIRECT] 
2026-02-12 11:39:53,070 [INFO] ApplicationProperties:184 - Using Application install path: D:\STM32CubeIDE_1.19.0\STM32CubeIDE\plugins\com.st.stm32cube.common.mx_6.15.0.202507011659
2026-02-12 11:39:53,210 [INFO] DbMcusXml:78 - Set database path to: D:\STM32CubeIDE_1.19.0\STM32CubeIDE\plugins\com.st.stm32cube.common.mx_6.15.0.202507011659\\db\/mcu/
2026-02-12 11:39:53,211 [INFO] ApiDb:274 - Set plugin database path to: D:\STM32CubeIDE_1.19.0\STM32CubeIDE\plugins\com.st.stm32cube.common.mx_6.15.0.202507011659\\db\/plugins/boardmanager/
2026-02-12 11:39:53,218 [WARN] ApiDb:259 - Overriding images path with different value:  => D:\STM32CubeIDE_1.19.0\STM32CubeIDE\plugins\com.st.stm32cube.common.mx_6.15.0.202507011659\\db\/plugins/mcufinder/images/
2026-02-12 11:39:56,124 [WARN] ApiFinderProperties:113 - C:\Users\Hemanth Madu\.stmcufinder\plugins\mcufinder\mcu\mcuFinder.mfd doesn't exist
2026-02-12 11:39:56,125 [INFO] ApiDb:250 - Set database path to: C:\Users\Hemanth Madu\.stmcufinder\plugins\mcufinder//mcu/
2026-02-12 11:39:56,132 [INFO] DbMcusAds:125 - Set database path to: C:\Users\Hemanth Madu\.stmcufinder\plugins\mcufinder//mcu/
2026-02-12 11:39:56,150 [INFO] CrossReferenceDbSqlite:203 - Set database path to: C:\Users\Hemanth Madu\.stmcufinder\plugins\mcufinder//mcu/cs/
2026-02-12 11:39:56,550 [INFO] RulesReader:64 - Compatibility file has been processed (317 Rules)
2026-02-12 11:39:56,903 [INFO] DbMcusXml:78 - Set database path to: D:\STM32CubeIDE_1.19.0\STM32CubeIDE\plugins\com.st.stm32cube.common.mx_6.15.0.202507011659\\db\/mcu/
2026-02-12 11:39:56,904 [INFO] ApiDb:274 - Set plugin database path to: D:\STM32CubeIDE_1.19.0\STM32CubeIDE\plugins\com.st.stm32cube.common.mx_6.15.0.202507011659\\db\/plugins/boardmanager/
2026-02-12 11:39:56,904 [INFO] ApiDb:261 - Set plugin images path to: D:\STM32CubeIDE_1.19.0\STM32CubeIDE\plugins\com.st.stm32cube.common.mx_6.15.0.202507011659\\db\/plugins/mcufinder/images/
2026-02-12 11:39:56,905 [WARN] DbFile:41 - Overriding database path with different value: C:\Users\Hemanth Madu\.stmcufinder\plugins\mcufinder/ => C:\Users\Hemanth Madu\.stmcufinder\plugins\mcufinder
2026-02-12 11:39:56,905 [INFO] ApiDb:250 - Set database path to: C:\Users\Hemanth Madu\.stmcufinder\plugins\mcufinder//mcu/
2026-02-12 11:39:56,905 [WARN] DbFile:41 - Overriding database path with different value: C:\Users\Hemanth Madu\.stmcufinder\plugins\mcufinder/ => C:\Users\Hemanth Madu\.stmcufinder\plugins\mcufinder
2026-02-12 11:39:56,905 [INFO] DbMcusAds:125 - Set database path to: C:\Users\Hemanth Madu\.stmcufinder\plugins\mcufinder//mcu/
2026-02-12 11:39:56,905 [WARN] DbFile:41 - Overriding database path with different value: C:\Users\Hemanth Madu\.stmcufinder\plugins\mcufinder/ => C:\Users\Hemanth Madu\.stmcufinder\plugins\mcufinder
2026-02-12 11:39:56,906 [WARN] DbFile:41 - Overriding database path with different value: C:\Users\Hemanth Madu\.stmcufinder\plugins\mcufinder/ => C:\Users\Hemanth Madu\.stmcufinder\plugins\mcufinder
2026-02-12 11:39:56,906 [INFO] CrossReferenceDbSqlite:203 - Set database path to: C:\Users\Hemanth Madu\.stmcufinder\plugins\mcufinder//mcu/cs/
2026-02-12 11:39:57,234 [INFO] MainPanel:274 - HeapMemory: 268435456
2026-02-12 11:39:57,790 [INFO] DbMcusXml:78 - Set database path to: D:\STM32CubeIDE_1.19.0\STM32CubeIDE\plugins\com.st.stm32cube.common.mx_6.15.0.202507011659\\db\/mcu/
2026-02-12 11:39:57,791 [INFO] ApiDb:274 - Set plugin database path to: D:\STM32CubeIDE_1.19.0\STM32CubeIDE\plugins\com.st.stm32cube.common.mx_6.15.0.202507011659\\db\/plugins/boardmanager/
2026-02-12 11:39:57,791 [INFO] ApiDb:261 - Set plugin images path to: D:\STM32CubeIDE_1.19.0\STM32CubeIDE\plugins\com.st.stm32cube.common.mx_6.15.0.202507011659\\db\/plugins/mcufinder/images/
2026-02-12 11:39:57,791 [WARN] DbFile:41 - Overriding database path with different value: C:\Users\Hemanth Madu\.stmcufinder\plugins\mcufinder/ => C:\Users\Hemanth Madu\.stmcufinder\plugins\mcufinder
2026-02-12 11:39:57,791 [INFO] ApiDb:250 - Set database path to: C:\Users\Hemanth Madu\.stmcufinder\plugins\mcufinder//mcu/
2026-02-12 11:39:57,791 [WARN] DbFile:41 - Overriding database path with different value: C:\Users\Hemanth Madu\.stmcufinder\plugins\mcufinder/ => C:\Users\Hemanth Madu\.stmcufinder\plugins\mcufinder
2026-02-12 11:39:57,792 [INFO] DbMcusAds:125 - Set database path to: C:\Users\Hemanth Madu\.stmcufinder\plugins\mcufinder//mcu/
2026-02-12 11:39:57,792 [WARN] DbFile:41 - Overriding database path with different value: C:\Users\Hemanth Madu\.stmcufinder\plugins\mcufinder/ => C:\Users\Hemanth Madu\.stmcufinder\plugins\mcufinder
2026-02-12 11:39:57,793 [WARN] DbFile:41 - Overriding database path with different value: C:\Users\Hemanth Madu\.stmcufinder\plugins\mcufinder/ => C:\Users\Hemanth Madu\.stmcufinder\plugins\mcufinder
2026-02-12 11:39:57,793 [INFO] CrossReferenceDbSqlite:203 - Set database path to: C:\Users\Hemanth Madu\.stmcufinder\plugins\mcufinder//mcu/cs/
2026-02-12 11:39:57,856 [INFO] ApplicationProperties:184 - Using Application install path: D:\STM32CubeIDE_1.19.0\STM32CubeIDE\plugins\com.st.stm32cube.common.mx_6.15.0.202507011659
2026-02-12 11:39:57,859 [INFO] PluginManage:196 - Search for loadable plugins [exclusion list=, ]
2026-02-12 11:39:57,866 [INFO] PluginManage:310 - Check plugin analytics
2026-02-12 11:39:58,330 [INFO] AnalyticsPlugin:253 - Accepted Software Licenses: 
2026-02-12 11:39:58,330 [INFO] AnalyticsPlugin:255 - Accepted CMSIS Pack Licenses: 
2026-02-12 11:39:58,330 [INFO] AnalyticsPlugin:257 - Accepted Firmware Licenses: FW.L4.1.18.0
2026-02-12 11:39:58,333 [INFO] PluginManage:359 - Loaded plugin analytics (category:tool,tabindex:-1)
2026-02-12 11:39:58,333 [INFO] PluginManage:310 - Check plugin cadmodel
2026-02-12 11:39:58,353 [INFO] CADModel:105 - Init CAD model plugin
2026-02-12 11:39:58,353 [INFO] PluginManage:359 - Loaded plugin cadmodel (category:power,tabindex:5)
2026-02-12 11:39:58,353 [INFO] PluginManage:310 - Check plugin clock
2026-02-12 11:39:58,395 [INFO] PluginManage:359 - Loaded plugin clock (category:base,tabindex:2)
2026-02-12 11:39:58,395 [INFO] PluginManage:310 - Check plugin ddr
2026-02-12 11:39:58,407 [INFO] PluginManage:359 - Loaded plugin ddr (category:tool,tabindex:6)
2026-02-12 11:39:58,408 [INFO] PluginManage:310 - Check plugin filemanager
2026-02-12 11:39:58,837 [INFO] PluginManage:359 - Loaded plugin filemanager (category:base,tabindex:10)
2026-02-12 11:39:58,837 [INFO] PluginManage:310 - Check plugin ipmanager
2026-02-12 11:39:58,852 [INFO] PluginManage:359 - Loaded plugin ipmanager (category:base,tabindex:5)
2026-02-12 11:39:58,852 [INFO] PluginManage:310 - Check plugin lpbam
2026-02-12 11:39:58,874 [INFO] PluginManage:359 - Loaded plugin lpbam (category:base,tabindex:0)
2026-02-12 11:39:58,874 [INFO] PluginManage:310 - Check plugin memorymap
2026-02-12 11:39:58,945 [INFO] PluginManage:359 - Loaded plugin memorymap (category:base,tabindex:4)
2026-02-12 11:39:58,945 [INFO] PluginManage:310 - Check plugin pinoutandconfiguration
2026-02-12 11:39:58,989 [INFO] PluginManage:359 - Loaded plugin pinoutandconfiguration (category:base,tabindex:1)
2026-02-12 11:39:58,989 [INFO] PluginManage:310 - Check plugin pinoutconfig
2026-02-12 11:39:59,250 [WARN] SupportedApi:132 - Cannot load RTOS API schema: s4s-elt-must-match.1: The content of 'definitions' must match (annotation?, (simpleType | complexType)?, (unique | key | keyref)*)). A problem was found starting at: attribute.
2026-02-12 11:39:59,669 [INFO] PluginManage:359 - Loaded plugin pinoutconfig (category:base,tabindex:0)
2026-02-12 11:39:59,670 [INFO] PluginManage:310 - Check plugin power
2026-02-12 11:39:59,701 [INFO] PluginManage:359 - Loaded plugin power (category:power,tabindex:4)
2026-02-12 11:39:59,701 [INFO] PluginManage:310 - Check plugin projectmanager
2026-02-12 11:39:59,705 [INFO] McuFinderGlobals:63 - Set McuFinder mode to 2 (CubeIDE integrated)
2026-02-12 11:39:59,724 [INFO] PluginManage:359 - Loaded plugin projectmanager (category:projectmanager,tabindex:4)
2026-02-12 11:39:59,725 [INFO] PluginManage:310 - Check plugin rif
2026-02-12 11:39:59,753 [INFO] PluginManage:359 - Loaded plugin rif (category:base,tabindex:3)
2026-02-12 11:39:59,754 [INFO] PluginManage:310 - Check plugin thirdparty
2026-02-12 11:40:00,465 [INFO] PluginManage:359 - Loaded plugin thirdparty (category:base,tabindex:-1)
2026-02-12 11:40:00,465 [WARN] IntegrityCheckThread:84 - waiting for thirdparty lock release [integrity check]
2026-02-12 11:40:00,465 [INFO] IntegrityCheckThread:86 - entering critical section [integrity check]
2026-02-12 11:40:00,465 [INFO] PluginManage:310 - Check plugin tools
2026-02-12 11:40:00,466 [INFO] ThirdPartyUpdaterWithRetryManager:70 - Updater plugin not ready yet. [1/15]
2026-02-12 11:40:00,475 [INFO] PluginManage:359 - Loaded plugin tools (category:base,tabindex:7)
2026-02-12 11:40:00,475 [INFO] PluginManage:310 - Check plugin tutovideos
2026-02-12 11:40:01,380 [INFO] PluginManage:359 - Loaded plugin tutovideos (category:base,tabindex:-1)
2026-02-12 11:40:01,380 [INFO] PluginManage:310 - Check plugin updater
2026-02-12 11:40:01,429 [INFO] PluginManage:359 - Loaded plugin updater (category:base,tabindex:12)
2026-02-12 11:40:01,429 [INFO] PluginManage:310 - Check plugin userauth
2026-02-12 11:40:01,437 [INFO] UserAuth:118 - Init User Auth plugin
2026-02-12 11:40:01,439 [INFO] PluginManage:359 - Loaded plugin userauth (category:base,tabindex:14)
2026-02-12 11:40:01,439 [INFO] PluginManage:283 - PluginManage : Loaded plugins [18]
2026-02-12 11:40:02,267 [INFO] PinOutPanel:1589 - setPackage(No Configuration,No Configuration)
2026-02-12 11:40:02,534 [INFO] CADModel:165 - CPN selected for project level
2026-02-12 11:40:02,535 [INFO] CADModel:114 - Register for checkConnection events
2026-02-12 11:40:02,617 [INFO] IPUIPlugin:80 - create IPUIPlugin
2026-02-12 11:40:02,617 [INFO] PluginManager:220 - loadIPPluginJar : add adc
2026-02-12 11:40:02,627 [INFO] IPUIPlugin:80 - create IPUIPlugin
2026-02-12 11:40:02,628 [INFO] PluginManager:220 - loadIPPluginJar : add aes
2026-02-12 11:40:02,639 [INFO] IPUIPlugin:80 - create IPUIPlugin
2026-02-12 11:40:02,639 [INFO] PluginManager:220 - loadIPPluginJar : add can
2026-02-12 11:40:02,646 [INFO] IPUIPlugin:80 - create IPUIPlugin
2026-02-12 11:40:02,646 [INFO] PluginManager:220 - loadIPPluginJar : add comp
2026-02-12 11:40:02,657 [INFO] IPUIPlugin:80 - create IPUIPlugin
2026-02-12 11:40:02,657 [INFO] PluginManager:220 - loadIPPluginJar : add cryp
2026-02-12 11:40:02,674 [INFO] IPUIPlugin:80 - create IPUIPlugin
2026-02-12 11:40:02,674 [INFO] PluginManager:220 - loadIPPluginJar : add ddr_ctrl_phy
2026-02-12 11:40:02,681 [INFO] IPUIPlugin:80 - create IPUIPlugin
2026-02-12 11:40:02,681 [INFO] PluginManager:220 - loadIPPluginJar : add dfsdm
2026-02-12 11:40:02,696 [INFO] IPUIPlugin:80 - create IPUIPlugin
2026-02-12 11:40:02,697 [INFO] PluginManager:220 - loadIPPluginJar : add dma
2026-02-12 11:40:02,703 [INFO] IPUIPlugin:80 - create IPUIPlugin
2026-02-12 11:40:02,704 [INFO] PluginManager:220 - loadIPPluginJar : add dma3
2026-02-12 11:40:02,711 [INFO] IPUIPlugin:80 - create IPUIPlugin
2026-02-12 11:40:02,712 [INFO] PluginManager:220 - loadIPPluginJar : add extmemmanager
2026-02-12 11:40:02,720 [INFO] IPUIPlugin:80 - create IPUIPlugin
2026-02-12 11:40:02,720 [INFO] PluginManager:220 - loadIPPluginJar : add fatfs
2026-02-12 11:40:02,733 [INFO] IPUIPlugin:80 - create IPUIPlugin
2026-02-12 11:40:02,734 [INFO] PluginManager:220 - loadIPPluginJar : add fmc
2026-02-12 11:40:02,762 [INFO] IPUIPlugin:80 - create IPUIPlugin
2026-02-12 11:40:02,762 [INFO] PluginManager:220 - loadIPPluginJar : add freertos
2026-02-12 11:40:02,770 [INFO] IPUIPlugin:80 - create IPUIPlugin
2026-02-12 11:40:02,771 [INFO] PluginManager:220 - loadIPPluginJar : add genericplugin
2026-02-12 11:40:02,778 [INFO] IPUIPlugin:80 - create IPUIPlugin
2026-02-12 11:40:02,778 [INFO] PluginManager:220 - loadIPPluginJar : add gfxmmu
2026-02-12 11:40:02,792 [INFO] IPUIPlugin:80 - create IPUIPlugin
2026-02-12 11:40:02,792 [INFO] PluginManager:220 - loadIPPluginJar : add gic
2026-02-12 11:40:02,805 [INFO] IPUIPlugin:80 - create IPUIPlugin
2026-02-12 11:40:02,805 [INFO] PluginManager:220 - loadIPPluginJar : add gpio
2026-02-12 11:40:02,811 [INFO] IPUIPlugin:80 - create IPUIPlugin
2026-02-12 11:40:02,812 [INFO] PluginManager:220 - loadIPPluginJar : add gtzc
2026-02-12 11:40:02,822 [INFO] IPUIPlugin:80 - create IPUIPlugin
2026-02-12 11:40:02,823 [INFO] PluginManager:220 - loadIPPluginJar : add hash
2026-02-12 11:40:02,835 [INFO] IPUIPlugin:80 - create IPUIPlugin
2026-02-12 11:40:02,835 [INFO] PluginManager:220 - loadIPPluginJar : add i2c
2026-02-12 11:40:02,845 [INFO] IPUIPlugin:80 - create IPUIPlugin
2026-02-12 11:40:02,845 [INFO] PluginManager:220 - loadIPPluginJar : add i2s
2026-02-12 11:40:02,855 [INFO] IPUIPlugin:80 - create IPUIPlugin
2026-02-12 11:40:02,855 [INFO] PluginManager:220 - loadIPPluginJar : add i3c
2026-02-12 11:40:02,865 [INFO] IPUIPlugin:80 - create IPUIPlugin
2026-02-12 11:40:02,865 [INFO] PluginManager:220 - loadIPPluginJar : add ipddr
2026-02-12 11:40:02,887 [INFO] IPUIPlugin:80 - create IPUIPlugin
2026-02-12 11:40:02,887 [INFO] PluginManager:220 - loadIPPluginJar : add linkedlist
2026-02-12 11:40:02,898 [INFO] IPUIPlugin:80 - create IPUIPlugin
2026-02-12 11:40:02,898 [INFO] PluginManager:220 - loadIPPluginJar : add lorawan
2026-02-12 11:40:02,906 [INFO] IPUIPlugin:80 - create IPUIPlugin
2026-02-12 11:40:02,906 [INFO] PluginManager:220 - loadIPPluginJar : add ltdc
2026-02-12 11:40:02,920 [INFO] IPUIPlugin:80 - create IPUIPlugin
2026-02-12 11:40:02,920 [INFO] PluginManager:220 - loadIPPluginJar : add mdma
2026-02-12 11:40:02,933 [INFO] IPUIPlugin:80 - create IPUIPlugin
2026-02-12 11:40:02,933 [INFO] PluginManager:220 - loadIPPluginJar : add nvic
2026-02-12 11:40:02,943 [INFO] IPUIPlugin:80 - create IPUIPlugin
2026-02-12 11:40:02,943 [INFO] PluginManager:220 - loadIPPluginJar : add opamp
2026-02-12 11:40:02,954 [INFO] IPUIPlugin:80 - create IPUIPlugin
2026-02-12 11:40:02,954 [INFO] PluginManager:220 - loadIPPluginJar : add openamp
2026-02-12 11:40:02,969 [INFO] IPUIPlugin:80 - create IPUIPlugin
2026-02-12 11:40:02,969 [INFO] PluginManager:220 - loadIPPluginJar : add pdm2pcm
2026-02-12 11:40:02,984 [INFO] IPUIPlugin:80 - create IPUIPlugin
2026-02-12 11:40:02,989 [INFO] PluginManager:220 - loadIPPluginJar : add plateformsettings
2026-02-12 11:40:02,996 [INFO] IPUIPlugin:80 - create IPUIPlugin
2026-02-12 11:40:02,996 [INFO] PluginManager:220 - loadIPPluginJar : add quadspi
2026-02-12 11:40:03,004 [INFO] IPUIPlugin:80 - create IPUIPlugin
2026-02-12 11:40:03,005 [INFO] PluginManager:220 - loadIPPluginJar : add radio
2026-02-12 11:40:03,015 [INFO] IPUIPlugin:80 - create IPUIPlugin
2026-02-12 11:40:03,016 [INFO] PluginManager:220 - loadIPPluginJar : add resmgrutility
2026-02-12 11:40:03,023 [INFO] IPUIPlugin:80 - create IPUIPlugin
2026-02-12 11:40:03,023 [INFO] PluginManager:220 - loadIPPluginJar : add sai
2026-02-12 11:40:03,031 [INFO] IPUIPlugin:80 - create IPUIPlugin
2026-02-12 11:40:03,031 [INFO] PluginManager:220 - loadIPPluginJar : add spi
2026-02-12 11:40:03,042 [INFO] IPUIPlugin:80 - create IPUIPlugin
2026-02-12 11:40:03,042 [INFO] PluginManager:220 - loadIPPluginJar : add stm32_wpan
2026-02-12 11:40:03,049 [INFO] IPUIPlugin:80 - create IPUIPlugin
2026-02-12 11:40:03,050 [INFO] PluginManager:220 - loadIPPluginJar : add tim
2026-02-12 11:40:03,057 [INFO] IPUIPlugin:80 - create IPUIPlugin
2026-02-12 11:40:03,058 [INFO] PluginManager:220 - loadIPPluginJar : add touchsensing
2026-02-12 11:40:03,065 [INFO] IPUIPlugin:80 - create IPUIPlugin
2026-02-12 11:40:03,065 [INFO] PluginManager:220 - loadIPPluginJar : add tracer_emb
2026-02-12 11:40:03,073 [INFO] IPUIPlugin:80 - create IPUIPlugin
2026-02-12 11:40:03,073 [INFO] PluginManager:220 - loadIPPluginJar : add ts
2026-02-12 11:40:03,080 [INFO] IPUIPlugin:80 - create IPUIPlugin
2026-02-12 11:40:03,080 [INFO] PluginManager:220 - loadIPPluginJar : add tsc
2026-02-12 11:40:03,086 [INFO] IPUIPlugin:80 - create IPUIPlugin
2026-02-12 11:40:03,086 [INFO] PluginManager:220 - loadIPPluginJar : add ucpd
2026-02-12 11:40:03,096 [INFO] IPUIPlugin:80 - create IPUIPlugin
2026-02-12 11:40:03,096 [INFO] PluginManager:220 - loadIPPluginJar : add usart
2026-02-12 11:40:03,105 [INFO] IPUIPlugin:80 - create IPUIPlugin
2026-02-12 11:40:03,106 [INFO] PluginManager:220 - loadIPPluginJar : add usbx
2026-02-12 11:40:03,289 [FATAL] Updater:351 - Updater called before beeing initialized
2026-02-12 11:40:03,385 [INFO] RulesReader:64 - Compatibility file has been processed (317 Rules)
2026-02-12 11:40:03,399 [INFO] RulesReader:64 - Compatibility file has been processed (317 Rules)
2026-02-12 11:40:03,413 [INFO] CADModel:165 - CPN selected for project level
2026-02-12 11:40:03,414 [INFO] CADModel:114 - Register for checkConnection events
2026-02-12 11:40:03,414 [FATAL] Updater:351 - Updater called before beeing initialized
2026-02-12 11:40:03,414 [ERROR] CADModel:125 - Updater not yet initialized, retry later 
2026-02-12 11:40:03,466 [INFO] ThirdPartyUpdaterWithRetryManager:70 - Updater plugin not ready yet. [2/15]
2026-02-12 11:40:03,935 [FATAL] Updater:351 - Updater called before beeing initialized
2026-02-12 11:40:03,942 [INFO] CADModel:165 - CPN selected for project level
2026-02-12 11:40:03,942 [INFO] CADModel:114 - Register for checkConnection events
2026-02-12 11:40:03,942 [FATAL] Updater:351 - Updater called before beeing initialized
2026-02-12 11:40:03,942 [ERROR] CADModel:125 - Updater not yet initialized, retry later 
2026-02-12 11:40:03,944 [FATAL] Updater:351 - Updater called before beeing initialized
2026-02-12 11:40:04,161 [FATAL] Updater:351 - Updater called before beeing initialized
2026-02-12 11:40:04,183 [INFO] DbMcusAds:53 - JSON generation date=Thu Sep 30 12:25:09 IST 2021 (1632984909247)
2026-02-12 11:40:04,183 [FATAL] Updater:351 - Updater called before beeing initialized
2026-02-12 11:40:04,333 [WARN] DetailPanel:346 - Failed to get advertising image, set to default
2026-02-12 11:40:04,523 [FATAL] Updater:351 - Updater called before beeing initialized
2026-02-12 11:40:04,527 [FATAL] Updater:351 - Updater called before beeing initialized
2026-02-12 11:40:04,527 [FATAL] Updater:351 - Updater called before beeing initialized
2026-02-12 11:40:04,527 [WARN] DetailPanel:346 - Failed to get advertising image, set to default
2026-02-12 11:40:04,528 [FATAL] Updater:351 - Updater called before beeing initialized
2026-02-12 11:40:04,681 [ERROR] Updater:1198 - MainUpdater not yet initialized. External WinMGr cannot be set.
2026-02-12 11:40:04,701 [INFO] Updater:1134 - Updater Version found : 6.15.0
2026-02-12 11:40:04,745 [INFO] ApplicationProperties:184 - Using Application install path: D:\STM32CubeIDE_1.19.0\STM32CubeIDE\plugins\com.st.stm32cube.common.mx_6.15.0.202507011659
2026-02-12 11:40:06,384 [ERROR] LogOutputStream:75 - [STDERR_REDIRECT] Feb 12, 2026 11:40:06 AM java.util.prefs.WindowsPreferences <init>
2026-02-12 11:40:06,388 [ERROR] LogOutputStream:75 - [STDERR_REDIRECT] WARNING: Could not open/create prefs root node Software\JavaSoft\Prefs at root 0xffffffff80000002. Windows RegCreateKeyEx(...) returned error code 5.
2026-02-12 11:40:06,388 [ERROR] LogOutputStream:75 - [STDERR_REDIRECT] 
2026-02-12 11:40:06,444 [INFO] MainUpdater:525 - Copy updater definitions from MX database
2026-02-12 11:40:06,467 [FATAL] Updater:351 - Updater called before beeing initialized
2026-02-12 11:40:06,467 [ERROR] IntegrityCheckThread:130 - Cannot retrieve database content from updater: error 21
2026-02-12 11:40:06,468 [INFO] ThirdParty:978 - Integrity check success = false
2026-02-12 11:40:06,468 [INFO] IntegrityCheckThread:100 - exiting critical section [integrity check]
2026-02-12 11:40:06,468 [INFO] IntegrityCheckThread:103 - End integrity checks thread
2026-02-12 11:40:06,547 [INFO] MainUpdater:558 - Copy flag file definitions from MX database
2026-02-12 11:40:06,550 [INFO] MainUpdater:574 - Copy thirdparty index definitions from MX database
2026-02-12 11:40:06,555 [INFO] MainUpdater:593 - Copy default thirdparty db definitions from MX database
2026-02-12 11:40:07,110 [INFO] MainUpdater:2872 - connection check result : 10
2026-02-12 11:40:07,111 [INFO] MainUpdater:3604 - Updater definition file requires update
2026-02-12 11:40:07,113 [INFO] MainUpdater:289 - Updater Check For Update Now.
2026-02-12 11:40:07,113 [INFO] MicroXplorer:498 - Change Database Version : DB.6.0.150
2026-02-12 11:40:07,261 [INFO] ServerAccessManage:452 - Complete download http(s) 200
2026-02-12 11:40:07,263 [INFO] ServerAccessManage:509 - Download File updaters.zip
2026-02-12 11:40:07,551 [INFO] McuFinderGlobals:63 - Set McuFinder mode to 2 (CubeIDE integrated)
2026-02-12 11:40:07,551 [INFO] UserAuth:171 - activating auth plugin
2026-02-12 11:40:07,565 [INFO] UserAuth:487 - Internet connection configuration mode: 1
2026-02-12 11:40:07,619 [INFO] FileExtend:248 - Unzip File : updaters.zip
2026-02-12 11:40:07,620 [INFO] FileExtend:263 - Standard Zip Deflate
2026-02-12 11:40:07,777 [INFO] JxBrowserEngine:152 - Initiate JxBrowser Engine with user profile folder
2026-02-12 11:40:09,015 [INFO] ServerAccessManage:452 - Complete download http(s) 200
2026-02-12 11:40:09,015 [INFO] ServerAccessManage:509 - Download File PacksControlFlags.xml
2026-02-12 11:40:09,366 [INFO] ServerAccessManage:452 - Complete download http(s) 200
2026-02-12 11:40:09,367 [INFO] ServerAccessManage:509 - Download File cubemx.pidx
2026-02-12 11:40:10,041 [INFO] ServerAccessManage:452 - Complete download http(s) 200
2026-02-12 11:40:10,042 [INFO] ServerAccessManage:509 - Download File STMicroelectronics.FP-ATR-ASTRA1.pdsc
2026-02-12 11:40:11,006 [INFO] ServerAccessManage:452 - Complete download http(s) 200
2026-02-12 11:40:11,006 [INFO] ServerAccessManage:509 - Download File STMicroelectronics.FP-ATR-SIGFOX1.pdsc
2026-02-12 11:40:11,297 [INFO] ServerAccessManage:452 - Complete download http(s) 200
2026-02-12 11:40:11,297 [INFO] ServerAccessManage:509 - Download File STMicroelectronics.FP-SNS-STBOX1.pdsc
2026-02-12 11:40:11,804 [INFO] ServerAccessManage:452 - Complete download http(s) 200
2026-02-12 11:40:11,804 [INFO] ServerAccessManage:509 - Download File STMicroelectronics.FP-SNS-FLIGHT1.pdsc
2026-02-12 11:40:12,526 [INFO] ServerAccessManage:452 - Complete download http(s) 200
2026-02-12 11:40:12,526 [INFO] ServerAccessManage:509 - Download File STMicroelectronics.FP-SNS-MOTENV1.pdsc
2026-02-12 11:40:13,350 [INFO] ServerAccessManage:452 - Complete download http(s) 200
2026-02-12 11:40:13,350 [INFO] ServerAccessManage:509 - Download File STMicroelectronics.FP-SNS-MOTENVWB1.pdsc
2026-02-12 11:40:13,850 [INFO] ServerAccessManage:452 - Complete download http(s) 200
2026-02-12 11:40:13,850 [INFO] ServerAccessManage:509 - Download File STMicroelectronics.FP-SNS-SMARTAG2.pdsc
2026-02-12 11:40:14,113 [INFO] ServerAccessManage:452 - Complete download http(s) 200
2026-02-12 11:40:14,113 [INFO] ServerAccessManage:509 - Download File STMicroelectronics.FP-SNS-STAIOTCFT.pdsc
2026-02-12 11:40:14,421 [INFO] ServerAccessManage:452 - Complete download http(s) 200
2026-02-12 11:40:14,421 [INFO] ServerAccessManage:509 - Download File STMicroelectronics.X-CUBE-AI.pdsc
2026-02-12 11:40:16,905 [INFO] ServerAccessManage:452 - Complete download http(s) 200
2026-02-12 11:40:16,905 [INFO] ServerAccessManage:509 - Download File STMicroelectronics.X-CUBE-ALS.pdsc
2026-02-12 11:40:17,519 [INFO] ServerAccessManage:452 - Complete download http(s) 200
2026-02-12 11:40:17,519 [INFO] ServerAccessManage:509 - Download File STMicroelectronics.X-CUBE-BLE1.pdsc
2026-02-12 11:40:18,892 [INFO] WebApp:169 - Instantiating new browser for Auth
2026-02-12 11:40:19,924 [ERROR] ServerAccessManage:1212 - Problem, file not found on Server
2026-02-12 11:40:20,066 [INFO] ServerAccessManage:452 - Complete download http(s) 200
2026-02-12 11:40:20,066 [INFO] ServerAccessManage:509 - Download File STMicroelectronics.X-CUBE-BLE2.pdsc
2026-02-12 11:40:21,258 [INFO] ServerAccessManage:452 - Complete download http(s) 200
2026-02-12 11:40:21,259 [INFO] ServerAccessManage:509 - Download File STMicroelectronics.X-CUBE-BLEMGR.pdsc
2026-02-12 11:40:21,527 [INFO] WebApp:463 - Apply proxy settings
2026-02-12 11:40:21,527 [INFO] WebApp:548 - Chromium requires no authentication
2026-02-12 11:40:21,554 [INFO] WebApp:491 - Direct internet connection detected
2026-02-12 11:40:21,651 [INFO] WebApp:900 - Register for checkConnection events
2026-02-12 11:40:21,652 [INFO] WebApp:463 - Apply proxy settings
2026-02-12 11:40:21,652 [INFO] WebApp:548 - Chromium requires no authentication
2026-02-12 11:40:21,653 [INFO] WebApp:491 - Direct internet connection detected
2026-02-12 11:40:21,966 [INFO] WebApp:191 - Connection restablished
2026-02-12 11:40:22,162 [ERROR] ServerAccessManage:1212 - Problem, file not found on Server
2026-02-12 11:40:22,536 [INFO] WebApp:225 - Starting web application
2026-02-12 11:40:22,536 [INFO] WebApp:593 - Web application path used D:\STM32CubeIDE_1.19.0\STM32CubeIDE\plugins\com.st.stm32cube.common.mx_6.15.0.202507011659\db\plugins\mcufinder\reactClient1\index.html
2026-02-12 11:40:23,189 [INFO] ServerAccessManage:452 - Complete download http(s) 200
2026-02-12 11:40:23,189 [INFO] ServerAccessManage:509 - Download File STMicroelectronics.X-CUBE-DISPLAY.pdsc
2026-02-12 11:40:25,489 [INFO] ServerAccessManage:452 - Complete download http(s) 200
2026-02-12 11:40:25,489 [INFO] ServerAccessManage:509 - Download File STMicroelectronics.X-CUBE-DPOWER.pdsc
2026-02-12 11:40:26,597 [ERROR] ServerAccessManage:1212 - Problem, file not found on Server
2026-02-12 11:40:27,208 [ERROR] ServerAccessManage:1212 - Problem, file not found on Server
2026-02-12 11:40:27,521 [ERROR] ServerAccessManage:1212 - Problem, file not found on Server
2026-02-12 11:40:27,815 [ERROR] ServerAccessManage:1212 - Problem, file not found on Server
2026-02-12 11:40:28,232 [ERROR] ServerAccessManage:1212 - Problem, file not found on Server
2026-02-12 11:40:28,678 [INFO] MainUpdater:2872 - connection check result : 10
2026-02-12 11:40:28,845 [ERROR] ServerAccessManage:1212 - Problem, file not found on Server
2026-02-12 11:40:29,465 [ERROR] ServerAccessManage:1212 - Problem, file not found on Server
2026-02-12 11:40:30,180 [ERROR] ServerAccessManage:1212 - Problem, file not found on Server
2026-02-12 11:40:30,896 [ERROR] ServerAccessManage:1212 - Problem, file not found on Server
2026-02-12 11:40:31,508 [ERROR] ServerAccessManage:1212 - Problem, file not found on Server
2026-02-12 11:40:31,758 [ERROR] ServerAccessManage:1212 - Problem, file not found on Server
2026-02-12 11:40:31,888 [INFO] ServerAccessManage:452 - Complete download http(s) 200
2026-02-12 11:40:31,889 [INFO] ServerAccessManage:509 - Download File STMicroelectronics.X-CUBE-EEPRMA1.pdsc
2026-02-12 11:40:32,932 [ERROR] ServerAccessManage:1212 - Problem, file not found on Server
2026-02-12 11:40:33,460 [ERROR] ServerAccessManage:1212 - Problem, file not found on Server
2026-02-12 11:40:33,999 [INFO] ServerAccessManage:452 - Complete download http(s) 200
2026-02-12 11:40:34,000 [INFO] ServerAccessManage:509 - Download File STMicroelectronics.X-CUBE-FREERTOS.pdsc
2026-02-12 11:40:35,136 [INFO] ServerAccessManage:452 - Complete download http(s) 200
2026-02-12 11:40:35,136 [INFO] ServerAccessManage:509 - Download File STMicroelectronics.X-CUBE-GNSS1.pdsc
2026-02-12 11:40:37,146 [ERROR] ServerAccessManage:1212 - Problem, file not found on Server
2026-02-12 11:40:37,429 [ERROR] ServerAccessManage:1212 - Problem, file not found on Server
2026-02-12 11:40:38,067 [ERROR] ServerAccessManage:1212 - Problem, file not found on Server
2026-02-12 11:40:38,677 [ERROR] ServerAccessManage:1212 - Problem, file not found on Server
2026-02-12 11:40:38,985 [ERROR] ServerAccessManage:1212 - Problem, file not found on Server
2026-02-12 11:40:39,391 [ERROR] ServerAccessManage:1212 - Problem, file not found on Server
2026-02-12 11:40:39,525 [INFO] ServerAccessManage:452 - Complete download http(s) 200
2026-02-12 11:40:39,526 [INFO] ServerAccessManage:509 - Download File STMicroelectronics.X-CUBE-ISPU.pdsc
2026-02-12 11:40:40,163 [INFO] ServerAccessManage:452 - Complete download http(s) 200
2026-02-12 11:40:40,164 [INFO] ServerAccessManage:509 - Download File STMicroelectronics.X-CUBE-IPS.pdsc
2026-02-12 11:40:40,673 [INFO] ServerAccessManage:452 - Complete download http(s) 200
2026-02-12 11:40:40,674 [INFO] ServerAccessManage:509 - Download File STMicroelectronics.X-CUBE-MEMS1.pdsc
2026-02-12 11:40:44,485 [INFO] ServerAccessManage:452 - Complete download http(s) 200
2026-02-12 11:40:44,485 [INFO] ServerAccessManage:509 - Download File STMicroelectronics.X-CUBE-NFC4.pdsc
2026-02-12 11:40:46,720 [INFO] ServerAccessManage:452 - Complete download http(s) 200
2026-02-12 11:40:46,721 [INFO] ServerAccessManage:509 - Download File STMicroelectronics.X-CUBE-NFC6.pdsc
2026-02-12 11:40:47,281 [INFO] ServerAccessManage:452 - Complete download http(s) 200
2026-02-12 11:40:47,281 [INFO] ServerAccessManage:509 - Download File STMicroelectronics.X-CUBE-NFC7.pdsc
2026-02-12 11:40:47,860 [INFO] ServerAccessManage:452 - Complete download http(s) 200
2026-02-12 11:40:47,861 [INFO] ServerAccessManage:509 - Download File STMicroelectronics.X-CUBE-NFC9.pdsc
2026-02-12 11:40:48,201 [INFO] ServerAccessManage:452 - Complete download http(s) 200
2026-02-12 11:40:48,202 [INFO] ServerAccessManage:509 - Download File STMicroelectronics.X-CUBE-NFC10.pdsc
2026-02-12 11:40:48,560 [INFO] ServerAccessManage:452 - Complete download http(s) 200
2026-02-12 11:40:48,561 [INFO] ServerAccessManage:509 - Download File STMicroelectronics.X-CUBE-NFC12.pdsc
2026-02-12 11:40:48,941 [INFO] ServerAccessManage:452 - Complete download http(s) 200
2026-02-12 11:40:48,941 [INFO] ServerAccessManage:509 - Download File STMicroelectronics.X-CUBE-SFXS2LP1.pdsc
2026-02-12 11:40:49,665 [INFO] ServerAccessManage:452 - Complete download http(s) 200
2026-02-12 11:40:49,665 [INFO] ServerAccessManage:509 - Download File STMicroelectronics.X-CUBE-SUBG2.pdsc
2026-02-12 11:40:50,668 [INFO] ApiDb:581 - Connected to CubeFinder SQLite database (C:\Users\Hemanth Madu\.stmcufinder\plugins\mcufinder\mcu\cube-finder-db.db)
2026-02-12 11:40:50,976 [INFO] ServerAccessManage:452 - Complete download http(s) 200
2026-02-12 11:40:50,976 [INFO] ServerAccessManage:509 - Download File STMicroelectronics.X-CUBE-SMBUS.pdsc
2026-02-12 11:40:51,242 [INFO] ApiDb:668 - CubeFinder database Data Model version=2.1
2026-02-12 11:40:51,242 [INFO] ApiDb:669 - CubeFinder database Configuration version=3.0.39
2026-02-12 11:40:51,243 [INFO] ApiDb:670 - CubeFinder database generation date=2025-06-24 (1750757100)
2026-02-12 11:40:51,243 [INFO] ApiDb:671 - CubeFinder database FW Pack versions=[FP-ATR-ASTRA1_V2.0.0, FP-SNS-FLIGHT1_V5.1.0, FP-SNS-MOTENV1_V5.0.0, FP-SNS-MOTENVWB1_V1.4.0, FP-SNS-SMARTAG2_V1.2.0, FP-SNS-STBOX1_V2.0.0, STM32Cube_FW_C0_V1.4.0, STM32Cube_FW_F4_V1.28.2, STM32Cube_FW_F7_V1.17.3, STM32Cube_FW_G0_V1.6.2, STM32Cube_FW_G4_V1.6.1, STM32Cube_FW_H5_V1.5.0, STM32Cube_FW_H7RS_V1.2.0, STM32Cube_FW_H7_V1.12.1, STM32Cube_FW_L0_V1.12.2, STM32Cube_FW_L4_V1.18.1, STM32Cube_FW_L5_V1.5.1, STM32Cube_FW_N6_V1.2.0, STM32Cube_FW_U0_V1.3.0, STM32Cube_FW_U3_V1.2.0, STM32Cube_FW_U5_V1.8.0, STM32Cube_FW_WB0_V1.3.0, STM32Cube_FW_WBA_V1.7.0, STM32Cube_FW_WB_V1.23.0, STM32Cube_FW_WL3_V1.2.0, STM32Cube_FW_WL_V1.3.1, X-CUBE-ALGOBUILD_V1.4.0, X-CUBE-ALS_V1.0.2, X-CUBE-AZRTOS-F4_V1.1.0, X-CUBE-AZRTOS-F7_V1.1.0, X-CUBE-AZRTOS-G0_V1.1.0, X-CUBE-AZRTOS-G4_V2.0.0, X-CUBE-AZRTOS-H7RS_V1.1.0, X-CUBE-AZRTOS-H7_V3.3.0, X-CUBE-AZRTOS-L4_V2.0.0, X-CUBE-AZRTOS-L5_V2.0.0, X-CUBE-AZRTOS-WB_V2.0.0, X-CUBE-AZRTOS-WL_V2.0.0, X-CUBE-BLE1_V7.1.0, X-CUBE-BLE2_V3.3.0, X-CUBE-BLEMGR_V4.0.0, X-CUBE-EEPRMA1_V5.1.0, X-CUBE-FREERTOS_V1.3.1, X-CUBE-GNSS1_V6.0.0, X-CUBE-MEMS1_V11.3.0, X-CUBE-NFC4_V3.0.0, X-CUBE-NFC7_V2.0.0, X-CUBE-SFXS2LP1_V4.0.0, X-CUBE-SUBG2_V5.0.0, X-CUBE-TOF1_V3.4.3]
2026-02-12 11:40:51,576 [ERROR] ServerAccessManage:1212 - Problem, file not found on Server
2026-02-12 11:40:51,674 [INFO] ServerAccessManage:452 - Complete download http(s) 200
2026-02-12 11:40:51,674 [INFO] ServerAccessManage:509 - Download File STMicroelectronics.X-CUBE-ST60.pdsc
2026-02-12 11:40:52,092 [INFO] ServerAccessManage:452 - Complete download http(s) 200
2026-02-12 11:40:52,092 [INFO] ServerAccessManage:509 - Download File STMicroelectronics.X-CUBE-ST67W61.pdsc
2026-02-12 11:40:52,351 [INFO] ServerAccessManage:452 - Complete download http(s) 200
2026-02-12 11:40:52,351 [INFO] ServerAccessManage:509 - Download File STMicroelectronics.X-CUBE-STSE01.pdsc
2026-02-12 11:40:53,047 [INFO] ServerAccessManage:452 - Complete download http(s) 200
2026-02-12 11:40:53,047 [INFO] ServerAccessManage:509 - Download File STMicroelectronics.X-CUBE-PM33A1.pdsc
2026-02-12 11:40:53,379 [INFO] ServerAccessManage:452 - Complete download http(s) 200
2026-02-12 11:40:53,379 [INFO] ServerAccessManage:509 - Download File STMicroelectronics.X-CUBE-TCPP.pdsc
2026-02-12 11:40:54,100 [INFO] ServerAccessManage:452 - Complete download http(s) 200
2026-02-12 11:40:54,100 [INFO] ServerAccessManage:509 - Download File STMicroelectronics.X-CUBE-TOF1.pdsc
2026-02-12 11:40:55,846 [ERROR] ServerAccessManage:1212 - Problem, file not found on Server
2026-02-12 11:40:56,065 [INFO] ServerAccessManage:452 - Complete download http(s) 200
2026-02-12 11:40:56,065 [INFO] ServerAccessManage:509 - Download File STMicroelectronics.X-CUBE-TOUCHGFX.pdsc
2026-02-12 11:40:59,782 [INFO] ServerAccessManage:452 - Complete download http(s) 200
2026-02-12 11:40:59,782 [INFO] ServerAccessManage:509 - Download File STMicroelectronics.X-CUBE-ALGOBUILD.pdsc
2026-02-12 11:41:00,719 [INFO] ServerAccessManage:452 - Complete download http(s) 200
2026-02-12 11:41:00,719 [INFO] ServerAccessManage:509 - Download File STMicroelectronics.X-CUBE-AZRTOS-H7.pdsc
2026-02-12 11:41:02,057 [INFO] ServerAccessManage:452 - Complete download http(s) 200
2026-02-12 11:41:02,057 [INFO] ServerAccessManage:509 - Download File STMicroelectronics.X-CUBE-AZRTOS-H7RS.pdsc
2026-02-12 11:41:02,664 [INFO] ServerAccessManage:452 - Complete download http(s) 200
2026-02-12 11:41:02,665 [INFO] ServerAccessManage:509 - Download File STMicroelectronics.X-CUBE-AZRTOS-F4.pdsc
2026-02-12 11:41:03,133 [INFO] ServerAccessManage:452 - Complete download http(s) 200
2026-02-12 11:41:03,133 [INFO] ServerAccessManage:509 - Download File STMicroelectronics.X-CUBE-AZRTOS-F7.pdsc
2026-02-12 11:41:03,545 [INFO] ServerAccessManage:452 - Complete download http(s) 200
2026-02-12 11:41:03,545 [INFO] ServerAccessManage:509 - Download File STMicroelectronics.X-CUBE-AZRTOS-L4.pdsc
2026-02-12 11:41:04,000 [INFO] ServerAccessManage:452 - Complete download http(s) 200
2026-02-12 11:41:04,000 [INFO] ServerAccessManage:509 - Download File STMicroelectronics.X-CUBE-AZRTOS-L5.pdsc
2026-02-12 11:41:04,030 [INFO] ApiDb:240 - Found 880 in-development CPN: [B-G473E-ZEST1S, B-WB1M-WPAN1, B-WBA5M-WPAN, B-WL5M-SUBG1, NUCLEO-C031C6, NUCLEO-C051C8, NUCLEO-C071RB, NUCLEO-C092RC, NUCLEO-H503RB, NUCLEO-H533RE, NUCLEO-H563ZI, NUCLEO-H7S3L8, NUCLEO-N657X0-Q, NUCLEO-U031R8, NUCLEO-U083RC, NUCLEO-U385RG-Q, NUCLEO-U545RE-Q, NUCLEO-U5A5ZJ-Q, NUCLEO-WB05KZ, NUCLEO-WB07CC, NUCLEO-WB09KE, NUCLEO-WBA52CG, NUCLEO-WBA55CG, NUCLEO-WL33CC1, NUCLEO-WL33CC2, STEVAL-PROTEUS1, STEVAL-SMARTAG2, STEVAL-STWINBX1, STM320518-EVAL, STM32C0116-DK, STM32C011D6Y3TR, STM32C011D6Y6TR, STM32C011F4P3, STM32C011F4P6, STM32C011F4U3, STM32C011F4U6TR, STM32C011F6P3, STM32C011F6P6, STM32C011F6U3, STM32C011F6U6TR, STM32C011J4M3, STM32C011J4M6, STM32C011J6M3, STM32C011J6M6, STM32C0316-DK, STM32C031C4T3, STM32C031C4T6, STM32C031C4U3, STM32C031C4U6, STM32C031C6T3, STM32C031C6T6, STM32C031C6U3, STM32C031C6U6, STM32C031F4P3, STM32C031F4P6, STM32C031F6P3, STM32C031F6P6, STM32C031G4U3, STM32C031G4U6, STM32C031G6U3, STM32C031G6U6, STM32C031K4T3, STM32C031K4T6, STM32C031K4U3, STM32C031K4U6, STM32C031K6T3, STM32C031K6T6, STM32C031K6U3, STM32C031K6U6, STM32C051C6T6, STM32C051C6U6, STM32C051C8T6, STM32C051C8U6, STM32C051D8Y6TR, STM32C051F6P6, STM32C051F8P6, STM32C051G6U6, STM32C051G8U6, STM32C051K6T6, STM32C051K6U6, STM32C051K8T6, STM32C071C8T6, STM32C071C8T6N, STM32C071C8U6, STM32C071C8U6N, STM32C071CBT6, STM32C071CBT6N, STM32C071CBU6, STM32C071CBU6N, STM32C071F8P6, STM32C071F8P6N, STM32C071FBP6, STM32C071FBP6N, STM32C071FBY6TR, STM32C071G8U6, STM32C071G8U6N, STM32C071GBU6, STM32C071GBU6N, STM32C071K8T6, STM32C071K8T6N, STM32C071K8U6, STM32C071K8U6N, STM32C071KBT6, STM32C071KBT6N, STM32C071KBU6, STM32C071KBU6N, STM32C071R8T6, STM32C071R8T6N, STM32C071RBI6N, STM32C071RBT6, STM32C071RBT6N, STM32C091CBT6, STM32C091CBU6, STM32C091CCT6, STM32C091CCU6, STM32C091ECY6TR, STM32C091FBP6, STM32C091FCP6, STM32C091GBU6, STM32C091GCU6, STM32C091KBT6, STM32C091KBU6, STM32C091KCT6, STM32C091KCU6, STM32C091RBT6, STM32C091RCI6, STM32C091RCT6, STM32C092CBT6, STM32C092CBU6, STM32C092CCT6, STM32C092CCU6, STM32C092ECY6TR, STM32C092FBP6, STM32C092FCP6, STM32C092GBU6, STM32C092GCU6, STM32C092KBT6, STM32C092KBU6, STM32C092KCT6, STM32C092KCU6, STM32C092RBT6, STM32C092RCI6, STM32C092RCT6, STM32G071K8TXN, STM32G071K8UXN, STM32G081GBU6N, STM32G081KBT6N, STM32G081KBUXN, STM32G0B1CCT6N, STM32G0B1KCT6, STM32G0B1NEY6TR, STM32G0B1RCT6N, STM32G0C1CCT6, STM32G0C1CCT6N, STM32G0C1CCU6N, STM32G0C1CET6N, STM32G0C1CEU6N, STM32G0C1KCT6, STM32G0C1NEY6TR, STM32G0C1RCI6N, STM32G0C1RCT6N, STM32G0C1REI6N, STM32G0C1RET6N, STM32G0C1VCI6, STM32G0C1VEI6, STM32G411C6T3, STM32G411C6T6, STM32G411C6U3, STM32G411C6U6, STM32G411C8T3, STM32G411C8T6, STM32G411C8U3, STM32G411C8U6, STM32G411CBT3, STM32G411CBT6, STM32G411CBU3, STM32G411CBU6, STM32G411K6T3, STM32G411K6T6, STM32G411K6U3, STM32G411K6U6, STM32G411K8T3, STM32G411K8T6, STM32G411K8U3, STM32G411K8U6, STM32G411KBT3, STM32G411KBT6, STM32G411KBU3, STM32G411KBU6, STM32G411M6T3, STM32G411M6T6, STM32G411M8T3, STM32G411M8T6, STM32G411MBT3, STM32G411MBT6, STM32G411R6T3, STM32G411R6T6, STM32G411R8T3, STM32G411R8T6, STM32G411RBT3, STM32G411RBT6, STM32G414CBT3, STM32G414CBT6, STM32G414CBU3, STM32G414CBU6, STM32G414CCT3, STM32G414CCT6, STM32G414CCU3, STM32G414CCU6, STM32G414MBT3, STM32G414MBT6, STM32G414MCT3, STM32G414MCT6, STM32G414RBT3, STM32G414RBT6, STM32G414RCT3, STM32G414RCT6, STM32G414VBT3, STM32G414VBT6, STM32G414VCT3, STM32G414VCT6, STM32G431CBT3Z, STM32G431RBT3Z, STM32G471CCT6, STM32G471CCU6, STM32G471CET3, STM32G471CET6, STM32G471CEU3, STM32G471CEU6, STM32G471MCT6, STM32G471MET3, STM32G471MET6, STM32G471MEY6TR, STM32G471QCT6, STM32G471QET3, STM32G471RCT6, STM32G471RET3, STM32G471RET6, STM32G471VCH6, STM32G471VCI6, STM32G471VCT6, STM32G471VEH3, STM32G471VEH6, STM32G471VEI3, STM32G471VEI6, STM32G471VET3, STM32G471VET6, STM32G473QET3Z, STM32G473RET3Z, STM32G474CCT6, STM32G491RET3Z, STM32H503CBT6, STM32H503CBU6, STM32H503EBY6TR, STM32H503KBU6, STM32H503RBT6, STM32H523CCT6, STM32H523CCU6, STM32H523CET6, STM32H523CEU6, STM32H523HEY6TR, STM32H523RCT6, STM32H523RET6, STM32H523VCI6, STM32H523VCT6, STM32H523VEI6, STM32H523VET6, STM32H523ZCJ6, STM32H523ZCT6, STM32H523ZEJ6, STM32H523ZET6, STM32H533CET6, STM32H533CEU6, STM32H533HEY6TR, STM32H533RET6, STM32H533VEI6, STM32H533VET6, STM32H533ZEJ6, STM32H533ZET6, STM32H562AGI6, STM32H562AII6, STM32H562IGK6, STM32H562IGT6, STM32H562IIK6, STM32H562IIT6, STM32H562RGT6, STM32H562RGV6, STM32H562RIT6, STM32H562RIV6, STM32H562VGT6, STM32H562VIT6, STM32H562ZGT6, STM32H562ZIT6, STM32H563AGI6, STM32H563AII3Q, STM32H563AII6, STM32H563IGK6, STM32H563IGT6, STM32H563IIK3Q, STM32H563IIK6, STM32H563IIT3Q, STM32H563IIT6, STM32H563MIY3QTR, STM32H563RGT6, STM32H563RGV6, STM32H563RIT6, STM32H563RIV6, STM32H563VGT6, STM32H563VIT3Q, STM32H563VIT6, STM32H563ZGT6, STM32H563ZIT3Q, STM32H563ZIT6, STM32H573AII3Q, STM32H573AII6, STM32H573I-DK, STM32H573IIK3Q, STM32H573IIK6, STM32H573IIT3Q, STM32H573IIT6, STM32H573MIY3QTR, STM32H573RIT6, STM32H573RIV6, STM32H573VIT3Q, STM32H573VIT6, STM32H573ZIT3Q, STM32H573ZIT6, STM32H7R3A8I6, STM32H7R3I8K6, STM32H7R3I8T6, STM32H7R3L8H6, STM32H7R3L8H6H, STM32H7R3R8V6, STM32H7R3V8H6, STM32H7R3V8T6, STM32H7R3V8Y6TR, STM32H7R3Z8J6, STM32H7R3Z8T6, STM32H7R7A8I6, STM32H7R7I8K6, STM32H7R7I8T6, STM32H7R7L8H6, STM32H7R7L8H6H, STM32H7R7Z8J6, STM32H7S3A8I6, STM32H7S3I8K6, STM32H7S3I8T6, STM32H7S3L8H6, STM32H7S3L8H6H, STM32H7S3R8V6, STM32H7S3V8H6, STM32H7S3V8T6, STM32H7S3V8Y6TR, STM32H7S3Z8J6, STM32H7S3Z8T6, STM32H7S78-DK, STM32H7S7A8I6, STM32H7S7I8K6, STM32H7S7I8T6, STM32H7S7L8H6, STM32H7S7L8H6H, STM32H7S7Z8J6, STM32L4R5QGI6STR, STM32MP131AAE3, STM32MP131AAF3, STM32MP131AAG3, STM32MP131CAE3, STM32MP131CAF3, STM32MP131CAG3, STM32MP131DAE7, STM32MP131DAF7, STM32MP131DAG7, STM32MP131FAE7, STM32MP131FAF7, STM32MP131FAG7, STM32MP133AAE3, STM32MP133AAF3, STM32MP133AAG3, STM32MP133CAE3, STM32MP133CAF3, STM32MP133CAG3, STM32MP133DAE7, STM32MP133DAF7, STM32MP133DAG7, STM32MP133FAE7, STM32MP133FAF7, STM32MP133FAG7, STM32MP135AAE3, STM32MP135AAF3, STM32MP135AAG3, STM32MP135CAE3, STM32MP135CAF3, STM32MP135CAG3, STM32MP135DAE7, STM32MP135DAF7, STM32MP135DAG7, STM32MP135F-DK, STM32MP135FAE7, STM32MP135FAF7, STM32MP135FAF7T, STM32MP135FAF7U, STM32MP135FAG7, STM32MP211AAL3, STM32MP211AAM3, STM32MP211AAN3, STM32MP211AAO3, STM32MP211CAL3, STM32MP211CAM3, STM32MP211CAN3, STM32MP211CAO3, STM32MP211DAL3, STM32MP211DAM3, STM32MP211DAN3, STM32MP211DAO3, STM32MP211FAL3, STM32MP211FAM3, STM32MP211FAN3, STM32MP211FAO3, STM32MP213AAL3, STM32MP213AAM3, STM32MP213AAN3, STM32MP213AAO3, STM32MP213CAL3, STM32MP213CAM3, STM32MP213CAN3, STM32MP213CAO3, STM32MP213DAL3, STM32MP213DAM3, STM32MP213DAN3, STM32MP213DAO3, STM32MP213FAL3, STM32MP213FAM3, STM32MP213FAN3, STM32MP213FAO3, STM32MP215AAL3, STM32MP215AAM3, STM32MP215AAN3, STM32MP215AAO3, STM32MP215CAL3, STM32MP215CAM3, STM32MP215CAN3, STM32MP215CAO3, STM32MP215DAL3, STM32MP215DAM3, STM32MP215DAN3, STM32MP215DAO3, STM32MP215F-DK, STM32MP215FAL3, STM32MP215FAM3, STM32MP215FAN3, STM32MP215FAO3, STM32MP231AAJ3, STM32MP231AAK3, STM32MP231AAL3, STM32MP231CAJ3, STM32MP231CAK3, STM32MP231CAL3, STM32MP231DAJ3, STM32MP231DAK3, STM32MP231DAL3, STM32MP231FAJ3, STM32MP231FAK3, STM32MP231FAL3, STM32MP233AAJ3, STM32MP233AAK3, STM32MP233AAL3, STM32MP233CAJ3, STM32MP233CAK3, STM32MP233CAL3, STM32MP233DAJ3, STM32MP233DAK3, STM32MP233DAL3, STM32MP233FAJ3, STM32MP233FAK3, STM32MP233FAL3, STM32MP235AAJ3, STM32MP235AAK3, STM32MP235AAL3, STM32MP235CAJ3, STM32MP235CAK3, STM32MP235CAL3, STM32MP235DAJ3, STM32MP235DAK3, STM32MP235DAL3, STM32MP235FAJ3, STM32MP235FAK3, STM32MP235FAL3, STM32MP251AAI3, STM32MP251AAK3, STM32MP251AAL3, STM32MP251CAI3, STM32MP251CAK3, STM32MP251CAL3, STM32MP251DAI3, STM32MP251DAK3, STM32MP251DAL3, STM32MP251FAI3, STM32MP251FAK3, STM32MP251FAL3, STM32MP253AAI3, STM32MP253AAK3, STM32MP253AAL3, STM32MP253CAI3, STM32MP253CAK3, STM32MP253CAL3, STM32MP253DAI3, STM32MP253DAK3, STM32MP253DAL3, STM32MP253FAI3, STM32MP253FAK3, STM32MP253FAL3, STM32MP255AAI3, STM32MP255AAK3, STM32MP255AAL3, STM32MP255CAI3, STM32MP255CAK3, STM32MP255CAL3, STM32MP255DAI3, STM32MP255DAK3, STM32MP255DAL3, STM32MP255FAI3, STM32MP255FAK3, STM32MP255FAL3, STM32MP257AAI3, STM32MP257AAK3, STM32MP257AAL3, STM32MP257CAI3, STM32MP257CAK3, STM32MP257CAL3, STM32MP257DAI3, STM32MP257DAK3, STM32MP257DAL3, STM32MP257F-DK, STM32MP257F-EV1, STM32MP257FAI3, STM32MP257FAK3, STM32MP257FAL3, STM32N645A0H3Q, STM32N645B0H3Q, STM32N645I0H3Q, STM32N645L0H3Q, STM32N645X0H3Q, STM32N645Z0H3Q, STM32N647A0H3Q, STM32N647B0H3Q, STM32N647I0H3Q, STM32N647L0H3Q, STM32N647X0H3Q, STM32N647Z0H3Q, STM32N655A0H3Q, STM32N655B0H3Q, STM32N655I0H3Q, STM32N655L0H3Q, STM32N655X0H3Q, STM32N655Z0H3Q, STM32N6570-DK, STM32N657A0H3Q, STM32N657B0H3Q, STM32N657I0H3Q, STM32N657L0H3Q, STM32N657X0H3Q, STM32N657Z0H3Q, STM32U031C6T6, STM32U031C6U6, STM32U031C8T6, STM32U031C8U6, STM32U031F4P6, STM32U031F6P6, STM32U031F8P6, STM32U031G6Y6TR, STM32U031G8Y6TR, STM32U031K4U6, STM32U031K6U6, STM32U031K8U6, STM32U031R6I6, STM32U031R6T6, STM32U031R8I6, STM32U031R8T6, STM32U073C8T6, STM32U073C8U6, STM32U073CBT6, STM32U073CBU6, STM32U073CCT6, STM32U073CCU6, STM32U073H8Y6TR, STM32U073HBY6TR, STM32U073HCY6TR, STM32U073K8U6, STM32U073KBU6, STM32U073KCU6, STM32U073M8I6, STM32U073M8T6, STM32U073MBI6, STM32U073MBT6, STM32U073MCI6, STM32U073MCT6, STM32U073R8I6, STM32U073R8T6, STM32U073RBI6, STM32U073RBT6, STM32U073RCI6, STM32U073RCT6, STM32U083C-DK, STM32U083CCT6, STM32U083CCU6, STM32U083HCY6TR, STM32U083KCU6, STM32U083MCI6, STM32U083MCT6, STM32U083RCI6, STM32U083RCT6, STM32U375CET6, STM32U375CET6Q, STM32U375CEU6, STM32U375CEU6Q, STM32U375CEY6QTR, STM32U375CGT6, STM32U375CGT6Q, STM32U375CGU6, STM32U375CGU6Q, STM32U375CGY6QTR, STM32U375KEU6, STM32U375KGU6, STM32U375REI6, STM32U375REI6Q, STM32U375RET6, STM32U375RET6Q, STM32U375REY6GTR, STM32U375REY6QTR, STM32U375RGI6, STM32U375RGI6Q, STM32U375RGT6, STM32U375RGT6Q, STM32U375RGY6GTR, STM32U375RGY6QTR, STM32U375VEI6, STM32U375VEI6Q, STM32U375VET6, STM32U375VET6Q, STM32U375VGI6, STM32U375VGI6Q, STM32U375VGT6, STM32U375VGT6Q, STM32U385CGT6, STM32U385CGT6Q, STM32U385CGU6, STM32U385CGU6Q, STM32U385CGY6QTR, STM32U385KGU6, STM32U385RGI6, STM32U385RGI6Q, STM32U385RGT6, STM32U385RGT6Q, STM32U385RGY6GTR, STM32U385RGY6QTR, STM32U385VGI6, STM32U385VGI6Q, STM32U385VGT6, STM32U385VGT6Q, STM32U535CBT6, STM32U535CBT6Q, STM32U535CBU6, STM32U535CBU6Q, STM32U535CCT6, STM32U535CCT6Q, STM32U535CCU6, STM32U535CCU6Q, STM32U535CET6, STM32U535CET6Q, STM32U535CEU6, STM32U535CEU6Q, STM32U535JEY6QTR, STM32U535NCY6QTR, STM32U535NEY6QTR, STM32U535RBI6, STM32U535RBI6Q, STM32U535RBT6, STM32U535RBT6Q, STM32U535RCI6, STM32U535RCI6Q, STM32U535RCT6, STM32U535RCT6Q, STM32U535REI6, STM32U535REI6Q, STM32U535RET6, STM32U535RET6Q, STM32U535VCI6, STM32U535VCI6Q, STM32U535VCT6, STM32U535VCT6Q, STM32U535VEI6, STM32U535VEI6Q, STM32U535VET6, STM32U535VET6Q, STM32U545CET6, STM32U545CET6Q, STM32U545CEU6, STM32U545CEU6Q, STM32U545JEY6QTR, STM32U545NEY6QTR, STM32U545REI6, STM32U545REI6Q, STM32U545RET6, STM32U545RET6Q, STM32U545VEI6, STM32U545VEI6Q, STM32U545VET6, STM32U545VET6Q, STM32U595AIH6, STM32U595AIH6Q, STM32U595AJH6, STM32U595AJH6Q, STM32U595QII6, STM32U595QII6Q, STM32U595QJI6, STM32U595QJI6Q, STM32U595RIT6, STM32U595RIT6Q, STM32U595RJT6, STM32U595RJT6Q, STM32U595VIT6, STM32U595VIT6Q, STM32U595VJT6, STM32U595VJT6Q, STM32U595ZIT6, STM32U595ZIT6Q, STM32U595ZIY6QTR, STM32U595ZJT6, STM32U595ZJT6Q, STM32U595ZJY6QTR, STM32U599BJY6QTR, STM32U599NIH6Q, STM32U599NJH6Q, STM32U599VIT6Q, STM32U599VJT6, STM32U599VJT6Q, STM32U599ZIT6Q, STM32U599ZIY6QTR, STM32U599ZJT6Q, STM32U599ZJY6QTR, STM32U5A5AJH6, STM32U5A5AJH6Q, STM32U5A5QII3Q , STM32U5A5QJI6, STM32U5A5QJI6Q, STM32U5A5RJT6, STM32U5A5RJT6Q, STM32U5A5VJT6, STM32U5A5VJT6Q, STM32U5A5ZJT6, STM32U5A5ZJT6Q, STM32U5A5ZJY6QTR, STM32U5A9BJY6QTR, STM32U5A9J-DK, STM32U5A9NJH6Q, STM32U5A9VJT6Q, STM32U5A9ZJT6Q, STM32U5A9ZJY6QTR, STM32U5F7VIT6, STM32U5F7VIT6Q, STM32U5F7VJT6, STM32U5F7VJT6Q, STM32U5F9BJY6QTR, STM32U5F9NJH6Q, STM32U5F9VIT6Q, STM32U5F9VJT6Q, STM32U5F9ZIJ6QTR, STM32U5F9ZIT6Q, STM32U5F9ZJJ6QTR, STM32U5F9ZJT6Q, STM32U5G7VJT6, STM32U5G7VJT6Q, STM32U5G9BJY6QTR, STM32U5G9J-DK1, STM32U5G9J-DK2, STM32U5G9NJH6Q, STM32U5G9VJT6Q, STM32U5G9ZJJ6QTR, STM32U5G9ZJT6Q, STM32WB05KZV6TR, STM32WB05KZV7TR, STM32WB05TZF6TR, STM32WB05TZF7TR, STM32WB06CCF6TR, STM32WB06CCF7TR, STM32WB06CCV6TR, STM32WB06CCV7TR, STM32WB06KCV6TR, STM32WB06KCV7TR, STM32WB07CCF6TR, STM32WB07CCF7TR, STM32WB07CCV6TR, STM32WB07CCV7TR, STM32WB07KCV6TR, STM32WB07KCV7TR, STM32WB09KEV6TR, STM32WB09KEV7TR, STM32WB09TEF6TR, STM32WB09TEF7TR, STM32WB1MMCH6, STM32WBA50KGU6, STM32WBA50KGU6TR, STM32WBA52CEU6, STM32WBA52CEU6TR, STM32WBA52CEU7, STM32WBA52CEU7TR, STM32WBA52CGU6, STM32WBA52CGU6TR, STM32WBA52CGU6U, STM32WBA52CGU7, STM32WBA52CGU7TR, STM32WBA52KEU6, STM32WBA52KEU6TR, STM32WBA52KGU6, STM32WBA52KGU6TR, STM32WBA54CEU6, STM32WBA54CEU6TR, STM32WBA54CEU7, STM32WBA54CEU7TR, STM32WBA54CGU6, STM32WBA54CGU6TR, STM32WBA54CGU7, STM32WBA54CGU7TR, STM32WBA54KEU6, STM32WBA54KEU6TR, STM32WBA54KEU7, STM32WBA54KEU7TR, STM32WBA54KGU6, STM32WBA54KGU6TR, STM32WBA54KGU7, STM32WBA54KGU7TR, STM32WBA55CEU6, STM32WBA55CEU6TR, STM32WBA55CEU7, STM32WBA55CEU7TR, STM32WBA55CGU6, STM32WBA55CGU6TR, STM32WBA55CGU6U, STM32WBA55CGU7, STM32WBA55CGU7TR, STM32WBA55G-DK1, STM32WBA55HEF6, STM32WBA55HEF7, STM32WBA55HGF6, STM32WBA55HGF7, STM32WBA55UEI6, STM32WBA55UEI6TR, STM32WBA55UEI7, STM32WBA55UEI7TR, STM32WBA55UGI6, STM32WBA55UGI6TR, STM32WBA55UGI7, STM32WBA55UGI7TR, STM32WBA5MMGH6TR, STM32WBA62MGF6, STM32WBA62MIF6, STM32WBA65MGF7, STM32WBA65MIF6, STM32WBA65MIF7, STM32WL30K8V6, STM32WL30KBV6, STM32WL31C8V6, STM32WL31CBV6, STM32WL31K8V6, STM32WL31KBV6, STM32WL33C8V6, STM32WL33C8V6X, STM32WL33CBV6, STM32WL33CBV6X, STM32WL33CCV6, STM32WL33CCV6A, STM32WL33CCV6X, STM32WL33K8V7, STM32WL33K8V7X, STM32WL33KBV7 , STM32WL33KBV7X, STM32WL33KCV7, STM32WL33KCV7X, STM32WL5MOCH6, STM32WL5MOCH6TR]
2026-02-12 11:41:04,045 [INFO] DbMcus:218 - Found 4801 MCUs, 4801 are supported
2026-02-12 11:41:04,046 [INFO] ApiDb:414 - User favorites file not found: C:\Users\Hemanth Madu/.stm32cubeide/favorites.mcus.txt
2026-02-12 11:41:04,046 [INFO] DbMcus:224 - Set 0 / 0 favorites MCUs
2026-02-12 11:41:04,562 [INFO] ServerAccessManage:452 - Complete download http(s) 200
2026-02-12 11:41:04,562 [INFO] ServerAccessManage:509 - Download File STMicroelectronics.X-CUBE-AZRTOS-G0.pdsc
2026-02-12 11:41:05,019 [INFO] ServerAccessManage:452 - Complete download http(s) 200
2026-02-12 11:41:05,019 [INFO] ServerAccessManage:509 - Download File STMicroelectronics.X-CUBE-AZRTOS-G4.pdsc
2026-02-12 11:41:05,495 [INFO] ServerAccessManage:452 - Complete download http(s) 200
2026-02-12 11:41:05,495 [INFO] ServerAccessManage:509 - Download File STMicroelectronics.X-CUBE-AZRTOS-WB.pdsc
2026-02-12 11:41:05,623 [INFO] ApiDb:668 - CubeFinder database Data Model version=2.1
2026-02-12 11:41:05,624 [INFO] ApiDb:669 - CubeFinder database Configuration version=3.0.39
2026-02-12 11:41:05,624 [INFO] ApiDb:670 - CubeFinder database generation date=2025-06-24 (1750757100)
2026-02-12 11:41:05,624 [INFO] ApiDb:671 - CubeFinder database FW Pack versions=[FP-ATR-ASTRA1_V2.0.0, FP-SNS-FLIGHT1_V5.1.0, FP-SNS-MOTENV1_V5.0.0, FP-SNS-MOTENVWB1_V1.4.0, FP-SNS-SMARTAG2_V1.2.0, FP-SNS-STBOX1_V2.0.0, STM32Cube_FW_C0_V1.4.0, STM32Cube_FW_F4_V1.28.2, STM32Cube_FW_F7_V1.17.3, STM32Cube_FW_G0_V1.6.2, STM32Cube_FW_G4_V1.6.1, STM32Cube_FW_H5_V1.5.0, STM32Cube_FW_H7RS_V1.2.0, STM32Cube_FW_H7_V1.12.1, STM32Cube_FW_L0_V1.12.2, STM32Cube_FW_L4_V1.18.1, STM32Cube_FW_L5_V1.5.1, STM32Cube_FW_N6_V1.2.0, STM32Cube_FW_U0_V1.3.0, STM32Cube_FW_U3_V1.2.0, STM32Cube_FW_U5_V1.8.0, STM32Cube_FW_WB0_V1.3.0, STM32Cube_FW_WBA_V1.7.0, STM32Cube_FW_WB_V1.23.0, STM32Cube_FW_WL3_V1.2.0, STM32Cube_FW_WL_V1.3.1, X-CUBE-ALGOBUILD_V1.4.0, X-CUBE-ALS_V1.0.2, X-CUBE-AZRTOS-F4_V1.1.0, X-CUBE-AZRTOS-F7_V1.1.0, X-CUBE-AZRTOS-G0_V1.1.0, X-CUBE-AZRTOS-G4_V2.0.0, X-CUBE-AZRTOS-H7RS_V1.1.0, X-CUBE-AZRTOS-H7_V3.3.0, X-CUBE-AZRTOS-L4_V2.0.0, X-CUBE-AZRTOS-L5_V2.0.0, X-CUBE-AZRTOS-WB_V2.0.0, X-CUBE-AZRTOS-WL_V2.0.0, X-CUBE-BLE1_V7.1.0, X-CUBE-BLE2_V3.3.0, X-CUBE-BLEMGR_V4.0.0, X-CUBE-EEPRMA1_V5.1.0, X-CUBE-FREERTOS_V1.3.1, X-CUBE-GNSS1_V6.0.0, X-CUBE-MEMS1_V11.3.0, X-CUBE-NFC4_V3.0.0, X-CUBE-NFC7_V2.0.0, X-CUBE-SFXS2LP1_V4.0.0, X-CUBE-SUBG2_V5.0.0, X-CUBE-TOF1_V3.4.3]
2026-02-12 11:41:05,906 [INFO] DbBoardsSqlite:226 - include board P-NUCLEO-WB55-NUCLEO as a kit item of type 'Nucleo-64'
2026-02-12 11:41:05,907 [INFO] DbBoardsSqlite:226 - include board P-NUCLEO-WB55-USBDONGLE as a kit item of type 'Nucleo USB Dongle'
2026-02-12 11:41:05,909 [INFO] DbBoardsSqlite:226 - include board STEVAL-IDP005V1 as a kit item of type 'Evaluation Board'
2026-02-12 11:41:05,909 [INFO] DbBoardsSqlite:226 - include board STEVAL-IDP005V2 as a kit item of type 'Evaluation Board'
2026-02-12 11:41:05,956 [INFO] ServerAccessManage:452 - Complete download http(s) 200
2026-02-12 11:41:05,957 [INFO] ServerAccessManage:509 - Download File STMicroelectronics.X-CUBE-AZRTOS-WL.pdsc
2026-02-12 11:41:06,162 [INFO] ApiDb:240 - Found 880 in-development CPN: [B-G473E-ZEST1S, B-WB1M-WPAN1, B-WBA5M-WPAN, B-WL5M-SUBG1, NUCLEO-C031C6, NUCLEO-C051C8, NUCLEO-C071RB, NUCLEO-C092RC, NUCLEO-H503RB, NUCLEO-H533RE, NUCLEO-H563ZI, NUCLEO-H7S3L8, NUCLEO-N657X0-Q, NUCLEO-U031R8, NUCLEO-U083RC, NUCLEO-U385RG-Q, NUCLEO-U545RE-Q, NUCLEO-U5A5ZJ-Q, NUCLEO-WB05KZ, NUCLEO-WB07CC, NUCLEO-WB09KE, NUCLEO-WBA52CG, NUCLEO-WBA55CG, NUCLEO-WL33CC1, NUCLEO-WL33CC2, STEVAL-PROTEUS1, STEVAL-SMARTAG2, STEVAL-STWINBX1, STM320518-EVAL, STM32C0116-DK, STM32C011D6Y3TR, STM32C011D6Y6TR, STM32C011F4P3, STM32C011F4P6, STM32C011F4U3, STM32C011F4U6TR, STM32C011F6P3, STM32C011F6P6, STM32C011F6U3, STM32C011F6U6TR, STM32C011J4M3, STM32C011J4M6, STM32C011J6M3, STM32C011J6M6, STM32C0316-DK, STM32C031C4T3, STM32C031C4T6, STM32C031C4U3, STM32C031C4U6, STM32C031C6T3, STM32C031C6T6, STM32C031C6U3, STM32C031C6U6, STM32C031F4P3, STM32C031F4P6, STM32C031F6P3, STM32C031F6P6, STM32C031G4U3, STM32C031G4U6, STM32C031G6U3, STM32C031G6U6, STM32C031K4T3, STM32C031K4T6, STM32C031K4U3, STM32C031K4U6, STM32C031K6T3, STM32C031K6T6, STM32C031K6U3, STM32C031K6U6, STM32C051C6T6, STM32C051C6U6, STM32C051C8T6, STM32C051C8U6, STM32C051D8Y6TR, STM32C051F6P6, STM32C051F8P6, STM32C051G6U6, STM32C051G8U6, STM32C051K6T6, STM32C051K6U6, STM32C051K8T6, STM32C071C8T6, STM32C071C8T6N, STM32C071C8U6, STM32C071C8U6N, STM32C071CBT6, STM32C071CBT6N, STM32C071CBU6, STM32C071CBU6N, STM32C071F8P6, STM32C071F8P6N, STM32C071FBP6, STM32C071FBP6N, STM32C071FBY6TR, STM32C071G8U6, STM32C071G8U6N, STM32C071GBU6, STM32C071GBU6N, STM32C071K8T6, STM32C071K8T6N, STM32C071K8U6, STM32C071K8U6N, STM32C071KBT6, STM32C071KBT6N, STM32C071KBU6, STM32C071KBU6N, STM32C071R8T6, STM32C071R8T6N, STM32C071RBI6N, STM32C071RBT6, STM32C071RBT6N, STM32C091CBT6, STM32C091CBU6, STM32C091CCT6, STM32C091CCU6, STM32C091ECY6TR, STM32C091FBP6, STM32C091FCP6, STM32C091GBU6, STM32C091GCU6, STM32C091KBT6, STM32C091KBU6, STM32C091KCT6, STM32C091KCU6, STM32C091RBT6, STM32C091RCI6, STM32C091RCT6, STM32C092CBT6, STM32C092CBU6, STM32C092CCT6, STM32C092CCU6, STM32C092ECY6TR, STM32C092FBP6, STM32C092FCP6, STM32C092GBU6, STM32C092GCU6, STM32C092KBT6, STM32C092KBU6, STM32C092KCT6, STM32C092KCU6, STM32C092RBT6, STM32C092RCI6, STM32C092RCT6, STM32G071K8TXN, STM32G071K8UXN, STM32G081GBU6N, STM32G081KBT6N, STM32G081KBUXN, STM32G0B1CCT6N, STM32G0B1KCT6, STM32G0B1NEY6TR, STM32G0B1RCT6N, STM32G0C1CCT6, STM32G0C1CCT6N, STM32G0C1CCU6N, STM32G0C1CET6N, STM32G0C1CEU6N, STM32G0C1KCT6, STM32G0C1NEY6TR, STM32G0C1RCI6N, STM32G0C1RCT6N, STM32G0C1REI6N, STM32G0C1RET6N, STM32G0C1VCI6, STM32G0C1VEI6, STM32G411C6T3, STM32G411C6T6, STM32G411C6U3, STM32G411C6U6, STM32G411C8T3, STM32G411C8T6, STM32G411C8U3, STM32G411C8U6, STM32G411CBT3, STM32G411CBT6, STM32G411CBU3, STM32G411CBU6, STM32G411K6T3, STM32G411K6T6, STM32G411K6U3, STM32G411K6U6, STM32G411K8T3, STM32G411K8T6, STM32G411K8U3, STM32G411K8U6, STM32G411KBT3, STM32G411KBT6, STM32G411KBU3, STM32G411KBU6, STM32G411M6T3, STM32G411M6T6, STM32G411M8T3, STM32G411M8T6, STM32G411MBT3, STM32G411MBT6, STM32G411R6T3, STM32G411R6T6, STM32G411R8T3, STM32G411R8T6, STM32G411RBT3, STM32G411RBT6, STM32G414CBT3, STM32G414CBT6, STM32G414CBU3, STM32G414CBU6, STM32G414CCT3, STM32G414CCT6, STM32G414CCU3, STM32G414CCU6, STM32G414MBT3, STM32G414MBT6, STM32G414MCT3, STM32G414MCT6, STM32G414RBT3, STM32G414RBT6, STM32G414RCT3, STM32G414RCT6, STM32G414VBT3, STM32G414VBT6, STM32G414VCT3, STM32G414VCT6, STM32G431CBT3Z, STM32G431RBT3Z, STM32G471CCT6, STM32G471CCU6, STM32G471CET3, STM32G471CET6, STM32G471CEU3, STM32G471CEU6, STM32G471MCT6, STM32G471MET3, STM32G471MET6, STM32G471MEY6TR, STM32G471QCT6, STM32G471QET3, STM32G471RCT6, STM32G471RET3, STM32G471RET6, STM32G471VCH6, STM32G471VCI6, STM32G471VCT6, STM32G471VEH3, STM32G471VEH6, STM32G471VEI3, STM32G471VEI6, STM32G471VET3, STM32G471VET6, STM32G473QET3Z, STM32G473RET3Z, STM32G474CCT6, STM32G491RET3Z, STM32H503CBT6, STM32H503CBU6, STM32H503EBY6TR, STM32H503KBU6, STM32H503RBT6, STM32H523CCT6, STM32H523CCU6, STM32H523CET6, STM32H523CEU6, STM32H523HEY6TR, STM32H523RCT6, STM32H523RET6, STM32H523VCI6, STM32H523VCT6, STM32H523VEI6, STM32H523VET6, STM32H523ZCJ6, STM32H523ZCT6, STM32H523ZEJ6, STM32H523ZET6, STM32H533CET6, STM32H533CEU6, STM32H533HEY6TR, STM32H533RET6, STM32H533VEI6, STM32H533VET6, STM32H533ZEJ6, STM32H533ZET6, STM32H562AGI6, STM32H562AII6, STM32H562IGK6, STM32H562IGT6, STM32H562IIK6, STM32H562IIT6, STM32H562RGT6, STM32H562RGV6, STM32H562RIT6, STM32H562RIV6, STM32H562VGT6, STM32H562VIT6, STM32H562ZGT6, STM32H562ZIT6, STM32H563AGI6, STM32H563AII3Q, STM32H563AII6, STM32H563IGK6, STM32H563IGT6, STM32H563IIK3Q, STM32H563IIK6, STM32H563IIT3Q, STM32H563IIT6, STM32H563MIY3QTR, STM32H563RGT6, STM32H563RGV6, STM32H563RIT6, STM32H563RIV6, STM32H563VGT6, STM32H563VIT3Q, STM32H563VIT6, STM32H563ZGT6, STM32H563ZIT3Q, STM32H563ZIT6, STM32H573AII3Q, STM32H573AII6, STM32H573I-DK, STM32H573IIK3Q, STM32H573IIK6, STM32H573IIT3Q, STM32H573IIT6, STM32H573MIY3QTR, STM32H573RIT6, STM32H573RIV6, STM32H573VIT3Q, STM32H573VIT6, STM32H573ZIT3Q, STM32H573ZIT6, STM32H7R3A8I6, STM32H7R3I8K6, STM32H7R3I8T6, STM32H7R3L8H6, STM32H7R3L8H6H, STM32H7R3R8V6, STM32H7R3V8H6, STM32H7R3V8T6, STM32H7R3V8Y6TR, STM32H7R3Z8J6, STM32H7R3Z8T6, STM32H7R7A8I6, STM32H7R7I8K6, STM32H7R7I8T6, STM32H7R7L8H6, STM32H7R7L8H6H, STM32H7R7Z8J6, STM32H7S3A8I6, STM32H7S3I8K6, STM32H7S3I8T6, STM32H7S3L8H6, STM32H7S3L8H6H, STM32H7S3R8V6, STM32H7S3V8H6, STM32H7S3V8T6, STM32H7S3V8Y6TR, STM32H7S3Z8J6, STM32H7S3Z8T6, STM32H7S78-DK, STM32H7S7A8I6, STM32H7S7I8K6, STM32H7S7I8T6, STM32H7S7L8H6, STM32H7S7L8H6H, STM32H7S7Z8J6, STM32L4R5QGI6STR, STM32MP131AAE3, STM32MP131AAF3, STM32MP131AAG3, STM32MP131CAE3, STM32MP131CAF3, STM32MP131CAG3, STM32MP131DAE7, STM32MP131DAF7, STM32MP131DAG7, STM32MP131FAE7, STM32MP131FAF7, STM32MP131FAG7, STM32MP133AAE3, STM32MP133AAF3, STM32MP133AAG3, STM32MP133CAE3, STM32MP133CAF3, STM32MP133CAG3, STM32MP133DAE7, STM32MP133DAF7, STM32MP133DAG7, STM32MP133FAE7, STM32MP133FAF7, STM32MP133FAG7, STM32MP135AAE3, STM32MP135AAF3, STM32MP135AAG3, STM32MP135CAE3, STM32MP135CAF3, STM32MP135CAG3, STM32MP135DAE7, STM32MP135DAF7, STM32MP135DAG7, STM32MP135F-DK, STM32MP135FAE7, STM32MP135FAF7, STM32MP135FAF7T, STM32MP135FAF7U, STM32MP135FAG7, STM32MP211AAL3, STM32MP211AAM3, STM32MP211AAN3, STM32MP211AAO3, STM32MP211CAL3, STM32MP211CAM3, STM32MP211CAN3, STM32MP211CAO3, STM32MP211DAL3, STM32MP211DAM3, STM32MP211DAN3, STM32MP211DAO3, STM32MP211FAL3, STM32MP211FAM3, STM32MP211FAN3, STM32MP211FAO3, STM32MP213AAL3, STM32MP213AAM3, STM32MP213AAN3, STM32MP213AAO3, STM32MP213CAL3, STM32MP213CAM3, STM32MP213CAN3, STM32MP213CAO3, STM32MP213DAL3, STM32MP213DAM3, STM32MP213DAN3, STM32MP213DAO3, STM32MP213FAL3, STM32MP213FAM3, STM32MP213FAN3, STM32MP213FAO3, STM32MP215AAL3, STM32MP215AAM3, STM32MP215AAN3, STM32MP215AAO3, STM32MP215CAL3, STM32MP215CAM3, STM32MP215CAN3, STM32MP215CAO3, STM32MP215DAL3, STM32MP215DAM3, STM32MP215DAN3, STM32MP215DAO3, STM32MP215F-DK, STM32MP215FAL3, STM32MP215FAM3, STM32MP215FAN3, STM32MP215FAO3, STM32MP231AAJ3, STM32MP231AAK3, STM32MP231AAL3, STM32MP231CAJ3, STM32MP231CAK3, STM32MP231CAL3, STM32MP231DAJ3, STM32MP231DAK3, STM32MP231DAL3, STM32MP231FAJ3, STM32MP231FAK3, STM32MP231FAL3, STM32MP233AAJ3, STM32MP233AAK3, STM32MP233AAL3, STM32MP233CAJ3, STM32MP233CAK3, STM32MP233CAL3, STM32MP233DAJ3, STM32MP233DAK3, STM32MP233DAL3, STM32MP233FAJ3, STM32MP233FAK3, STM32MP233FAL3, STM32MP235AAJ3, STM32MP235AAK3, STM32MP235AAL3, STM32MP235CAJ3, STM32MP235CAK3, STM32MP235CAL3, STM32MP235DAJ3, STM32MP235DAK3, STM32MP235DAL3, STM32MP235FAJ3, STM32MP235FAK3, STM32MP235FAL3, STM32MP251AAI3, STM32MP251AAK3, STM32MP251AAL3, STM32MP251CAI3, STM32MP251CAK3, STM32MP251CAL3, STM32MP251DAI3, STM32MP251DAK3, STM32MP251DAL3, STM32MP251FAI3, STM32MP251FAK3, STM32MP251FAL3, STM32MP253AAI3, STM32MP253AAK3, STM32MP253AAL3, STM32MP253CAI3, STM32MP253CAK3, STM32MP253CAL3, STM32MP253DAI3, STM32MP253DAK3, STM32MP253DAL3, STM32MP253FAI3, STM32MP253FAK3, STM32MP253FAL3, STM32MP255AAI3, STM32MP255AAK3, STM32MP255AAL3, STM32MP255CAI3, STM32MP255CAK3, STM32MP255CAL3, STM32MP255DAI3, STM32MP255DAK3, STM32MP255DAL3, STM32MP255FAI3, STM32MP255FAK3, STM32MP255FAL3, STM32MP257AAI3, STM32MP257AAK3, STM32MP257AAL3, STM32MP257CAI3, STM32MP257CAK3, STM32MP257CAL3, STM32MP257DAI3, STM32MP257DAK3, STM32MP257DAL3, STM32MP257F-DK, STM32MP257F-EV1, STM32MP257FAI3, STM32MP257FAK3, STM32MP257FAL3, STM32N645A0H3Q, STM32N645B0H3Q, STM32N645I0H3Q, STM32N645L0H3Q, STM32N645X0H3Q, STM32N645Z0H3Q, STM32N647A0H3Q, STM32N647B0H3Q, STM32N647I0H3Q, STM32N647L0H3Q, STM32N647X0H3Q, STM32N647Z0H3Q, STM32N655A0H3Q, STM32N655B0H3Q, STM32N655I0H3Q, STM32N655L0H3Q, STM32N655X0H3Q, STM32N655Z0H3Q, STM32N6570-DK, STM32N657A0H3Q, STM32N657B0H3Q, STM32N657I0H3Q, STM32N657L0H3Q, STM32N657X0H3Q, STM32N657Z0H3Q, STM32U031C6T6, STM32U031C6U6, STM32U031C8T6, STM32U031C8U6, STM32U031F4P6, STM32U031F6P6, STM32U031F8P6, STM32U031G6Y6TR, STM32U031G8Y6TR, STM32U031K4U6, STM32U031K6U6, STM32U031K8U6, STM32U031R6I6, STM32U031R6T6, STM32U031R8I6, STM32U031R8T6, STM32U073C8T6, STM32U073C8U6, STM32U073CBT6, STM32U073CBU6, STM32U073CCT6, STM32U073CCU6, STM32U073H8Y6TR, STM32U073HBY6TR, STM32U073HCY6TR, STM32U073K8U6, STM32U073KBU6, STM32U073KCU6, STM32U073M8I6, STM32U073M8T6, STM32U073MBI6, STM32U073MBT6, STM32U073MCI6, STM32U073MCT6, STM32U073R8I6, STM32U073R8T6, STM32U073RBI6, STM32U073RBT6, STM32U073RCI6, STM32U073RCT6, STM32U083C-DK, STM32U083CCT6, STM32U083CCU6, STM32U083HCY6TR, STM32U083KCU6, STM32U083MCI6, STM32U083MCT6, STM32U083RCI6, STM32U083RCT6, STM32U375CET6, STM32U375CET6Q, STM32U375CEU6, STM32U375CEU6Q, STM32U375CEY6QTR, STM32U375CGT6, STM32U375CGT6Q, STM32U375CGU6, STM32U375CGU6Q, STM32U375CGY6QTR, STM32U375KEU6, STM32U375KGU6, STM32U375REI6, STM32U375REI6Q, STM32U375RET6, STM32U375RET6Q, STM32U375REY6GTR, STM32U375REY6QTR, STM32U375RGI6, STM32U375RGI6Q, STM32U375RGT6, STM32U375RGT6Q, STM32U375RGY6GTR, STM32U375RGY6QTR, STM32U375VEI6, STM32U375VEI6Q, STM32U375VET6, STM32U375VET6Q, STM32U375VGI6, STM32U375VGI6Q, STM32U375VGT6, STM32U375VGT6Q, STM32U385CGT6, STM32U385CGT6Q, STM32U385CGU6, STM32U385CGU6Q, STM32U385CGY6QTR, STM32U385KGU6, STM32U385RGI6, STM32U385RGI6Q, STM32U385RGT6, STM32U385RGT6Q, STM32U385RGY6GTR, STM32U385RGY6QTR, STM32U385VGI6, STM32U385VGI6Q, STM32U385VGT6, STM32U385VGT6Q, STM32U535CBT6, STM32U535CBT6Q, STM32U535CBU6, STM32U535CBU6Q, STM32U535CCT6, STM32U535CCT6Q, STM32U535CCU6, STM32U535CCU6Q, STM32U535CET6, STM32U535CET6Q, STM32U535CEU6, STM32U535CEU6Q, STM32U535JEY6QTR, STM32U535NCY6QTR, STM32U535NEY6QTR, STM32U535RBI6, STM32U535RBI6Q, STM32U535RBT6, STM32U535RBT6Q, STM32U535RCI6, STM32U535RCI6Q, STM32U535RCT6, STM32U535RCT6Q, STM32U535REI6, STM32U535REI6Q, STM32U535RET6, STM32U535RET6Q, STM32U535VCI6, STM32U535VCI6Q, STM32U535VCT6, STM32U535VCT6Q, STM32U535VEI6, STM32U535VEI6Q, STM32U535VET6, STM32U535VET6Q, STM32U545CET6, STM32U545CET6Q, STM32U545CEU6, STM32U545CEU6Q, STM32U545JEY6QTR, STM32U545NEY6QTR, STM32U545REI6, STM32U545REI6Q, STM32U545RET6, STM32U545RET6Q, STM32U545VEI6, STM32U545VEI6Q, STM32U545VET6, STM32U545VET6Q, STM32U595AIH6, STM32U595AIH6Q, STM32U595AJH6, STM32U595AJH6Q, STM32U595QII6, STM32U595QII6Q, STM32U595QJI6, STM32U595QJI6Q, STM32U595RIT6, STM32U595RIT6Q, STM32U595RJT6, STM32U595RJT6Q, STM32U595VIT6, STM32U595VIT6Q, STM32U595VJT6, STM32U595VJT6Q, STM32U595ZIT6, STM32U595ZIT6Q, STM32U595ZIY6QTR, STM32U595ZJT6, STM32U595ZJT6Q, STM32U595ZJY6QTR, STM32U599BJY6QTR, STM32U599NIH6Q, STM32U599NJH6Q, STM32U599VIT6Q, STM32U599VJT6, STM32U599VJT6Q, STM32U599ZIT6Q, STM32U599ZIY6QTR, STM32U599ZJT6Q, STM32U599ZJY6QTR, STM32U5A5AJH6, STM32U5A5AJH6Q, STM32U5A5QII3Q , STM32U5A5QJI6, STM32U5A5QJI6Q, STM32U5A5RJT6, STM32U5A5RJT6Q, STM32U5A5VJT6, STM32U5A5VJT6Q, STM32U5A5ZJT6, STM32U5A5ZJT6Q, STM32U5A5ZJY6QTR, STM32U5A9BJY6QTR, STM32U5A9J-DK, STM32U5A9NJH6Q, STM32U5A9VJT6Q, STM32U5A9ZJT6Q, STM32U5A9ZJY6QTR, STM32U5F7VIT6, STM32U5F7VIT6Q, STM32U5F7VJT6, STM32U5F7VJT6Q, STM32U5F9BJY6QTR, STM32U5F9NJH6Q, STM32U5F9VIT6Q, STM32U5F9VJT6Q, STM32U5F9ZIJ6QTR, STM32U5F9ZIT6Q, STM32U5F9ZJJ6QTR, STM32U5F9ZJT6Q, STM32U5G7VJT6, STM32U5G7VJT6Q, STM32U5G9BJY6QTR, STM32U5G9J-DK1, STM32U5G9J-DK2, STM32U5G9NJH6Q, STM32U5G9VJT6Q, STM32U5G9ZJJ6QTR, STM32U5G9ZJT6Q, STM32WB05KZV6TR, STM32WB05KZV7TR, STM32WB05TZF6TR, STM32WB05TZF7TR, STM32WB06CCF6TR, STM32WB06CCF7TR, STM32WB06CCV6TR, STM32WB06CCV7TR, STM32WB06KCV6TR, STM32WB06KCV7TR, STM32WB07CCF6TR, STM32WB07CCF7TR, STM32WB07CCV6TR, STM32WB07CCV7TR, STM32WB07KCV6TR, STM32WB07KCV7TR, STM32WB09KEV6TR, STM32WB09KEV7TR, STM32WB09TEF6TR, STM32WB09TEF7TR, STM32WB1MMCH6, STM32WBA50KGU6, STM32WBA50KGU6TR, STM32WBA52CEU6, STM32WBA52CEU6TR, STM32WBA52CEU7, STM32WBA52CEU7TR, STM32WBA52CGU6, STM32WBA52CGU6TR, STM32WBA52CGU6U, STM32WBA52CGU7, STM32WBA52CGU7TR, STM32WBA52KEU6, STM32WBA52KEU6TR, STM32WBA52KGU6, STM32WBA52KGU6TR, STM32WBA54CEU6, STM32WBA54CEU6TR, STM32WBA54CEU7, STM32WBA54CEU7TR, STM32WBA54CGU6, STM32WBA54CGU6TR, STM32WBA54CGU7, STM32WBA54CGU7TR, STM32WBA54KEU6, STM32WBA54KEU6TR, STM32WBA54KEU7, STM32WBA54KEU7TR, STM32WBA54KGU6, STM32WBA54KGU6TR, STM32WBA54KGU7, STM32WBA54KGU7TR, STM32WBA55CEU6, STM32WBA55CEU6TR, STM32WBA55CEU7, STM32WBA55CEU7TR, STM32WBA55CGU6, STM32WBA55CGU6TR, STM32WBA55CGU6U, STM32WBA55CGU7, STM32WBA55CGU7TR, STM32WBA55G-DK1, STM32WBA55HEF6, STM32WBA55HEF7, STM32WBA55HGF6, STM32WBA55HGF7, STM32WBA55UEI6, STM32WBA55UEI6TR, STM32WBA55UEI7, STM32WBA55UEI7TR, STM32WBA55UGI6, STM32WBA55UGI6TR, STM32WBA55UGI7, STM32WBA55UGI7TR, STM32WBA5MMGH6TR, STM32WBA62MGF6, STM32WBA62MIF6, STM32WBA65MGF7, STM32WBA65MIF6, STM32WBA65MIF7, STM32WL30K8V6, STM32WL30KBV6, STM32WL31C8V6, STM32WL31CBV6, STM32WL31K8V6, STM32WL31KBV6, STM32WL33C8V6, STM32WL33C8V6X, STM32WL33CBV6, STM32WL33CBV6X, STM32WL33CCV6, STM32WL33CCV6A, STM32WL33CCV6X, STM32WL33K8V7, STM32WL33K8V7X, STM32WL33KBV7 , STM32WL33KBV7X, STM32WL33KCV7, STM32WL33KCV7X, STM32WL5MOCH6, STM32WL5MOCH6TR]
2026-02-12 11:41:06,448 [INFO] BoardInfo:889 - No configuration file found for board P-NUCLEO-WB55
2026-02-12 11:41:06,448 [INFO] DbBoards:161 - Kit is not supported: P-NUCLEO-WB55
2026-02-12 11:41:06,453 [INFO] BoardInfo:889 - No configuration file found for board STEVAL-BFA001V1B
2026-02-12 11:41:06,454 [INFO] DbBoards:161 - Kit is not supported: STEVAL-BFA001V1B
2026-02-12 11:41:06,455 [INFO] BoardInfo:889 - No configuration file found for board STEVAL-BFA001V2B
2026-02-12 11:41:06,456 [INFO] DbBoards:161 - Kit is not supported: STEVAL-BFA001V2B
2026-02-12 11:41:06,614 [INFO] DbBoards:168 - Found 212 boards, 209 are supported
2026-02-12 11:41:06,615 [INFO] DbBoards:169 - Found 212 boards, 43 of them is supported for  Bsp
2026-02-12 11:41:06,617 [INFO] ApiDb:414 - User favorites file not found: C:\Users\Hemanth Madu/.stm32cubeide/favorites.boards.txt
2026-02-12 11:41:06,617 [INFO] DbBoards:198 - Set 0 / 0 favorites Boards
2026-02-12 11:41:06,617 [INFO] McuFinderGlobals:76 - Set McuFinderConnectedMode to true
2026-02-12 11:41:06,641 [INFO] MultiScanPanel:200 - Auto-refresh data requested => check proxy status ongoing
2026-02-12 11:41:06,655 [INFO] FinderPluginLoader:96 - Searching for filters in installed packs
2026-02-12 11:41:06,990 [INFO] ServerAccessManage:452 - Complete download http(s) 200
2026-02-12 11:41:06,990 [INFO] ServerAccessManage:509 - Download File STMicroelectronics.X-CUBE-WB05N.pdsc
2026-02-12 11:41:08,375 [INFO] ServerAccessManage:452 - Complete download http(s) 200
2026-02-12 11:41:08,375 [INFO] ServerAccessManage:509 - Download File wolfSSL.I-CUBE-wolfSSL.pdsc
2026-02-12 11:41:09,471 [ERROR] WebUtils:398 - Updater is busy
2026-02-12 11:41:09,472 [WARN] DetailPanel:346 - Failed to get advertising image, set to default
2026-02-12 11:41:16,667 [ERROR] ServerAccessManage:1212 - Problem, file not found on Server
2026-02-12 11:41:17,076 [ERROR] ServerAccessManage:1212 - Problem, file not found on Server
2026-02-12 11:41:17,397 [ERROR] ServerAccessManage:1212 - Problem, file not found on Server
2026-02-12 11:41:17,691 [INFO] ServerAccessManage:452 - Complete download http(s) 200
2026-02-12 11:41:17,692 [INFO] ServerAccessManage:509 - Download File wolfSSL.I-CUBE-wolfMQTT.pdsc
2026-02-12 11:41:19,432 [ERROR] ServerAccessManage:1212 - Problem, file not found on Server
2026-02-12 11:41:19,696 [INFO] ServerAccessManage:452 - Complete download http(s) 200
2026-02-12 11:41:19,697 [INFO] ServerAccessManage:509 - Download File wolfSSL.I-CUBE-wolfTPM.pdsc
2026-02-12 11:41:21,894 [INFO] ServerAccessManage:452 - Complete download http(s) 200
2026-02-12 11:41:21,894 [INFO] ServerAccessManage:509 - Download File wolfSSL.I-CUBE-wolfSSH.pdsc
2026-02-12 11:41:24,430 [INFO] ServerAccessManage:452 - Complete download http(s) 200
2026-02-12 11:41:24,430 [INFO] ServerAccessManage:509 - Download File RealThread.X-CUBE-RT-Thread_Nano.pdsc
2026-02-12 11:41:25,018 [INFO] MultiScanPanel:200 - Auto-refresh data requested => check proxy status ongoing
2026-02-12 11:41:25,293 [ERROR] WebUtils:398 - Updater is busy
2026-02-12 11:41:25,294 [WARN] DetailPanel:346 - Failed to get advertising image, set to default
2026-02-12 11:41:25,313 [INFO] DbBoards:642 - Loading board mini-images...
2026-02-12 11:41:25,431 [INFO] ServerAccessManage:452 - Complete download http(s) 200
2026-02-12 11:41:25,431 [INFO] ServerAccessManage:509 - Download File SEGGER.I-CUBE-embOS.pdsc
2026-02-12 11:41:28,367 [INFO] ServerAccessManage:452 - Complete download http(s) 200
2026-02-12 11:41:28,368 [INFO] ServerAccessManage:509 - Download File emotas.I-CUBE-CANOPEN.pdsc
2026-02-12 11:41:31,110 [INFO] ServerAccessManage:452 - Complete download http(s) 200
2026-02-12 11:41:31,110 [INFO] ServerAccessManage:509 - Download File WES.I-CUBE-Cesium.pdsc
2026-02-12 11:41:31,859 [ERROR] DbBoards:659 - Image file not found for board STM32MP215F-DK: C:\Users\Hemanth Madu\.stmcufinder\plugins\mcufinder//mcu//boards_images/STM32MP215F-DK.jpg
2026-02-12 11:41:32,196 [INFO] DbBoards:665 - Loaded 211 board mini-images
2026-02-12 11:41:32,621 [ERROR] ServerAccessManage:1212 - Problem, file not found on Server
2026-02-12 11:41:32,992 [ERROR] ServerAccessManage:1212 - Problem, file not found on Server
2026-02-12 11:41:34,176 [INFO] ServerAccessManage:452 - Complete download http(s) 200
2026-02-12 11:41:34,176 [INFO] ServerAccessManage:509 - Download File ITTIA_DB.I-CUBE-ITTIADB.pdsc
2026-02-12 11:41:39,476 [INFO] ServerAccessManage:452 - Complete download http(s) 200
2026-02-12 11:41:39,476 [INFO] ServerAccessManage:509 - Download File Infineon.AIROC-Wi-Fi-Bluetooth-STM32.pdsc
2026-02-12 11:41:45,133 [INFO] ServerAccessManage:452 - Complete download http(s) 200
2026-02-12 11:41:45,133 [INFO] ServerAccessManage:509 - Download File Cesanta.I-CUBE-Mongoose.pdsc
2026-02-12 11:41:48,311 [INFO] ServerAccessManage:452 - Complete download http(s) 200
2026-02-12 11:41:48,311 [INFO] ServerAccessManage:509 - Download File EmbeddedOffice.I-CUBE-FS-RTOS.pdsc
2026-02-12 11:41:49,774 [INFO] ServerAccessManage:452 - Complete download http(s) 200
2026-02-12 11:41:49,774 [INFO] ServerAccessManage:509 - Download File quantropi.X-CUBE-qispace-sdk-base.pdsc
2026-02-12 11:41:51,065 [INFO] ServerAccessManage:452 - Complete download http(s) 200
2026-02-12 11:41:51,066 [INFO] ServerAccessManage:509 - Download File Avnet-IOTCONNECT.X-CUBE-iotc-st67-sdk.pdsc
2026-02-12 11:41:51,424 [WARN] PackLoader:240 - Cannot read IP mode file for STMicroelectronics.FP-ATR-ASTRA1.2.0.2
2026-02-12 11:41:51,436 [WARN] PackLoader:240 - Cannot read IP mode file for STMicroelectronics.FP-ATR-SIGFOX1.3.2.0
2026-02-12 11:41:51,503 [WARN] CheckServerUpdateThread:151 - Open CheckUpdateFile Fail
2026-02-12 11:41:51,520 [WARN] PackLoader:240 - Cannot read IP mode file for STMicroelectronics.FP-SNS-STBOX1.2.1.0
2026-02-12 11:41:51,540 [WARN] PackLoader:240 - Cannot read IP mode file for STMicroelectronics.FP-SNS-FLIGHT1.5.1.0
2026-02-12 11:41:51,558 [WARN] PackLoader:240 - Cannot read IP mode file for STMicroelectronics.FP-SNS-MOTENV1.5.1.0
2026-02-12 11:41:51,578 [WARN] PackLoader:240 - Cannot read IP mode file for STMicroelectronics.FP-SNS-MOTENVWB1.1.4.0
2026-02-12 11:41:51,595 [WARN] PackLoader:240 - Cannot read IP mode file for STMicroelectronics.FP-SNS-SMARTAG2.1.2.0
2026-02-12 11:41:51,615 [WARN] PackLoader:240 - Cannot read IP mode file for STMicroelectronics.FP-SNS-STAIOTCFT.1.0.0
2026-02-12 11:41:51,628 [WARN] PackLoader:240 - Cannot read IP mode file for STMicroelectronics.X-CUBE-AI.10.2.0
2026-02-12 11:41:51,649 [WARN] PackLoader:240 - Cannot read IP mode file for STMicroelectronics.X-CUBE-ALS.1.0.2
2026-02-12 11:41:51,677 [WARN] PackLoader:240 - Cannot read IP mode file for STMicroelectronics.X-CUBE-BLE1.7.1.0
2026-02-12 11:41:51,711 [WARN] PackLoader:240 - Cannot read IP mode file for STMicroelectronics.X-CUBE-BLE2.3.3.0
2026-02-12 11:41:51,713 [INFO] CheckServerUpdateThread:120 - End of CheckServer Thread
2026-02-12 11:41:51,759 [WARN] PackLoader:240 - Cannot read IP mode file for STMicroelectronics.X-CUBE-BLEMGR.4.1.0
2026-02-12 11:41:51,807 [WARN] PackLoader:240 - Cannot read IP mode file for STMicroelectronics.X-CUBE-DISPLAY.3.0.0
2026-02-12 11:41:51,825 [WARN] PackLoader:240 - Cannot read IP mode file for STMicroelectronics.X-CUBE-DPower.1.3.0
2026-02-12 11:41:51,838 [WARN] PackLoader:240 - Cannot read IP mode file for STMicroelectronics.X-CUBE-EEPRMA1.5.2.0
2026-02-12 11:41:51,854 [WARN] PackLoader:240 - Cannot read IP mode file for STMicroelectronics.X-CUBE-FREERTOS.1.4.0
2026-02-12 11:41:51,866 [WARN] PackLoader:240 - Cannot read IP mode file for STMicroelectronics.X-CUBE-GNSS1.7.1.0
2026-02-12 11:41:51,880 [WARN] PackLoader:240 - Cannot read IP mode file for STMicroelectronics.X-CUBE-ISPU.2.1.0
2026-02-12 11:41:51,909 [WARN] PackLoader:240 - Cannot read IP mode file for STMicroelectronics.X-CUBE-IPS.3.2.0
2026-02-12 11:41:52,065 [WARN] PackLoader:240 - Cannot read IP mode file for STMicroelectronics.X-CUBE-MEMS1.12.0.0
2026-02-12 11:41:52,548 [WARN] PackLoader:240 - Cannot read IP mode file for STMicroelectronics.X-CUBE-NFC4.3.0.0
2026-02-12 11:41:52,572 [WARN] PackLoader:240 - Cannot read IP mode file for STMicroelectronics.X-CUBE-NFC6.3.2.0
2026-02-12 11:41:52,592 [WARN] PackLoader:240 - Cannot read IP mode file for STMicroelectronics.X-CUBE-NFC7.2.0.0
2026-02-12 11:41:52,613 [WARN] PackLoader:240 - Cannot read IP mode file for STMicroelectronics.X-CUBE-NFC9.1.0.0
2026-02-12 11:41:52,632 [WARN] PackLoader:240 - Cannot read IP mode file for STMicroelectronics.X-CUBE-NFC10.1.0.0
2026-02-12 11:41:52,654 [WARN] PackLoader:240 - Cannot read IP mode file for STMicroelectronics.X-CUBE-NFC12.1.0.0
2026-02-12 11:41:52,672 [WARN] PackLoader:240 - Cannot read IP mode file for STMicroelectronics.X-CUBE-SFXS2LP1.4.0.0
2026-02-12 11:41:52,696 [WARN] PackLoader:240 - Cannot read IP mode file for STMicroelectronics.X-CUBE-SUBG2.5.0.0
2026-02-12 11:41:52,721 [WARN] PackLoader:240 - Cannot read IP mode file for STMicroelectronics.X-CUBE-SMBUS.2.1.0
2026-02-12 11:41:52,730 [WARN] PackLoader:240 - Cannot read IP mode file for STMicroelectronics.X-CUBE-ST60.1.1.0
2026-02-12 11:41:52,755 [WARN] PackLoader:240 - Cannot read IP mode file for STMicroelectronics.X-CUBE-ST67W61.1.2.0
2026-02-12 11:41:52,776 [WARN] PackLoader:240 - Cannot read IP mode file for STMicroelectronics.X-CUBE-STSE01.2.0.0
2026-02-12 11:41:52,806 [WARN] PackLoader:240 - Cannot read IP mode file for STMicroelectronics.X-CUBE-PM33A1.1.0.0
2026-02-12 11:41:52,842 [WARN] PackLoader:240 - Cannot read IP mode file for STMicroelectronics.X-CUBE-TCPP.4.2.0
2026-02-12 11:41:52,874 [WARN] PackLoader:240 - Cannot read IP mode file for STMicroelectronics.X-CUBE-TOF1.3.4.3
2026-02-12 11:41:52,909 [WARN] PackLoader:240 - Cannot read IP mode file for STMicroelectronics.X-CUBE-TOUCHGFX.4.26.0
2026-02-12 11:41:52,925 [WARN] PackLoader:240 - Cannot read IP mode file for STMicroelectronics.X-CUBE-ALGOBUILD.1.4.0
2026-02-12 11:41:52,967 [WARN] PackLoader:240 - Cannot read IP mode file for STMicroelectronics.X-CUBE-AZRTOS-H7.3.4.0
2026-02-12 11:41:53,010 [WARN] PackLoader:240 - Cannot read IP mode file for STMicroelectronics.X-CUBE-AZRTOS-H7RS.1.2.0
2026-02-12 11:41:53,045 [WARN] PackLoader:240 - Cannot read IP mode file for STMicroelectronics.X-CUBE-AZRTOS-F4.1.1.0
2026-02-12 11:41:53,079 [WARN] PackLoader:240 - Cannot read IP mode file for STMicroelectronics.X-CUBE-AZRTOS-F7.1.1.0
2026-02-12 11:41:53,120 [WARN] ConditionMgr:438 - getConditionDescription Invalid condition id : LAN8742 Phy interface Condition cause : null
2026-02-12 11:41:53,121 [WARN] PackLoader:240 - Cannot read IP mode file for STMicroelectronics.X-CUBE-AZRTOS-L4.2.0.0
2026-02-12 11:41:53,124 [WARN] ConditionMgr:1044 - genDependencies : Invalid condition id : LAN8742 Phy interface Condition cause : null
2026-02-12 11:41:53,124 [WARN] ConditionMgr:1044 - genDependencies : Invalid condition id : LAN8742 Phy interface Condition cause : null
2026-02-12 11:41:53,125 [WARN] ConditionMgr:1044 - genDependencies : Invalid condition id : LAN8742 Phy interface Condition cause : null
2026-02-12 11:41:53,164 [WARN] PackLoader:240 - Cannot read IP mode file for STMicroelectronics.X-CUBE-AZRTOS-L5.2.0.0
2026-02-12 11:41:53,207 [WARN] PackLoader:240 - Cannot read IP mode file for STMicroelectronics.X-CUBE-AZRTOS-G0.1.1.0
2026-02-12 11:41:53,259 [WARN] PackLoader:240 - Cannot read IP mode file for STMicroelectronics.X-CUBE-AZRTOS-G4.2.0.0
2026-02-12 11:41:53,299 [WARN] ConditionMgr:438 - getConditionDescription Invalid condition id : UX DEVICE CLASS RTOS Condition cause : null
2026-02-12 11:41:53,300 [WARN] ConditionMgr:438 - getConditionDescription Invalid condition id : UX DEVICE CLASS RTOS Condition cause : null
2026-02-12 11:41:53,307 [WARN] PackLoader:240 - Cannot read IP mode file for STMicroelectronics.X-CUBE-AZRTOS-WB.2.0.0
2026-02-12 11:41:53,308 [WARN] ConditionMgr:1044 - genDependencies : Invalid condition id : UX DEVICE CLASS RTOS Condition cause : null
2026-02-12 11:41:53,309 [WARN] ConditionMgr:1044 - genDependencies : Invalid condition id : UX DEVICE CLASS RTOS Condition cause : null
2026-02-12 11:41:53,310 [WARN] ConditionMgr:1044 - genDependencies : Invalid condition id : UX DEVICE CLASS RTOS Condition cause : null
2026-02-12 11:41:53,311 [WARN] ConditionMgr:1044 - genDependencies : Invalid condition id : UX DEVICE CLASS RTOS Condition cause : null
2026-02-12 11:41:53,311 [WARN] ConditionMgr:1044 - genDependencies : Invalid condition id : UX DEVICE CLASS RTOS Condition cause : null
2026-02-12 11:41:53,339 [INFO] LogOutputStream:77 - [STDOUT_REDIRECT] 1 : Invalid condition id : UX_CORESTACK_Condition cause : null
2026-02-12 11:41:53,343 [INFO] LogOutputStream:77 - [STDOUT_REDIRECT] 1 : Invalid condition id : UX_CORESTACK_Condition cause : null
2026-02-12 11:41:53,346 [INFO] LogOutputStream:77 - [STDOUT_REDIRECT] 1 : Invalid condition id : UX_CORESTACK_Condition cause : null
2026-02-12 11:41:53,348 [INFO] LogOutputStream:77 - [STDOUT_REDIRECT] 1 : Invalid condition id : UX_CORESTACK_Condition cause : null
2026-02-12 11:41:53,351 [INFO] LogOutputStream:77 - [STDOUT_REDIRECT] 1 : Invalid condition id : UX_CORESTACK_Condition cause : null
2026-02-12 11:41:53,358 [WARN] PackLoader:240 - Cannot read IP mode file for STMicroelectronics.X-CUBE-AZRTOS-WL.2.0.0
2026-02-12 11:41:53,373 [WARN] PackLoader:240 - Cannot read IP mode file for STMicroelectronics.X-CUBE-WB05N.2.0.0
2026-02-12 11:41:53,389 [WARN] PackLoader:240 - Cannot read IP mode file for wolfSSL.I-CUBE-wolfSSL.5.8.4
2026-02-12 11:41:53,402 [WARN] PackLoader:240 - Cannot read IP mode file for wolfSSL.I-CUBE-wolfMQTT.1.19.2
2026-02-12 11:41:53,418 [WARN] PackLoader:240 - Cannot read IP mode file for wolfSSL.I-CUBE-wolfTPM.3.8.0
2026-02-12 11:41:53,434 [WARN] PackLoader:240 - Cannot read IP mode file for wolfSSL.I-CUBE-wolfSSH.1.4.20
2026-02-12 11:41:53,449 [WARN] PackLoader:240 - Cannot read IP mode file for RealThread.X-CUBE-RT-Thread_Nano.4.1.1
2026-02-12 11:41:53,522 [INFO] McuFinderGlobals:76 - Set McuFinderConnectedMode to true
2026-02-12 11:41:53,540 [INFO] ApiDb:448 - Save user favorites file C:\Users\Hemanth Madu/.stm32cubeide/favorites.mcus.txt: 0 item(s)
2026-02-12 11:41:53,541 [INFO] ApiDb:452 - User favorites MCUs=[]
2026-02-12 11:41:53,555 [INFO] ApiDb:448 - Save user favorites file C:\Users\Hemanth Madu/.stm32cubeide/favorites.boards.txt: 0 item(s)
2026-02-12 11:41:53,555 [INFO] ApiDb:452 - User favorites Boards=[]
2026-02-12 11:41:54,138 [WARN] PackLoader:240 - Cannot read IP mode file for SEGGER.I-CUBE-embOS.1.3.1
2026-02-12 11:41:54,240 [WARN] PackLoader:240 - Cannot read IP mode file for emotas.I-CUBE-CANOPEN.1.3.0
2026-02-12 11:41:54,254 [WARN] PackLoader:240 - Cannot read IP mode file for WES.I-CUBE-Cesium.1.4.0
2026-02-12 11:41:54,269 [WARN] PackLoader:240 - Cannot read IP mode file for ITTIA_DB.I-CUBE-ITTIADB.8.9.0
2026-02-12 11:41:54,315 [WARN] PackLoader:240 - Cannot read IP mode file for Infineon.AIROC-Wi-Fi-Bluetooth-STM32.1.8.0
2026-02-12 11:41:54,332 [WARN] PackLoader:240 - Cannot read IP mode file for Cesanta.I-CUBE-Mongoose.7.20.0
2026-02-12 11:41:54,349 [WARN] PackLoader:240 - Cannot read IP mode file for EmbeddedOffice.I-CUBE-FS-RTOS.1.0.1
2026-02-12 11:41:54,357 [WARN] ConditionMgr:438 - getConditionDescription Invalid condition id : Cortex-A Device cause : null
2026-02-12 11:41:54,426 [WARN] ConditionMgr:1044 - genDependencies : Invalid condition id : Cortex-A Device cause : null
2026-02-12 11:41:54,426 [WARN] ConditionMgr:1044 - genDependencies : Invalid condition id : Cortex-A Device cause : null
2026-02-12 11:41:54,427 [WARN] ConditionMgr:1044 - genDependencies : Invalid condition id : Cortex-A Device cause : null
2026-02-12 11:41:54,493 [INFO] PopulateThirdPartyThread:66 - Ending populate Thread
2026-02-12 11:41:54,498 [INFO] ThirdParty:1030 - CMSIS Pack Vendor :STMicroelectronics X-CUBE-PM33A1 1.0.0
2026-02-12 11:41:54,498 [INFO] ThirdParty:1030 - CMSIS Pack Vendor :STMicroelectronics X-CUBE-NFC9 1.0.0
2026-02-12 11:41:54,499 [INFO] ThirdParty:1030 - CMSIS Pack Vendor :STMicroelectronics FP-SNS-MOTENVWB1 1.4.0
2026-02-12 11:41:54,499 [INFO] ThirdParty:1030 - CMSIS Pack Vendor :STMicroelectronics X-CUBE-AZRTOS-F4 1.1.0
2026-02-12 11:41:54,499 [INFO] ThirdParty:1030 - CMSIS Pack Vendor :STMicroelectronics FP-ATR-ASTRA1 2.0.2
2026-02-12 11:41:54,499 [INFO] ThirdParty:1030 - CMSIS Pack Vendor :STMicroelectronics X-CUBE-BLE1 7.1.0
2026-02-12 11:41:54,499 [INFO] ThirdParty:1030 - CMSIS Pack Vendor :STMicroelectronics X-CUBE-SMBUS 2.1.0
2026-02-12 11:41:54,499 [INFO] ThirdParty:1030 - CMSIS Pack Vendor :wolfSSL I-CUBE-wolfMQTT 1.19.2
2026-02-12 11:41:54,499 [INFO] ThirdParty:1030 - CMSIS Pack Vendor :STMicroelectronics X-CUBE-ISPU 2.1.0
2026-02-12 11:41:54,499 [INFO] ThirdParty:1030 - CMSIS Pack Vendor :STMicroelectronics X-CUBE-FREERTOS 1.4.0
2026-02-12 11:41:54,499 [INFO] ThirdParty:1030 - CMSIS Pack Vendor :STMicroelectronics X-CUBE-BLEMGR 4.1.0
2026-02-12 11:41:54,499 [INFO] ThirdParty:1030 - CMSIS Pack Vendor :STMicroelectronics X-CUBE-EEPRMA1 5.2.0
2026-02-12 11:41:54,499 [INFO] ThirdParty:1030 - CMSIS Pack Vendor :STMicroelectronics X-CUBE-IPS 3.2.0
2026-02-12 11:41:54,499 [INFO] ThirdParty:1030 - CMSIS Pack Vendor :STMicroelectronics X-CUBE-AZRTOS-WB 2.0.0
2026-02-12 11:41:54,499 [INFO] ThirdParty:1030 - CMSIS Pack Vendor :wolfSSL I-CUBE-wolfSSL 5.8.4
2026-02-12 11:41:54,500 [INFO] ThirdParty:1030 - CMSIS Pack Vendor :Cesanta I-CUBE-Mongoose 7.20.0
2026-02-12 11:41:54,500 [INFO] ThirdParty:1030 - CMSIS Pack Vendor :STMicroelectronics X-CUBE-NFC12 1.0.0
2026-02-12 11:41:54,500 [INFO] ThirdParty:1030 - CMSIS Pack Vendor :STMicroelectronics X-CUBE-AZRTOS-F7 1.1.0
2026-02-12 11:41:54,500 [INFO] ThirdParty:1030 - CMSIS Pack Vendor :STMicroelectronics X-CUBE-AZRTOS-L5 2.0.0
2026-02-12 11:41:54,500 [INFO] ThirdParty:1030 - CMSIS Pack Vendor :quantropi X-CUBE-qispace-sdk-base 2.1.0
2026-02-12 11:41:54,500 [INFO] ThirdParty:1030 - CMSIS Pack Vendor :STMicroelectronics X-CUBE-MEMS1 12.0.0
2026-02-12 11:41:54,500 [INFO] ThirdParty:1030 - CMSIS Pack Vendor :STMicroelectronics X-CUBE-STSE01 2.0.0
2026-02-12 11:41:54,500 [INFO] ThirdParty:1030 - CMSIS Pack Vendor :STMicroelectronics FP-SNS-MOTENV1 5.1.0
2026-02-12 11:41:54,500 [INFO] ThirdParty:1030 - CMSIS Pack Vendor :STMicroelectronics X-CUBE-AZRTOS-G0 1.1.0
2026-02-12 11:41:54,500 [INFO] ThirdParty:1030 - CMSIS Pack Vendor :STMicroelectronics X-CUBE-NFC4 3.0.0
2026-02-12 11:41:54,500 [INFO] ThirdParty:1030 - CMSIS Pack Vendor :STMicroelectronics X-CUBE-SUBG2 5.0.0
2026-02-12 11:41:54,500 [INFO] ThirdParty:1030 - CMSIS Pack Vendor :EmbeddedOffice I-CUBE-FS-RTOS 1.0.1
2026-02-12 11:41:54,501 [INFO] ThirdParty:1030 - CMSIS Pack Vendor :WES I-CUBE-Cesium 1.4.0
2026-02-12 11:41:54,501 [INFO] ThirdParty:1030 - CMSIS Pack Vendor :STMicroelectronics X-CUBE-AZRTOS-G4 2.0.0
2026-02-12 11:41:54,501 [INFO] ThirdParty:1030 - CMSIS Pack Vendor :STMicroelectronics X-CUBE-WB05N 2.0.0
2026-02-12 11:41:54,501 [INFO] ThirdParty:1030 - CMSIS Pack Vendor :wolfSSL I-CUBE-wolfTPM 3.8.0
2026-02-12 11:41:54,501 [INFO] ThirdParty:1030 - CMSIS Pack Vendor :STMicroelectronics X-CUBE-AZRTOS-H7 3.4.0
2026-02-12 11:41:54,501 [INFO] ThirdParty:1030 - CMSIS Pack Vendor :STMicroelectronics X-CUBE-DISPLAY 3.0.0
2026-02-12 11:41:54,501 [INFO] ThirdParty:1030 - CMSIS Pack Vendor :wolfSSL I-CUBE-wolfSSH 1.4.20
2026-02-12 11:41:54,501 [INFO] ThirdParty:1030 - CMSIS Pack Vendor :STMicroelectronics X-CUBE-NFC7 2.0.0
2026-02-12 11:41:54,501 [INFO] ThirdParty:1030 - CMSIS Pack Vendor :STMicroelectronics X-CUBE-TCPP 4.2.0
2026-02-12 11:41:54,501 [INFO] ThirdParty:1030 - CMSIS Pack Vendor :RealThread X-CUBE-RT-Thread_Nano 4.1.1
2026-02-12 11:41:54,501 [INFO] ThirdParty:1030 - CMSIS Pack Vendor :STMicroelectronics FP-ATR-SIGFOX1 3.2.0
2026-02-12 11:41:54,501 [INFO] ThirdParty:1030 - CMSIS Pack Vendor :STMicroelectronics X-CUBE-NFC10 1.0.0
2026-02-12 11:41:54,502 [INFO] ThirdParty:1030 - CMSIS Pack Vendor :STMicroelectronics X-CUBE-ALS 1.0.2
2026-02-12 11:41:54,502 [INFO] ThirdParty:1030 - CMSIS Pack Vendor :STMicroelectronics X-CUBE-ST60 1.1.0
2026-02-12 11:41:54,502 [INFO] ThirdParty:1030 - CMSIS Pack Vendor :emotas I-CUBE-CANOPEN 1.3.0
2026-02-12 11:41:54,502 [INFO] ThirdParty:1030 - CMSIS Pack Vendor :STMicroelectronics X-CUBE-GNSS1 7.1.0
2026-02-12 11:41:54,502 [INFO] ThirdParty:1030 - CMSIS Pack Vendor :ITTIA_DB I-CUBE-ITTIADB 8.9.0
2026-02-12 11:41:54,502 [INFO] ThirdParty:1030 - CMSIS Pack Vendor :STMicroelectronics X-CUBE-TOUCHGFX 4.26.0
2026-02-12 11:41:54,502 [INFO] ThirdParty:1030 - CMSIS Pack Vendor :STMicroelectronics X-CUBE-NFC6 3.2.0
2026-02-12 11:41:54,502 [INFO] ThirdParty:1030 - CMSIS Pack Vendor :STMicroelectronics FP-SNS-STBOX1 2.1.0
2026-02-12 11:41:54,502 [INFO] ThirdParty:1030 - CMSIS Pack Vendor :STMicroelectronics FP-SNS-STAIOTCFT 1.0.0
2026-02-12 11:41:54,502 [INFO] ThirdParty:1030 - CMSIS Pack Vendor :STMicroelectronics X-CUBE-AI 10.2.0
2026-02-12 11:41:54,502 [INFO] ThirdParty:1030 - CMSIS Pack Vendor :STMicroelectronics FP-SNS-SMARTAG2 1.2.0
2026-02-12 11:41:54,502 [INFO] ThirdParty:1030 - CMSIS Pack Vendor :STMicroelectronics FP-SNS-FLIGHT1 5.1.0
2026-02-12 11:41:54,502 [INFO] ThirdParty:1030 - CMSIS Pack Vendor :STMicroelectronics X-CUBE-AZRTOS-WL 2.0.0
2026-02-12 11:41:54,503 [INFO] ThirdParty:1030 - CMSIS Pack Vendor :SEGGER I-CUBE-embOS 1.3.1
2026-02-12 11:41:54,503 [INFO] ThirdParty:1030 - CMSIS Pack Vendor :STMicroelectronics X-CUBE-DPower 1.3.0
2026-02-12 11:41:54,503 [INFO] ThirdParty:1030 - CMSIS Pack Vendor :STMicroelectronics X-CUBE-ALGOBUILD 1.4.0
2026-02-12 11:41:54,503 [INFO] ThirdParty:1030 - CMSIS Pack Vendor :STMicroelectronics X-CUBE-AZRTOS-H7RS 1.2.0
2026-02-12 11:41:54,503 [INFO] ThirdParty:1030 - CMSIS Pack Vendor :STMicroelectronics X-CUBE-AZRTOS-L4 2.0.0
2026-02-12 11:41:54,503 [INFO] ThirdParty:1030 - CMSIS Pack Vendor :STMicroelectronics X-CUBE-SFXS2LP1 4.0.0
2026-02-12 11:41:54,503 [INFO] ThirdParty:1030 - CMSIS Pack Vendor :STMicroelectronics X-CUBE-BLE2 3.3.0
2026-02-12 11:41:54,503 [INFO] ThirdParty:1030 - CMSIS Pack Vendor :Avnet-IOTCONNECT X-CUBE-iotc-st67-sdk 1.0.0
2026-02-12 11:41:54,503 [INFO] ThirdParty:1030 - CMSIS Pack Vendor :STMicroelectronics X-CUBE-TOF1 3.4.3
2026-02-12 11:41:54,503 [INFO] ThirdParty:1030 - CMSIS Pack Vendor :Infineon AIROC-Wi-Fi-Bluetooth-STM32 1.8.0
2026-02-12 11:41:54,503 [INFO] ThirdParty:1030 - CMSIS Pack Vendor :STMicroelectronics X-CUBE-ST67W61 1.2.0
2026-02-12 11:41:54,505 [INFO] LoadServerUpdatesThread:375 - End of LoadServerUpdate Thread
2026-02-12 11:52:50,077 [INFO] MainUpdater:2872 - connection check result : 10
2026-02-12 11:52:50,079 [INFO] McuFinderGlobals:76 - Set McuFinderConnectedMode to true
2026-02-12 11:52:50,389 [INFO] ServerAccessManage:452 - Complete download http(s) 200
2026-02-12 11:52:50,389 [INFO] ServerAccessManage:509 - Download File mcusAds.json._tmp_
2026-02-12 11:52:50,543 [INFO] LoadUrlFilesThread:156 - End of LoadUrlFiles Thread
2026-02-12 11:52:50,803 [INFO] ServerAccessManage:452 - Complete download http(s) 200
2026-02-12 11:52:50,805 [INFO] ServerAccessManage:509 - Download File cube-finder-db.zip
2026-02-12 11:52:52,330 [INFO] FileExtend:248 - Unzip File : cube-finder-db.zip
2026-02-12 11:52:52,332 [INFO] FileExtend:263 - Standard Zip Deflate
2026-02-12 11:52:53,958 [INFO] LoadUrlFilesThread:156 - End of LoadUrlFiles Thread
2026-02-12 11:52:55,155 [INFO] ServerAccessManage:452 - Complete download http(s) 200
2026-02-12 11:52:55,157 [INFO] ServerAccessManage:509 - Download File crdb.zip
2026-02-12 11:52:58,540 [INFO] FileExtend:248 - Unzip File : crdb.zip
2026-02-12 11:52:58,541 [INFO] FileExtend:263 - Standard Zip Deflate
2026-02-12 11:52:58,744 [INFO] LoadUrlFilesThread:156 - End of LoadUrlFiles Thread
2026-02-12 11:52:58,997 [INFO] ServerAccessManage:452 - Complete download http(s) 200
2026-02-12 11:52:58,997 [INFO] ServerAccessManage:509 - Download File tutoVideoDB.zip
2026-02-12 11:52:59,041 [INFO] FileExtend:248 - Unzip File : tutoVideoDB.zip
2026-02-12 11:52:59,041 [INFO] FileExtend:263 - Standard Zip Deflate
2026-02-12 11:52:59,275 [INFO] LoadUrlFilesThread:156 - End of LoadUrlFiles Thread
2026-02-12 11:52:59,278 [WARN] DbFile:41 - Overriding database path with different value: C:\Users\Hemanth Madu\.stmcufinder\plugins\mcufinder/ => C:\Users\Hemanth Madu\.stmcufinder\plugins\mcufinder
2026-02-12 11:52:59,464 [INFO] ServerAccessManage:452 - Complete download http(s) 200
2026-02-12 11:52:59,466 [INFO] ServerAccessManage:509 - Download File api_config.json
2026-02-12 11:52:59,627 [INFO] LoadUrlFilesThread:156 - End of LoadUrlFiles Thread
2026-02-12 11:52:59,629 [INFO] DbMcusAds:53 - JSON generation date=Tue Feb 10 17:46:36 IST 2026 (1770725796209)
2026-02-12 11:52:59,635 [INFO] ApiDb:448 - Save user favorites file C:\Users\Hemanth Madu/.stm32cubeide/favorites.mcus.txt: 0 item(s)
2026-02-12 11:52:59,636 [INFO] ApiDb:452 - User favorites MCUs=[]
2026-02-12 11:52:59,652 [INFO] ApiDb:581 - Connected to CubeFinder SQLite database (C:\Users\Hemanth Madu\.stmcufinder\plugins\mcufinder\mcu\cube-finder-db.db)
2026-02-12 11:52:59,775 [INFO] ApiDb:668 - CubeFinder database Data Model version=2.1
2026-02-12 11:52:59,775 [INFO] ApiDb:669 - CubeFinder database Configuration version=3.0.39
2026-02-12 11:52:59,775 [INFO] ApiDb:670 - CubeFinder database generation date=2025-12-22 (1766407740)
2026-02-12 11:52:59,775 [INFO] ApiDb:671 - CubeFinder database FW Pack versions=[FP-ATR-ASTRA1_V2.0.0, FP-SNS-FLIGHT1_V5.1.0, FP-SNS-MOTENV1_V5.1.0, FP-SNS-MOTENVWB1_V1.4.0, FP-SNS-SMARTAG2_V1.2.0, FP-SNS-STBOX1_V2.1.0, STM32Cube_FW_C0_V1.4.0, STM32Cube_FW_F4_V1.28.3, STM32Cube_FW_F7_V1.17.4, STM32Cube_FW_G0_V1.6.2, STM32Cube_FW_G4_V1.6.1, STM32Cube_FW_H5_V1.5.1, STM32Cube_FW_H7RS_V1.3.0, STM32Cube_FW_H7_V1.12.1, STM32Cube_FW_L0_V1.12.2, STM32Cube_FW_L4_V1.18.1, STM32Cube_FW_L5_V1.6.0, STM32Cube_FW_N6_V1.3.0, STM32Cube_FW_U0_V1.3.0, STM32Cube_FW_U3_V1.2.1, STM32Cube_FW_U5_V1.8.0, STM32Cube_FW_WB0_V1.4.0, STM32Cube_FW_WBA_V1.8.0, STM32Cube_FW_WB_V1.24.0, STM32Cube_FW_WL3_V1.3.0, STM32Cube_FW_WL_V1.4.0, X-CUBE-ALGOBUILD_V1.4.0, X-CUBE-ALS_V1.0.2, X-CUBE-AZRTOS-F4_V1.1.0, X-CUBE-AZRTOS-F7_V1.1.0, X-CUBE-AZRTOS-G0_V1.1.0, X-CUBE-AZRTOS-G4_V2.0.0, X-CUBE-AZRTOS-H7RS_V1.1.0, X-CUBE-AZRTOS-H7_V3.4.0, X-CUBE-AZRTOS-L4_V2.0.0, X-CUBE-AZRTOS-L5_V2.0.0, X-CUBE-AZRTOS-WB_V2.0.0, X-CUBE-AZRTOS-WL_V2.0.0, X-CUBE-BLE1_V7.1.0, X-CUBE-BLE2_V3.3.0, X-CUBE-BLEMGR_V4.1.0, X-CUBE-EEPRMA1_V5.2.0, X-CUBE-FREERTOS_V1.3.1, X-CUBE-GNSS1_V6.0.0, X-CUBE-MEMS1_V12.0.0, X-CUBE-NFC4_V3.0.0, X-CUBE-NFC7_V2.0.0, X-CUBE-SFXS2LP1_V4.0.0, X-CUBE-ST67W61_V1.1.0, X-CUBE-SUBG2_V5.0.0, X-CUBE-TOF1_V3.4.3]
2026-02-12 11:53:02,471 [INFO] ApiDb:240 - Found 880 in-development CPN: [B-G473E-ZEST1S, B-WB1M-WPAN1, B-WBA5M-WPAN, B-WL5M-SUBG1, NUCLEO-C031C6, NUCLEO-C051C8, NUCLEO-C071RB, NUCLEO-C092RC, NUCLEO-H503RB, NUCLEO-H533RE, NUCLEO-H563ZI, NUCLEO-H7S3L8, NUCLEO-N657X0-Q, NUCLEO-U031R8, NUCLEO-U083RC, NUCLEO-U385RG-Q, NUCLEO-U545RE-Q, NUCLEO-U5A5ZJ-Q, NUCLEO-WB05KZ, NUCLEO-WB07CC, NUCLEO-WB09KE, NUCLEO-WBA52CG, NUCLEO-WBA55CG, NUCLEO-WL33CC1, NUCLEO-WL33CC2, STEVAL-PROTEUS1, STEVAL-SMARTAG2, STEVAL-STWINBX1, STM320518-EVAL, STM32C0116-DK, STM32C011D6Y3TR, STM32C011D6Y6TR, STM32C011F4P3, STM32C011F4P6, STM32C011F4U3, STM32C011F4U6TR, STM32C011F6P3, STM32C011F6P6, STM32C011F6U3, STM32C011F6U6TR, STM32C011J4M3, STM32C011J4M6, STM32C011J6M3, STM32C011J6M6, STM32C0316-DK, STM32C031C4T3, STM32C031C4T6, STM32C031C4U3, STM32C031C4U6, STM32C031C6T3, STM32C031C6T6, STM32C031C6U3, STM32C031C6U6, STM32C031F4P3, STM32C031F4P6, STM32C031F6P3, STM32C031F6P6, STM32C031G4U3, STM32C031G4U6, STM32C031G6U3, STM32C031G6U6, STM32C031K4T3, STM32C031K4T6, STM32C031K4U3, STM32C031K4U6, STM32C031K6T3, STM32C031K6T6, STM32C031K6U3, STM32C031K6U6, STM32C051C6T6, STM32C051C6U6, STM32C051C8T6, STM32C051C8U6, STM32C051D8Y6TR, STM32C051F6P6, STM32C051F8P6, STM32C051G6U6, STM32C051G8U6, STM32C051K6T6, STM32C051K6U6, STM32C051K8T6, STM32C071C8T6, STM32C071C8T6N, STM32C071C8U6, STM32C071C8U6N, STM32C071CBT6, STM32C071CBT6N, STM32C071CBU6, STM32C071CBU6N, STM32C071F8P6, STM32C071F8P6N, STM32C071FBP6, STM32C071FBP6N, STM32C071FBY6TR, STM32C071G8U6, STM32C071G8U6N, STM32C071GBU6, STM32C071GBU6N, STM32C071K8T6, STM32C071K8T6N, STM32C071K8U6, STM32C071K8U6N, STM32C071KBT6, STM32C071KBT6N, STM32C071KBU6, STM32C071KBU6N, STM32C071R8T6, STM32C071R8T6N, STM32C071RBI6N, STM32C071RBT6, STM32C071RBT6N, STM32C091CBT6, STM32C091CBU6, STM32C091CCT6, STM32C091CCU6, STM32C091ECY6TR, STM32C091FBP6, STM32C091FCP6, STM32C091GBU6, STM32C091GCU6, STM32C091KBT6, STM32C091KBU6, STM32C091KCT6, STM32C091KCU6, STM32C091RBT6, STM32C091RCI6, STM32C091RCT6, STM32C092CBT6, STM32C092CBU6, STM32C092CCT6, STM32C092CCU6, STM32C092ECY6TR, STM32C092FBP6, STM32C092FCP6, STM32C092GBU6, STM32C092GCU6, STM32C092KBT6, STM32C092KBU6, STM32C092KCT6, STM32C092KCU6, STM32C092RBT6, STM32C092RCI6, STM32C092RCT6, STM32G071K8TXN, STM32G071K8UXN, STM32G081GBU6N, STM32G081KBT6N, STM32G081KBUXN, STM32G0B1CCT6N, STM32G0B1KCT6, STM32G0B1NEY6TR, STM32G0B1RCT6N, STM32G0C1CCT6, STM32G0C1CCT6N, STM32G0C1CCU6N, STM32G0C1CET6N, STM32G0C1CEU6N, STM32G0C1KCT6, STM32G0C1NEY6TR, STM32G0C1RCI6N, STM32G0C1RCT6N, STM32G0C1REI6N, STM32G0C1RET6N, STM32G0C1VCI6, STM32G0C1VEI6, STM32G411C6T3, STM32G411C6T6, STM32G411C6U3, STM32G411C6U6, STM32G411C8T3, STM32G411C8T6, STM32G411C8U3, STM32G411C8U6, STM32G411CBT3, STM32G411CBT6, STM32G411CBU3, STM32G411CBU6, STM32G411K6T3, STM32G411K6T6, STM32G411K6U3, STM32G411K6U6, STM32G411K8T3, STM32G411K8T6, STM32G411K8U3, STM32G411K8U6, STM32G411KBT3, STM32G411KBT6, STM32G411KBU3, STM32G411KBU6, STM32G411M6T3, STM32G411M6T6, STM32G411M8T3, STM32G411M8T6, STM32G411MBT3, STM32G411MBT6, STM32G411R6T3, STM32G411R6T6, STM32G411R8T3, STM32G411R8T6, STM32G411RBT3, STM32G411RBT6, STM32G414CBT3, STM32G414CBT6, STM32G414CBU3, STM32G414CBU6, STM32G414CCT3, STM32G414CCT6, STM32G414CCU3, STM32G414CCU6, STM32G414MBT3, STM32G414MBT6, STM32G414MCT3, STM32G414MCT6, STM32G414RBT3, STM32G414RBT6, STM32G414RCT3, STM32G414RCT6, STM32G414VBT3, STM32G414VBT6, STM32G414VCT3, STM32G414VCT6, STM32G431CBT3Z, STM32G431RBT3Z, STM32G471CCT6, STM32G471CCU6, STM32G471CET3, STM32G471CET6, STM32G471CEU3, STM32G471CEU6, STM32G471MCT6, STM32G471MET3, STM32G471MET6, STM32G471MEY6TR, STM32G471QCT6, STM32G471QET3, STM32G471RCT6, STM32G471RET3, STM32G471RET6, STM32G471VCH6, STM32G471VCI6, STM32G471VCT6, STM32G471VEH3, STM32G471VEH6, STM32G471VEI3, STM32G471VEI6, STM32G471VET3, STM32G471VET6, STM32G473QET3Z, STM32G473RET3Z, STM32G474CCT6, STM32G491RET3Z, STM32H503CBT6, STM32H503CBU6, STM32H503EBY6TR, STM32H503KBU6, STM32H503RBT6, STM32H523CCT6, STM32H523CCU6, STM32H523CET6, STM32H523CEU6, STM32H523HEY6TR, STM32H523RCT6, STM32H523RET6, STM32H523VCI6, STM32H523VCT6, STM32H523VEI6, STM32H523VET6, STM32H523ZCJ6, STM32H523ZCT6, STM32H523ZEJ6, STM32H523ZET6, STM32H533CET6, STM32H533CEU6, STM32H533HEY6TR, STM32H533RET6, STM32H533VEI6, STM32H533VET6, STM32H533ZEJ6, STM32H533ZET6, STM32H562AGI6, STM32H562AII6, STM32H562IGK6, STM32H562IGT6, STM32H562IIK6, STM32H562IIT6, STM32H562RGT6, STM32H562RGV6, STM32H562RIT6, STM32H562RIV6, STM32H562VGT6, STM32H562VIT6, STM32H562ZGT6, STM32H562ZIT6, STM32H563AGI6, STM32H563AII3Q, STM32H563AII6, STM32H563IGK6, STM32H563IGT6, STM32H563IIK3Q, STM32H563IIK6, STM32H563IIT3Q, STM32H563IIT6, STM32H563MIY3QTR, STM32H563RGT6, STM32H563RGV6, STM32H563RIT6, STM32H563RIV6, STM32H563VGT6, STM32H563VIT3Q, STM32H563VIT6, STM32H563ZGT6, STM32H563ZIT3Q, STM32H563ZIT6, STM32H573AII3Q, STM32H573AII6, STM32H573I-DK, STM32H573IIK3Q, STM32H573IIK6, STM32H573IIT3Q, STM32H573IIT6, STM32H573MIY3QTR, STM32H573RIT6, STM32H573RIV6, STM32H573VIT3Q, STM32H573VIT6, STM32H573ZIT3Q, STM32H573ZIT6, STM32H7R3A8I6, STM32H7R3I8K6, STM32H7R3I8T6, STM32H7R3L8H6, STM32H7R3L8H6H, STM32H7R3R8V6, STM32H7R3V8H6, STM32H7R3V8T6, STM32H7R3V8Y6TR, STM32H7R3Z8J6, STM32H7R3Z8T6, STM32H7R7A8I6, STM32H7R7I8K6, STM32H7R7I8T6, STM32H7R7L8H6, STM32H7R7L8H6H, STM32H7R7Z8J6, STM32H7S3A8I6, STM32H7S3I8K6, STM32H7S3I8T6, STM32H7S3L8H6, STM32H7S3L8H6H, STM32H7S3R8V6, STM32H7S3V8H6, STM32H7S3V8T6, STM32H7S3V8Y6TR, STM32H7S3Z8J6, STM32H7S3Z8T6, STM32H7S78-DK, STM32H7S7A8I6, STM32H7S7I8K6, STM32H7S7I8T6, STM32H7S7L8H6, STM32H7S7L8H6H, STM32H7S7Z8J6, STM32L4R5QGI6STR, STM32MP131AAE3, STM32MP131AAF3, STM32MP131AAG3, STM32MP131CAE3, STM32MP131CAF3, STM32MP131CAG3, STM32MP131DAE7, STM32MP131DAF7, STM32MP131DAG7, STM32MP131FAE7, STM32MP131FAF7, STM32MP131FAG7, STM32MP133AAE3, STM32MP133AAF3, STM32MP133AAG3, STM32MP133CAE3, STM32MP133CAF3, STM32MP133CAG3, STM32MP133DAE7, STM32MP133DAF7, STM32MP133DAG7, STM32MP133FAE7, STM32MP133FAF7, STM32MP133FAG7, STM32MP135AAE3, STM32MP135AAF3, STM32MP135AAG3, STM32MP135CAE3, STM32MP135CAF3, STM32MP135CAG3, STM32MP135DAE7, STM32MP135DAF7, STM32MP135DAG7, STM32MP135F-DK, STM32MP135FAE7, STM32MP135FAF7, STM32MP135FAF7T, STM32MP135FAF7U, STM32MP135FAG7, STM32MP211AAL3, STM32MP211AAM3, STM32MP211AAN3, STM32MP211AAO3, STM32MP211CAL3, STM32MP211CAM3, STM32MP211CAN3, STM32MP211CAO3, STM32MP211DAL3, STM32MP211DAM3, STM32MP211DAN3, STM32MP211DAO3, STM32MP211FAL3, STM32MP211FAM3, STM32MP211FAN3, STM32MP211FAO3, STM32MP213AAL3, STM32MP213AAM3, STM32MP213AAN3, STM32MP213AAO3, STM32MP213CAL3, STM32MP213CAM3, STM32MP213CAN3, STM32MP213CAO3, STM32MP213DAL3, STM32MP213DAM3, STM32MP213DAN3, STM32MP213DAO3, STM32MP213FAL3, STM32MP213FAM3, STM32MP213FAN3, STM32MP213FAO3, STM32MP215AAL3, STM32MP215AAM3, STM32MP215AAN3, STM32MP215AAO3, STM32MP215CAL3, STM32MP215CAM3, STM32MP215CAN3, STM32MP215CAO3, STM32MP215DAL3, STM32MP215DAM3, STM32MP215DAN3, STM32MP215DAO3, STM32MP215F-DK, STM32MP215FAL3, STM32MP215FAM3, STM32MP215FAN3, STM32MP215FAO3, STM32MP231AAJ3, STM32MP231AAK3, STM32MP231AAL3, STM32MP231CAJ3, STM32MP231CAK3, STM32MP231CAL3, STM32MP231DAJ3, STM32MP231DAK3, STM32MP231DAL3, STM32MP231FAJ3, STM32MP231FAK3, STM32MP231FAL3, STM32MP233AAJ3, STM32MP233AAK3, STM32MP233AAL3, STM32MP233CAJ3, STM32MP233CAK3, STM32MP233CAL3, STM32MP233DAJ3, STM32MP233DAK3, STM32MP233DAL3, STM32MP233FAJ3, STM32MP233FAK3, STM32MP233FAL3, STM32MP235AAJ3, STM32MP235AAK3, STM32MP235AAL3, STM32MP235CAJ3, STM32MP235CAK3, STM32MP235CAL3, STM32MP235DAJ3, STM32MP235DAK3, STM32MP235DAL3, STM32MP235FAJ3, STM32MP235FAK3, STM32MP235FAL3, STM32MP251AAI3, STM32MP251AAK3, STM32MP251AAL3, STM32MP251CAI3, STM32MP251CAK3, STM32MP251CAL3, STM32MP251DAI3, STM32MP251DAK3, STM32MP251DAL3, STM32MP251FAI3, STM32MP251FAK3, STM32MP251FAL3, STM32MP253AAI3, STM32MP253AAK3, STM32MP253AAL3, STM32MP253CAI3, STM32MP253CAK3, STM32MP253CAL3, STM32MP253DAI3, STM32MP253DAK3, STM32MP253DAL3, STM32MP253FAI3, STM32MP253FAK3, STM32MP253FAL3, STM32MP255AAI3, STM32MP255AAK3, STM32MP255AAL3, STM32MP255CAI3, STM32MP255CAK3, STM32MP255CAL3, STM32MP255DAI3, STM32MP255DAK3, STM32MP255DAL3, STM32MP255FAI3, STM32MP255FAK3, STM32MP255FAL3, STM32MP257AAI3, STM32MP257AAK3, STM32MP257AAL3, STM32MP257CAI3, STM32MP257CAK3, STM32MP257CAL3, STM32MP257DAI3, STM32MP257DAK3, STM32MP257DAL3, STM32MP257F-DK, STM32MP257F-EV1, STM32MP257FAI3, STM32MP257FAK3, STM32MP257FAL3, STM32N645A0H3Q, STM32N645B0H3Q, STM32N645I0H3Q, STM32N645L0H3Q, STM32N645X0H3Q, STM32N645Z0H3Q, STM32N647A0H3Q, STM32N647B0H3Q, STM32N647I0H3Q, STM32N647L0H3Q, STM32N647X0H3Q, STM32N647Z0H3Q, STM32N655A0H3Q, STM32N655B0H3Q, STM32N655I0H3Q, STM32N655L0H3Q, STM32N655X0H3Q, STM32N655Z0H3Q, STM32N6570-DK, STM32N657A0H3Q, STM32N657B0H3Q, STM32N657I0H3Q, STM32N657L0H3Q, STM32N657X0H3Q, STM32N657Z0H3Q, STM32U031C6T6, STM32U031C6U6, STM32U031C8T6, STM32U031C8U6, STM32U031F4P6, STM32U031F6P6, STM32U031F8P6, STM32U031G6Y6TR, STM32U031G8Y6TR, STM32U031K4U6, STM32U031K6U6, STM32U031K8U6, STM32U031R6I6, STM32U031R6T6, STM32U031R8I6, STM32U031R8T6, STM32U073C8T6, STM32U073C8U6, STM32U073CBT6, STM32U073CBU6, STM32U073CCT6, STM32U073CCU6, STM32U073H8Y6TR, STM32U073HBY6TR, STM32U073HCY6TR, STM32U073K8U6, STM32U073KBU6, STM32U073KCU6, STM32U073M8I6, STM32U073M8T6, STM32U073MBI6, STM32U073MBT6, STM32U073MCI6, STM32U073MCT6, STM32U073R8I6, STM32U073R8T6, STM32U073RBI6, STM32U073RBT6, STM32U073RCI6, STM32U073RCT6, STM32U083C-DK, STM32U083CCT6, STM32U083CCU6, STM32U083HCY6TR, STM32U083KCU6, STM32U083MCI6, STM32U083MCT6, STM32U083RCI6, STM32U083RCT6, STM32U375CET6, STM32U375CET6Q, STM32U375CEU6, STM32U375CEU6Q, STM32U375CEY6QTR, STM32U375CGT6, STM32U375CGT6Q, STM32U375CGU6, STM32U375CGU6Q, STM32U375CGY6QTR, STM32U375KEU6, STM32U375KGU6, STM32U375REI6, STM32U375REI6Q, STM32U375RET6, STM32U375RET6Q, STM32U375REY6GTR, STM32U375REY6QTR, STM32U375RGI6, STM32U375RGI6Q, STM32U375RGT6, STM32U375RGT6Q, STM32U375RGY6GTR, STM32U375RGY6QTR, STM32U375VEI6, STM32U375VEI6Q, STM32U375VET6, STM32U375VET6Q, STM32U375VGI6, STM32U375VGI6Q, STM32U375VGT6, STM32U375VGT6Q, STM32U385CGT6, STM32U385CGT6Q, STM32U385CGU6, STM32U385CGU6Q, STM32U385CGY6QTR, STM32U385KGU6, STM32U385RGI6, STM32U385RGI6Q, STM32U385RGT6, STM32U385RGT6Q, STM32U385RGY6GTR, STM32U385RGY6QTR, STM32U385VGI6, STM32U385VGI6Q, STM32U385VGT6, STM32U385VGT6Q, STM32U535CBT6, STM32U535CBT6Q, STM32U535CBU6, STM32U535CBU6Q, STM32U535CCT6, STM32U535CCT6Q, STM32U535CCU6, STM32U535CCU6Q, STM32U535CET6, STM32U535CET6Q, STM32U535CEU6, STM32U535CEU6Q, STM32U535JEY6QTR, STM32U535NCY6QTR, STM32U535NEY6QTR, STM32U535RBI6, STM32U535RBI6Q, STM32U535RBT6, STM32U535RBT6Q, STM32U535RCI6, STM32U535RCI6Q, STM32U535RCT6, STM32U535RCT6Q, STM32U535REI6, STM32U535REI6Q, STM32U535RET6, STM32U535RET6Q, STM32U535VCI6, STM32U535VCI6Q, STM32U535VCT6, STM32U535VCT6Q, STM32U535VEI6, STM32U535VEI6Q, STM32U535VET6, STM32U535VET6Q, STM32U545CET6, STM32U545CET6Q, STM32U545CEU6, STM32U545CEU6Q, STM32U545JEY6QTR, STM32U545NEY6QTR, STM32U545REI6, STM32U545REI6Q, STM32U545RET6, STM32U545RET6Q, STM32U545VEI6, STM32U545VEI6Q, STM32U545VET6, STM32U545VET6Q, STM32U595AIH6, STM32U595AIH6Q, STM32U595AJH6, STM32U595AJH6Q, STM32U595QII6, STM32U595QII6Q, STM32U595QJI6, STM32U595QJI6Q, STM32U595RIT6, STM32U595RIT6Q, STM32U595RJT6, STM32U595RJT6Q, STM32U595VIT6, STM32U595VIT6Q, STM32U595VJT6, STM32U595VJT6Q, STM32U595ZIT6, STM32U595ZIT6Q, STM32U595ZIY6QTR, STM32U595ZJT6, STM32U595ZJT6Q, STM32U595ZJY6QTR, STM32U599BJY6QTR, STM32U599NIH6Q, STM32U599NJH6Q, STM32U599VIT6Q, STM32U599VJT6, STM32U599VJT6Q, STM32U599ZIT6Q, STM32U599ZIY6QTR, STM32U599ZJT6Q, STM32U599ZJY6QTR, STM32U5A5AJH6, STM32U5A5AJH6Q, STM32U5A5QII3Q , STM32U5A5QJI6, STM32U5A5QJI6Q, STM32U5A5RJT6, STM32U5A5RJT6Q, STM32U5A5VJT6, STM32U5A5VJT6Q, STM32U5A5ZJT6, STM32U5A5ZJT6Q, STM32U5A5ZJY6QTR, STM32U5A9BJY6QTR, STM32U5A9J-DK, STM32U5A9NJH6Q, STM32U5A9VJT6Q, STM32U5A9ZJT6Q, STM32U5A9ZJY6QTR, STM32U5F7VIT6, STM32U5F7VIT6Q, STM32U5F7VJT6, STM32U5F7VJT6Q, STM32U5F9BJY6QTR, STM32U5F9NJH6Q, STM32U5F9VIT6Q, STM32U5F9VJT6Q, STM32U5F9ZIJ6QTR, STM32U5F9ZIT6Q, STM32U5F9ZJJ6QTR, STM32U5F9ZJT6Q, STM32U5G7VJT6, STM32U5G7VJT6Q, STM32U5G9BJY6QTR, STM32U5G9J-DK1, STM32U5G9J-DK2, STM32U5G9NJH6Q, STM32U5G9VJT6Q, STM32U5G9ZJJ6QTR, STM32U5G9ZJT6Q, STM32WB05KZV6TR, STM32WB05KZV7TR, STM32WB05TZF6TR, STM32WB05TZF7TR, STM32WB06CCF6TR, STM32WB06CCF7TR, STM32WB06CCV6TR, STM32WB06CCV7TR, STM32WB06KCV6TR, STM32WB06KCV7TR, STM32WB07CCF6TR, STM32WB07CCF7TR, STM32WB07CCV6TR, STM32WB07CCV7TR, STM32WB07KCV6TR, STM32WB07KCV7TR, STM32WB09KEV6TR, STM32WB09KEV7TR, STM32WB09TEF6TR, STM32WB09TEF7TR, STM32WB1MMCH6, STM32WBA50KGU6, STM32WBA50KGU6TR, STM32WBA52CEU6, STM32WBA52CEU6TR, STM32WBA52CEU7, STM32WBA52CEU7TR, STM32WBA52CGU6, STM32WBA52CGU6TR, STM32WBA52CGU6U, STM32WBA52CGU7, STM32WBA52CGU7TR, STM32WBA52KEU6, STM32WBA52KEU6TR, STM32WBA52KGU6, STM32WBA52KGU6TR, STM32WBA54CEU6, STM32WBA54CEU6TR, STM32WBA54CEU7, STM32WBA54CEU7TR, STM32WBA54CGU6, STM32WBA54CGU6TR, STM32WBA54CGU7, STM32WBA54CGU7TR, STM32WBA54KEU6, STM32WBA54KEU6TR, STM32WBA54KEU7, STM32WBA54KEU7TR, STM32WBA54KGU6, STM32WBA54KGU6TR, STM32WBA54KGU7, STM32WBA54KGU7TR, STM32WBA55CEU6, STM32WBA55CEU6TR, STM32WBA55CEU7, STM32WBA55CEU7TR, STM32WBA55CGU6, STM32WBA55CGU6TR, STM32WBA55CGU6U, STM32WBA55CGU7, STM32WBA55CGU7TR, STM32WBA55G-DK1, STM32WBA55HEF6, STM32WBA55HEF7, STM32WBA55HGF6, STM32WBA55HGF7, STM32WBA55UEI6, STM32WBA55UEI6TR, STM32WBA55UEI7, STM32WBA55UEI7TR, STM32WBA55UGI6, STM32WBA55UGI6TR, STM32WBA55UGI7, STM32WBA55UGI7TR, STM32WBA5MMGH6TR, STM32WBA62MGF6, STM32WBA62MIF6, STM32WBA65MGF7, STM32WBA65MIF6, STM32WBA65MIF7, STM32WL30K8V6, STM32WL30KBV6, STM32WL31C8V6, STM32WL31CBV6, STM32WL31K8V6, STM32WL31KBV6, STM32WL33C8V6, STM32WL33C8V6X, STM32WL33CBV6, STM32WL33CBV6X, STM32WL33CCV6, STM32WL33CCV6A, STM32WL33CCV6X, STM32WL33K8V7, STM32WL33K8V7X, STM32WL33KBV7 , STM32WL33KBV7X, STM32WL33KCV7, STM32WL33KCV7X, STM32WL5MOCH6, STM32WL5MOCH6TR]
2026-02-12 11:53:02,475 [INFO] DbMcus:218 - Found 4876 MCUs, 4876 are supported
2026-02-12 11:53:02,475 [INFO] ApiDb:423 - Load user favorites file C:\Users\Hemanth Madu/.stm32cubeide/favorites.mcus.txt: 0 item(s)
2026-02-12 11:53:02,476 [INFO] ApiDb:427 - User favorites MCUs=[]
2026-02-12 11:53:02,476 [INFO] DbMcus:224 - Set 0 / 0 favorites MCUs
2026-02-12 11:53:03,063 [INFO] ApiDb:448 - Save user favorites file C:\Users\Hemanth Madu/.stm32cubeide/favorites.boards.txt: 0 item(s)
2026-02-12 11:53:03,063 [INFO] ApiDb:452 - User favorites Boards=[]
2026-02-12 11:53:03,065 [INFO] ApiDb:581 - Connected to CubeFinder SQLite database (C:\Users\Hemanth Madu\.stmcufinder\plugins\mcufinder\mcu\cube-finder-db.db)
2026-02-12 11:53:03,160 [INFO] ApiDb:668 - CubeFinder database Data Model version=2.1
2026-02-12 11:53:03,160 [INFO] ApiDb:669 - CubeFinder database Configuration version=3.0.39
2026-02-12 11:53:03,160 [INFO] ApiDb:670 - CubeFinder database generation date=2025-12-22 (1766407740)
2026-02-12 11:53:03,160 [INFO] ApiDb:671 - CubeFinder database FW Pack versions=[FP-ATR-ASTRA1_V2.0.0, FP-SNS-FLIGHT1_V5.1.0, FP-SNS-MOTENV1_V5.1.0, FP-SNS-MOTENVWB1_V1.4.0, FP-SNS-SMARTAG2_V1.2.0, FP-SNS-STBOX1_V2.1.0, STM32Cube_FW_C0_V1.4.0, STM32Cube_FW_F4_V1.28.3, STM32Cube_FW_F7_V1.17.4, STM32Cube_FW_G0_V1.6.2, STM32Cube_FW_G4_V1.6.1, STM32Cube_FW_H5_V1.5.1, STM32Cube_FW_H7RS_V1.3.0, STM32Cube_FW_H7_V1.12.1, STM32Cube_FW_L0_V1.12.2, STM32Cube_FW_L4_V1.18.1, STM32Cube_FW_L5_V1.6.0, STM32Cube_FW_N6_V1.3.0, STM32Cube_FW_U0_V1.3.0, STM32Cube_FW_U3_V1.2.1, STM32Cube_FW_U5_V1.8.0, STM32Cube_FW_WB0_V1.4.0, STM32Cube_FW_WBA_V1.8.0, STM32Cube_FW_WB_V1.24.0, STM32Cube_FW_WL3_V1.3.0, STM32Cube_FW_WL_V1.4.0, X-CUBE-ALGOBUILD_V1.4.0, X-CUBE-ALS_V1.0.2, X-CUBE-AZRTOS-F4_V1.1.0, X-CUBE-AZRTOS-F7_V1.1.0, X-CUBE-AZRTOS-G0_V1.1.0, X-CUBE-AZRTOS-G4_V2.0.0, X-CUBE-AZRTOS-H7RS_V1.1.0, X-CUBE-AZRTOS-H7_V3.4.0, X-CUBE-AZRTOS-L4_V2.0.0, X-CUBE-AZRTOS-L5_V2.0.0, X-CUBE-AZRTOS-WB_V2.0.0, X-CUBE-AZRTOS-WL_V2.0.0, X-CUBE-BLE1_V7.1.0, X-CUBE-BLE2_V3.3.0, X-CUBE-BLEMGR_V4.1.0, X-CUBE-EEPRMA1_V5.2.0, X-CUBE-FREERTOS_V1.3.1, X-CUBE-GNSS1_V6.0.0, X-CUBE-MEMS1_V12.0.0, X-CUBE-NFC4_V3.0.0, X-CUBE-NFC7_V2.0.0, X-CUBE-SFXS2LP1_V4.0.0, X-CUBE-ST67W61_V1.1.0, X-CUBE-SUBG2_V5.0.0, X-CUBE-TOF1_V3.4.3]
2026-02-12 11:53:03,215 [INFO] DbBoardsSqlite:226 - include board P-NUCLEO-WB55-NUCLEO as a kit item of type 'Nucleo-64'
2026-02-12 11:53:03,215 [INFO] DbBoardsSqlite:226 - include board P-NUCLEO-WB55-USBDONGLE as a kit item of type 'Nucleo USB Dongle'
2026-02-12 11:53:03,215 [INFO] DbBoardsSqlite:226 - include board STEVAL-IDP005V1 as a kit item of type 'Evaluation Board'
2026-02-12 11:53:03,215 [INFO] DbBoardsSqlite:226 - include board STEVAL-IDP005V2 as a kit item of type 'Evaluation Board'
2026-02-12 11:53:03,290 [INFO] ApiDb:240 - Found 880 in-development CPN: [B-G473E-ZEST1S, B-WB1M-WPAN1, B-WBA5M-WPAN, B-WL5M-SUBG1, NUCLEO-C031C6, NUCLEO-C051C8, NUCLEO-C071RB, NUCLEO-C092RC, NUCLEO-H503RB, NUCLEO-H533RE, NUCLEO-H563ZI, NUCLEO-H7S3L8, NUCLEO-N657X0-Q, NUCLEO-U031R8, NUCLEO-U083RC, NUCLEO-U385RG-Q, NUCLEO-U545RE-Q, NUCLEO-U5A5ZJ-Q, NUCLEO-WB05KZ, NUCLEO-WB07CC, NUCLEO-WB09KE, NUCLEO-WBA52CG, NUCLEO-WBA55CG, NUCLEO-WL33CC1, NUCLEO-WL33CC2, STEVAL-PROTEUS1, STEVAL-SMARTAG2, STEVAL-STWINBX1, STM320518-EVAL, STM32C0116-DK, STM32C011D6Y3TR, STM32C011D6Y6TR, STM32C011F4P3, STM32C011F4P6, STM32C011F4U3, STM32C011F4U6TR, STM32C011F6P3, STM32C011F6P6, STM32C011F6U3, STM32C011F6U6TR, STM32C011J4M3, STM32C011J4M6, STM32C011J6M3, STM32C011J6M6, STM32C0316-DK, STM32C031C4T3, STM32C031C4T6, STM32C031C4U3, STM32C031C4U6, STM32C031C6T3, STM32C031C6T6, STM32C031C6U3, STM32C031C6U6, STM32C031F4P3, STM32C031F4P6, STM32C031F6P3, STM32C031F6P6, STM32C031G4U3, STM32C031G4U6, STM32C031G6U3, STM32C031G6U6, STM32C031K4T3, STM32C031K4T6, STM32C031K4U3, STM32C031K4U6, STM32C031K6T3, STM32C031K6T6, STM32C031K6U3, STM32C031K6U6, STM32C051C6T6, STM32C051C6U6, STM32C051C8T6, STM32C051C8U6, STM32C051D8Y6TR, STM32C051F6P6, STM32C051F8P6, STM32C051G6U6, STM32C051G8U6, STM32C051K6T6, STM32C051K6U6, STM32C051K8T6, STM32C071C8T6, STM32C071C8T6N, STM32C071C8U6, STM32C071C8U6N, STM32C071CBT6, STM32C071CBT6N, STM32C071CBU6, STM32C071CBU6N, STM32C071F8P6, STM32C071F8P6N, STM32C071FBP6, STM32C071FBP6N, STM32C071FBY6TR, STM32C071G8U6, STM32C071G8U6N, STM32C071GBU6, STM32C071GBU6N, STM32C071K8T6, STM32C071K8T6N, STM32C071K8U6, STM32C071K8U6N, STM32C071KBT6, STM32C071KBT6N, STM32C071KBU6, STM32C071KBU6N, STM32C071R8T6, STM32C071R8T6N, STM32C071RBI6N, STM32C071RBT6, STM32C071RBT6N, STM32C091CBT6, STM32C091CBU6, STM32C091CCT6, STM32C091CCU6, STM32C091ECY6TR, STM32C091FBP6, STM32C091FCP6, STM32C091GBU6, STM32C091GCU6, STM32C091KBT6, STM32C091KBU6, STM32C091KCT6, STM32C091KCU6, STM32C091RBT6, STM32C091RCI6, STM32C091RCT6, STM32C092CBT6, STM32C092CBU6, STM32C092CCT6, STM32C092CCU6, STM32C092ECY6TR, STM32C092FBP6, STM32C092FCP6, STM32C092GBU6, STM32C092GCU6, STM32C092KBT6, STM32C092KBU6, STM32C092KCT6, STM32C092KCU6, STM32C092RBT6, STM32C092RCI6, STM32C092RCT6, STM32G071K8TXN, STM32G071K8UXN, STM32G081GBU6N, STM32G081KBT6N, STM32G081KBUXN, STM32G0B1CCT6N, STM32G0B1KCT6, STM32G0B1NEY6TR, STM32G0B1RCT6N, STM32G0C1CCT6, STM32G0C1CCT6N, STM32G0C1CCU6N, STM32G0C1CET6N, STM32G0C1CEU6N, STM32G0C1KCT6, STM32G0C1NEY6TR, STM32G0C1RCI6N, STM32G0C1RCT6N, STM32G0C1REI6N, STM32G0C1RET6N, STM32G0C1VCI6, STM32G0C1VEI6, STM32G411C6T3, STM32G411C6T6, STM32G411C6U3, STM32G411C6U6, STM32G411C8T3, STM32G411C8T6, STM32G411C8U3, STM32G411C8U6, STM32G411CBT3, STM32G411CBT6, STM32G411CBU3, STM32G411CBU6, STM32G411K6T3, STM32G411K6T6, STM32G411K6U3, STM32G411K6U6, STM32G411K8T3, STM32G411K8T6, STM32G411K8U3, STM32G411K8U6, STM32G411KBT3, STM32G411KBT6, STM32G411KBU3, STM32G411KBU6, STM32G411M6T3, STM32G411M6T6, STM32G411M8T3, STM32G411M8T6, STM32G411MBT3, STM32G411MBT6, STM32G411R6T3, STM32G411R6T6, STM32G411R8T3, STM32G411R8T6, STM32G411RBT3, STM32G411RBT6, STM32G414CBT3, STM32G414CBT6, STM32G414CBU3, STM32G414CBU6, STM32G414CCT3, STM32G414CCT6, STM32G414CCU3, STM32G414CCU6, STM32G414MBT3, STM32G414MBT6, STM32G414MCT3, STM32G414MCT6, STM32G414RBT3, STM32G414RBT6, STM32G414RCT3, STM32G414RCT6, STM32G414VBT3, STM32G414VBT6, STM32G414VCT3, STM32G414VCT6, STM32G431CBT3Z, STM32G431RBT3Z, STM32G471CCT6, STM32G471CCU6, STM32G471CET3, STM32G471CET6, STM32G471CEU3, STM32G471CEU6, STM32G471MCT6, STM32G471MET3, STM32G471MET6, STM32G471MEY6TR, STM32G471QCT6, STM32G471QET3, STM32G471RCT6, STM32G471RET3, STM32G471RET6, STM32G471VCH6, STM32G471VCI6, STM32G471VCT6, STM32G471VEH3, STM32G471VEH6, STM32G471VEI3, STM32G471VEI6, STM32G471VET3, STM32G471VET6, STM32G473QET3Z, STM32G473RET3Z, STM32G474CCT6, STM32G491RET3Z, STM32H503CBT6, STM32H503CBU6, STM32H503EBY6TR, STM32H503KBU6, STM32H503RBT6, STM32H523CCT6, STM32H523CCU6, STM32H523CET6, STM32H523CEU6, STM32H523HEY6TR, STM32H523RCT6, STM32H523RET6, STM32H523VCI6, STM32H523VCT6, STM32H523VEI6, STM32H523VET6, STM32H523ZCJ6, STM32H523ZCT6, STM32H523ZEJ6, STM32H523ZET6, STM32H533CET6, STM32H533CEU6, STM32H533HEY6TR, STM32H533RET6, STM32H533VEI6, STM32H533VET6, STM32H533ZEJ6, STM32H533ZET6, STM32H562AGI6, STM32H562AII6, STM32H562IGK6, STM32H562IGT6, STM32H562IIK6, STM32H562IIT6, STM32H562RGT6, STM32H562RGV6, STM32H562RIT6, STM32H562RIV6, STM32H562VGT6, STM32H562VIT6, STM32H562ZGT6, STM32H562ZIT6, STM32H563AGI6, STM32H563AII3Q, STM32H563AII6, STM32H563IGK6, STM32H563IGT6, STM32H563IIK3Q, STM32H563IIK6, STM32H563IIT3Q, STM32H563IIT6, STM32H563MIY3QTR, STM32H563RGT6, STM32H563RGV6, STM32H563RIT6, STM32H563RIV6, STM32H563VGT6, STM32H563VIT3Q, STM32H563VIT6, STM32H563ZGT6, STM32H563ZIT3Q, STM32H563ZIT6, STM32H573AII3Q, STM32H573AII6, STM32H573I-DK, STM32H573IIK3Q, STM32H573IIK6, STM32H573IIT3Q, STM32H573IIT6, STM32H573MIY3QTR, STM32H573RIT6, STM32H573RIV6, STM32H573VIT3Q, STM32H573VIT6, STM32H573ZIT3Q, STM32H573ZIT6, STM32H7R3A8I6, STM32H7R3I8K6, STM32H7R3I8T6, STM32H7R3L8H6, STM32H7R3L8H6H, STM32H7R3R8V6, STM32H7R3V8H6, STM32H7R3V8T6, STM32H7R3V8Y6TR, STM32H7R3Z8J6, STM32H7R3Z8T6, STM32H7R7A8I6, STM32H7R7I8K6, STM32H7R7I8T6, STM32H7R7L8H6, STM32H7R7L8H6H, STM32H7R7Z8J6, STM32H7S3A8I6, STM32H7S3I8K6, STM32H7S3I8T6, STM32H7S3L8H6, STM32H7S3L8H6H, STM32H7S3R8V6, STM32H7S3V8H6, STM32H7S3V8T6, STM32H7S3V8Y6TR, STM32H7S3Z8J6, STM32H7S3Z8T6, STM32H7S78-DK, STM32H7S7A8I6, STM32H7S7I8K6, STM32H7S7I8T6, STM32H7S7L8H6, STM32H7S7L8H6H, STM32H7S7Z8J6, STM32L4R5QGI6STR, STM32MP131AAE3, STM32MP131AAF3, STM32MP131AAG3, STM32MP131CAE3, STM32MP131CAF3, STM32MP131CAG3, STM32MP131DAE7, STM32MP131DAF7, STM32MP131DAG7, STM32MP131FAE7, STM32MP131FAF7, STM32MP131FAG7, STM32MP133AAE3, STM32MP133AAF3, STM32MP133AAG3, STM32MP133CAE3, STM32MP133CAF3, STM32MP133CAG3, STM32MP133DAE7, STM32MP133DAF7, STM32MP133DAG7, STM32MP133FAE7, STM32MP133FAF7, STM32MP133FAG7, STM32MP135AAE3, STM32MP135AAF3, STM32MP135AAG3, STM32MP135CAE3, STM32MP135CAF3, STM32MP135CAG3, STM32MP135DAE7, STM32MP135DAF7, STM32MP135DAG7, STM32MP135F-DK, STM32MP135FAE7, STM32MP135FAF7, STM32MP135FAF7T, STM32MP135FAF7U, STM32MP135FAG7, STM32MP211AAL3, STM32MP211AAM3, STM32MP211AAN3, STM32MP211AAO3, STM32MP211CAL3, STM32MP211CAM3, STM32MP211CAN3, STM32MP211CAO3, STM32MP211DAL3, STM32MP211DAM3, STM32MP211DAN3, STM32MP211DAO3, STM32MP211FAL3, STM32MP211FAM3, STM32MP211FAN3, STM32MP211FAO3, STM32MP213AAL3, STM32MP213AAM3, STM32MP213AAN3, STM32MP213AAO3, STM32MP213CAL3, STM32MP213CAM3, STM32MP213CAN3, STM32MP213CAO3, STM32MP213DAL3, STM32MP213DAM3, STM32MP213DAN3, STM32MP213DAO3, STM32MP213FAL3, STM32MP213FAM3, STM32MP213FAN3, STM32MP213FAO3, STM32MP215AAL3, STM32MP215AAM3, STM32MP215AAN3, STM32MP215AAO3, STM32MP215CAL3, STM32MP215CAM3, STM32MP215CAN3, STM32MP215CAO3, STM32MP215DAL3, STM32MP215DAM3, STM32MP215DAN3, STM32MP215DAO3, STM32MP215F-DK, STM32MP215FAL3, STM32MP215FAM3, STM32MP215FAN3, STM32MP215FAO3, STM32MP231AAJ3, STM32MP231AAK3, STM32MP231AAL3, STM32MP231CAJ3, STM32MP231CAK3, STM32MP231CAL3, STM32MP231DAJ3, STM32MP231DAK3, STM32MP231DAL3, STM32MP231FAJ3, STM32MP231FAK3, STM32MP231FAL3, STM32MP233AAJ3, STM32MP233AAK3, STM32MP233AAL3, STM32MP233CAJ3, STM32MP233CAK3, STM32MP233CAL3, STM32MP233DAJ3, STM32MP233DAK3, STM32MP233DAL3, STM32MP233FAJ3, STM32MP233FAK3, STM32MP233FAL3, STM32MP235AAJ3, STM32MP235AAK3, STM32MP235AAL3, STM32MP235CAJ3, STM32MP235CAK3, STM32MP235CAL3, STM32MP235DAJ3, STM32MP235DAK3, STM32MP235DAL3, STM32MP235FAJ3, STM32MP235FAK3, STM32MP235FAL3, STM32MP251AAI3, STM32MP251AAK3, STM32MP251AAL3, STM32MP251CAI3, STM32MP251CAK3, STM32MP251CAL3, STM32MP251DAI3, STM32MP251DAK3, STM32MP251DAL3, STM32MP251FAI3, STM32MP251FAK3, STM32MP251FAL3, STM32MP253AAI3, STM32MP253AAK3, STM32MP253AAL3, STM32MP253CAI3, STM32MP253CAK3, STM32MP253CAL3, STM32MP253DAI3, STM32MP253DAK3, STM32MP253DAL3, STM32MP253FAI3, STM32MP253FAK3, STM32MP253FAL3, STM32MP255AAI3, STM32MP255AAK3, STM32MP255AAL3, STM32MP255CAI3, STM32MP255CAK3, STM32MP255CAL3, STM32MP255DAI3, STM32MP255DAK3, STM32MP255DAL3, STM32MP255FAI3, STM32MP255FAK3, STM32MP255FAL3, STM32MP257AAI3, STM32MP257AAK3, STM32MP257AAL3, STM32MP257CAI3, STM32MP257CAK3, STM32MP257CAL3, STM32MP257DAI3, STM32MP257DAK3, STM32MP257DAL3, STM32MP257F-DK, STM32MP257F-EV1, STM32MP257FAI3, STM32MP257FAK3, STM32MP257FAL3, STM32N645A0H3Q, STM32N645B0H3Q, STM32N645I0H3Q, STM32N645L0H3Q, STM32N645X0H3Q, STM32N645Z0H3Q, STM32N647A0H3Q, STM32N647B0H3Q, STM32N647I0H3Q, STM32N647L0H3Q, STM32N647X0H3Q, STM32N647Z0H3Q, STM32N655A0H3Q, STM32N655B0H3Q, STM32N655I0H3Q, STM32N655L0H3Q, STM32N655X0H3Q, STM32N655Z0H3Q, STM32N6570-DK, STM32N657A0H3Q, STM32N657B0H3Q, STM32N657I0H3Q, STM32N657L0H3Q, STM32N657X0H3Q, STM32N657Z0H3Q, STM32U031C6T6, STM32U031C6U6, STM32U031C8T6, STM32U031C8U6, STM32U031F4P6, STM32U031F6P6, STM32U031F8P6, STM32U031G6Y6TR, STM32U031G8Y6TR, STM32U031K4U6, STM32U031K6U6, STM32U031K8U6, STM32U031R6I6, STM32U031R6T6, STM32U031R8I6, STM32U031R8T6, STM32U073C8T6, STM32U073C8U6, STM32U073CBT6, STM32U073CBU6, STM32U073CCT6, STM32U073CCU6, STM32U073H8Y6TR, STM32U073HBY6TR, STM32U073HCY6TR, STM32U073K8U6, STM32U073KBU6, STM32U073KCU6, STM32U073M8I6, STM32U073M8T6, STM32U073MBI6, STM32U073MBT6, STM32U073MCI6, STM32U073MCT6, STM32U073R8I6, STM32U073R8T6, STM32U073RBI6, STM32U073RBT6, STM32U073RCI6, STM32U073RCT6, STM32U083C-DK, STM32U083CCT6, STM32U083CCU6, STM32U083HCY6TR, STM32U083KCU6, STM32U083MCI6, STM32U083MCT6, STM32U083RCI6, STM32U083RCT6, STM32U375CET6, STM32U375CET6Q, STM32U375CEU6, STM32U375CEU6Q, STM32U375CEY6QTR, STM32U375CGT6, STM32U375CGT6Q, STM32U375CGU6, STM32U375CGU6Q, STM32U375CGY6QTR, STM32U375KEU6, STM32U375KGU6, STM32U375REI6, STM32U375REI6Q, STM32U375RET6, STM32U375RET6Q, STM32U375REY6GTR, STM32U375REY6QTR, STM32U375RGI6, STM32U375RGI6Q, STM32U375RGT6, STM32U375RGT6Q, STM32U375RGY6GTR, STM32U375RGY6QTR, STM32U375VEI6, STM32U375VEI6Q, STM32U375VET6, STM32U375VET6Q, STM32U375VGI6, STM32U375VGI6Q, STM32U375VGT6, STM32U375VGT6Q, STM32U385CGT6, STM32U385CGT6Q, STM32U385CGU6, STM32U385CGU6Q, STM32U385CGY6QTR, STM32U385KGU6, STM32U385RGI6, STM32U385RGI6Q, STM32U385RGT6, STM32U385RGT6Q, STM32U385RGY6GTR, STM32U385RGY6QTR, STM32U385VGI6, STM32U385VGI6Q, STM32U385VGT6, STM32U385VGT6Q, STM32U535CBT6, STM32U535CBT6Q, STM32U535CBU6, STM32U535CBU6Q, STM32U535CCT6, STM32U535CCT6Q, STM32U535CCU6, STM32U535CCU6Q, STM32U535CET6, STM32U535CET6Q, STM32U535CEU6, STM32U535CEU6Q, STM32U535JEY6QTR, STM32U535NCY6QTR, STM32U535NEY6QTR, STM32U535RBI6, STM32U535RBI6Q, STM32U535RBT6, STM32U535RBT6Q, STM32U535RCI6, STM32U535RCI6Q, STM32U535RCT6, STM32U535RCT6Q, STM32U535REI6, STM32U535REI6Q, STM32U535RET6, STM32U535RET6Q, STM32U535VCI6, STM32U535VCI6Q, STM32U535VCT6, STM32U535VCT6Q, STM32U535VEI6, STM32U535VEI6Q, STM32U535VET6, STM32U535VET6Q, STM32U545CET6, STM32U545CET6Q, STM32U545CEU6, STM32U545CEU6Q, STM32U545JEY6QTR, STM32U545NEY6QTR, STM32U545REI6, STM32U545REI6Q, STM32U545RET6, STM32U545RET6Q, STM32U545VEI6, STM32U545VEI6Q, STM32U545VET6, STM32U545VET6Q, STM32U595AIH6, STM32U595AIH6Q, STM32U595AJH6, STM32U595AJH6Q, STM32U595QII6, STM32U595QII6Q, STM32U595QJI6, STM32U595QJI6Q, STM32U595RIT6, STM32U595RIT6Q, STM32U595RJT6, STM32U595RJT6Q, STM32U595VIT6, STM32U595VIT6Q, STM32U595VJT6, STM32U595VJT6Q, STM32U595ZIT6, STM32U595ZIT6Q, STM32U595ZIY6QTR, STM32U595ZJT6, STM32U595ZJT6Q, STM32U595ZJY6QTR, STM32U599BJY6QTR, STM32U599NIH6Q, STM32U599NJH6Q, STM32U599VIT6Q, STM32U599VJT6, STM32U599VJT6Q, STM32U599ZIT6Q, STM32U599ZIY6QTR, STM32U599ZJT6Q, STM32U599ZJY6QTR, STM32U5A5AJH6, STM32U5A5AJH6Q, STM32U5A5QII3Q , STM32U5A5QJI6, STM32U5A5QJI6Q, STM32U5A5RJT6, STM32U5A5RJT6Q, STM32U5A5VJT6, STM32U5A5VJT6Q, STM32U5A5ZJT6, STM32U5A5ZJT6Q, STM32U5A5ZJY6QTR, STM32U5A9BJY6QTR, STM32U5A9J-DK, STM32U5A9NJH6Q, STM32U5A9VJT6Q, STM32U5A9ZJT6Q, STM32U5A9ZJY6QTR, STM32U5F7VIT6, STM32U5F7VIT6Q, STM32U5F7VJT6, STM32U5F7VJT6Q, STM32U5F9BJY6QTR, STM32U5F9NJH6Q, STM32U5F9VIT6Q, STM32U5F9VJT6Q, STM32U5F9ZIJ6QTR, STM32U5F9ZIT6Q, STM32U5F9ZJJ6QTR, STM32U5F9ZJT6Q, STM32U5G7VJT6, STM32U5G7VJT6Q, STM32U5G9BJY6QTR, STM32U5G9J-DK1, STM32U5G9J-DK2, STM32U5G9NJH6Q, STM32U5G9VJT6Q, STM32U5G9ZJJ6QTR, STM32U5G9ZJT6Q, STM32WB05KZV6TR, STM32WB05KZV7TR, STM32WB05TZF6TR, STM32WB05TZF7TR, STM32WB06CCF6TR, STM32WB06CCF7TR, STM32WB06CCV6TR, STM32WB06CCV7TR, STM32WB06KCV6TR, STM32WB06KCV7TR, STM32WB07CCF6TR, STM32WB07CCF7TR, STM32WB07CCV6TR, STM32WB07CCV7TR, STM32WB07KCV6TR, STM32WB07KCV7TR, STM32WB09KEV6TR, STM32WB09KEV7TR, STM32WB09TEF6TR, STM32WB09TEF7TR, STM32WB1MMCH6, STM32WBA50KGU6, STM32WBA50KGU6TR, STM32WBA52CEU6, STM32WBA52CEU6TR, STM32WBA52CEU7, STM32WBA52CEU7TR, STM32WBA52CGU6, STM32WBA52CGU6TR, STM32WBA52CGU6U, STM32WBA52CGU7, STM32WBA52CGU7TR, STM32WBA52KEU6, STM32WBA52KEU6TR, STM32WBA52KGU6, STM32WBA52KGU6TR, STM32WBA54CEU6, STM32WBA54CEU6TR, STM32WBA54CEU7, STM32WBA54CEU7TR, STM32WBA54CGU6, STM32WBA54CGU6TR, STM32WBA54CGU7, STM32WBA54CGU7TR, STM32WBA54KEU6, STM32WBA54KEU6TR, STM32WBA54KEU7, STM32WBA54KEU7TR, STM32WBA54KGU6, STM32WBA54KGU6TR, STM32WBA54KGU7, STM32WBA54KGU7TR, STM32WBA55CEU6, STM32WBA55CEU6TR, STM32WBA55CEU7, STM32WBA55CEU7TR, STM32WBA55CGU6, STM32WBA55CGU6TR, STM32WBA55CGU6U, STM32WBA55CGU7, STM32WBA55CGU7TR, STM32WBA55G-DK1, STM32WBA55HEF6, STM32WBA55HEF7, STM32WBA55HGF6, STM32WBA55HGF7, STM32WBA55UEI6, STM32WBA55UEI6TR, STM32WBA55UEI7, STM32WBA55UEI7TR, STM32WBA55UGI6, STM32WBA55UGI6TR, STM32WBA55UGI7, STM32WBA55UGI7TR, STM32WBA5MMGH6TR, STM32WBA62MGF6, STM32WBA62MIF6, STM32WBA65MGF7, STM32WBA65MIF6, STM32WBA65MIF7, STM32WL30K8V6, STM32WL30KBV6, STM32WL31C8V6, STM32WL31CBV6, STM32WL31K8V6, STM32WL31KBV6, STM32WL33C8V6, STM32WL33C8V6X, STM32WL33CBV6, STM32WL33CBV6X, STM32WL33CCV6, STM32WL33CCV6A, STM32WL33CCV6X, STM32WL33K8V7, STM32WL33K8V7X, STM32WL33KBV7 , STM32WL33KBV7X, STM32WL33KCV7, STM32WL33KCV7X, STM32WL5MOCH6, STM32WL5MOCH6TR]
2026-02-12 11:53:03,450 [INFO] BoardInfo:889 - No configuration file found for board P-NUCLEO-WB55
2026-02-12 11:53:03,450 [INFO] DbBoards:161 - Kit is not supported: P-NUCLEO-WB55
2026-02-12 11:53:03,454 [INFO] BoardInfo:889 - No configuration file found for board STEVAL-BFA001V1B
2026-02-12 11:53:03,455 [INFO] DbBoards:161 - Kit is not supported: STEVAL-BFA001V1B
2026-02-12 11:53:03,456 [INFO] BoardInfo:889 - No configuration file found for board STEVAL-BFA001V2B
2026-02-12 11:53:03,456 [INFO] DbBoards:161 - Kit is not supported: STEVAL-BFA001V2B
2026-02-12 11:53:03,572 [INFO] DbBoards:168 - Found 212 boards, 209 are supported
2026-02-12 11:53:03,572 [INFO] DbBoards:169 - Found 212 boards, 43 of them is supported for  Bsp
2026-02-12 11:53:03,575 [INFO] ApiDb:423 - Load user favorites file C:\Users\Hemanth Madu/.stm32cubeide/favorites.boards.txt: 0 item(s)
2026-02-12 11:53:03,575 [INFO] ApiDb:427 - User favorites Boards=[]
2026-02-12 11:53:03,575 [INFO] DbBoards:198 - Set 0 / 0 favorites Boards
2026-02-12 11:53:03,649 [INFO] ServerAccessManage:452 - Complete download http(s) 200
2026-02-12 11:53:03,650 [INFO] ServerAccessManage:509 - Download File 
2026-02-12 11:53:03,661 [INFO] LoadUrlFilesThread:185 - End of LoadServerUrlFiles without Thread
2026-02-12 11:53:03,661 [INFO] TargetSelectorAdapter:259 - Refresh data is successful
2026-02-12 11:53:03,666 [INFO] ApiDb:668 - CubeFinder database Data Model version=2.1
2026-02-12 11:53:03,666 [INFO] ApiDb:669 - CubeFinder database Configuration version=3.0.39
2026-02-12 11:53:03,666 [INFO] ApiDb:670 - CubeFinder database generation date=2025-12-22 (1766407740)
2026-02-12 11:53:03,666 [INFO] ApiDb:671 - CubeFinder database FW Pack versions=[FP-ATR-ASTRA1_V2.0.0, FP-SNS-FLIGHT1_V5.1.0, FP-SNS-MOTENV1_V5.1.0, FP-SNS-MOTENVWB1_V1.4.0, FP-SNS-SMARTAG2_V1.2.0, FP-SNS-STBOX1_V2.1.0, STM32Cube_FW_C0_V1.4.0, STM32Cube_FW_F4_V1.28.3, STM32Cube_FW_F7_V1.17.4, STM32Cube_FW_G0_V1.6.2, STM32Cube_FW_G4_V1.6.1, STM32Cube_FW_H5_V1.5.1, STM32Cube_FW_H7RS_V1.3.0, STM32Cube_FW_H7_V1.12.1, STM32Cube_FW_L0_V1.12.2, STM32Cube_FW_L4_V1.18.1, STM32Cube_FW_L5_V1.6.0, STM32Cube_FW_N6_V1.3.0, STM32Cube_FW_U0_V1.3.0, STM32Cube_FW_U3_V1.2.1, STM32Cube_FW_U5_V1.8.0, STM32Cube_FW_WB0_V1.4.0, STM32Cube_FW_WBA_V1.8.0, STM32Cube_FW_WB_V1.24.0, STM32Cube_FW_WL3_V1.3.0, STM32Cube_FW_WL_V1.4.0, X-CUBE-ALGOBUILD_V1.4.0, X-CUBE-ALS_V1.0.2, X-CUBE-AZRTOS-F4_V1.1.0, X-CUBE-AZRTOS-F7_V1.1.0, X-CUBE-AZRTOS-G0_V1.1.0, X-CUBE-AZRTOS-G4_V2.0.0, X-CUBE-AZRTOS-H7RS_V1.1.0, X-CUBE-AZRTOS-H7_V3.4.0, X-CUBE-AZRTOS-L4_V2.0.0, X-CUBE-AZRTOS-L5_V2.0.0, X-CUBE-AZRTOS-WB_V2.0.0, X-CUBE-AZRTOS-WL_V2.0.0, X-CUBE-BLE1_V7.1.0, X-CUBE-BLE2_V3.3.0, X-CUBE-BLEMGR_V4.1.0, X-CUBE-EEPRMA1_V5.2.0, X-CUBE-FREERTOS_V1.3.1, X-CUBE-GNSS1_V6.0.0, X-CUBE-MEMS1_V12.0.0, X-CUBE-NFC4_V3.0.0, X-CUBE-NFC7_V2.0.0, X-CUBE-SFXS2LP1_V4.0.0, X-CUBE-ST67W61_V1.1.0, X-CUBE-SUBG2_V5.0.0, X-CUBE-TOF1_V3.4.3]
2026-02-12 11:53:04,529 [ERROR] DbExamplesSqlite:437 - Missing JSON key: board_cpn
2026-02-12 11:53:04,530 [ERROR] DbExamplesSqlite:437 - Missing JSON key: board_cpn
2026-02-12 11:53:04,530 [ERROR] DbExamplesSqlite:437 - Missing JSON key: board_cpn
2026-02-12 11:53:04,530 [ERROR] DbExamplesSqlite:437 - Missing JSON key: board_cpn
2026-02-12 11:53:04,897 [ERROR] DbExamplesSqlite:437 - Missing JSON key: board_cpn
2026-02-12 11:53:04,898 [ERROR] DbExamplesSqlite:437 - Missing JSON key: board_cpn
2026-02-12 11:53:04,912 [INFO] DbExamplesSqlite:395 - Ignored 42 examples not supported by CubeIDE
2026-02-12 11:53:04,913 [INFO] DbExamplesSqlite:396 - Found 10819 examples active
2026-02-12 11:53:04,913 [INFO] DbExamplesSqlite:397 - Found 0 examples obsolete
2026-02-12 11:53:04,913 [INFO] DbExamplesSqlite:398 - Found 0 examples under development
2026-02-12 11:53:04,913 [INFO] DbExamplesSqlite:399 - Found 85 examples not building
2026-02-12 11:53:04,916 [INFO] DbExamples:125 - Found 10862 examples
2026-02-12 11:53:05,002 [ERROR] DbExamples:208 - Found 73 examples with invalid data (board or MCU)
2026-02-12 11:53:05,002 [INFO] DbExamples:222 - Found 134 boards with related examples
2026-02-12 11:53:05,003 [INFO] DbExamples:235 - Found 111 MCUs with related examples
2026-02-12 11:53:05,044 [INFO] ApiDb:414 - User favorites file not found: C:\Users\Hemanth Madu/.stm32cubeide/favorites.examples.txt
2026-02-12 11:53:05,046 [INFO] DbExamples:250 - Set 0 / 0 favorites Examples
2026-02-12 11:53:05,144 [INFO] McuFinderGlobals:76 - Set McuFinderConnectedMode to true
2026-02-12 11:53:05,146 [INFO] MultiScanPanel:200 - Auto-refresh data requested => check proxy status ongoing
2026-02-12 11:53:05,147 [INFO] FinderPluginLoader:96 - Searching for filters in installed packs
2026-02-12 11:53:07,952 [INFO] LoadUrlFilesThread:185 - End of LoadServerUrlFiles without Thread
2026-02-12 11:53:08,009 [INFO] DetailPanel:341 - Set advertising image to C:/Users/Hemanth Madu/STM32Cube/Repository/\en.prom-stm32c0-entry-level-graphic-0226.png
2026-02-12 11:53:38,639 [INFO] McuFinderGlobals:76 - Set McuFinderConnectedMode to true
2026-02-12 11:53:38,930 [INFO] ApiDb:448 - Save user favorites file C:\Users\Hemanth Madu/.stm32cubeide/favorites.mcus.txt: 0 item(s)
2026-02-12 11:53:38,931 [INFO] ApiDb:452 - User favorites MCUs=[]
2026-02-12 11:58:57,037 [INFO] MainUpdater:2872 - connection check result : 10
2026-02-12 11:58:57,241 [INFO] McuFinderGlobals:76 - Set McuFinderConnectedMode to true
2026-02-12 11:58:57,242 [INFO] MultiScanPanel:200 - Auto-refresh data requested => check proxy status ongoing
2026-02-12 11:58:57,243 [INFO] FinderPluginLoader:96 - Searching for filters in installed packs
2026-02-12 11:58:59,217 [INFO] LoadUrlFilesThread:185 - End of LoadServerUrlFiles without Thread
2026-02-12 11:58:59,218 [INFO] DetailPanel:341 - Set advertising image to C:/Users/Hemanth Madu/STM32Cube/Repository/\en.prom-stm32c0-entry-level-graphic-0226.png
2026-02-12 11:59:07,817 [INFO] ApiDb:581 - Connected to CubeFinder SQLite database (C:\Users\Hemanth Madu\.stmcufinder\plugins\mcufinder\mcu\cube-finder-db.db)
2026-02-12 11:59:12,245 [INFO] MultiScanPanel:200 - Auto-refresh data requested => check proxy status ongoing
2026-02-12 11:59:12,352 [INFO] LoadUrlFilesThread:185 - End of LoadServerUrlFiles without Thread
2026-02-12 11:59:12,352 [INFO] DetailPanel:341 - Set advertising image to C:/Users/Hemanth Madu/STM32Cube/Repository/\en.prom-stm32c0-entry-level-graphic-0226.png
2026-02-12 11:59:12,363 [INFO] DbBoards:642 - Loading board mini-images...
2026-02-12 11:59:15,445 [ERROR] DbBoards:659 - Image file not found for board STM32MP215F-DK: C:\Users\Hemanth Madu\.stmcufinder\plugins\mcufinder//mcu//boards_images/STM32MP215F-DK.jpg
2026-02-12 11:59:15,613 [INFO] DbBoards:665 - Loaded 211 board mini-images
2026-02-12 11:59:34,315 [INFO] McuFinderGlobals:76 - Set McuFinderConnectedMode to true
2026-02-12 11:59:36,167 [INFO] ApiDb:448 - Save user favorites file C:\Users\Hemanth Madu/.stm32cubeide/favorites.mcus.txt: 0 item(s)
2026-02-12 11:59:36,168 [INFO] ApiDb:452 - User favorites MCUs=[]
2026-02-12 11:59:36,174 [INFO] ApiDb:448 - Save user favorites file C:\Users\Hemanth Madu/.stm32cubeide/favorites.boards.txt: 0 item(s)
2026-02-12 11:59:36,175 [INFO] ApiDb:452 - User favorites Boards=[]
2026-02-12 11:59:36,639 [ERROR] LogOutputStream:75 - [STDERR_REDIRECT] Exception in thread "AWT-EventQueue-0" java.lang.NullPointerException: Cannot invoke "com.st.stm32cube.common.mx.targetselector.IdeMcuFinder.cleanUp(boolean)" because "this.this$0.mcuFinder" is null
2026-02-12 11:59:36,641 [ERROR] LogOutputStream:75 - [STDERR_REDIRECT] 	at com.st.stm32cube.common.mx.targetselector.TargetSelectorAdapter$7.run(TargetSelectorAdapter.java:353)
2026-02-12 11:59:36,643 [ERROR] LogOutputStream:75 - [STDERR_REDIRECT] 	at com.st.stm32cube.common.mx.oss.core.awtswtbridge.AwtEnvironment$2.run(AwtEnvironment.java:166)
2026-02-12 11:59:36,645 [ERROR] LogOutputStream:75 - [STDERR_REDIRECT] 	at java.desktop/java.awt.event.InvocationEvent.dispatch(InvocationEvent.java:318)
2026-02-12 11:59:36,646 [ERROR] LogOutputStream:75 - [STDERR_REDIRECT] 	at java.desktop/java.awt.EventQueue.dispatchEventImpl(EventQueue.java:773)
2026-02-12 11:59:36,647 [ERROR] LogOutputStream:75 - [STDERR_REDIRECT] 	at java.desktop/java.awt.EventQueue$4.run(EventQueue.java:720)
2026-02-12 11:59:36,649 [ERROR] LogOutputStream:75 - [STDERR_REDIRECT] 	at java.desktop/java.awt.EventQueue$4.run(EventQueue.java:714)
2026-02-12 11:59:36,651 [ERROR] LogOutputStream:75 - [STDERR_REDIRECT] 	at java.base/java.security.AccessController.doPrivileged(AccessController.java:400)
2026-02-12 11:59:36,653 [ERROR] LogOutputStream:75 - [STDERR_REDIRECT] 	at java.base/java.security.ProtectionDomain$JavaSecurityAccessImpl.doIntersectionPrivilege(ProtectionDomain.java:87)
2026-02-12 11:59:36,655 [ERROR] LogOutputStream:75 - [STDERR_REDIRECT] 	at java.desktop/java.awt.EventQueue.dispatchEvent(EventQueue.java:742)
2026-02-12 11:59:36,656 [ERROR] LogOutputStream:75 - [STDERR_REDIRECT] 	at java.desktop/java.awt.EventDispatchThread.pumpOneEventForFilters(EventDispatchThread.java:203)
2026-02-12 11:59:36,658 [ERROR] LogOutputStream:75 - [STDERR_REDIRECT] 	at java.desktop/java.awt.EventDispatchThread.pumpEventsForFilter(EventDispatchThread.java:124)
2026-02-12 11:59:36,660 [ERROR] LogOutputStream:75 - [STDERR_REDIRECT] 	at java.desktop/java.awt.EventDispatchThread.pumpEventsForHierarchy(EventDispatchThread.java:113)
2026-02-12 11:59:36,661 [ERROR] LogOutputStream:75 - [STDERR_REDIRECT] 	at java.desktop/java.awt.EventDispatchThread.pumpEvents(EventDispatchThread.java:109)
2026-02-12 11:59:36,663 [ERROR] LogOutputStream:75 - [STDERR_REDIRECT] 	at java.desktop/java.awt.EventDispatchThread.pumpEvents(EventDispatchThread.java:101)
2026-02-12 11:59:36,664 [ERROR] LogOutputStream:75 - [STDERR_REDIRECT] 	at java.desktop/java.awt.EventDispatchThread.run(EventDispatchThread.java:90)
2026-02-12 11:59:42,695 [INFO] MainUpdater:2872 - connection check result : 10
2026-02-12 11:59:42,971 [INFO] McuFinderGlobals:76 - Set McuFinderConnectedMode to true
2026-02-12 11:59:42,972 [INFO] MultiScanPanel:200 - Auto-refresh data requested => check proxy status ongoing
2026-02-12 11:59:42,974 [INFO] FinderPluginLoader:96 - Searching for filters in installed packs
2026-02-12 11:59:44,182 [INFO] LoadUrlFilesThread:185 - End of LoadServerUrlFiles without Thread
2026-02-12 11:59:44,182 [INFO] DetailPanel:341 - Set advertising image to C:/Users/Hemanth Madu/STM32Cube/Repository/\en.prom-stm32c0-entry-level-graphic-0226.png
2026-02-12 11:59:57,766 [INFO] MultiScanPanel:200 - Auto-refresh data requested => check proxy status ongoing
2026-02-12 11:59:57,852 [INFO] LoadUrlFilesThread:185 - End of LoadServerUrlFiles without Thread
2026-02-12 11:59:57,852 [INFO] DetailPanel:341 - Set advertising image to C:/Users/Hemanth Madu/STM32Cube/Repository/\en.prom-stm32c0-entry-level-graphic-0226.png
2026-02-12 12:00:28,409 [INFO] MainUpdater:2872 - connection check result : 10
2026-02-12 12:00:28,409 [INFO] MainUpdater:2872 - connection check result : 10
2026-02-12 12:00:28,510 [INFO] MicroXplorer:468 - Change Database Path : 
2026-02-12 12:00:28,510 [INFO] MicroXplorer:498 - Change Database Version : DB.6.0.150
2026-02-12 12:00:28,522 [WARN] ThirdParty:871 - waiting for thirdparty lock release [close project]
2026-02-12 12:00:28,523 [INFO] ThirdParty:873 - entering critical section [close project]
2026-02-12 12:00:28,530 [INFO] ThirdParty:883 - exiting critical section [close project]
2026-02-12 12:00:28,536 [INFO] PinOutPanel:1589 - setPackage(No Configuration,No Configuration)
2026-02-12 12:00:28,538 [INFO] UtilMem:75 - Begin LoadConfig() Used Memory: 934501944 Bytes (1073741824)
2026-02-12 12:00:28,558 [INFO] OpenFileManager:355 - Change cursor
2026-02-12 12:00:28,592 [WARN] IntegrityCheckThread:84 - waiting for thirdparty lock release [integrity check]
2026-02-12 12:00:28,592 [INFO] IntegrityCheckThread:86 - entering critical section [integrity check]
2026-02-12 12:00:29,003 [WARN] PackLoader:240 - Cannot read IP mode file for STMicroelectronics.FP-SNS-MOTENVWB1.1.4.0
2026-02-12 12:00:29,026 [WARN] PackLoader:240 - Cannot read IP mode file for STMicroelectronics.FP-ATR-ASTRA1.2.0.2
2026-02-12 12:00:29,052 [WARN] PackLoader:240 - Cannot read IP mode file for STMicroelectronics.X-CUBE-SMBUS.2.1.0
2026-02-12 12:00:29,175 [WARN] PackLoader:240 - Cannot read IP mode file for STMicroelectronics.X-CUBE-AZRTOS-F7.1.1.0
2026-02-12 12:00:29,206 [WARN] PackLoader:240 - Cannot read IP mode file for STMicroelectronics.FP-SNS-MOTENV1.5.1.0
2026-02-12 12:00:29,237 [WARN] PackLoader:240 - Cannot read IP mode file for WES.I-CUBE-Cesium.1.4.0
2026-02-12 12:00:29,320 [WARN] PackLoader:240 - Cannot read IP mode file for STMicroelectronics.X-CUBE-AZRTOS-H7.3.4.0
2026-02-12 12:00:29,353 [WARN] PackLoader:240 - Cannot read IP mode file for STMicroelectronics.X-CUBE-DISPLAY.3.0.0
2026-02-12 12:00:29,377 [WARN] PackLoader:240 - Cannot read IP mode file for STMicroelectronics.X-CUBE-NFC10.1.0.0
2026-02-12 12:00:29,403 [WARN] PackLoader:240 - Cannot read IP mode file for STMicroelectronics.X-CUBE-ST60.1.1.0
2026-02-12 12:00:29,417 [WARN] PackLoader:240 - Cannot read IP mode file for emotas.I-CUBE-CANOPEN.1.3.0
2026-02-12 12:00:29,433 [WARN] PackLoader:240 - Cannot read IP mode file for STMicroelectronics.X-CUBE-GNSS1.7.1.0
2026-02-12 12:00:29,456 [WARN] PackLoader:240 - Cannot read IP mode file for STMicroelectronics.FP-SNS-STBOX1.2.1.0
2026-02-12 12:00:29,473 [WARN] PackLoader:240 - Cannot read IP mode file for STMicroelectronics.FP-SNS-SMARTAG2.1.2.0
2026-02-12 12:00:29,485 [WARN] PackLoader:240 - Cannot read IP mode file for STMicroelectronics.FP-SNS-FLIGHT1.5.1.0
2026-02-12 12:00:29,515 [INFO] LogOutputStream:77 - [STDOUT_REDIRECT] 1 : Invalid condition id : UX_CORESTACK_Condition cause : null
2026-02-12 12:00:29,517 [INFO] LogOutputStream:77 - [STDOUT_REDIRECT] 1 : Invalid condition id : UX_CORESTACK_Condition cause : null
2026-02-12 12:00:29,518 [INFO] LogOutputStream:77 - [STDOUT_REDIRECT] 1 : Invalid condition id : UX_CORESTACK_Condition cause : null
2026-02-12 12:00:29,520 [INFO] LogOutputStream:77 - [STDOUT_REDIRECT] 1 : Invalid condition id : UX_CORESTACK_Condition cause : null
2026-02-12 12:00:29,521 [INFO] LogOutputStream:77 - [STDOUT_REDIRECT] 1 : Invalid condition id : UX_CORESTACK_Condition cause : null
2026-02-12 12:00:29,524 [WARN] PackLoader:240 - Cannot read IP mode file for STMicroelectronics.X-CUBE-AZRTOS-WL.2.0.0
2026-02-12 12:00:29,566 [WARN] PackLoader:240 - Cannot read IP mode file for STMicroelectronics.X-CUBE-AZRTOS-H7RS.1.2.0
2026-02-12 12:00:29,580 [WARN] PackLoader:240 - Cannot read IP mode file for STMicroelectronics.X-CUBE-BLE2.3.3.0
2026-02-12 12:00:29,678 [WARN] PackLoader:240 - Cannot read IP mode file for Infineon.AIROC-Wi-Fi-Bluetooth-STM32.1.8.0
2026-02-12 12:00:29,704 [WARN] PackLoader:240 - Cannot read IP mode file for STMicroelectronics.X-CUBE-NFC9.1.0.0
2026-02-12 12:00:29,718 [WARN] PackLoader:240 - Cannot read IP mode file for STMicroelectronics.X-CUBE-BLE1.7.1.0
2026-02-12 12:00:29,730 [WARN] PackLoader:240 - Cannot read IP mode file for wolfSSL.I-CUBE-wolfMQTT.1.19.2
2026-02-12 12:00:29,748 [WARN] PackLoader:240 - Cannot read IP mode file for STMicroelectronics.X-CUBE-FREERTOS.1.4.0
2026-02-12 12:00:29,764 [WARN] PackLoader:240 - Cannot read IP mode file for STMicroelectronics.X-CUBE-EEPRMA1.5.2.0
2026-02-12 12:00:29,777 [WARN] PackLoader:240 - Cannot read IP mode file for wolfSSL.I-CUBE-wolfSSL.5.8.4
2026-02-12 12:00:29,787 [WARN] PackLoader:240 - Cannot read IP mode file for Cesanta.I-CUBE-Mongoose.7.20.0
2026-02-12 12:00:29,839 [WARN] PackLoader:240 - Cannot read IP mode file for STMicroelectronics.X-CUBE-MEMS1.12.0.0
2026-02-12 12:00:29,962 [WARN] PackLoader:240 - Cannot read IP mode file for STMicroelectronics.X-CUBE-AZRTOS-G0.1.1.0
2026-02-12 12:00:29,974 [WARN] PackLoader:240 - Cannot read IP mode file for STMicroelectronics.X-CUBE-NFC4.3.0.0
2026-02-12 12:00:29,988 [WARN] PackLoader:240 - Cannot read IP mode file for EmbeddedOffice.I-CUBE-FS-RTOS.1.0.1
2026-02-12 12:00:29,999 [WARN] PackLoader:240 - Cannot read IP mode file for STMicroelectronics.X-CUBE-WB05N.2.0.0
2026-02-12 12:00:30,008 [WARN] PackLoader:240 - Cannot read IP mode file for wolfSSL.I-CUBE-wolfTPM.3.8.0
2026-02-12 12:00:30,019 [WARN] PackLoader:240 - Cannot read IP mode file for STMicroelectronics.X-CUBE-TCPP.4.2.0
2026-02-12 12:00:30,032 [WARN] PackLoader:240 - Cannot read IP mode file for RealThread.X-CUBE-RT-Thread_Nano.4.1.1
2026-02-12 12:00:30,040 [WARN] PackLoader:240 - Cannot read IP mode file for STMicroelectronics.FP-ATR-SIGFOX1.3.2.0
2026-02-12 12:00:30,051 [WARN] PackLoader:240 - Cannot read IP mode file for ITTIA_DB.I-CUBE-ITTIADB.8.9.0
2026-02-12 12:00:30,064 [WARN] PackLoader:240 - Cannot read IP mode file for STMicroelectronics.X-CUBE-NFC6.3.2.0
2026-02-12 12:00:30,075 [WARN] PackLoader:240 - Cannot read IP mode file for STMicroelectronics.X-CUBE-AI.10.2.0
2026-02-12 12:00:30,105 [WARN] PackLoader:240 - Cannot read IP mode file for SEGGER.I-CUBE-embOS.1.3.1
2026-02-12 12:00:30,167 [WARN] PackLoader:240 - Cannot read IP mode file for STMicroelectronics.X-CUBE-ALGOBUILD.1.4.0
2026-02-12 12:00:30,181 [WARN] PackLoader:240 - Cannot read IP mode file for STMicroelectronics.X-CUBE-PM33A1.1.0.0
2026-02-12 12:00:30,215 [WARN] PackLoader:240 - Cannot read IP mode file for STMicroelectronics.X-CUBE-AZRTOS-F4.1.1.0
2026-02-12 12:00:30,231 [WARN] PackLoader:240 - Cannot read IP mode file for STMicroelectronics.X-CUBE-ISPU.2.1.0
2026-02-12 12:00:30,258 [WARN] PackLoader:240 - Cannot read IP mode file for STMicroelectronics.X-CUBE-IPS.3.2.0
2026-02-12 12:00:30,284 [WARN] PackLoader:240 - Cannot read IP mode file for STMicroelectronics.X-CUBE-NFC12.1.0.0
2026-02-12 12:00:30,319 [WARN] PackLoader:240 - Cannot read IP mode file for STMicroelectronics.X-CUBE-AZRTOS-L5.2.0.0
2026-02-12 12:00:30,333 [WARN] PackLoader:240 - Cannot read IP mode file for STMicroelectronics.X-CUBE-TOUCHGFX.4.26.0
2026-02-12 12:00:30,347 [WARN] PackLoader:240 - Cannot read IP mode file for STMicroelectronics.FP-SNS-STAIOTCFT.1.0.0
2026-02-12 12:00:30,365 [WARN] PackLoader:240 - Cannot read IP mode file for STMicroelectronics.X-CUBE-DPower.1.3.0
2026-02-12 12:00:30,402 [WARN] ConditionMgr:438 - getConditionDescription Invalid condition id : LAN8742 Phy interface Condition cause : null
2026-02-12 12:00:30,403 [WARN] PackLoader:240 - Cannot read IP mode file for STMicroelectronics.X-CUBE-AZRTOS-L4.2.0.0
2026-02-12 12:00:30,405 [WARN] ConditionMgr:1044 - genDependencies : Invalid condition id : LAN8742 Phy interface Condition cause : null
2026-02-12 12:00:30,405 [WARN] ConditionMgr:1044 - genDependencies : Invalid condition id : LAN8742 Phy interface Condition cause : null
2026-02-12 12:00:30,406 [WARN] ConditionMgr:1044 - genDependencies : Invalid condition id : LAN8742 Phy interface Condition cause : null
2026-02-12 12:00:30,421 [WARN] PackLoader:240 - Cannot read IP mode file for STMicroelectronics.X-CUBE-SFXS2LP1.4.0.0
2026-02-12 12:00:30,438 [WARN] PackLoader:240 - Cannot read IP mode file for STMicroelectronics.X-CUBE-ST67W61.1.2.0
2026-02-12 12:00:30,464 [WARN] PackLoader:240 - Cannot read IP mode file for STMicroelectronics.X-CUBE-BLEMGR.4.1.0
2026-02-12 12:00:30,496 [WARN] ConditionMgr:438 - getConditionDescription Invalid condition id : UX DEVICE CLASS RTOS Condition cause : null
2026-02-12 12:00:30,496 [WARN] ConditionMgr:438 - getConditionDescription Invalid condition id : UX DEVICE CLASS RTOS Condition cause : null
2026-02-12 12:00:30,500 [WARN] PackLoader:240 - Cannot read IP mode file for STMicroelectronics.X-CUBE-AZRTOS-WB.2.0.0
2026-02-12 12:00:30,501 [WARN] ConditionMgr:1044 - genDependencies : Invalid condition id : UX DEVICE CLASS RTOS Condition cause : null
2026-02-12 12:00:30,501 [WARN] ConditionMgr:1044 - genDependencies : Invalid condition id : UX DEVICE CLASS RTOS Condition cause : null
2026-02-12 12:00:30,501 [WARN] ConditionMgr:1044 - genDependencies : Invalid condition id : UX DEVICE CLASS RTOS Condition cause : null
2026-02-12 12:00:30,501 [WARN] ConditionMgr:1044 - genDependencies : Invalid condition id : UX DEVICE CLASS RTOS Condition cause : null
2026-02-12 12:00:30,501 [WARN] ConditionMgr:1044 - genDependencies : Invalid condition id : UX DEVICE CLASS RTOS Condition cause : null
2026-02-12 12:00:30,507 [WARN] ConditionMgr:438 - getConditionDescription Invalid condition id : Cortex-A Device cause : null
2026-02-12 12:00:30,551 [WARN] ConditionMgr:1044 - genDependencies : Invalid condition id : Cortex-A Device cause : null
2026-02-12 12:00:30,551 [WARN] ConditionMgr:1044 - genDependencies : Invalid condition id : Cortex-A Device cause : null
2026-02-12 12:00:30,551 [WARN] ConditionMgr:1044 - genDependencies : Invalid condition id : Cortex-A Device cause : null
2026-02-12 12:00:30,567 [WARN] PackLoader:240 - Cannot read IP mode file for STMicroelectronics.X-CUBE-STSE01.2.0.0
2026-02-12 12:00:30,592 [WARN] PackLoader:240 - Cannot read IP mode file for STMicroelectronics.X-CUBE-SUBG2.5.0.0
2026-02-12 12:00:30,628 [WARN] PackLoader:240 - Cannot read IP mode file for STMicroelectronics.X-CUBE-AZRTOS-G4.2.0.0
2026-02-12 12:00:30,648 [WARN] PackLoader:240 - Cannot read IP mode file for wolfSSL.I-CUBE-wolfSSH.1.4.20
2026-02-12 12:00:30,658 [WARN] PackLoader:240 - Cannot read IP mode file for STMicroelectronics.X-CUBE-NFC7.2.0.0
2026-02-12 12:00:30,670 [WARN] PackLoader:240 - Cannot read IP mode file for STMicroelectronics.X-CUBE-ALS.1.0.2
2026-02-12 12:00:30,696 [WARN] PackLoader:240 - Cannot read IP mode file for STMicroelectronics.X-CUBE-TOF1.3.4.3
2026-02-12 12:00:30,716 [INFO] ThirdParty:978 - Integrity check success = true
2026-02-12 12:00:30,717 [INFO] IntegrityCheckThread:100 - exiting critical section [integrity check]
2026-02-12 12:00:30,717 [INFO] IntegrityCheckThread:103 - End integrity checks thread
2026-02-12 12:00:30,838 [INFO] ProjectFactory:514 - No CPN specified for board NUCLEO-L476RG => set CPN to STM32L476RGT3
2026-02-12 12:00:30,843 [INFO] Mcu:2029 - Initializing MCU STM32L476R(C-E-G)Tx STM32L476RGTx STM32L476RGT3
2026-02-12 12:00:35,595 [INFO] Context:786 - Trying to add GPIOservice into a context  which must be forbidden
2026-02-12 12:00:36,696 [INFO] Rule:233 - rule 117617 - U5Cobra4M][GTZC] default value MPCBB3 and MPCBB5 - Not Secured memory - MPCBB1 is applicable
2026-02-12 12:00:36,696 [INFO] Rule:233 - rule 117617 - U5Cobra4M][GTZC] default value MPCBB3 and MPCBB5 - Not Secured memory - MPCBB1 is applicable
2026-02-12 12:00:36,696 [INFO] Rule:233 - rule 117617 - U5Cobra4M][GTZC] default value MPCBB3 and MPCBB5 - Not Secured memory - MPCBB2 is applicable
2026-02-12 12:00:36,696 [INFO] Rule:233 - rule 117617 - U5Cobra4M][GTZC] default value MPCBB3 and MPCBB5 - Not Secured memory - MPCBB2 is applicable
2026-02-12 12:00:36,697 [INFO] Rule:233 - rule 117617 - U5Cobra4M][GTZC] default value MPCBB3 and MPCBB5 - Not Secured memory - MPCBB3 is applicable
2026-02-12 12:00:36,697 [INFO] Rule:233 - rule 117617 - U5Cobra4M][GTZC] default value MPCBB3 and MPCBB5 - Not Secured memory - MPCBB3 is applicable
2026-02-12 12:00:36,697 [INFO] Rule:233 - rule 117617 - U5Cobra4M][GTZC] default value MPCBB3 and MPCBB5 - Not Secured memory - MPCBB4 is applicable
2026-02-12 12:00:36,697 [INFO] Rule:233 - rule 117617 - U5Cobra4M][GTZC] default value MPCBB3 and MPCBB5 - Not Secured memory - MPCBB4 is applicable
2026-02-12 12:00:36,697 [INFO] Rule:233 - rule 117617 - U5Cobra4M][GTZC] default value MPCBB3 and MPCBB5 - Secured memory - MPCBB1 is applicable
2026-02-12 12:00:36,697 [INFO] Rule:233 - rule 117617 - U5Cobra4M][GTZC] default value MPCBB3 and MPCBB5 - Secured memory - MPCBB2 is applicable
2026-02-12 12:00:36,697 [INFO] Rule:233 - rule 117617 - U5Cobra4M][GTZC] default value MPCBB3 and MPCBB5 - Secured memory - MPCBB3 is applicable
2026-02-12 12:00:36,697 [INFO] Rule:233 - rule 117617 - U5Cobra4M][GTZC] default value MPCBB3 and MPCBB5 - Secured memory - MPCBB4 is applicable
2026-02-12 12:00:36,698 [INFO] Rule:233 - rule 117617 - U5Cobra4M][GTZC] default value MPCBB3 and MPCBB5 - Privileged memory - MPCBB1 is applicable
2026-02-12 12:00:36,698 [INFO] Rule:233 - rule 117617 - U5Cobra4M][GTZC] default value MPCBB3 and MPCBB5 - Privileged memory - MPCBB2 is applicable
2026-02-12 12:00:36,698 [INFO] Rule:233 - rule 117617 - U5Cobra4M][GTZC] default value MPCBB3 and MPCBB5 - Privileged memory - MPCBB3 is applicable
2026-02-12 12:00:36,698 [INFO] Rule:233 - rule 117617 - U5Cobra4M][GTZC] default value MPCBB3 and MPCBB5 - Privileged memory - MPCBB4 is applicable
2026-02-12 12:00:36,698 [INFO] Rule:233 - rule 117617 - U5Cobra4M][GTZC] default value MPCBB3 and MPCBB5 - Not Privileged memory - MPCBB1 is applicable
2026-02-12 12:00:36,698 [INFO] Rule:233 - rule 117617 - U5Cobra4M][GTZC] default value MPCBB3 and MPCBB5 - Not Privileged memory - MPCBB2 is applicable
2026-02-12 12:00:36,698 [INFO] Rule:233 - rule 117617 - U5Cobra4M][GTZC] default value MPCBB3 and MPCBB5 - Not Privileged memory - MPCBB3 is applicable
2026-02-12 12:00:36,698 [INFO] Rule:233 - rule 117617 - U5Cobra4M][GTZC] default value MPCBB3 and MPCBB5 - Not Privileged memory - MPCBB4 is applicable
2026-02-12 12:00:36,698 [INFO] Rule:233 - rule 117617 - U5Cobra4M][GTZC] default value MPCBB3 and MPCBB5 - Privileged memory - MPCBB1 is applicable
2026-02-12 12:00:36,698 [INFO] Rule:233 - rule 117617 - U5Cobra4M][GTZC] default value MPCBB3 and MPCBB5 - Privileged memory - MPCBB2 is applicable
2026-02-12 12:00:36,698 [INFO] Rule:233 - rule 117617 - U5Cobra4M][GTZC] default value MPCBB3 and MPCBB5 - Privileged memory - MPCBB3 is applicable
2026-02-12 12:00:36,699 [INFO] Rule:233 - rule 117617 - U5Cobra4M][GTZC] default value MPCBB3 and MPCBB5 - Privileged memory - MPCBB4 is applicable
2026-02-12 12:00:36,699 [INFO] Rule:233 - rule 117617 - U5Cobra4M][GTZC] default value MPCBB3 and MPCBB5 - Privileged memory - MPCBB1 is applicable
2026-02-12 12:00:36,699 [INFO] Rule:233 - rule 117617 - U5Cobra4M][GTZC] default value MPCBB3 and MPCBB5 - Privileged memory - MPCBB2 is applicable
2026-02-12 12:00:36,699 [INFO] Rule:233 - rule 117617 - U5Cobra4M][GTZC] default value MPCBB3 and MPCBB5 - Privileged memory - MPCBB3 is applicable
2026-02-12 12:00:36,699 [INFO] Rule:233 - rule 117617 - U5Cobra4M][GTZC] default value MPCBB3 and MPCBB5 - Privileged memory - MPCBB4 is applicable
2026-02-12 12:00:36,699 [INFO] Rule:233 - rule 117617 - U5Cobra4M][GTZC] default value MPCBB3 and MPCBB5 - Not Privileged memory - MPCBB1 is applicable
2026-02-12 12:00:36,699 [INFO] Rule:233 - rule 117617 - U5Cobra4M][GTZC] default value MPCBB3 and MPCBB5 - Not Privileged memory - MPCBB2 is applicable
2026-02-12 12:00:36,699 [INFO] Rule:233 - rule 117617 - U5Cobra4M][GTZC] default value MPCBB3 and MPCBB5 - Not Privileged memory - MPCBB3 is applicable
2026-02-12 12:00:36,699 [INFO] Rule:233 - rule 117617 - U5Cobra4M][GTZC] default value MPCBB3 and MPCBB5 - Not Privileged memory - MPCBB4 is applicable
2026-02-12 12:00:36,699 [INFO] Rule:233 - rule 117617 - U5Cobra4M][GTZC] default value MPCBB3 and MPCBB5 - Privileged memory - MPCBB1 is applicable
2026-02-12 12:00:36,699 [INFO] Rule:233 - rule 117617 - U5Cobra4M][GTZC] default value MPCBB3 and MPCBB5 - Privileged memory - MPCBB2 is applicable
2026-02-12 12:00:36,699 [INFO] Rule:233 - rule 117617 - U5Cobra4M][GTZC] default value MPCBB3 and MPCBB5 - Privileged memory - MPCBB3 is applicable
2026-02-12 12:00:36,700 [INFO] Rule:233 - rule 117617 - U5Cobra4M][GTZC] default value MPCBB3 and MPCBB5 - Privileged memory - MPCBB4 is applicable
2026-02-12 12:00:36,700 [INFO] Rule:233 - rule Rename SubGHz_Phy SUBGHZ_APPLICATION SUBGHZ_PINGPONG to SUBGHZ_ADV_APPLICATION is applicable
2026-02-12 12:00:36,700 [INFO] Rule:233 - rule Rename Enabled to IBEACON is applicable
2026-02-12 12:00:36,700 [INFO] Rule:233 - rule GTZC_S instance for project manager is applicable
2026-02-12 12:00:36,700 [INFO] Rule:233 - rule GTZC_S instance for context M33S is applicable
2026-02-12 12:00:36,700 [INFO] Rule:233 - rule GTZC_S instance value for IP GTZC is applicable
2026-02-12 12:00:36,700 [INFO] Rule:233 - rule GTZC_S instance for mcu.IP is applicable
2026-02-12 12:00:36,700 [INFO] Rule:233 - rule GTZC_S instance for VP is applicable
2026-02-12 12:00:36,700 [INFO] Rule:233 - rule GTZC_S instance for signal is applicable
2026-02-12 12:00:36,700 [INFO] Rule:233 - rule GTZC_S instance for mcu.Pin is applicable
2026-02-12 12:00:36,700 [INFO] Rule:233 - rule GTZC_S instance for VP is applicable
2026-02-12 12:00:36,700 [INFO] Rule:233 - rule GTZC_S instance for signal is applicable
2026-02-12 12:00:36,700 [INFO] Rule:233 - rule GTZC_S instance for mcu is applicable
2026-02-12 12:00:36,700 [INFO] Rule:233 - rule GTZC_S instance for mcu.Pin is applicable
2026-02-12 12:00:36,701 [INFO] Rule:233 - rule GTZC_S instance value for IP GTZC is applicable
2026-02-12 12:00:36,701 [INFO] Rule:233 - rule GTZC_S instance for project manager is applicable
2026-02-12 12:00:36,701 [INFO] Rule:233 - rule GTZC_S instance for context M33S is applicable
2026-02-12 12:00:36,701 [INFO] Rule:233 - rule GTZC_S instance for VP is applicable
2026-02-12 12:00:36,701 [INFO] Rule:233 - rule GTZC_S instance for signal is applicable
2026-02-12 12:00:36,701 [INFO] Rule:233 - rule SPDIFRX instance for mcu is applicable
2026-02-12 12:00:36,701 [INFO] Rule:233 - rule Rename Tracer Mode is applicable
2026-02-12 12:00:36,701 [INFO] Rule:233 - rule SPDIFRX instance value for IP SPDIFRX is applicable
2026-02-12 12:00:36,701 [INFO] Rule:233 - rule SPDIFRX instance for signal is applicable
2026-02-12 12:00:36,701 [INFO] Rule:233 - rule SPDIFRX instance for project manager is applicable
2026-02-12 12:00:36,701 [INFO] Rule:233 - rule SPDIFRX instance for project manager is applicable
2026-02-12 12:00:36,701 [INFO] Rule:233 - rule ADC Scan  fix with FW F7 is applicable
2026-02-12 12:00:36,702 [INFO] Rule:233 - rule ADC Scan  fix with FW F7 is applicable
2026-02-12 12:00:36,702 [INFO] Rule:233 - rule WakeUp0 Mode is applicable
2026-02-12 12:00:36,702 [INFO] Rule:233 - rule WakeUp0 SIGNAL is applicable
2026-02-12 12:00:36,702 [INFO] Rule:233 - rule WakeUp1 Mode is applicable
2026-02-12 12:00:36,702 [INFO] Rule:233 - rule WakeUp1 SIGNAL is applicable
2026-02-12 12:00:36,702 [INFO] Rule:233 - rule WakeUp2 Mode is applicable
2026-02-12 12:00:36,702 [INFO] Rule:233 - rule WakeUp2 SIGNAL is applicable
2026-02-12 12:00:36,702 [INFO] Rule:233 - rule WakeUp4 Mode is applicable
2026-02-12 12:00:36,702 [INFO] Rule:233 - rule WakeUp4 SIGNAL is applicable
2026-02-12 12:00:36,702 [INFO] Rule:233 - rule WakeUp5 Mode is applicable
2026-02-12 12:00:36,702 [INFO] Rule:233 - rule WakeUp5 SIGNAL is applicable
2026-02-12 12:00:36,702 [INFO] Rule:233 - rule Add RTC Activate Clock Source is applicable
2026-02-12 12:00:36,702 [INFO] Rule:233 - rule Add RTC Activate Calendar 1 is applicable
2026-02-12 12:00:36,702 [INFO] Rule:233 - rule Add RTC Activate Calendar 2 is applicable
2026-02-12 12:00:36,702 [INFO] Rule:233 - rule Add RTC Activate Calendar 3 is applicable
2026-02-12 12:00:36,702 [INFO] Rule:233 - rule UART/USART TX Mode is applicable
2026-02-12 12:00:36,702 [INFO] Rule:233 - rule UART/USART RX Mode is applicable
2026-02-12 12:00:36,702 [INFO] Rule:233 - rule UART/USART RX TX Mode is applicable
2026-02-12 12:00:36,702 [INFO] Rule:233 - rule UART/USART PARITY NONE is applicable
2026-02-12 12:00:36,702 [INFO] Rule:233 - rule UART/USART PARITY EVEN is applicable
2026-02-12 12:00:36,702 [INFO] Rule:233 - rule UART/USART PARITY ODD is applicable
2026-02-12 12:00:36,702 [INFO] Rule:233 - rule USART StopBits 1 is applicable
2026-02-12 12:00:36,702 [INFO] Rule:233 - rule USART StopBits 2 is applicable
2026-02-12 12:00:36,702 [INFO] Rule:233 - rule USART StopBits 1.5 is applicable
2026-02-12 12:00:36,703 [INFO] Rule:233 - rule USART StopBits 0.5 is applicable
2026-02-12 12:00:36,703 [INFO] Rule:233 - rule UART/USART WORD LENGTH 7 is applicable
2026-02-12 12:00:36,703 [INFO] Rule:233 - rule UART/USART WORD LENGTH 8 is applicable
2026-02-12 12:00:36,703 [INFO] Rule:233 - rule UART/USART WORD LENGTH 9 is applicable
2026-02-12 12:00:36,703 [INFO] Rule:233 - rule Rename FMC NAND NCE signal is applicable
2026-02-12 12:00:36,703 [INFO] Rule:233 - rule Rename FMC NAND INT signal is applicable
2026-02-12 12:00:36,703 [INFO] Rule:233 - rule Change Default Value for LSE Drive Capability for WB family is applicable
2026-02-12 12:00:36,703 [INFO] Rule:233 - rule Change Default Value for ADC Clock Prescaler G0 family is applicable
2026-02-12 12:00:36,703 [INFO] Rule:233 - rule Change Default Value for ADC ExternalTrigConv L4 family is applicable
2026-02-12 12:00:36,704 [INFO] Rule:233 - rule Change Default Value for ADC ExternalTrigInjecConv L4 family is applicable
2026-02-12 12:00:36,704 [INFO] Rule:233 - rule Change Default Value for ADC ExternalTrigConv F3 family is applicable
2026-02-12 12:00:36,704 [INFO] Rule:233 - rule Change Default Value for ADC ExternalTrigInjecConv F3 family is applicable
2026-02-12 12:00:36,704 [INFO] Rule:233 - rule Change Default Value for ADC ExternalTrigConv Goldfish serie is applicable
2026-02-12 12:00:36,704 [INFO] Rule:233 - rule Change Default Value for ADC ExternalTrigInjecConv Goldfish serie is applicable
2026-02-12 12:00:36,704 [INFO] Rule:233 - rule Change Default Value for ADC ExternalTrigConv L0 family is applicable
2026-02-12 12:00:36,704 [INFO] Rule:233 - rule Change Default Value for ADC ExternalTrigConv F0 family is applicable
2026-02-12 12:00:36,705 [INFO] Rule:233 - rule Change Default Value for ADC ExternalTrigConvn L1 family is applicable
2026-02-12 12:00:36,705 [INFO] Rule:233 - rule Change Default Value for ADC ExternalTrigInjecConv L1 family is applicable
2026-02-12 12:00:36,705 [INFO] Rule:233 - rule Change Default Value for ADC ExternalTrigConv F1 family is applicable
2026-02-12 12:00:36,705 [INFO] Rule:233 - rule Change Default Value for ADC ExternalTrigInjecConv F1 family is applicable
2026-02-12 12:00:36,705 [INFO] Rule:233 - rule Change Default Value for ADC ExternalTrigConv F7 family is applicable
2026-02-12 12:00:36,705 [INFO] Rule:233 - rule Change Default Value for ADC ExternalTrigInjecConv F7 family is applicable
2026-02-12 12:00:36,705 [INFO] Rule:233 - rule Change Default Value for ADC ExternalTrigConv F4 and F2 family is applicable
2026-02-12 12:00:36,705 [INFO] Rule:233 - rule Change Default Value for ADC ExternalTrigInjecConv F4 and F2 family is applicable
2026-02-12 12:00:36,706 [INFO] Rule:233 - rule ADC SamplingTime fix with FW L0  is applicable
2026-02-12 12:00:36,706 [INFO] Rule:233 - rule ADC SamplingTime fix with FW L0  is applicable
2026-02-12 12:00:36,706 [INFO] Rule:233 - rule ADC SamplingTime fix with FW L0 is applicable
2026-02-12 12:00:36,706 [INFO] Rule:233 - rule ADC SamplingTime fix with FW L0 is applicable
2026-02-12 12:00:36,706 [INFO] Rule:233 - rule ADC SamplingTime fix with FW L0  is applicable
2026-02-12 12:00:36,706 [INFO] Rule:233 - rule ADC SamplingTime fix with FW L0 is applicable
2026-02-12 12:00:36,706 [INFO] Rule:233 - rule Rename USB_OE Signal is applicable
2026-02-12 12:00:36,706 [INFO] Rule:233 - rule Rename Activate_OE Mode is applicable
2026-02-12 12:00:36,706 [INFO] Rule:233 - rule Rename DIE462/DIE415 pin PC14/OSC32_IN -> PC14-OSC32_IN (PC14) is applicable
2026-02-12 12:00:36,706 [INFO] Rule:233 - rule Rename DIE462/DIE415 pin PC15/OSC32_OUT -> PC15-OSC32_OUT (PC15) is applicable
2026-02-12 12:00:36,706 [INFO] Rule:233 - rule Rename DIE462/DIE415 pin PH0/OSC_IN -> PH0-OSC_IN (PH0) is applicable
2026-02-12 12:00:36,706 [INFO] Rule:233 - rule Rename DIE462/DIE415 pin PH1/OSC_OUT -> PH1-OSC_OUT (PH1) is applicable
2026-02-12 12:00:36,706 [INFO] Rule:233 - rule Rename DIE462 pin PA13 -> PA13 (JTMS/SWDIO) is applicable
2026-02-12 12:00:36,706 [INFO] Rule:233 - rule Rename DIE415 pin PA13 -> PA13 (JTMS/SWDIO) is applicable
2026-02-12 12:00:36,706 [INFO] Rule:233 - rule Rename DIE462 pin PA14 -> PA14 (JTCK/SWCLK) is applicable
2026-02-12 12:00:36,706 [INFO] Rule:233 - rule Rename DIE415 pin PA14 -> PA14 (JTCK/SWCLK) is applicable
2026-02-12 12:00:36,706 [INFO] Rule:233 - rule Rename DIE462/DIE415 pin PA15 -> PA15 (JTDI) is applicable
2026-02-12 12:00:36,706 [INFO] Rule:233 - rule Rename DIE462 pin PB3 -> PB3 (JTD0/TRACESWO) is applicable
2026-02-12 12:00:36,706 [INFO] Rule:233 - rule Rename DIE415 pin PB3 -> PB3 (JTD0-TRACESWO) is applicable
2026-02-12 12:00:36,706 [INFO] Rule:233 - rule Rename DIE462/DIE415 pin PB4 -> PB4 (NJTRST) is applicable
2026-02-12 12:00:36,706 [INFO] Rule:233 - rule Rename DIE462 pin PH3/BOOT0 -> PH3-BOOT0 (BOOT0) is applicable
2026-02-12 12:00:36,706 [INFO] Rule:233 - rule Rename CRYP DataEncryptionTypesList to Algorithm is applicable
2026-02-12 12:00:36,706 [INFO] Rule:233 - rule Rename AES DataEncryptionTypesList to Algorithm is applicable
2026-02-12 12:00:36,706 [INFO] Rule:233 - rule Rename TDESECB to CRYP_TDES_ECB is applicable
2026-02-12 12:00:36,706 [INFO] Rule:233 - rule Rename TDESCBC to CRYP_TDES_CBC is applicable
2026-02-12 12:00:36,707 [INFO] Rule:233 - rule Rename DESECB to CRYP_DES_ECB is applicable
2026-02-12 12:00:36,707 [INFO] Rule:233 - rule Rename DESCBC to CRYP_DES_CBC is applicable
2026-02-12 12:00:36,707 [INFO] Rule:233 - rule Rename AESECB to CRYP_AES_ECB is applicable
2026-02-12 12:00:36,707 [INFO] Rule:233 - rule Rename AESCBC to CRYP_AES_CBC is applicable
2026-02-12 12:00:36,707 [INFO] Rule:233 - rule Rename AESCTR to CRYP_AES_CTR is applicable
2026-02-12 12:00:36,707 [INFO] Rule:233 - rule Rename AESGCM to CRYP_AES_GCM is applicable
2026-02-12 12:00:36,707 [INFO] Rule:233 - rule Rename AESCCM to CRYP_AES_CCM is applicable
2026-02-12 12:00:36,707 [INFO] Rule:233 - rule Rename CAN TimeSeg1 to BS1 is applicable
2026-02-12 12:00:36,707 [INFO] Rule:233 - rule Rename CAN TimeSeg2 to BS2 is applicable
2026-02-12 12:00:36,707 [INFO] Rule:233 - rule Rename CAN SyncJumpWidth to SJW is applicable
2026-02-12 12:00:36,707 [INFO] Rule:233 - rule TimeTriggeredMode to TTCM is applicable
2026-02-12 12:00:36,707 [INFO] Rule:233 - rule Rename CAN AutoBusOff to ABOM is applicable
2026-02-12 12:00:36,707 [INFO] Rule:233 - rule Rename CAN AutoWakeUp to AWUM is applicable
2026-02-12 12:00:36,707 [INFO] Rule:233 - rule Rename CAN AutoRetransmission to NART is applicable
2026-02-12 12:00:36,708 [INFO] Rule:233 - rule Rename CAN ReceiveFifoLocked to RFLM is applicable
2026-02-12 12:00:36,708 [INFO] Rule:233 - rule Rename CAN TransmitFifoPriority to TXFP is applicable
2026-02-12 12:00:36,708 [INFO] Rule:233 - rule Rename HRTIMER HRTIM_OUTPUTFAULTLEVEL_HIGH in HRTIMER HRTIM_OUTPUTFAULTLEVEL_HIGHZ is applicable
2026-02-12 12:00:36,708 [INFO] Rule:233 - rule Rename TIMER TIM_CLEARINPUTSOURCE_OCREFCLR in  TIMER TIM_CLEARINPUTSOURCE_NONE for F7 family is applicable
2026-02-12 12:00:36,708 [INFO] Rule:233 - rule FDCAN_R1 - Rename FDCAN mode Master into Classic is applicable
2026-02-12 12:00:36,708 [INFO] Rule:233 - rule FDCAN_R2 - Rename FDCAN mode Slave into Classic is applicable
2026-02-12 12:00:36,708 [INFO] Rule:233 - rule FDCAN1_R3 - if PA10.Mode=FullDuplex, add Pin PA12 is applicable
2026-02-12 12:00:36,708 [INFO] Rule:233 - rule FDCAN1_R3 - if PA9.Mode=FullDuplex, add Pin PA11 is applicable
2026-02-12 12:00:36,708 [INFO] Rule:233 - rule FDCAN1_R3 - Alternatepin_1 - if PE1.Mode=FullDuplex, add Pin PB9 is applicable
2026-02-12 12:00:36,708 [INFO] Rule:233 - rule FDCAN1_R3 - Alternatepin_1 - if PE0.Mode=FullDuplex, add Pin PB8 is applicable
2026-02-12 12:00:36,708 [INFO] Rule:233 - rule FDCAN1_R3 - Alternatepin_2 - if PD5.Mode=FullDuplex, add Pin PD1 is applicable
2026-02-12 12:00:36,708 [INFO] Rule:233 - rule FDCAN1_R3 - Alternatepin_2 - if PD4.Mode=FullDuplex, add Pin PD0 is applicable
2026-02-12 12:00:36,708 [INFO] Rule:233 - rule FDCAN1_R4 - Rename Mode FullDuplex into Enable FDCAN_TXFD for pin PA10 is applicable
2026-02-12 12:00:36,708 [INFO] Rule:233 - rule FDCAN1_R4 - Rename Mode FullDuplex into Enable FDCAN_TXFD for pin PA9 is applicable
2026-02-12 12:00:36,709 [INFO] Rule:233 - rule FDCAN1_R4 - Alternatepin_1 - Rename Mode FullDuplex into Enable FDCAN_TXFD for pin PE1 is applicable
2026-02-12 12:00:36,709 [INFO] Rule:233 - rule FDCAN1_R4 - Alternatepin_1 - Rename Mode FullDuplex into Enable FDCAN_TXFD for pin PE0 is applicable
2026-02-12 12:00:36,709 [INFO] Rule:233 - rule FDCAN1_R4 - Alternatepin_2 - Rename Mode FullDuplex into Enable FDCAN_TXFD for pin PD5 is applicable
2026-02-12 12:00:36,709 [INFO] Rule:233 - rule FDCAN1_R4 - Alternatepin_2 - Rename Mode FullDuplex into Enable FDCAN_TXFD for pin PD4 is applicable
2026-02-12 12:00:36,709 [INFO] Rule:233 - rule FDCAN2_R3 - if PD10.Mode=FullDuplex, add Pin PB13 is applicable
2026-02-12 12:00:36,709 [INFO] Rule:233 - rule FDCAN2_R3 - if PD9.Mode=FullDuplex, add Pin PB12 is applicable
2026-02-12 12:00:36,709 [INFO] Rule:233 - rule FDCAN2_R3 - Alternatepin_1 - if PB7.Mode=FullDuplex, add Pin PB6 is applicable
2026-02-12 12:00:36,709 [INFO] Rule:233 - rule FDCAN2_R3 - Alternatepin_1 - if PD9.Mode=FullDuplex, add Pin PB12 is applicable
2026-02-12 12:00:36,709 [INFO] Rule:233 - rule FDCAN2_R4 - Rename Mode FullDuplex into Enable FDCAN_TXFD for pin PD10 is applicable
2026-02-12 12:00:36,709 [INFO] Rule:233 - rule FDCAN2_R4 - Rename Mode FullDuplex into Enable FDCAN_TXFD for pin PD9 is applicable
2026-02-12 12:00:36,710 [INFO] Rule:233 - rule FDCAN2_R4 - Alternatepin_1 - Rename Mode FullDuplex into Enable FDCAN_TXFD for pin PB7 is applicable
2026-02-12 12:00:36,710 [INFO] Rule:233 - rule FDCAN2_R4 - Alternatepin_1 - Rename Mode FullDuplex into Enable FDCAN_TXFD for pin PD6 is applicable
2026-02-12 12:00:36,710 [INFO] Rule:233 - rule USART TxPinLevelInvertParam Mode is applicable
2026-02-12 12:00:36,710 [INFO] Rule:233 - rule USART RxPinLevelInvertParam Mode is applicable
2026-02-12 12:00:36,710 [INFO] Rule:233 - rule USART DataInvertParam Mode is applicable
2026-02-12 12:00:36,710 [INFO] Rule:233 - rule USART SwapParam Mode is applicable
2026-02-12 12:00:36,710 [INFO] Rule:233 - rule USART OverrunDisableParam Mode is applicable
2026-02-12 12:00:36,710 [INFO] Rule:233 - rule USART DMADisableonRxErrorParam Mode is applicable
2026-02-12 12:00:36,710 [INFO] Rule:233 - rule USART MSBFirstParam Mode is applicable
2026-02-12 12:00:36,710 [INFO] Rule:233 - rule Update MwName for USB_DEVICE is applicable
2026-02-12 12:00:36,710 [INFO] Rule:233 - rule Change PWR_Regulator_Voltage_Scale Default Value for RCC  H7 family is applicable
2026-02-12 12:00:36,710 [INFO] Rule:233 - rule UART/USART IPParameter rename Prescaler parameter to ClockPrescaler is applicable
2026-02-12 12:00:36,710 [INFO] Rule:233 - rule UART/USART Prescaler rename Prescaler parameter to ClockPrescaler is applicable
2026-02-12 12:00:36,711 [INFO] Rule:233 - rule TIM1CLockSelection is applicable
2026-02-12 12:00:36,711 [INFO] Rule:233 - rule TIM15CLockSelection is applicable
2026-02-12 12:00:36,711 [INFO] Rule:233 - rule align RCC SDMMC3CLockSelection default value on MP1 is applicable
2026-02-12 12:00:36,711 [INFO] Rule:233 - rule align RCC SDMMC12CLockSelection default value on MP1 is applicable
2026-02-12 12:00:36,711 [INFO] Rule:233 - rule align RCC QSPICLockSelection default value on MP1 is applicable
2026-02-12 12:00:36,711 [INFO] Rule:233 - rule align RCC QSPICLockSelection default value on MP1 is applicable
2026-02-12 12:00:36,711 [INFO] Rule:233 - rule align RCC SPI6CLockSelection default value on MP1 is applicable
2026-02-12 12:00:36,711 [INFO] Rule:233 - rule align RCC LPTIM23CLockSelection default value on MP1 is applicable
2026-02-12 12:00:36,711 [INFO] Rule:233 - rule align RCC LPTIM1CLockSelection default value on MP1 is applicable
2026-02-12 12:00:36,711 [INFO] Rule:233 - rule align RCC USART1CLockSelection default value on MP1 is applicable
2026-02-12 12:00:36,711 [INFO] Rule:233 - rule align RCC USART24CLockSelection default value on MP1 is applicable
2026-02-12 12:00:36,711 [INFO] Rule:233 - rule align RCC USART6CLockSelection default value on MP1 is applicable
2026-02-12 12:00:36,711 [INFO] Rule:233 - rule align RCC UART78CLockSelection default value on MP1 is applicable
2026-02-12 12:00:36,712 [INFO] Rule:233 - rule align RCC USART35CLockSelection default value on MP1 is applicable
2026-02-12 12:00:36,712 [INFO] Rule:233 - rule align RCC SPI45CLockSelection default value on MP1 is applicable
2026-02-12 12:00:36,712 [INFO] Rule:233 - rule align RCC I2C46CLockSelection BCLK value on MP1 is applicable
2026-02-12 12:00:36,713 [INFO] Rule:233 - rule align RCC SPI45CLockSelection default value on MP1 is applicable
2026-02-12 12:00:36,713 [INFO] Rule:233 - rule align RCC I2C12CLockSelection default value on MP1 is applicable
2026-02-12 12:00:36,713 [INFO] Rule:233 - rule align RCC I2C35CLockSelection default value on MP1 is applicable
2026-02-12 12:00:36,714 [INFO] Rule:233 - rule align RCC LPTIM45CLockSelection default value on MP1 is applicable
2026-02-12 12:00:36,714 [INFO] Rule:233 - rule Rename DCMI PIXCK signal is applicable
2026-02-12 12:00:36,714 [INFO] Rule:233 - rule Change Default Value for I2C46CLockSelection MP1 family is applicable
2026-02-12 12:00:36,714 [INFO] Rule:233 - rule Change Default Value for UART for G4, G0 and WB families is applicable
2026-02-12 12:00:36,714 [INFO] Rule:233 - rule Change Default Value for USART for G4, G0 and WB families is applicable
2026-02-12 12:00:36,714 [INFO] Rule:233 - rule Change Default Value for USART for G4 family is applicable
2026-02-12 12:00:36,714 [INFO] Rule:233 - rule Change USART1CLockSelection refparam name for MP1 is applicable
2026-02-12 12:00:36,714 [INFO] Rule:233 - rule Change USART2CLockSelection refparam name for MP1 is applicable
2026-02-12 12:00:36,715 [INFO] Rule:233 - rule Change USART3CLockSelection refparam name for MP1 is applicable
2026-02-12 12:00:36,715 [INFO] Rule:233 - rule Change UART4CLockSelection refparam name for MP1 is applicable
2026-02-12 12:00:36,715 [INFO] Rule:233 - rule Change UART5CLockSelection refparam name for MP1 is applicable
2026-02-12 12:00:36,715 [INFO] Rule:233 - rule Change LPUART1CLockSelection refparam name for MP1 is applicable
2026-02-12 12:00:36,715 [INFO] Rule:233 - rule Change LPTIM1CLockSelection refparam name for MP1 is applicable
2026-02-12 12:00:36,715 [INFO] Rule:233 - rule Change LPTIM2CLockSelection refparam name for MP1 is applicable
2026-02-12 12:00:36,715 [INFO] Rule:233 - rule Change RCC_MCO1Source refparam name for MP1 is applicable
2026-02-12 12:00:36,715 [INFO] Rule:233 - rule Change LSCOSource1 refparam name for MP1 is applicable
2026-02-12 12:00:36,715 [INFO] Rule:233 - rule Change SMPSCLockSelection refparam name for MP1 is applicable
2026-02-12 12:00:36,715 [INFO] Rule:233 - rule Change LPTIM3CLockSelection refparam name for MP1 is applicable
2026-02-12 12:00:36,715 [INFO] Rule:233 - rule Change MPCBB* Default Template Mode to Parameters is applicable
2026-02-12 12:00:36,715 [INFO] Rule:233 - rule Change MPCWM* or MPCBB* Secure Mode to Parameters is applicable
2026-02-12 12:00:36,715 [INFO] Rule:233 - rule Change MPCWM* or MPCBB* No Secure Mode to Parameters is applicable
2026-02-12 12:00:36,715 [INFO] Rule:233 - rule Change TZSC IP Secure Mode to Parameters is applicable
2026-02-12 12:00:36,715 [INFO] Rule:233 - rule Change TZSC IP No Secure Mode to Parameters is applicable
2026-02-12 12:00:36,715 [INFO] Rule:233 - rule Change TZSC IP Privilege Mode to Parameters is applicable
2026-02-12 12:00:36,715 [INFO] Rule:233 - rule Change TZSC IP No Privilege Mode to Parameters is applicable
2026-02-12 12:00:36,716 [INFO] Rule:233 - rule Change TZIC IT Secure Mode to Parameters is applicable
2026-02-12 12:00:36,716 [INFO] Rule:233 - rule Change TZIC IT No Secure Mode to Parameters is applicable
2026-02-12 12:00:36,716 [INFO] Rule:233 - rule Add MPCBB1_NonSecureArea_Start_Address value with referenced to MPCBB1_NonSecureArea_Start value is applicable
2026-02-12 12:00:36,716 [INFO] Rule:233 - rule Add MPCBB2_NonSecureArea_Start_Address value with referenced to MPCBB2_NonSecureArea_Start value is applicable
2026-02-12 12:00:36,716 [INFO] Rule:233 - rule Add MPCWM1_NonSecureArea*_Start_Address value with referenced to MPCWM1_NonSecureArea*_Start value is applicable
2026-02-12 12:00:36,716 [INFO] Rule:233 - rule Add MPCWM2_NonSecureArea*_Start_Address value with referenced to MPCWM2_NonSecureArea*_Start value is applicable
2026-02-12 12:00:36,716 [INFO] Rule:233 - rule Add MPCWM3_NonSecureArea_Start_Address value with referenced to MPCWM3_NonSecureArea_Start value is applicable
2026-02-12 12:00:36,716 [INFO] Rule:233 - rule Change Default Value for PLL1UserDefinedConfig is applicable
2026-02-12 12:00:36,716 [INFO] Rule:233 - rule Change GPIO_PuPd Default Value for USART in async mode is applicable
2026-02-12 12:00:36,716 [INFO] Rule:233 - rule Change SMPSDivider Default Value is applicable
2026-02-12 12:00:36,716 [INFO] Rule:233 - rule OPAMP is applicable
2026-02-12 12:00:36,716 [INFO] Rule:233 - rule LPUART IPParameter rename Prescaler parameter to ClockPrescaler for STM32H7 is applicable
2026-02-12 12:00:36,716 [INFO] Rule:233 - rule LPUART IPParameter rename Prescaler parameter to ClockPrescaler for STM32H7 is applicable
2026-02-12 12:00:36,716 [INFO] Rule:233 - rule LPUART IPParameter rename Prescaler parameter to ClockPrescaler for STM32WB is applicable
2026-02-12 12:00:36,716 [INFO] Rule:233 - rule LPUART IPParameter rename Prescaler parameter to ClockPrescaler for STM32WB is applicable
2026-02-12 12:00:36,717 [INFO] Rule:233 - rule LPUART IPParameter rename Prescaler parameter to ClockPrescaler for STM32G4 is applicable
2026-02-12 12:00:36,717 [INFO] Rule:233 - rule LPUART IPParameter rename Prescaler parameter to ClockPrescaler for STM32G4 is applicable
2026-02-12 12:00:36,718 [INFO] Rule:233 - rule LPUART IPParameter rename Prescaler parameter to ClockPrescaler for STM32L5 is applicable
2026-02-12 12:00:36,718 [INFO] Rule:233 - rule LPUART IPParameter rename Prescaler parameter to ClockPrescaler for STM32L5 is applicable
2026-02-12 12:00:36,718 [INFO] Rule:233 - rule LPUART IPParameter rename Prescaler parameter to ClockPrescaler for STM32G4 is applicable
2026-02-12 12:00:36,718 [INFO] Rule:233 - rule LPUART IPParameter rename Prescaler parameter to ClockPrescaler for STM32G4 is applicable
2026-02-12 12:00:36,718 [INFO] Rule:233 - rule USB device lib V2.5.3 for L0 rename USBD_SUPPORT_USER_STRING parameter to USBD_SUPPORT_USER_STRING_DESC4 is applicable
2026-02-12 12:00:36,718 [INFO] Rule:233 - rule I2SCLockSelection clock entry align is applicable
2026-02-12 12:00:36,718 [INFO] Rule:233 - rule Assign TIMx context if used as SYS timebase is applicable
2026-02-12 12:00:36,718 [INFO] Rule:233 - rule Change GPIO_Pu Default Value for I2C is applicable
2026-02-12 12:00:36,718 [INFO] Rule:233 - rule Change GPIO_Pu Default Value for SMBus is applicable
2026-02-12 12:00:36,718 [INFO] Rule:233 - rule change FDCAN default value is applicable
2026-02-12 12:00:36,718 [INFO] Rule:233 - rule Change mode sai is applicable
2026-02-12 12:00:36,718 [INFO] Rule:233 - rule **Change sai mode is applicable
2026-02-12 12:00:36,718 [INFO] Rule:233 - rule Rename STM32WPAN CFG_BLE_IRK to CFG_BLE_IR is applicable
2026-02-12 12:00:36,718 [INFO] Rule:233 - rule Rename STM32WPAN CFG_BLE_ERK to CFG_BLE_ER is applicable
2026-02-12 12:00:36,718 [INFO] Rule:233 - rule Rename STM32WPAN CFG_BLE_IRK_HEX to CFG_BLE_IR_HEX is applicable
2026-02-12 12:00:36,718 [INFO] Rule:233 - rule Rename STM32WPAN CFG_BLE_ERK_HEX to CFG_BLE_ER_HEX is applicable
2026-02-12 12:00:36,718 [INFO] Rule:233 - rule Adapt Old IOC before rework replace old CORTEX_M33/CORTEX_M55 attributes by the new one. is applicable
2026-02-12 12:00:36,718 [INFO] Rule:233 - rule Rename parametre of RCC RCC_APBDBG_DIV2 to RCC_TIMPRES_DIV2 is applicable
2026-02-12 12:00:36,718 [INFO] Rule:233 - rule Rename DIE493 pin PA10 [PA12] -> PA10 is applicable
2026-02-12 12:00:36,718 [INFO] Rule:233 - rule Rename DIE493 pin PA9 [PA11] -> PA9 is applicable
2026-02-12 12:00:36,718 [INFO] Rule:233 - rule Rename DIE492 PartNumber CPN STM32WBA5MJGHx -> STM32WBA5MMGHx is applicable
2026-02-12 12:00:36,718 [INFO] Rule:233 - rule Rename DIE492 PartNumber  Name STM32WBA5MJGHx -> STM32WBA5MMGHx is applicable
2026-02-12 12:00:36,718 [INFO] Rule:233 - rule Rename DIE492 PartNumber UserName STM32WBA5MJGHx -> STM32WBA5MMGHx is applicable
2026-02-12 12:00:36,718 [INFO] Rule:233 - rule Rename DIE492 PartNumber DeviceId STM32WBA5MJGHx -> STM32WBA5MMGHx is applicable
2026-02-12 12:00:36,718 [INFO] Rule:233 - rule Adapt Old IOC CSI. is applicable
2026-02-12 12:00:36,718 [INFO] Rule:233 - rule Adapt Old IOC DCMIPP. is applicable
2026-02-12 12:00:36,718 [INFO] Rule:233 - rule Adapt Old IOC DCMIPP Mode Parallel. is applicable
2026-02-12 12:00:36,718 [INFO] Rule:233 - rule Adapt Old IOC LTDC. is applicable
2026-02-12 12:00:36,718 [INFO] Rule:233 - rule Rename STM32MP2 RIF Peripheral LTDC RIF.RISUP.LTDC_L0L1.Privilege -> RIF.RISUP.LTDC_L1L2.Privilege is applicable
2026-02-12 12:00:36,718 [INFO] Rule:233 - rule Rename STM32MP2 RIF Peripheral LTDC RIF.RISUP.LTDC_L0L1.Privilege -> RIF.RISUP.LTDC_L1L2.Privilege is applicable
2026-02-12 12:00:36,718 [INFO] Rule:233 - rule Rename STM32MP2 RIF Peripheral LTDC RIF.RISUP.LTDC_L0L1.Lock -> RIF.RISUP.LTDC_L1L2.Lock is applicable
2026-02-12 12:00:36,718 [INFO] Rule:233 - rule Rename STM32MP2 RIF Peripheral LTDC RIF.RISUP.LTDC_L2.Lock -> RIF.RISUP.LTDC_L3.Lock is applicable
2026-02-12 12:00:36,718 [INFO] Rule:233 - rule Adapt the old IOC example for updating the SYS when it is misconfigured. is applicable
2026-02-12 12:00:36,718 [INFO] Rule:233 - rule Rename STM32C09 Mcu.Package LQFP64 -> LQFP48 is applicable
2026-02-12 12:00:36,718 [INFO] Rule:233 - rule Adapt the old IOC example for updating the SYS when it is misconfigured. is applicable
2026-02-12 12:00:36,718 [INFO] Rule:233 - rule Adapt the old IOC example for updating the SYS when it is misconfigured. is applicable
2026-02-12 12:00:36,756 [INFO] DbConfProperties:307 - Apply Compatibility (53/282 Rules)
2026-02-12 12:00:36,840 [INFO] ImportTextPane:234 - (OptionalMessage_ERROR) Unable to find key (Mcu.ThirdPartyNb) in loaded IOC file
2026-02-12 12:00:36,847 [INFO] ImportTextPane:234 - (OptionalMessage_ERROR) Pin12 (VP_RIF_VS_RIF1) cannot be retrieved for this MCU
2026-02-12 12:00:37,319 [INFO] RtosManager:558 - Registered RTOS mode: class=CMSIS, group=RTOS, mode=CMSIS_V1, owner=FREERTOS
2026-02-12 12:00:37,319 [INFO] RtosManager:558 - Registered RTOS mode: class=CMSIS, group=RTOS2, mode=CMSIS_V2, owner=FREERTOS
2026-02-12 12:00:37,319 [INFO] RtosManager:558 - Registered RTOS mode: class=RTOS, group=Core, mode=CMSIS_V1, owner=FREERTOS
2026-02-12 12:00:37,319 [INFO] RtosManager:558 - Registered RTOS mode: class=RTOS, group=Core, mode=CMSIS_V2, owner=FREERTOS
2026-02-12 12:00:37,319 [WARN] ModelIntegratedComponent:184 - Missing modes for component STMicroelectronics:FreeRTOS:0.0.1:STMicroelectronics:RTOS:FreeRTOS:Core:::10.2.0:
2026-02-12 12:00:37,354 [WARN] ModelIntegratedComponent:63 - No mode defined for component null
2026-02-12 12:00:37,355 [WARN] ModelIntegratedComponent:63 - No mode defined for component null
2026-02-12 12:00:37,355 [WARN] ModelIntegratedComponent:63 - No mode defined for component null
2026-02-12 12:00:37,355 [WARN] ModelIntegratedComponent:63 - No mode defined for component null
2026-02-12 12:00:37,355 [WARN] ModelIntegratedComponent:63 - No mode defined for component null
2026-02-12 12:00:37,355 [WARN] ModelIntegratedComponent:63 - No mode defined for component null
2026-02-12 12:00:37,355 [WARN] ModelIntegratedComponent:63 - No mode defined for component null
2026-02-12 12:00:37,355 [WARN] ModelIntegratedComponent:63 - No mode defined for component null
2026-02-12 12:00:37,355 [WARN] ModelIntegratedComponent:63 - No mode defined for component null
2026-02-12 12:00:37,355 [WARN] ModelIntegratedComponent:63 - No mode defined for component null
2026-02-12 12:00:37,355 [WARN] ModelIntegratedComponent:63 - No mode defined for component null
2026-02-12 12:00:37,355 [WARN] ModelIntegratedComponent:63 - No mode defined for component null
2026-02-12 12:00:37,355 [WARN] ModelIntegratedComponent:63 - No mode defined for component null
2026-02-12 12:00:37,355 [WARN] ModelIntegratedComponent:63 - No mode defined for component null
2026-02-12 12:00:37,355 [WARN] ModelIntegratedComponent:63 - No mode defined for component null
2026-02-12 12:00:37,355 [WARN] ModelIntegratedComponent:63 - No mode defined for component null
2026-02-12 12:00:37,356 [WARN] ModelIntegratedComponent:63 - No mode defined for component null
2026-02-12 12:00:37,356 [WARN] ModelIntegratedComponent:63 - No mode defined for component null
2026-02-12 12:00:37,356 [WARN] ModelIntegratedComponent:63 - No mode defined for component null
2026-02-12 12:00:37,356 [WARN] ModelIntegratedComponent:63 - No mode defined for component null
2026-02-12 12:00:37,356 [WARN] ModelIntegratedComponent:63 - No mode defined for component null
2026-02-12 12:00:37,356 [WARN] ModelIntegratedComponent:63 - No mode defined for component null
2026-02-12 12:00:37,356 [WARN] ModelIntegratedComponent:63 - No mode defined for component null
2026-02-12 12:00:37,356 [WARN] ModelIntegratedComponent:63 - No mode defined for component null
2026-02-12 12:00:37,356 [WARN] ModelIntegratedComponent:63 - No mode defined for component null
2026-02-12 12:00:37,356 [WARN] ModelIntegratedComponent:63 - No mode defined for component null
2026-02-12 12:00:37,356 [WARN] ModelIntegratedComponent:63 - No mode defined for component null
2026-02-12 12:00:37,356 [WARN] ModelIntegratedComponent:63 - No mode defined for component null
2026-02-12 12:00:37,356 [WARN] ModelIntegratedComponent:63 - No mode defined for component null
2026-02-12 12:00:37,356 [WARN] ModelIntegratedComponent:63 - No mode defined for component null
2026-02-12 12:00:37,356 [WARN] ModelIntegratedComponent:63 - No mode defined for component null
2026-02-12 12:00:37,356 [WARN] ModelIntegratedComponent:63 - No mode defined for component null
2026-02-12 12:00:37,356 [WARN] ModelIntegratedComponent:63 - No mode defined for component null
2026-02-12 12:00:37,356 [WARN] ModelIntegratedComponent:63 - No mode defined for component null
2026-02-12 12:00:37,356 [WARN] ModelIntegratedComponent:63 - No mode defined for component null
2026-02-12 12:00:37,356 [WARN] ModelPack:524 - Component already loaded: STMicroelectronics:HAL Drivers:0.0.0:STMicroelectronics:Device:STMicro_Driver:XSPI:HAL::0.0.1:HAL_XSPI
2026-02-12 12:00:37,415 [INFO] ThirdPartyModel:298 - Start build external matchings
2026-02-12 12:00:37,994 [INFO] ThirdPartyModel:316 - End build external matchings
2026-02-12 12:00:38,013 [INFO] ImportTextPane:234 - (OptionalMessage_ERROR) IP (RCC) : Invalid parameter (FamilyName)
2026-02-12 12:00:38,016 [INFO] ImportTextPane:234 - (OptionalMessage_ERROR) IP (RCC) : Parameter (RNGFreq_Value) has invalid value (64000000)
2026-02-12 12:00:38,016 [INFO] ImportTextPane:234 - (OptionalMessage_ERROR) IP (RCC) : Parameter (SDMMCFreq_Value) has invalid value (64000000)
2026-02-12 12:00:38,016 [INFO] ImportTextPane:234 - (OptionalMessage_ERROR) IP (RCC) : Parameter (USBFreq_Value) has invalid value (64000000)
2026-02-12 12:00:38,768 [INFO] UtilMem:75 - End LoadConfig() Used Memory: 898431904 Bytes (1073741824)
2026-02-12 12:00:38,872 [WARN] ThirdParty:833 - waiting for thirdparty lock release [change project]
2026-02-12 12:00:38,872 [INFO] ThirdParty:835 - entering critical section [change project]
2026-02-12 12:00:38,872 [INFO] ThirdParty:1030 - CMSIS Pack Vendor :STMicroelectronics X-CUBE-PM33A1 1.0.0
2026-02-12 12:00:38,872 [INFO] ThirdParty:1030 - CMSIS Pack Vendor :STMicroelectronics USBPD 4.1
2026-02-12 12:00:38,872 [INFO] ThirdParty:1030 - CMSIS Pack Vendor :STMicroelectronics X-CUBE-NFC9 1.0.0
2026-02-12 12:00:38,872 [INFO] ThirdParty:1030 - CMSIS Pack Vendor :STMicroelectronics USB_HOST 2.0.0
2026-02-12 12:00:38,872 [INFO] ThirdParty:1030 - CMSIS Pack Vendor :STMicroelectronics FP-SNS-MOTENVWB1 1.4.0
2026-02-12 12:00:38,872 [INFO] ThirdParty:1030 - CMSIS Pack Vendor :STMicroelectronics X-CUBE-AZRTOS-F4 1.1.0
2026-02-12 12:00:38,872 [INFO] ThirdParty:1030 - CMSIS Pack Vendor :STMicroelectronics LIBJPEG 8.0.0
2026-02-12 12:00:38,873 [INFO] ThirdParty:1030 - CMSIS Pack Vendor :STMicroelectronics FP-ATR-ASTRA1 2.0.2
2026-02-12 12:00:38,873 [INFO] ThirdParty:1030 - CMSIS Pack Vendor :STMicroelectronics X-CUBE-BLE1 7.1.0
2026-02-12 12:00:38,873 [INFO] ThirdParty:1030 - CMSIS Pack Vendor :STMicroelectronics X-CUBE-SMBUS 2.1.0
2026-02-12 12:00:38,873 [INFO] ThirdParty:1030 - CMSIS Pack Vendor :wolfSSL I-CUBE-wolfMQTT 1.19.2
2026-02-12 12:00:38,873 [INFO] ThirdParty:1030 - CMSIS Pack Vendor :STMicroelectronics USB_DEVICE 3.0.0
2026-02-12 12:00:38,873 [INFO] ThirdParty:1030 - CMSIS Pack Vendor :STMicroelectronics X-CUBE-ISPU 2.1.0
2026-02-12 12:00:38,873 [INFO] ThirdParty:1030 - CMSIS Pack Vendor :STMicroelectronics X-CUBE-FREERTOS 1.4.0
2026-02-12 12:00:38,873 [INFO] ThirdParty:1030 - CMSIS Pack Vendor :STMicroelectronics X-CUBE-EEPRMA1 5.2.0
2026-02-12 12:00:38,873 [INFO] ThirdParty:1030 - CMSIS Pack Vendor :STMicroelectronics X-CUBE-IPS 3.2.0
2026-02-12 12:00:38,873 [INFO] ThirdParty:1030 - CMSIS Pack Vendor :STMicroelectronics X-CUBE-BLEMGR 4.1.0
2026-02-12 12:00:38,873 [INFO] ThirdParty:1030 - CMSIS Pack Vendor :STMicroelectronics X-CUBE-AZRTOS-WB 2.0.0
2026-02-12 12:00:38,873 [INFO] ThirdParty:1030 - CMSIS Pack Vendor :wolfSSL I-CUBE-wolfSSL 5.8.4
2026-02-12 12:00:38,873 [INFO] ThirdParty:1030 - CMSIS Pack Vendor :Cesanta I-CUBE-Mongoose 7.20.0
2026-02-12 12:00:38,873 [INFO] ThirdParty:1030 - CMSIS Pack Vendor :STMicroelectronics X-CUBE-NFC12 1.0.0
2026-02-12 12:00:38,873 [INFO] ThirdParty:1030 - CMSIS Pack Vendor :STMicroelectronics X-CUBE-AZRTOS-F7 1.1.0
2026-02-12 12:00:38,873 [INFO] ThirdParty:1030 - CMSIS Pack Vendor :STMicroelectronics X-CUBE-AZRTOS-L5 2.0.0
2026-02-12 12:00:38,873 [INFO] ThirdParty:1030 - CMSIS Pack Vendor :STMicroelectronics USB_DEVICE 2.0.0
2026-02-12 12:00:38,873 [INFO] ThirdParty:1030 - CMSIS Pack Vendor :quantropi X-CUBE-qispace-sdk-base 2.1.0
2026-02-12 12:00:38,873 [INFO] ThirdParty:1030 - CMSIS Pack Vendor :STMicroelectronics X-CUBE-MEMS1 12.0.0
2026-02-12 12:00:38,873 [INFO] ThirdParty:1030 - CMSIS Pack Vendor :STMicroelectronics X-CUBE-STSE01 2.0.0
2026-02-12 12:00:38,873 [INFO] ThirdParty:1030 - CMSIS Pack Vendor :STMicroelectronics FP-SNS-MOTENV1 5.1.0
2026-02-12 12:00:38,874 [INFO] ThirdParty:1030 - CMSIS Pack Vendor :STMicroelectronics FreeRTOS 0.0.1
2026-02-12 12:00:38,874 [INFO] ThirdParty:1030 - CMSIS Pack Vendor :STMicroelectronics X-CUBE-AZRTOS-G0 1.1.0
2026-02-12 12:00:38,874 [INFO] ThirdParty:1030 - CMSIS Pack Vendor :STMicroelectronics X-CUBE-NFC4 3.0.0
2026-02-12 12:00:38,874 [INFO] ThirdParty:1030 - CMSIS Pack Vendor :STMicroelectronics X-CUBE-SUBG2 5.0.0
2026-02-12 12:00:38,874 [INFO] ThirdParty:1030 - CMSIS Pack Vendor :STMicroelectronics STM32_WPAN 1.0.0
2026-02-12 12:00:38,874 [INFO] ThirdParty:1030 - CMSIS Pack Vendor :EmbeddedOffice I-CUBE-FS-RTOS 1.0.1
2026-02-12 12:00:38,874 [INFO] ThirdParty:1030 - CMSIS Pack Vendor :STMicroelectronics lwIP 2.0.3
2026-02-12 12:00:38,874 [INFO] ThirdParty:1030 - CMSIS Pack Vendor :WES I-CUBE-Cesium 1.4.0
2026-02-12 12:00:38,874 [INFO] ThirdParty:1030 - CMSIS Pack Vendor :STMicroelectronics USB_HOST 1.0.0
2026-02-12 12:00:38,874 [INFO] ThirdParty:1030 - CMSIS Pack Vendor :STMicroelectronics X-CUBE-AZRTOS-G4 2.0.0
2026-02-12 12:00:38,874 [INFO] ThirdParty:1030 - CMSIS Pack Vendor :STMicroelectronics X-CUBE-WB05N 2.0.0
2026-02-12 12:00:38,874 [INFO] ThirdParty:1030 - CMSIS Pack Vendor :STMicroelectronics PDM2PCM 3.1.0
2026-02-12 12:00:38,874 [INFO] ThirdParty:1030 - CMSIS Pack Vendor :STMicroelectronics PDM2PCM 3.3.0
2026-02-12 12:00:38,874 [INFO] ThirdParty:1030 - CMSIS Pack Vendor :wolfSSL I-CUBE-wolfTPM 3.8.0
2026-02-12 12:00:38,874 [INFO] ThirdParty:1030 - CMSIS Pack Vendor :STMicroelectronics X-CUBE-AZRTOS-H7 3.4.0
2026-02-12 12:00:38,874 [INFO] ThirdParty:1030 - CMSIS Pack Vendor :STMicroelectronics X-CUBE-DISPLAY 3.0.0
2026-02-12 12:00:38,874 [INFO] ThirdParty:1030 - CMSIS Pack Vendor :wolfSSL I-CUBE-wolfSSH 1.4.20
2026-02-12 12:00:38,874 [INFO] ThirdParty:1030 - CMSIS Pack Vendor :STMicroelectronics X-CUBE-NFC7 2.0.0
2026-02-12 12:00:38,874 [INFO] ThirdParty:1030 - CMSIS Pack Vendor :STMicroelectronics X-CUBE-TCPP 4.2.0
2026-02-12 12:00:38,874 [INFO] ThirdParty:1030 - CMSIS Pack Vendor :RealThread X-CUBE-RT-Thread_Nano 4.1.1
2026-02-12 12:00:38,874 [INFO] ThirdParty:1030 - CMSIS Pack Vendor :STMicroelectronics FP-ATR-SIGFOX1 3.2.0
2026-02-12 12:00:38,875 [INFO] ThirdParty:1030 - CMSIS Pack Vendor :STMicroelectronics X-CUBE-NFC10 1.0.0
2026-02-12 12:00:38,875 [INFO] ThirdParty:1030 - CMSIS Pack Vendor :STMicroelectronics HAL Drivers 0.0.0
2026-02-12 12:00:38,875 [INFO] ThirdParty:1030 - CMSIS Pack Vendor :STMicroelectronics MBEDTLS 2.16.2
2026-02-12 12:00:38,875 [INFO] ThirdParty:1030 - CMSIS Pack Vendor :STMicroelectronics X-CUBE-ST60 1.1.0
2026-02-12 12:00:38,875 [INFO] ThirdParty:1030 - CMSIS Pack Vendor :STMicroelectronics X-CUBE-ALS 1.0.2
2026-02-12 12:00:38,875 [INFO] ThirdParty:1030 - CMSIS Pack Vendor :emotas I-CUBE-CANOPEN 1.3.0
2026-02-12 12:00:38,875 [INFO] ThirdParty:1030 - CMSIS Pack Vendor :STMicroelectronics MBEDTLS 2.14.1
2026-02-12 12:00:38,875 [INFO] ThirdParty:1030 - CMSIS Pack Vendor :STMicroelectronics X-CUBE-GNSS1 7.1.0
2026-02-12 12:00:38,875 [INFO] ThirdParty:1030 - CMSIS Pack Vendor :ITTIA_DB I-CUBE-ITTIADB 8.9.0
2026-02-12 12:00:38,875 [INFO] ThirdParty:1030 - CMSIS Pack Vendor :STMicroelectronics X-CUBE-TOUCHGFX 4.26.0
2026-02-12 12:00:38,875 [INFO] ThirdParty:1030 - CMSIS Pack Vendor :STMicroelectronics X-CUBE-NFC6 3.2.0
2026-02-12 12:00:38,875 [INFO] ThirdParty:1030 - CMSIS Pack Vendor :STMicroelectronics FP-SNS-STBOX1 2.1.0
2026-02-12 12:00:38,875 [INFO] ThirdParty:1030 - CMSIS Pack Vendor :STMicroelectronics X-CUBE-AI 10.2.0
2026-02-12 12:00:38,875 [INFO] ThirdParty:1030 - CMSIS Pack Vendor :STMicroelectronics FP-SNS-STAIOTCFT 1.0.0
2026-02-12 12:00:38,875 [INFO] ThirdParty:1030 - CMSIS Pack Vendor :STMicroelectronics ThreadX 1.0.0
2026-02-12 12:00:38,875 [INFO] ThirdParty:1030 - CMSIS Pack Vendor :STMicroelectronics FP-SNS-SMARTAG2 1.2.0
2026-02-12 12:00:38,875 [INFO] ThirdParty:1030 - CMSIS Pack Vendor :STMicroelectronics FP-SNS-FLIGHT1 5.1.0
2026-02-12 12:00:38,875 [INFO] ThirdParty:1030 - CMSIS Pack Vendor :STMicroelectronics X-CUBE-AZRTOS-WL 2.0.0
2026-02-12 12:00:38,875 [INFO] ThirdParty:1030 - CMSIS Pack Vendor :SEGGER I-CUBE-embOS 1.3.1
2026-02-12 12:00:38,875 [INFO] ThirdParty:1030 - CMSIS Pack Vendor :STMicroelectronics X-CUBE-ALGOBUILD 1.4.0
2026-02-12 12:00:38,875 [INFO] ThirdParty:1030 - CMSIS Pack Vendor :STMicroelectronics X-CUBE-DPower 1.3.0
2026-02-12 12:00:38,876 [INFO] ThirdParty:1030 - CMSIS Pack Vendor :STMicroelectronics USB_DEVICE 1.0.0
2026-02-12 12:00:38,876 [INFO] ThirdParty:1030 - CMSIS Pack Vendor :STMicroelectronics X-CUBE-AZRTOS-H7RS 1.2.0
2026-02-12 12:00:38,876 [INFO] ThirdParty:1030 - CMSIS Pack Vendor :STMicroelectronics X-CUBE-AZRTOS-L4 2.0.0
2026-02-12 12:00:38,876 [INFO] ThirdParty:1030 - CMSIS Pack Vendor :STMicroelectronics ThreadX 0.0.2
2026-02-12 12:00:38,876 [INFO] ThirdParty:1030 - CMSIS Pack Vendor :STMicroelectronics lwIP 2.1.2
2026-02-12 12:00:38,876 [INFO] ThirdParty:1030 - CMSIS Pack Vendor :STMicroelectronics X-CUBE-SFXS2LP1 4.0.0
2026-02-12 12:00:38,876 [INFO] ThirdParty:1030 - CMSIS Pack Vendor :STMicroelectronics X-CUBE-BLE2 3.3.0
2026-02-12 12:00:38,876 [INFO] ThirdParty:1030 - CMSIS Pack Vendor :Avnet-IOTCONNECT X-CUBE-iotc-st67-sdk 1.0.0
2026-02-12 12:00:38,876 [INFO] ThirdParty:1030 - CMSIS Pack Vendor :STMicroelectronics X-CUBE-TOF1 3.4.3
2026-02-12 12:00:38,876 [INFO] ThirdParty:1030 - CMSIS Pack Vendor :Infineon AIROC-Wi-Fi-Bluetooth-STM32 1.8.0
2026-02-12 12:00:38,876 [INFO] ThirdParty:1030 - CMSIS Pack Vendor :STMicroelectronics PDM2PCM 3.2.0
2026-02-12 12:00:38,876 [INFO] ThirdParty:1030 - CMSIS Pack Vendor :STMicroelectronics X-CUBE-ST67W61 1.2.0
2026-02-12 12:00:38,878 [INFO] ThirdParty:841 - exiting critical section [change project]
2026-02-12 12:00:39,859 [INFO] PinOutPanel:1589 - setPackage(No Configuration,No Configuration)
2026-02-12 12:00:39,862 [INFO] PinOutPanel:1589 - setPackage(STM32L476RGTx,LQFP64)
2026-02-12 12:00:41,060 [INFO] UtilMem:75 - Before build in PCC Used Memory: 959041728 Bytes (1073741824)
2026-02-12 12:00:42,887 [INFO] UtilMem:75 - After build in PCC Used Memory: 900082032 Bytes (1073741824)
2026-02-12 12:00:42,949 [INFO] IPUIPlugin:80 - create IPUIPlugin
2026-02-12 12:00:42,949 [INFO] IPUIPlugin:80 - create IPUIPlugin
2026-02-12 12:00:42,949 [INFO] IPUIPlugin:80 - create IPUIPlugin
2026-02-12 12:00:42,949 [INFO] IPUIPlugin:80 - create IPUIPlugin
2026-02-12 12:00:42,949 [INFO] IPUIPlugin:80 - create IPUIPlugin
2026-02-12 12:00:42,949 [INFO] IPUIPlugin:80 - create IPUIPlugin
2026-02-12 12:00:42,950 [INFO] IPUIPlugin:80 - create IPUIPlugin
2026-02-12 12:00:42,950 [INFO] IPUIPlugin:80 - create IPUIPlugin
2026-02-12 12:00:42,950 [INFO] IPUIPlugin:80 - create IPUIPlugin
2026-02-12 12:00:42,950 [INFO] IPUIPlugin:80 - create IPUIPlugin
2026-02-12 12:00:42,950 [INFO] IPUIPlugin:80 - create IPUIPlugin
2026-02-12 12:00:42,950 [INFO] IPUIPlugin:80 - create IPUIPlugin
2026-02-12 12:00:42,951 [INFO] IPUIPlugin:80 - create IPUIPlugin
2026-02-12 12:00:42,951 [INFO] IPUIPlugin:80 - create IPUIPlugin
2026-02-12 12:00:42,951 [INFO] IPUIPlugin:80 - create IPUIPlugin
2026-02-12 12:00:42,951 [INFO] IPUIPlugin:80 - create IPUIPlugin
2026-02-12 12:00:42,951 [INFO] IPUIPlugin:80 - create IPUIPlugin
2026-02-12 12:00:42,951 [INFO] IPUIPlugin:80 - create IPUIPlugin
2026-02-12 12:00:42,952 [INFO] IPUIPlugin:80 - create IPUIPlugin
2026-02-12 12:00:42,952 [INFO] IPUIPlugin:80 - create IPUIPlugin
2026-02-12 12:00:42,952 [INFO] IPUIPlugin:80 - create IPUIPlugin
2026-02-12 12:00:42,953 [INFO] IPUIPlugin:80 - create IPUIPlugin
2026-02-12 12:00:42,953 [INFO] IPUIPlugin:80 - create IPUIPlugin
2026-02-12 12:00:42,953 [INFO] IPUIPlugin:80 - create IPUIPlugin
2026-02-12 12:00:42,953 [INFO] IPUIPlugin:80 - create IPUIPlugin
2026-02-12 12:00:42,954 [INFO] IPUIPlugin:80 - create IPUIPlugin
2026-02-12 12:00:42,954 [INFO] IPUIPlugin:80 - create IPUIPlugin
2026-02-12 12:00:42,954 [INFO] IPUIPlugin:80 - create IPUIPlugin
2026-02-12 12:00:42,954 [INFO] IPUIPlugin:80 - create IPUIPlugin
2026-02-12 12:00:42,954 [INFO] IPUIPlugin:80 - create IPUIPlugin
2026-02-12 12:00:42,955 [INFO] IPUIPlugin:80 - create IPUIPlugin
2026-02-12 12:00:42,955 [INFO] IPUIPlugin:80 - create IPUIPlugin
2026-02-12 12:00:42,955 [INFO] IPUIPlugin:80 - create IPUIPlugin
2026-02-12 12:00:42,955 [INFO] IPUIPlugin:80 - create IPUIPlugin
2026-02-12 12:00:42,955 [INFO] IPUIPlugin:80 - create IPUIPlugin
2026-02-12 12:00:42,955 [INFO] IPUIPlugin:80 - create IPUIPlugin
2026-02-12 12:00:42,956 [INFO] IPUIPlugin:80 - create IPUIPlugin
2026-02-12 12:00:42,956 [INFO] IPUIPlugin:80 - create IPUIPlugin
2026-02-12 12:00:42,956 [INFO] IPUIPlugin:80 - create IPUIPlugin
2026-02-12 12:00:42,956 [INFO] IPUIPlugin:80 - create IPUIPlugin
2026-02-12 12:00:42,956 [INFO] IPUIPlugin:80 - create IPUIPlugin
2026-02-12 12:00:42,957 [INFO] IPUIPlugin:80 - create IPUIPlugin
2026-02-12 12:00:42,957 [INFO] IPUIPlugin:80 - create IPUIPlugin
2026-02-12 12:00:42,957 [INFO] IPUIPlugin:80 - create IPUIPlugin
2026-02-12 12:00:42,958 [INFO] IPUIPlugin:80 - create IPUIPlugin
2026-02-12 12:00:42,958 [INFO] IPUIPlugin:80 - create IPUIPlugin
2026-02-12 12:00:42,958 [INFO] IPUIPlugin:80 - create IPUIPlugin
2026-02-12 12:00:42,958 [INFO] IPUIPlugin:80 - create IPUIPlugin
2026-02-12 12:00:42,959 [INFO] IPUIPlugin:80 - create IPUIPlugin
2026-02-12 12:00:42,960 [INFO] IPUIPlugin:80 - create IPUIPlugin
2026-02-12 12:00:42,961 [INFO] IPUIPlugin:80 - create IPUIPlugin
2026-02-12 12:00:42,961 [INFO] IPUIPlugin:80 - create IPUIPlugin
2026-02-12 12:00:42,962 [INFO] IPUIPlugin:80 - create IPUIPlugin
2026-02-12 12:00:42,962 [INFO] IPUIPlugin:80 - create IPUIPlugin
2026-02-12 12:00:42,963 [INFO] IPUIPlugin:80 - create IPUIPlugin
2026-02-12 12:00:42,963 [INFO] IPUIPlugin:80 - create IPUIPlugin
2026-02-12 12:00:42,964 [INFO] IPUIPlugin:80 - create IPUIPlugin
2026-02-12 12:00:42,964 [INFO] IPUIPlugin:80 - create IPUIPlugin
2026-02-12 12:00:42,965 [INFO] IPUIPlugin:80 - create IPUIPlugin
2026-02-12 12:00:43,377 [INFO] CADModel:165 - CPN selected for project levelSTM32L476RGT3
2026-02-12 12:00:43,377 [INFO] CADModel:114 - Register for checkConnection events
2026-02-12 12:00:43,428 [INFO] OpenFileManager:386 - Restore cursor
2026-02-12 12:00:45,581 [INFO] UtilMem:75 - End SaveConfig() Used Memory: 908953072 Bytes (1073741824)
2026-02-12 12:01:00,027 [INFO] McuFinderGlobals:76 - Set McuFinderConnectedMode to true
2026-02-12 12:01:00,036 [INFO] ApiDb:448 - Save user favorites file C:\Users\Hemanth Madu/.stm32cubeide/favorites.mcus.txt: 0 item(s)
2026-02-12 12:01:00,036 [INFO] ApiDb:452 - User favorites MCUs=[]
2026-02-12 12:01:00,058 [INFO] ApiDb:448 - Save user favorites file C:\Users\Hemanth Madu/.stm32cubeide/favorites.boards.txt: 0 item(s)
2026-02-12 12:01:00,059 [INFO] ApiDb:452 - User favorites Boards=[]
2026-02-12 12:01:05,734 [INFO] McuFinderGlobals:63 - Set McuFinder mode to 2 (CubeIDE integrated)
2026-02-12 12:01:05,734 [INFO] UserAuth:171 - activating auth plugin
2026-02-12 12:01:05,742 [INFO] UserAuth:487 - Internet connection configuration mode: 1
2026-02-12 12:06:13,194 [INFO] ParamManager:905 - [Generic UI] PropertyChangeEvent: TAB_STATUS_CHANGED , "dont care", "never mind"
2026-02-12 12:06:13,257 [INFO] ParamManager:905 - [Generic UI] PropertyChangeEvent: TAB_STATUS_CHANGED , "dont care", "never mind"
2026-02-12 12:06:13,283 [INFO] ADCParametersView:116 -                Rank 1 : false
2026-02-12 12:06:13,527 [INFO] ADCParametersView:116 -                Rank 1 : false
2026-02-12 12:06:13,528 [INFO] ADCParametersView:116 -                Rank 1 : false
2026-02-12 12:06:13,528 [INFO] ADCParametersView:116 -                Rank 1 : false
2026-02-12 12:06:13,529 [INFO] ADCParametersView:116 -                Rank 1 : false
2026-02-12 12:06:13,529 [INFO] ADCParametersView:116 -                Rank 1 : false
2026-02-12 12:06:13,530 [INFO] ADCParametersView:116 -                Rank 1 : false
2026-02-12 12:06:13,531 [INFO] ADCParametersView:116 -                Rank 1 : false
2026-02-12 12:06:13,531 [INFO] ADCParametersView:116 -                Rank 1 : false
2026-02-12 12:06:13,532 [INFO] ADCParametersView:116 -                Rank 1 : false
2026-02-12 12:06:13,532 [INFO] ADCParametersView:116 -                Rank 1 : false
2026-02-12 12:06:13,532 [INFO] ADCParametersView:116 -                Rank 1 : false
2026-02-12 12:06:13,533 [INFO] ADCParametersView:116 -                Rank 1 : false
2026-02-12 12:06:13,533 [INFO] ADCParametersView:116 -                Rank 1 : false
2026-02-12 12:06:13,533 [INFO] ADCParametersView:116 -                Rank 1 : false
2026-02-12 12:06:13,533 [INFO] ADCParametersView:116 -                Rank 1 : false
2026-02-12 12:06:13,534 [INFO] ADCParametersView:116 -                Rank 1 : false
2026-02-12 12:06:13,534 [INFO] ADCParametersView:116 -                Rank 1 : false
2026-02-12 12:06:13,534 [INFO] ADCParametersView:116 -                Rank 1 : false
2026-02-12 12:06:13,534 [INFO] ADCParametersView:116 -                Rank 1 : false
2026-02-12 12:06:13,534 [INFO] ADCParametersView:116 -                Rank 1 : false
2026-02-12 12:06:13,560 [INFO] ADCParametersView:116 -                Rank 1 : false
2026-02-12 12:06:13,983 [INFO] NvicIntPanel:101 - NVIC parent = com.st.microxplorer.plugins.ip.nvic.MultiNvicIntPanel[,0,0,0x0,invalid,layout=javax.swing.BoxLayout,alignmentX=0.0,alignmentY=0.0,border=,flags=9,maximumSize=,minimumSize=,preferredSize=]
2026-02-12 12:06:14,400 [INFO] NvicIntPanel:101 - NVIC parent = com.st.microxplorer.plugins.ip.nvic.MultiNvicIntPanel[,0,0,0x0,invalid,layout=javax.swing.BoxLayout,alignmentX=0.0,alignmentY=0.0,border=,flags=9,maximumSize=,minimumSize=,preferredSize=]
2026-02-12 12:06:14,668 [INFO] NvicIntPanel:101 - NVIC parent = com.st.microxplorer.plugins.ip.nvic.MultiNvicIntPanel[,0,0,0x0,invalid,layout=javax.swing.BoxLayout,alignmentX=0.0,alignmentY=0.0,border=,flags=9,maximumSize=,minimumSize=,preferredSize=]
2026-02-12 12:06:14,928 [INFO] ADCParametersView:116 -                Rank 1 : false
2026-02-12 12:06:14,928 [INFO] ADCParametersView:116 -                Rank 1 : false
2026-02-12 12:06:14,929 [INFO] ADCParametersView:116 -                Rank 1 : false
2026-02-12 12:06:14,930 [INFO] ADCParametersView:116 -                Rank 1 : false
2026-02-12 12:06:14,930 [INFO] ADCParametersView:116 -                Rank 1 : false
2026-02-12 12:06:14,930 [INFO] ADCParametersView:116 -                Rank 1 : false
2026-02-12 12:06:14,931 [INFO] ADCParametersView:116 -                Rank 1 : false
2026-02-12 12:06:14,931 [INFO] ADCParametersView:116 -                Rank 1 : false
2026-02-12 12:06:14,931 [INFO] ADCParametersView:116 -                Rank 1 : false
2026-02-12 12:06:14,933 [INFO] ADCParametersView:116 -                Rank 1 : false
2026-02-12 12:06:14,933 [INFO] ADCParametersView:116 -                Rank 1 : false
2026-02-12 12:06:14,933 [INFO] ADCParametersView:116 -                Rank 1 : false
2026-02-12 12:06:14,933 [INFO] ADCParametersView:116 -                Rank 1 : false
2026-02-12 12:06:14,934 [INFO] ADCParametersView:116 -                Rank 1 : false
2026-02-12 12:06:14,934 [INFO] ADCParametersView:116 -                Rank 1 : false
2026-02-12 12:06:14,935 [INFO] ADCParametersView:116 -                Rank 1 : false
2026-02-12 12:06:14,935 [INFO] ADCParametersView:116 -                Rank 1 : false
2026-02-12 12:06:14,936 [INFO] ADCParametersView:116 -                Rank 1 : false
2026-02-12 12:06:14,936 [INFO] ADCParametersView:116 -                Rank 1 : false
2026-02-12 12:06:14,936 [INFO] ADCParametersView:116 -                Rank 1 : false
2026-02-12 12:06:15,031 [INFO] ADCParametersView:116 -                Rank 1 : false
2026-02-12 12:06:15,135 [INFO] ADCParametersView:116 -                Rank 1 : false
2026-02-12 12:06:15,135 [INFO] ADCParametersView:116 -                Rank 1 : false
2026-02-12 12:06:15,136 [INFO] ADCParametersView:116 -                Rank 1 : false
2026-02-12 12:06:15,136 [INFO] ADCParametersView:116 -                Rank 1 : false
2026-02-12 12:06:15,136 [INFO] ADCParametersView:116 -                Rank 1 : false
2026-02-12 12:06:15,136 [INFO] ADCParametersView:116 -                Rank 1 : false
2026-02-12 12:06:15,137 [INFO] ADCParametersView:116 -                Rank 1 : false
2026-02-12 12:06:15,137 [INFO] ADCParametersView:116 -                Rank 1 : false
2026-02-12 12:06:15,137 [INFO] ADCParametersView:116 -                Rank 1 : false
2026-02-12 12:06:15,138 [INFO] ADCParametersView:116 -                Rank 1 : false
2026-02-12 12:06:15,138 [INFO] ADCParametersView:116 -                Rank 1 : false
2026-02-12 12:06:15,138 [INFO] ADCParametersView:116 -                Rank 1 : false
2026-02-12 12:06:15,138 [INFO] ADCParametersView:116 -                Rank 1 : false
2026-02-12 12:06:15,139 [INFO] ADCParametersView:116 -                Rank 1 : false
2026-02-12 12:06:15,139 [INFO] ADCParametersView:116 -                Rank 1 : false
2026-02-12 12:06:15,139 [INFO] ADCParametersView:116 -                Rank 1 : false
2026-02-12 12:06:15,139 [INFO] ADCParametersView:116 -                Rank 1 : false
2026-02-12 12:06:15,140 [INFO] ADCParametersView:116 -                Rank 1 : false
2026-02-12 12:06:15,140 [INFO] ADCParametersView:116 -                Rank 1 : false
2026-02-12 12:06:15,140 [INFO] ADCParametersView:116 -                Rank 1 : false
2026-02-12 12:06:15,223 [INFO] ADCParametersView:116 -                Rank 1 : false
2026-02-12 12:06:17,673 [INFO] ADCParametersView:116 -                Rank 1 : false
2026-02-12 12:06:17,674 [INFO] ADCParametersView:116 -                Rank 1 : false
2026-02-12 12:06:17,675 [INFO] ADCParametersView:116 -                Rank 1 : false
2026-02-12 12:06:17,675 [INFO] ADCParametersView:116 -                Rank 1 : false
2026-02-12 12:06:17,676 [INFO] ADCParametersView:116 -                Rank 1 : false
2026-02-12 12:06:17,676 [INFO] ADCParametersView:116 -                Rank 1 : false
2026-02-12 12:06:17,677 [INFO] ADCParametersView:116 -                Rank 1 : false
2026-02-12 12:06:17,678 [INFO] ADCParametersView:116 -                Rank 1 : false
2026-02-12 12:06:17,679 [INFO] ADCParametersView:116 -                Rank 1 : false
2026-02-12 12:06:17,679 [INFO] ADCParametersView:116 -                Rank 1 : false
2026-02-12 12:06:17,680 [INFO] ADCParametersView:116 -                Rank 1 : false
2026-02-12 12:06:17,680 [INFO] ADCParametersView:116 -                Rank 1 : false
2026-02-12 12:06:17,681 [INFO] ADCParametersView:116 -                Rank 1 : false
2026-02-12 12:06:17,681 [INFO] ADCParametersView:116 -                Rank 1 : false
2026-02-12 12:06:17,682 [INFO] ADCParametersView:116 -                Rank 1 : false
2026-02-12 12:06:17,683 [INFO] ADCParametersView:116 -                Rank 1 : false
2026-02-12 12:06:17,683 [INFO] ADCParametersView:116 -                Rank 1 : false
2026-02-12 12:06:17,683 [INFO] ADCParametersView:116 -                Rank 1 : false
2026-02-12 12:06:17,684 [INFO] ADCParametersView:116 -                Rank 1 : false
2026-02-12 12:06:17,684 [INFO] ADCParametersView:116 -                Rank 1 : false
2026-02-12 12:06:17,750 [INFO] ADCParametersView:116 -                Rank 1 : false
2026-02-12 12:06:30,742 [INFO] ADCParametersView:116 -                Rank 1 : false
2026-02-12 12:06:30,751 [INFO] ADCParametersView:116 -                Rank 1 : false
2026-02-12 12:06:30,751 [INFO] ADCParametersView:116 -                Rank 1 : false
2026-02-12 12:06:30,751 [INFO] ADCParametersView:116 -                Rank 1 : false
2026-02-12 12:06:30,751 [INFO] ADCParametersView:116 -                Rank 1 : false
2026-02-12 12:06:30,751 [INFO] ADCParametersView:116 -                Rank 1 : false
2026-02-12 12:06:30,752 [INFO] ADCParametersView:116 -                Rank 1 : false
2026-02-12 12:06:30,752 [INFO] ADCParametersView:116 -                Rank 1 : false
2026-02-12 12:06:30,752 [INFO] ADCParametersView:116 -                Rank 1 : false
2026-02-12 12:06:30,752 [INFO] ADCParametersView:116 -                Rank 1 : false
2026-02-12 12:06:30,752 [INFO] ADCParametersView:116 -                Rank 1 : false
2026-02-12 12:06:30,752 [INFO] ADCParametersView:116 -                Rank 1 : false
2026-02-12 12:06:30,752 [INFO] ADCParametersView:116 -                Rank 1 : false
2026-02-12 12:06:30,753 [INFO] ADCParametersView:116 -                Rank 1 : false
2026-02-12 12:06:30,753 [INFO] ADCParametersView:116 -                Rank 1 : false
2026-02-12 12:06:30,753 [INFO] ADCParametersView:116 -                Rank 1 : false
2026-02-12 12:06:30,753 [INFO] ADCParametersView:116 -                Rank 1 : false
2026-02-12 12:06:30,753 [INFO] ADCParametersView:116 -                Rank 1 : false
2026-02-12 12:06:30,753 [INFO] ADCParametersView:116 -                Rank 1 : false
2026-02-12 12:06:30,753 [INFO] ADCParametersView:116 -                Rank 1 : false
2026-02-12 12:06:30,766 [INFO] ADCParametersView:116 -                Rank 1 : false
2026-02-12 12:06:30,805 [INFO] ADCParametersView:116 -                Rank 1 : false
2026-02-12 12:06:30,809 [INFO] ADCParametersView:116 -                Rank 1 : false
2026-02-12 12:06:30,809 [INFO] ADCParametersView:116 -                Rank 1 : false
2026-02-12 12:06:30,809 [INFO] ADCParametersView:116 -                Rank 1 : false
2026-02-12 12:06:30,810 [INFO] ADCParametersView:116 -                Rank 1 : false
2026-02-12 12:06:30,810 [INFO] ADCParametersView:116 -                Rank 1 : false
2026-02-12 12:06:30,810 [INFO] ADCParametersView:116 -                Rank 1 : false
2026-02-12 12:06:30,810 [INFO] ADCParametersView:116 -                Rank 1 : false
2026-02-12 12:06:30,810 [INFO] ADCParametersView:116 -                Rank 1 : false
2026-02-12 12:06:30,810 [INFO] ADCParametersView:116 -                Rank 1 : false
2026-02-12 12:06:30,811 [INFO] ADCParametersView:116 -                Rank 1 : false
2026-02-12 12:06:30,811 [INFO] ADCParametersView:116 -                Rank 1 : false
2026-02-12 12:06:30,811 [INFO] ADCParametersView:116 -                Rank 1 : false
2026-02-12 12:06:30,811 [INFO] ADCParametersView:116 -                Rank 1 : false
2026-02-12 12:06:30,811 [INFO] ADCParametersView:116 -                Rank 1 : false
2026-02-12 12:06:30,811 [INFO] ADCParametersView:116 -                Rank 1 : false
2026-02-12 12:06:30,812 [INFO] ADCParametersView:116 -                Rank 1 : false
2026-02-12 12:06:30,812 [INFO] ADCParametersView:116 -                Rank 1 : false
2026-02-12 12:06:30,812 [INFO] ADCParametersView:116 -                Rank 1 : false
2026-02-12 12:06:30,812 [INFO] ADCParametersView:116 -                Rank 1 : false
2026-02-12 12:06:30,824 [INFO] ADCParametersView:116 -                Rank 1 : false
2026-02-12 12:06:30,895 [INFO] ADCParametersView:116 -                Rank 1 : false
2026-02-12 12:06:30,896 [INFO] ADCParametersView:116 -                Rank 1 : false
2026-02-12 12:06:30,896 [INFO] ADCParametersView:116 -                Rank 1 : false
2026-02-12 12:06:30,896 [INFO] ADCParametersView:116 -                Rank 1 : false
2026-02-12 12:06:30,896 [INFO] ADCParametersView:116 -                Rank 1 : false
2026-02-12 12:06:30,896 [INFO] ADCParametersView:116 -                Rank 1 : false
2026-02-12 12:06:30,896 [INFO] ADCParametersView:116 -                Rank 1 : false
2026-02-12 12:06:30,896 [INFO] ADCParametersView:116 -                Rank 1 : false
2026-02-12 12:06:30,897 [INFO] ADCParametersView:116 -                Rank 1 : false
2026-02-12 12:06:30,897 [INFO] ADCParametersView:116 -                Rank 1 : false
2026-02-12 12:06:30,897 [INFO] ADCParametersView:116 -                Rank 1 : false
2026-02-12 12:06:30,897 [INFO] ADCParametersView:116 -                Rank 1 : false
2026-02-12 12:06:30,897 [INFO] ADCParametersView:116 -                Rank 1 : false
2026-02-12 12:06:30,897 [INFO] ADCParametersView:116 -                Rank 1 : false
2026-02-12 12:06:30,897 [INFO] ADCParametersView:116 -                Rank 1 : false
2026-02-12 12:06:30,897 [INFO] ADCParametersView:116 -                Rank 1 : false
2026-02-12 12:06:30,897 [INFO] ADCParametersView:116 -                Rank 1 : false
2026-02-12 12:06:30,897 [INFO] ADCParametersView:116 -                Rank 1 : false
2026-02-12 12:06:30,898 [INFO] ADCParametersView:116 -                Rank 1 : false
2026-02-12 12:06:30,898 [INFO] ADCParametersView:116 -                Rank 1 : false
2026-02-12 12:06:30,955 [INFO] ADCParametersView:116 -                Rank 1 : false
2026-02-12 12:07:04,129 [INFO] NvicIntPanel:101 - NVIC parent = com.st.microxplorer.plugins.ip.nvic.MultiNvicIntPanel[,0,0,0x0,invalid,layout=javax.swing.BoxLayout,alignmentX=0.0,alignmentY=0.0,border=,flags=9,maximumSize=,minimumSize=,preferredSize=]
2026-02-12 12:07:07,222 [INFO] ADCParametersView:116 -                Rank 1 : false
2026-02-12 12:07:07,226 [INFO] ADCParametersView:116 -                Rank 1 : false
2026-02-12 12:07:07,227 [INFO] ADCParametersView:116 -                Rank 1 : false
2026-02-12 12:07:07,228 [INFO] ADCParametersView:116 -                Rank 1 : false
2026-02-12 12:07:07,228 [INFO] ADCParametersView:116 -                Rank 1 : false
2026-02-12 12:07:07,228 [INFO] ADCParametersView:116 -                Rank 1 : false
2026-02-12 12:07:07,229 [INFO] ADCParametersView:116 -                Rank 1 : false
2026-02-12 12:07:07,229 [INFO] ADCParametersView:116 -                Rank 1 : false
2026-02-12 12:07:07,229 [INFO] ADCParametersView:116 -                Rank 1 : false
2026-02-12 12:07:07,230 [INFO] ADCParametersView:116 -                Rank 1 : false
2026-02-12 12:07:07,230 [INFO] ADCParametersView:116 -                Rank 1 : false
2026-02-12 12:07:07,230 [INFO] ADCParametersView:116 -                Rank 1 : false
2026-02-12 12:07:07,231 [INFO] ADCParametersView:116 -                Rank 1 : false
2026-02-12 12:07:07,231 [INFO] ADCParametersView:116 -                Rank 1 : false
2026-02-12 12:07:07,231 [INFO] ADCParametersView:116 -                Rank 1 : false
2026-02-12 12:07:07,231 [INFO] ADCParametersView:116 -                Rank 1 : false
2026-02-12 12:07:07,232 [INFO] ADCParametersView:116 -                Rank 1 : false
2026-02-12 12:07:07,232 [INFO] ADCParametersView:116 -                Rank 1 : false
2026-02-12 12:07:07,232 [INFO] ADCParametersView:116 -                Rank 1 : false
2026-02-12 12:07:07,232 [INFO] ADCParametersView:116 -                Rank 1 : false
2026-02-12 12:07:07,290 [INFO] ADCParametersView:116 -                Rank 1 : false
2026-02-12 12:07:07,290 [INFO] ADCParametersView:116 -                Rank 1 : false
2026-02-12 12:07:07,292 [INFO] ADCParametersView:116 -                Rank 1 : false
2026-02-12 12:07:07,293 [INFO] ADCParametersView:116 -                Rank 1 : false
2026-02-12 12:07:07,293 [INFO] ADCParametersView:116 -                Rank 1 : false
2026-02-12 12:07:07,293 [INFO] ADCParametersView:116 -                Rank 1 : false
2026-02-12 12:07:07,293 [INFO] ADCParametersView:116 -                Rank 1 : false
2026-02-12 12:07:07,293 [INFO] ADCParametersView:116 -                Rank 1 : false
2026-02-12 12:07:07,293 [INFO] ADCParametersView:116 -                Rank 1 : false
2026-02-12 12:07:07,293 [INFO] ADCParametersView:116 -                Rank 1 : false
2026-02-12 12:07:07,293 [INFO] ADCParametersView:116 -                Rank 1 : false
2026-02-12 12:07:07,293 [INFO] ADCParametersView:116 -                Rank 1 : false
2026-02-12 12:07:07,293 [INFO] ADCParametersView:116 -                Rank 1 : false
2026-02-12 12:07:07,294 [INFO] ADCParametersView:116 -                Rank 1 : false
2026-02-12 12:07:07,294 [INFO] ADCParametersView:116 -                Rank 1 : false
2026-02-12 12:07:07,294 [INFO] ADCParametersView:116 -                Rank 1 : false
2026-02-12 12:07:07,294 [INFO] ADCParametersView:116 -                Rank 1 : false
2026-02-12 12:07:07,294 [INFO] ADCParametersView:116 -                Rank 1 : false
2026-02-12 12:07:07,294 [INFO] ADCParametersView:116 -                Rank 1 : false
2026-02-12 12:07:07,294 [INFO] ADCParametersView:116 -                Rank 1 : false
2026-02-12 12:07:07,294 [INFO] ADCParametersView:116 -                Rank 1 : false
2026-02-12 12:07:07,341 [INFO] ADCParametersView:116 -                Rank 1 : false
2026-02-12 12:07:15,184 [INFO] NvicIntPanel:101 - NVIC parent = com.st.microxplorer.plugins.ip.nvic.MultiNvicIntPanel[,0,0,0x0,invalid,layout=javax.swing.BoxLayout,alignmentX=0.0,alignmentY=0.0,border=,flags=9,maximumSize=,minimumSize=,preferredSize=]
2026-02-12 12:07:15,249 [INFO] ADCParametersView:116 -                Rank 1 : false
2026-02-12 12:07:15,251 [INFO] ADCParametersView:116 -                Rank 1 : false
2026-02-12 12:07:15,251 [INFO] ADCParametersView:116 -                Rank 1 : false
2026-02-12 12:07:15,251 [INFO] ADCParametersView:116 -                Rank 1 : false
2026-02-12 12:07:15,252 [INFO] ADCParametersView:116 -                Rank 1 : false
2026-02-12 12:07:15,252 [INFO] ADCParametersView:116 -                Rank 1 : false
2026-02-12 12:07:15,252 [INFO] ADCParametersView:116 -                Rank 1 : false
2026-02-12 12:07:15,252 [INFO] ADCParametersView:116 -                Rank 1 : false
2026-02-12 12:07:15,252 [INFO] ADCParametersView:116 -                Rank 1 : false
2026-02-12 12:07:15,252 [INFO] ADCParametersView:116 -                Rank 1 : false
2026-02-12 12:07:15,252 [INFO] ADCParametersView:116 -                Rank 1 : false
2026-02-12 12:07:15,252 [INFO] ADCParametersView:116 -                Rank 1 : false
2026-02-12 12:07:15,253 [INFO] ADCParametersView:116 -                Rank 1 : false
2026-02-12 12:07:15,253 [INFO] ADCParametersView:116 -                Rank 1 : false
2026-02-12 12:07:15,253 [INFO] ADCParametersView:116 -                Rank 1 : false
2026-02-12 12:07:15,253 [INFO] ADCParametersView:116 -                Rank 1 : false
2026-02-12 12:07:15,253 [INFO] ADCParametersView:116 -                Rank 1 : false
2026-02-12 12:07:15,253 [INFO] ADCParametersView:116 -                Rank 1 : false
2026-02-12 12:07:15,253 [INFO] ADCParametersView:116 -                Rank 1 : false
2026-02-12 12:07:15,253 [INFO] ADCParametersView:116 -                Rank 1 : false
2026-02-12 12:07:15,298 [INFO] ADCParametersView:116 -                Rank 1 : false
2026-02-12 12:07:36,531 [INFO] ADCParametersView:116 -                Rank 1 : false
2026-02-12 12:07:36,538 [INFO] ADCParametersView:116 -                Rank 1 : false
2026-02-12 12:07:36,539 [INFO] ADCParametersView:116 -                Rank 1 : false
2026-02-12 12:07:36,540 [INFO] ADCParametersView:116 -                Rank 1 : false
2026-02-12 12:07:36,540 [INFO] ADCParametersView:116 -                Rank 1 : false
2026-02-12 12:07:36,541 [INFO] ADCParametersView:116 -                Rank 1 : false
2026-02-12 12:07:36,542 [INFO] ADCParametersView:116 -                Rank 1 : false
2026-02-12 12:07:36,543 [INFO] ADCParametersView:116 -                Rank 1 : false
2026-02-12 12:07:36,543 [INFO] ADCParametersView:116 -                Rank 1 : false
2026-02-12 12:07:36,544 [INFO] ADCParametersView:116 -                Rank 1 : false
2026-02-12 12:07:36,545 [INFO] ADCParametersView:116 -                Rank 1 : false
2026-02-12 12:07:36,545 [INFO] ADCParametersView:116 -                Rank 1 : false
2026-02-12 12:07:36,546 [INFO] ADCParametersView:116 -                Rank 1 : false
2026-02-12 12:07:36,546 [INFO] ADCParametersView:116 -                Rank 1 : false
2026-02-12 12:07:36,547 [INFO] ADCParametersView:116 -                Rank 1 : false
2026-02-12 12:07:36,547 [INFO] ADCParametersView:116 -                Rank 1 : false
2026-02-12 12:07:36,547 [INFO] ADCParametersView:116 -                Rank 1 : false
2026-02-12 12:07:36,548 [INFO] ADCParametersView:116 -                Rank 1 : false
2026-02-12 12:07:36,548 [INFO] ADCParametersView:116 -                Rank 1 : false
2026-02-12 12:07:36,548 [INFO] ADCParametersView:116 -                Rank 1 : false
2026-02-12 12:07:36,632 [INFO] ADCParametersView:116 -                Rank 1 : false
2026-02-12 12:07:36,767 [INFO] ADCParametersView:116 -                Rank 1 : false
2026-02-12 12:07:36,774 [INFO] ADCParametersView:116 -                Rank 1 : false
2026-02-12 12:07:36,774 [INFO] ADCParametersView:116 -                Rank 1 : false
2026-02-12 12:07:36,775 [INFO] ADCParametersView:116 -                Rank 1 : false
2026-02-12 12:07:36,775 [INFO] ADCParametersView:116 -                Rank 1 : false
2026-02-12 12:07:36,776 [INFO] ADCParametersView:116 -                Rank 1 : false
2026-02-12 12:07:36,776 [INFO] ADCParametersView:116 -                Rank 1 : false
2026-02-12 12:07:36,776 [INFO] ADCParametersView:116 -                Rank 1 : false
2026-02-12 12:07:36,777 [INFO] ADCParametersView:116 -                Rank 1 : false
2026-02-12 12:07:36,777 [INFO] ADCParametersView:116 -                Rank 1 : false
2026-02-12 12:07:36,777 [INFO] ADCParametersView:116 -                Rank 1 : false
2026-02-12 12:07:36,778 [INFO] ADCParametersView:116 -                Rank 1 : false
2026-02-12 12:07:36,778 [INFO] ADCParametersView:116 -                Rank 1 : false
2026-02-12 12:07:36,779 [INFO] ADCParametersView:116 -                Rank 1 : false
2026-02-12 12:07:36,779 [INFO] ADCParametersView:116 -                Rank 1 : false
2026-02-12 12:07:36,779 [INFO] ADCParametersView:116 -                Rank 1 : false
2026-02-12 12:07:36,779 [INFO] ADCParametersView:116 -                Rank 1 : false
2026-02-12 12:07:36,780 [INFO] ADCParametersView:116 -                Rank 1 : false
2026-02-12 12:07:36,780 [INFO] ADCParametersView:116 -                Rank 1 : false
2026-02-12 12:07:36,781 [INFO] ADCParametersView:116 -                Rank 1 : false
2026-02-12 12:07:36,868 [INFO] ADCParametersView:116 -                Rank 1 : false
2026-02-12 12:07:47,216 [INFO] ADCParametersView:116 -                Rank 1 : false
2026-02-12 12:07:47,220 [INFO] ADCParametersView:116 -                Rank 1 : false
2026-02-12 12:07:47,221 [INFO] ADCParametersView:116 -                Rank 1 : false
2026-02-12 12:07:47,221 [INFO] ADCParametersView:116 -                Rank 1 : false
2026-02-12 12:07:47,222 [INFO] ADCParametersView:116 -                Rank 1 : false
2026-02-12 12:07:47,222 [INFO] ADCParametersView:116 -                Rank 1 : false
2026-02-12 12:07:47,223 [INFO] ADCParametersView:116 -                Rank 1 : false
2026-02-12 12:07:47,223 [INFO] ADCParametersView:116 -                Rank 1 : false
2026-02-12 12:07:47,223 [INFO] ADCParametersView:116 -                Rank 1 : false
2026-02-12 12:07:47,223 [INFO] ADCParametersView:116 -                Rank 1 : false
2026-02-12 12:07:47,224 [INFO] ADCParametersView:116 -                Rank 1 : false
2026-02-12 12:07:47,224 [INFO] ADCParametersView:116 -                Rank 1 : false
2026-02-12 12:07:47,225 [INFO] ADCParametersView:116 -                Rank 1 : false
2026-02-12 12:07:47,225 [INFO] ADCParametersView:116 -                Rank 1 : false
2026-02-12 12:07:47,225 [INFO] ADCParametersView:116 -                Rank 1 : false
2026-02-12 12:07:47,225 [INFO] ADCParametersView:116 -                Rank 1 : false
2026-02-12 12:07:47,225 [INFO] ADCParametersView:116 -                Rank 1 : false
2026-02-12 12:07:47,226 [INFO] ADCParametersView:116 -                Rank 1 : false
2026-02-12 12:07:47,226 [INFO] ADCParametersView:116 -                Rank 1 : false
2026-02-12 12:07:47,227 [INFO] ADCParametersView:116 -                Rank 1 : false
2026-02-12 12:07:47,340 [INFO] ADCParametersView:116 -                Rank 1 : false
2026-02-12 12:07:47,486 [INFO] ADCParametersView:116 -                Rank 1 : false
2026-02-12 12:07:47,491 [INFO] ADCParametersView:116 -                Rank 1 : false
2026-02-12 12:07:47,491 [INFO] ADCParametersView:116 -                Rank 1 : false
2026-02-12 12:07:47,492 [INFO] ADCParametersView:116 -                Rank 1 : false
2026-02-12 12:07:47,492 [INFO] ADCParametersView:116 -                Rank 1 : false
2026-02-12 12:07:47,492 [INFO] ADCParametersView:116 -                Rank 1 : false
2026-02-12 12:07:47,492 [INFO] ADCParametersView:116 -                Rank 1 : false
2026-02-12 12:07:47,493 [INFO] ADCParametersView:116 -                Rank 1 : false
2026-02-12 12:07:47,493 [INFO] ADCParametersView:116 -                Rank 1 : false
2026-02-12 12:07:47,493 [INFO] ADCParametersView:116 -                Rank 1 : false
2026-02-12 12:07:47,494 [INFO] ADCParametersView:116 -                Rank 1 : false
2026-02-12 12:07:47,494 [INFO] ADCParametersView:116 -                Rank 1 : false
2026-02-12 12:07:47,494 [INFO] ADCParametersView:116 -                Rank 1 : false
2026-02-12 12:07:47,494 [INFO] ADCParametersView:116 -                Rank 1 : false
2026-02-12 12:07:47,494 [INFO] ADCParametersView:116 -                Rank 1 : false
2026-02-12 12:07:47,495 [INFO] ADCParametersView:116 -                Rank 1 : false
2026-02-12 12:07:47,495 [INFO] ADCParametersView:116 -                Rank 1 : false
2026-02-12 12:07:47,496 [INFO] ADCParametersView:116 -                Rank 1 : false
2026-02-12 12:07:47,496 [INFO] ADCParametersView:116 -                Rank 1 : false
2026-02-12 12:07:47,496 [INFO] ADCParametersView:116 -                Rank 1 : false
2026-02-12 12:07:47,585 [INFO] ADCParametersView:116 -                Rank 1 : false
2026-02-12 12:08:30,253 [INFO] ADCParametersView:116 -                Rank 1 : false
2026-02-12 12:08:30,258 [INFO] ADCParametersView:116 -                Rank 1 : false
2026-02-12 12:08:30,258 [INFO] ADCParametersView:116 -                Rank 1 : false
2026-02-12 12:08:30,258 [INFO] ADCParametersView:116 -                Rank 1 : false
2026-02-12 12:08:30,258 [INFO] ADCParametersView:116 -                Rank 1 : false
2026-02-12 12:08:30,259 [INFO] ADCParametersView:116 -                Rank 1 : false
2026-02-12 12:08:30,259 [INFO] ADCParametersView:116 -                Rank 1 : false
2026-02-12 12:08:30,259 [INFO] ADCParametersView:116 -                Rank 1 : false
2026-02-12 12:08:30,259 [INFO] ADCParametersView:116 -                Rank 1 : false
2026-02-12 12:08:30,259 [INFO] ADCParametersView:116 -                Rank 1 : false
2026-02-12 12:08:30,259 [INFO] ADCParametersView:116 -                Rank 1 : false
2026-02-12 12:08:30,260 [INFO] ADCParametersView:116 -                Rank 1 : false
2026-02-12 12:08:30,260 [INFO] ADCParametersView:116 -                Rank 1 : false
2026-02-12 12:08:30,261 [INFO] ADCParametersView:116 -                Rank 1 : false
2026-02-12 12:08:30,261 [INFO] ADCParametersView:116 -                Rank 1 : false
2026-02-12 12:08:30,261 [INFO] ADCParametersView:116 -                Rank 1 : false
2026-02-12 12:08:30,261 [INFO] ADCParametersView:116 -                Rank 1 : false
2026-02-12 12:08:30,261 [INFO] ADCParametersView:116 -                Rank 1 : false
2026-02-12 12:08:30,262 [INFO] ADCParametersView:116 -                Rank 1 : false
2026-02-12 12:08:30,263 [INFO] ADCParametersView:116 -                Rank 1 : false
2026-02-12 12:08:30,872 [INFO] ADCParametersView:116 -                Rank 1 : false
2026-02-12 12:08:33,235 [INFO] ADCParametersView:116 -                Rank 1 : false
2026-02-12 12:08:33,238 [INFO] ADCParametersView:116 -                Rank 1 : false
2026-02-12 12:08:33,238 [INFO] ADCParametersView:116 -                Rank 1 : false
2026-02-12 12:08:33,238 [INFO] ADCParametersView:116 -                Rank 1 : false
2026-02-12 12:08:33,239 [INFO] ADCParametersView:116 -                Rank 1 : false
2026-02-12 12:08:33,239 [INFO] ADCParametersView:116 -                Rank 1 : false
2026-02-12 12:08:33,239 [INFO] ADCParametersView:116 -                Rank 1 : false
2026-02-12 12:08:33,239 [INFO] ADCParametersView:116 -                Rank 1 : false
2026-02-12 12:08:33,240 [INFO] ADCParametersView:116 -                Rank 1 : false
2026-02-12 12:08:33,240 [INFO] ADCParametersView:116 -                Rank 1 : false
2026-02-12 12:08:33,240 [INFO] ADCParametersView:116 -                Rank 1 : false
2026-02-12 12:08:33,240 [INFO] ADCParametersView:116 -                Rank 1 : false
2026-02-12 12:08:33,240 [INFO] ADCParametersView:116 -                Rank 1 : false
2026-02-12 12:08:33,241 [INFO] ADCParametersView:116 -                Rank 1 : false
2026-02-12 12:08:33,241 [INFO] ADCParametersView:116 -                Rank 1 : false
2026-02-12 12:08:33,241 [INFO] ADCParametersView:116 -                Rank 1 : false
2026-02-12 12:08:33,241 [INFO] ADCParametersView:116 -                Rank 1 : false
2026-02-12 12:08:33,242 [INFO] ADCParametersView:116 -                Rank 1 : false
2026-02-12 12:08:33,242 [INFO] ADCParametersView:116 -                Rank 1 : false
2026-02-12 12:08:33,242 [INFO] ADCParametersView:116 -                Rank 1 : false
2026-02-12 12:08:33,668 [INFO] ADCParametersView:116 -                Rank 1 : false
2026-02-12 12:08:33,691 [INFO] UtilMem:75 - End SaveConfig() Used Memory: 866678456 Bytes (1073741824)
2026-02-12 12:08:34,787 [INFO] ADCParametersView:116 -                Rank 1 : false
2026-02-12 12:08:34,791 [INFO] ADCParametersView:116 -                Rank 1 : false
2026-02-12 12:08:34,791 [INFO] ADCParametersView:116 -                Rank 1 : false
2026-02-12 12:08:34,791 [INFO] ADCParametersView:116 -                Rank 1 : false
2026-02-12 12:08:34,791 [INFO] ADCParametersView:116 -                Rank 1 : false
2026-02-12 12:08:34,792 [INFO] ADCParametersView:116 -                Rank 1 : false
2026-02-12 12:08:34,792 [INFO] ADCParametersView:116 -                Rank 1 : false
2026-02-12 12:08:34,792 [INFO] ADCParametersView:116 -                Rank 1 : false
2026-02-12 12:08:34,792 [INFO] ADCParametersView:116 -                Rank 1 : false
2026-02-12 12:08:34,792 [INFO] ADCParametersView:116 -                Rank 1 : false
2026-02-12 12:08:34,793 [INFO] ADCParametersView:116 -                Rank 1 : false
2026-02-12 12:08:34,793 [INFO] ADCParametersView:116 -                Rank 1 : false
2026-02-12 12:08:34,793 [INFO] ADCParametersView:116 -                Rank 1 : false
2026-02-12 12:08:34,793 [INFO] ADCParametersView:116 -                Rank 1 : false
2026-02-12 12:08:34,794 [INFO] ADCParametersView:116 -                Rank 1 : false
2026-02-12 12:08:34,794 [INFO] ADCParametersView:116 -                Rank 1 : false
2026-02-12 12:08:34,794 [INFO] ADCParametersView:116 -                Rank 1 : false
2026-02-12 12:08:34,794 [INFO] ADCParametersView:116 -                Rank 1 : false
2026-02-12 12:08:34,794 [INFO] ADCParametersView:116 -                Rank 1 : false
2026-02-12 12:08:34,794 [INFO] ADCParametersView:116 -                Rank 1 : false
2026-02-12 12:08:34,865 [INFO] ADCParametersView:116 -                Rank 1 : false
2026-02-12 12:08:34,969 [INFO] ADCParametersView:116 -                Rank 1 : false
2026-02-12 12:08:34,972 [INFO] ADCParametersView:116 -                Rank 1 : false
2026-02-12 12:08:34,972 [INFO] ADCParametersView:116 -                Rank 1 : false
2026-02-12 12:08:34,972 [INFO] ADCParametersView:116 -                Rank 1 : false
2026-02-12 12:08:34,972 [INFO] ADCParametersView:116 -                Rank 1 : false
2026-02-12 12:08:34,972 [INFO] ADCParametersView:116 -                Rank 1 : false
2026-02-12 12:08:34,972 [INFO] ADCParametersView:116 -                Rank 1 : false
2026-02-12 12:08:34,972 [INFO] ADCParametersView:116 -                Rank 1 : false
2026-02-12 12:08:34,972 [INFO] ADCParametersView:116 -                Rank 1 : false
2026-02-12 12:08:34,972 [INFO] ADCParametersView:116 -                Rank 1 : false
2026-02-12 12:08:34,972 [INFO] ADCParametersView:116 -                Rank 1 : false
2026-02-12 12:08:34,973 [INFO] ADCParametersView:116 -                Rank 1 : false
2026-02-12 12:08:34,973 [INFO] ADCParametersView:116 -                Rank 1 : false
2026-02-12 12:08:34,973 [INFO] ADCParametersView:116 -                Rank 1 : false
2026-02-12 12:08:34,973 [INFO] ADCParametersView:116 -                Rank 1 : false
2026-02-12 12:08:34,973 [INFO] ADCParametersView:116 -                Rank 1 : false
2026-02-12 12:08:34,973 [INFO] ADCParametersView:116 -                Rank 1 : false
2026-02-12 12:08:34,974 [INFO] ADCParametersView:116 -                Rank 1 : false
2026-02-12 12:08:34,974 [INFO] ADCParametersView:116 -                Rank 1 : false
2026-02-12 12:08:34,974 [INFO] ADCParametersView:116 -                Rank 1 : false
2026-02-12 12:08:35,035 [INFO] ADCParametersView:116 -                Rank 1 : false
2026-02-12 12:08:37,790 [INFO] LogOutputStream:77 - [STDOUT_REDIRECT] This download action requires prior login. To proceed, please use the 'login' command with your my.st.com account email and password.
2026-02-12 12:08:37,793 [INFO] LogOutputStream:77 - [STDOUT_REDIRECT] Run 'login <email> <password> <remember_me>' for example 'login john.smith@st.com mypassword y'.
2026-02-12 12:08:37,795 [INFO] LogOutputStream:77 - [STDOUT_REDIRECT] If you do not have a my.st.com account, please visit https://st.com website to create one.
2026-02-12 12:08:48,921 [INFO] LogOutputStream:77 - [STDOUT_REDIRECT] This download action requires prior login. To proceed, please use the 'login' command with your my.st.com account email and password.
2026-02-12 12:08:48,924 [INFO] LogOutputStream:77 - [STDOUT_REDIRECT] Run 'login <email> <password> <remember_me>' for example 'login john.smith@st.com mypassword y'.
2026-02-12 12:08:48,927 [INFO] LogOutputStream:77 - [STDOUT_REDIRECT] If you do not have a my.st.com account, please visit https://st.com website to create one.
2026-02-12 12:09:29,580 [INFO] LogOutputStream:77 - [STDOUT_REDIRECT] This download action requires prior login. To proceed, please use the 'login' command with your my.st.com account email and password.
2026-02-12 12:09:29,582 [INFO] LogOutputStream:77 - [STDOUT_REDIRECT] Run 'login <email> <password> <remember_me>' for example 'login john.smith@st.com mypassword y'.
2026-02-12 12:09:29,583 [INFO] LogOutputStream:77 - [STDOUT_REDIRECT] If you do not have a my.st.com account, please visit https://st.com website to create one.
2026-02-12 12:09:44,090 [INFO] MainUpdater:2872 - connection check result : 10
2026-02-12 12:09:45,104 [INFO] McuFinderGlobals:76 - Set McuFinderConnectedMode to true
2026-02-12 12:09:45,106 [INFO] MultiScanPanel:200 - Auto-refresh data requested => check proxy status ongoing
2026-02-12 12:09:45,108 [INFO] FinderPluginLoader:96 - Searching for filters in installed packs
2026-02-12 12:09:48,517 [INFO] LoadUrlFilesThread:185 - End of LoadServerUrlFiles without Thread
2026-02-12 12:09:48,518 [INFO] DetailPanel:341 - Set advertising image to C:/Users/Hemanth Madu/STM32Cube/Repository/\en.prom-stm32c0-entry-level-graphic-0226.png
2026-02-12 12:10:25,346 [ERROR] LogOutputStream:75 - [STDERR_REDIRECT] Exception in thread "AWT-EventQueue-0" java.awt.IllegalComponentStateException: Native resources unavailable
2026-02-12 12:10:25,348 [ERROR] LogOutputStream:75 - [STDERR_REDIRECT] 	at java.desktop/sun.awt.windows.WWindowPeer.getScreenImOn(Native Method)
2026-02-12 12:10:25,351 [ERROR] LogOutputStream:75 - [STDERR_REDIRECT] 	at java.desktop/sun.awt.windows.WWindowPeer.updateGC(WWindowPeer.java:566)
2026-02-12 12:10:25,354 [ERROR] LogOutputStream:75 - [STDERR_REDIRECT] 	at java.desktop/java.awt.event.InvocationEvent.dispatch(InvocationEvent.java:318)
2026-02-12 12:10:25,358 [ERROR] LogOutputStream:75 - [STDERR_REDIRECT] 	at java.desktop/java.awt.EventQueue.dispatchEventImpl(EventQueue.java:773)
2026-02-12 12:10:25,360 [ERROR] LogOutputStream:75 - [STDERR_REDIRECT] 	at java.desktop/java.awt.EventQueue$4.run(EventQueue.java:720)
2026-02-12 12:10:25,360 [ERROR] LogOutputStream:75 - [STDERR_REDIRECT] 	at java.desktop/java.awt.EventQueue$4.run(EventQueue.java:714)
2026-02-12 12:10:25,367 [ERROR] LogOutputStream:75 - [STDERR_REDIRECT] 	at java.base/java.security.AccessController.doPrivileged(AccessController.java:400)
2026-02-12 12:10:25,371 [ERROR] LogOutputStream:75 - [STDERR_REDIRECT] 	at java.base/java.security.ProtectionDomain$JavaSecurityAccessImpl.doIntersectionPrivilege(ProtectionDomain.java:87)
2026-02-12 12:10:25,374 [ERROR] LogOutputStream:75 - [STDERR_REDIRECT] 	at java.base/java.security.ProtectionDomain$JavaSecurityAccessImpl.doIntersectionPrivilege(ProtectionDomain.java:98)
2026-02-12 12:10:25,374 [ERROR] LogOutputStream:75 - [STDERR_REDIRECT] 	at java.desktop/java.awt.EventQueue$5.run(EventQueue.java:747)
2026-02-12 12:10:25,383 [ERROR] LogOutputStream:75 - [STDERR_REDIRECT] 	at java.desktop/java.awt.EventQueue$5.run(EventQueue.java:745)
2026-02-12 12:10:25,388 [ERROR] LogOutputStream:75 - [STDERR_REDIRECT] 	at java.base/java.security.AccessController.doPrivileged(AccessController.java:400)
2026-02-12 12:10:25,391 [ERROR] LogOutputStream:75 - [STDERR_REDIRECT] 	at java.base/java.security.ProtectionDomain$JavaSecurityAccessImpl.doIntersectionPrivilege(ProtectionDomain.java:87)
2026-02-12 12:10:25,400 [ERROR] LogOutputStream:75 - [STDERR_REDIRECT] 	at java.desktop/java.awt.EventQueue.dispatchEvent(EventQueue.java:744)
2026-02-12 12:10:25,405 [ERROR] LogOutputStream:75 - [STDERR_REDIRECT] 	at java.desktop/java.awt.EventDispatchThread.pumpOneEventForFilters(EventDispatchThread.java:203)
2026-02-12 12:10:25,407 [ERROR] LogOutputStream:75 - [STDERR_REDIRECT] 	at java.desktop/java.awt.EventDispatchThread.pumpEventsForFilter(EventDispatchThread.java:124)
2026-02-12 12:10:25,418 [ERROR] LogOutputStream:75 - [STDERR_REDIRECT] 	at java.desktop/java.awt.EventDispatchThread.pumpEventsForHierarchy(EventDispatchThread.java:113)
2026-02-12 12:10:25,424 [ERROR] LogOutputStream:75 - [STDERR_REDIRECT] 	at java.desktop/java.awt.EventDispatchThread.pumpEvents(EventDispatchThread.java:109)
2026-02-12 12:10:25,424 [ERROR] LogOutputStream:75 - [STDERR_REDIRECT] 	at java.desktop/java.awt.EventDispatchThread.pumpEvents(EventDispatchThread.java:101)
2026-02-12 12:10:25,439 [ERROR] LogOutputStream:75 - [STDERR_REDIRECT] 	at java.desktop/java.awt.EventDispatchThread.run(EventDispatchThread.java:90)
2026-02-12 12:10:26,802 [ERROR] LogOutputStream:75 - [STDERR_REDIRECT] 
2026-02-12 12:10:26,803 [ERROR] LogOutputStream:75 - [STDERR_REDIRECT] 
2026-02-12 12:11:00,844 [INFO] Activator:176 - 


2026-02-12 12:11:00,853 [INFO] Activator:177 - !SESSION log4j initialized
2026-02-12 12:11:06,292 [INFO] LogOutputStream:77 - [STDOUT_REDIRECT] 
2026-02-12 12:11:10,754 [INFO] ApplicationProperties:184 - Using Application install path: D:\STM32CubeIDE_1.19.0\STM32CubeIDE\plugins\com.st.stm32cube.common.mx_6.15.0.202507011659
2026-02-12 12:11:10,790 [INFO] DbMcusXml:78 - Set database path to: D:\STM32CubeIDE_1.19.0\STM32CubeIDE\plugins\com.st.stm32cube.common.mx_6.15.0.202507011659\\db\/mcu/
2026-02-12 12:11:10,790 [INFO] ApiDb:274 - Set plugin database path to: D:\STM32CubeIDE_1.19.0\STM32CubeIDE\plugins\com.st.stm32cube.common.mx_6.15.0.202507011659\\db\/plugins/boardmanager/
2026-02-12 12:11:10,790 [WARN] ApiDb:259 - Overriding images path with different value:  => D:\STM32CubeIDE_1.19.0\STM32CubeIDE\plugins\com.st.stm32cube.common.mx_6.15.0.202507011659\\db\/plugins/mcufinder/images/
2026-02-12 12:11:10,808 [INFO] ApiDb:250 - Set database path to: C:\Users\Hemanth Madu\.stmcufinder\plugins\mcufinder//mcu/
2026-02-12 12:11:10,818 [INFO] DbMcusAds:125 - Set database path to: C:\Users\Hemanth Madu\.stmcufinder\plugins\mcufinder//mcu/
2026-02-12 12:11:10,824 [INFO] CrossReferenceDbSqlite:203 - Set database path to: C:\Users\Hemanth Madu\.stmcufinder\plugins\mcufinder//mcu/cs/
2026-02-12 12:11:11,176 [INFO] RulesReader:64 - Compatibility file has been processed (317 Rules)
2026-02-12 12:11:11,437 [INFO] DbMcusXml:78 - Set database path to: D:\STM32CubeIDE_1.19.0\STM32CubeIDE\plugins\com.st.stm32cube.common.mx_6.15.0.202507011659\\db\/mcu/
2026-02-12 12:11:11,437 [INFO] ApiDb:274 - Set plugin database path to: D:\STM32CubeIDE_1.19.0\STM32CubeIDE\plugins\com.st.stm32cube.common.mx_6.15.0.202507011659\\db\/plugins/boardmanager/
2026-02-12 12:11:11,437 [INFO] ApiDb:261 - Set plugin images path to: D:\STM32CubeIDE_1.19.0\STM32CubeIDE\plugins\com.st.stm32cube.common.mx_6.15.0.202507011659\\db\/plugins/mcufinder/images/
2026-02-12 12:11:11,437 [WARN] DbFile:41 - Overriding database path with different value: C:\Users\Hemanth Madu\.stmcufinder\plugins\mcufinder/ => C:\Users\Hemanth Madu\.stmcufinder\plugins\mcufinder
2026-02-12 12:11:11,437 [INFO] ApiDb:250 - Set database path to: C:\Users\Hemanth Madu\.stmcufinder\plugins\mcufinder//mcu/
2026-02-12 12:11:11,437 [WARN] DbFile:41 - Overriding database path with different value: C:\Users\Hemanth Madu\.stmcufinder\plugins\mcufinder/ => C:\Users\Hemanth Madu\.stmcufinder\plugins\mcufinder
2026-02-12 12:11:11,437 [INFO] DbMcusAds:125 - Set database path to: C:\Users\Hemanth Madu\.stmcufinder\plugins\mcufinder//mcu/
2026-02-12 12:11:11,440 [WARN] DbFile:41 - Overriding database path with different value: C:\Users\Hemanth Madu\.stmcufinder\plugins\mcufinder/ => C:\Users\Hemanth Madu\.stmcufinder\plugins\mcufinder
2026-02-12 12:11:11,440 [WARN] DbFile:41 - Overriding database path with different value: C:\Users\Hemanth Madu\.stmcufinder\plugins\mcufinder/ => C:\Users\Hemanth Madu\.stmcufinder\plugins\mcufinder
2026-02-12 12:11:11,440 [INFO] CrossReferenceDbSqlite:203 - Set database path to: C:\Users\Hemanth Madu\.stmcufinder\plugins\mcufinder//mcu/cs/
2026-02-12 12:11:11,684 [INFO] MainPanel:274 - HeapMemory: 268435456
2026-02-12 12:11:12,104 [INFO] DbMcusXml:78 - Set database path to: D:\STM32CubeIDE_1.19.0\STM32CubeIDE\plugins\com.st.stm32cube.common.mx_6.15.0.202507011659\\db\/mcu/
2026-02-12 12:11:12,104 [INFO] ApiDb:274 - Set plugin database path to: D:\STM32CubeIDE_1.19.0\STM32CubeIDE\plugins\com.st.stm32cube.common.mx_6.15.0.202507011659\\db\/plugins/boardmanager/
2026-02-12 12:11:12,104 [INFO] ApiDb:261 - Set plugin images path to: D:\STM32CubeIDE_1.19.0\STM32CubeIDE\plugins\com.st.stm32cube.common.mx_6.15.0.202507011659\\db\/plugins/mcufinder/images/
2026-02-12 12:11:12,105 [WARN] DbFile:41 - Overriding database path with different value: C:\Users\Hemanth Madu\.stmcufinder\plugins\mcufinder/ => C:\Users\Hemanth Madu\.stmcufinder\plugins\mcufinder
2026-02-12 12:11:12,105 [INFO] ApiDb:250 - Set database path to: C:\Users\Hemanth Madu\.stmcufinder\plugins\mcufinder//mcu/
2026-02-12 12:11:12,105 [WARN] DbFile:41 - Overriding database path with different value: C:\Users\Hemanth Madu\.stmcufinder\plugins\mcufinder/ => C:\Users\Hemanth Madu\.stmcufinder\plugins\mcufinder
2026-02-12 12:11:12,106 [INFO] DbMcusAds:125 - Set database path to: C:\Users\Hemanth Madu\.stmcufinder\plugins\mcufinder//mcu/
2026-02-12 12:11:12,106 [WARN] DbFile:41 - Overriding database path with different value: C:\Users\Hemanth Madu\.stmcufinder\plugins\mcufinder/ => C:\Users\Hemanth Madu\.stmcufinder\plugins\mcufinder
2026-02-12 12:11:12,106 [WARN] DbFile:41 - Overriding database path with different value: C:\Users\Hemanth Madu\.stmcufinder\plugins\mcufinder/ => C:\Users\Hemanth Madu\.stmcufinder\plugins\mcufinder
2026-02-12 12:11:12,106 [INFO] CrossReferenceDbSqlite:203 - Set database path to: C:\Users\Hemanth Madu\.stmcufinder\plugins\mcufinder//mcu/cs/
2026-02-12 12:11:12,161 [INFO] ApplicationProperties:184 - Using Application install path: D:\STM32CubeIDE_1.19.0\STM32CubeIDE\plugins\com.st.stm32cube.common.mx_6.15.0.202507011659
2026-02-12 12:11:12,164 [INFO] PluginManage:196 - Search for loadable plugins [exclusion list=, ]
2026-02-12 12:11:12,167 [INFO] PluginManage:310 - Check plugin analytics
2026-02-12 12:11:12,723 [INFO] AnalyticsPlugin:253 - Accepted Software Licenses: 
2026-02-12 12:11:12,723 [INFO] AnalyticsPlugin:255 - Accepted CMSIS Pack Licenses: 
2026-02-12 12:11:12,723 [INFO] AnalyticsPlugin:257 - Accepted Firmware Licenses: FW.L4.1.18.0
2026-02-12 12:11:12,728 [INFO] PluginManage:359 - Loaded plugin analytics (category:tool,tabindex:-1)
2026-02-12 12:11:12,728 [INFO] PluginManage:310 - Check plugin cadmodel
2026-02-12 12:11:12,744 [INFO] CADModel:105 - Init CAD model plugin
2026-02-12 12:11:12,745 [INFO] PluginManage:359 - Loaded plugin cadmodel (category:power,tabindex:5)
2026-02-12 12:11:12,745 [INFO] PluginManage:310 - Check plugin clock
2026-02-12 12:11:12,763 [INFO] PluginManage:359 - Loaded plugin clock (category:base,tabindex:2)
2026-02-12 12:11:12,763 [INFO] PluginManage:310 - Check plugin ddr
2026-02-12 12:11:12,775 [INFO] PluginManage:359 - Loaded plugin ddr (category:tool,tabindex:6)
2026-02-12 12:11:12,776 [INFO] PluginManage:310 - Check plugin filemanager
2026-02-12 12:11:13,273 [INFO] PluginManage:359 - Loaded plugin filemanager (category:base,tabindex:10)
2026-02-12 12:11:13,275 [INFO] PluginManage:310 - Check plugin ipmanager
2026-02-12 12:11:13,298 [INFO] PluginManage:359 - Loaded plugin ipmanager (category:base,tabindex:5)
2026-02-12 12:11:13,299 [INFO] PluginManage:310 - Check plugin lpbam
2026-02-12 12:11:13,318 [INFO] PluginManage:359 - Loaded plugin lpbam (category:base,tabindex:0)
2026-02-12 12:11:13,318 [INFO] PluginManage:310 - Check plugin memorymap
2026-02-12 12:11:13,357 [INFO] PluginManage:359 - Loaded plugin memorymap (category:base,tabindex:4)
2026-02-12 12:11:13,357 [INFO] PluginManage:310 - Check plugin pinoutandconfiguration
2026-02-12 12:11:13,371 [INFO] PluginManage:359 - Loaded plugin pinoutandconfiguration (category:base,tabindex:1)
2026-02-12 12:11:13,371 [INFO] PluginManage:310 - Check plugin pinoutconfig
2026-02-12 12:11:13,556 [WARN] SupportedApi:132 - Cannot load RTOS API schema: s4s-elt-must-match.1: The content of 'definitions' must match (annotation?, (simpleType | complexType)?, (unique | key | keyref)*)). A problem was found starting at: attribute.
2026-02-12 12:11:13,943 [INFO] PluginManage:359 - Loaded plugin pinoutconfig (category:base,tabindex:0)
2026-02-12 12:11:13,944 [INFO] PluginManage:310 - Check plugin power
2026-02-12 12:11:13,966 [INFO] PluginManage:359 - Loaded plugin power (category:power,tabindex:4)
2026-02-12 12:11:13,967 [INFO] PluginManage:310 - Check plugin projectmanager
2026-02-12 12:11:14,009 [INFO] PluginManage:359 - Loaded plugin projectmanager (category:projectmanager,tabindex:4)
2026-02-12 12:11:14,009 [INFO] PluginManage:310 - Check plugin rif
2026-02-12 12:11:14,036 [INFO] PluginManage:359 - Loaded plugin rif (category:base,tabindex:3)
2026-02-12 12:11:14,036 [INFO] PluginManage:310 - Check plugin thirdparty
2026-02-12 12:11:14,368 [INFO] PluginManage:359 - Loaded plugin thirdparty (category:base,tabindex:-1)
2026-02-12 12:11:14,368 [INFO] PluginManage:310 - Check plugin tools
2026-02-12 12:11:14,368 [WARN] IntegrityCheckThread:84 - waiting for thirdparty lock release [integrity check]
2026-02-12 12:11:14,368 [INFO] IntegrityCheckThread:86 - entering critical section [integrity check]
2026-02-12 12:11:14,371 [INFO] ThirdPartyUpdaterWithRetryManager:70 - Updater plugin not ready yet. [1/15]
2026-02-12 12:11:14,374 [INFO] PluginManage:359 - Loaded plugin tools (category:base,tabindex:7)
2026-02-12 12:11:14,374 [INFO] PluginManage:310 - Check plugin tutovideos
2026-02-12 12:11:15,013 [INFO] PluginManage:359 - Loaded plugin tutovideos (category:base,tabindex:-1)
2026-02-12 12:11:15,013 [INFO] PluginManage:310 - Check plugin updater
2026-02-12 12:11:15,052 [INFO] PluginManage:359 - Loaded plugin updater (category:base,tabindex:12)
2026-02-12 12:11:15,052 [INFO] PluginManage:310 - Check plugin userauth
2026-02-12 12:11:15,060 [INFO] UserAuth:118 - Init User Auth plugin
2026-02-12 12:11:15,064 [INFO] PluginManage:359 - Loaded plugin userauth (category:base,tabindex:14)
2026-02-12 12:11:15,065 [INFO] PluginManage:283 - PluginManage : Loaded plugins [18]
2026-02-12 12:11:15,557 [INFO] PinOutPanel:1589 - setPackage(No Configuration,No Configuration)
2026-02-12 12:11:15,804 [INFO] CADModel:165 - CPN selected for project level
2026-02-12 12:11:15,804 [INFO] CADModel:114 - Register for checkConnection events
2026-02-12 12:11:15,840 [INFO] IPUIPlugin:80 - create IPUIPlugin
2026-02-12 12:11:15,840 [INFO] PluginManager:220 - loadIPPluginJar : add adc
2026-02-12 12:11:15,844 [INFO] IPUIPlugin:80 - create IPUIPlugin
2026-02-12 12:11:15,844 [INFO] PluginManager:220 - loadIPPluginJar : add aes
2026-02-12 12:11:15,847 [INFO] IPUIPlugin:80 - create IPUIPlugin
2026-02-12 12:11:15,850 [INFO] PluginManager:220 - loadIPPluginJar : add can
2026-02-12 12:11:15,853 [INFO] IPUIPlugin:80 - create IPUIPlugin
2026-02-12 12:11:15,853 [INFO] PluginManager:220 - loadIPPluginJar : add comp
2026-02-12 12:11:15,858 [INFO] IPUIPlugin:80 - create IPUIPlugin
2026-02-12 12:11:15,858 [INFO] PluginManager:220 - loadIPPluginJar : add cryp
2026-02-12 12:11:15,865 [INFO] IPUIPlugin:80 - create IPUIPlugin
2026-02-12 12:11:15,865 [INFO] PluginManager:220 - loadIPPluginJar : add ddr_ctrl_phy
2026-02-12 12:11:15,869 [INFO] IPUIPlugin:80 - create IPUIPlugin
2026-02-12 12:11:15,870 [INFO] PluginManager:220 - loadIPPluginJar : add dfsdm
2026-02-12 12:11:15,878 [INFO] IPUIPlugin:80 - create IPUIPlugin
2026-02-12 12:11:15,879 [INFO] PluginManager:220 - loadIPPluginJar : add dma
2026-02-12 12:11:15,885 [INFO] IPUIPlugin:80 - create IPUIPlugin
2026-02-12 12:11:15,885 [INFO] PluginManager:220 - loadIPPluginJar : add dma3
2026-02-12 12:11:15,890 [INFO] IPUIPlugin:80 - create IPUIPlugin
2026-02-12 12:11:15,890 [INFO] PluginManager:220 - loadIPPluginJar : add extmemmanager
2026-02-12 12:11:15,893 [INFO] IPUIPlugin:80 - create IPUIPlugin
2026-02-12 12:11:15,893 [INFO] PluginManager:220 - loadIPPluginJar : add fatfs
2026-02-12 12:11:15,901 [INFO] IPUIPlugin:80 - create IPUIPlugin
2026-02-12 12:11:15,902 [INFO] PluginManager:220 - loadIPPluginJar : add fmc
2026-02-12 12:11:15,912 [INFO] IPUIPlugin:80 - create IPUIPlugin
2026-02-12 12:11:15,913 [INFO] PluginManager:220 - loadIPPluginJar : add freertos
2026-02-12 12:11:15,915 [INFO] IPUIPlugin:80 - create IPUIPlugin
2026-02-12 12:11:15,915 [INFO] PluginManager:220 - loadIPPluginJar : add genericplugin
2026-02-12 12:11:15,919 [INFO] IPUIPlugin:80 - create IPUIPlugin
2026-02-12 12:11:15,920 [INFO] PluginManager:220 - loadIPPluginJar : add gfxmmu
2026-02-12 12:11:15,928 [INFO] IPUIPlugin:80 - create IPUIPlugin
2026-02-12 12:11:15,928 [INFO] PluginManager:220 - loadIPPluginJar : add gic
2026-02-12 12:11:15,935 [INFO] IPUIPlugin:80 - create IPUIPlugin
2026-02-12 12:11:15,935 [INFO] PluginManager:220 - loadIPPluginJar : add gpio
2026-02-12 12:11:15,939 [INFO] IPUIPlugin:80 - create IPUIPlugin
2026-02-12 12:11:15,939 [INFO] PluginManager:220 - loadIPPluginJar : add gtzc
2026-02-12 12:11:15,946 [INFO] IPUIPlugin:80 - create IPUIPlugin
2026-02-12 12:11:15,946 [INFO] PluginManager:220 - loadIPPluginJar : add hash
2026-02-12 12:11:15,952 [INFO] IPUIPlugin:80 - create IPUIPlugin
2026-02-12 12:11:15,953 [INFO] PluginManager:220 - loadIPPluginJar : add i2c
2026-02-12 12:11:15,957 [INFO] IPUIPlugin:80 - create IPUIPlugin
2026-02-12 12:11:15,958 [INFO] PluginManager:220 - loadIPPluginJar : add i2s
2026-02-12 12:11:15,960 [INFO] IPUIPlugin:80 - create IPUIPlugin
2026-02-12 12:11:15,960 [INFO] PluginManager:220 - loadIPPluginJar : add i3c
2026-02-12 12:11:15,978 [INFO] IPUIPlugin:80 - create IPUIPlugin
2026-02-12 12:11:15,978 [INFO] PluginManager:220 - loadIPPluginJar : add ipddr
2026-02-12 12:11:15,992 [INFO] IPUIPlugin:80 - create IPUIPlugin
2026-02-12 12:11:15,992 [INFO] PluginManager:220 - loadIPPluginJar : add linkedlist
2026-02-12 12:11:16,000 [INFO] IPUIPlugin:80 - create IPUIPlugin
2026-02-12 12:11:16,001 [INFO] PluginManager:220 - loadIPPluginJar : add lorawan
2026-02-12 12:11:16,006 [INFO] IPUIPlugin:80 - create IPUIPlugin
2026-02-12 12:11:16,007 [INFO] PluginManager:220 - loadIPPluginJar : add ltdc
2026-02-12 12:11:16,017 [INFO] IPUIPlugin:80 - create IPUIPlugin
2026-02-12 12:11:16,018 [INFO] PluginManager:220 - loadIPPluginJar : add mdma
2026-02-12 12:11:16,024 [INFO] IPUIPlugin:80 - create IPUIPlugin
2026-02-12 12:11:16,024 [INFO] PluginManager:220 - loadIPPluginJar : add nvic
2026-02-12 12:11:16,030 [INFO] IPUIPlugin:80 - create IPUIPlugin
2026-02-12 12:11:16,030 [INFO] PluginManager:220 - loadIPPluginJar : add opamp
2026-02-12 12:11:16,035 [INFO] IPUIPlugin:80 - create IPUIPlugin
2026-02-12 12:11:16,035 [INFO] PluginManager:220 - loadIPPluginJar : add openamp
2026-02-12 12:11:16,043 [INFO] IPUIPlugin:80 - create IPUIPlugin
2026-02-12 12:11:16,043 [INFO] PluginManager:220 - loadIPPluginJar : add pdm2pcm
2026-02-12 12:11:16,054 [INFO] IPUIPlugin:80 - create IPUIPlugin
2026-02-12 12:11:16,061 [INFO] PluginManager:220 - loadIPPluginJar : add plateformsettings
2026-02-12 12:11:16,064 [INFO] IPUIPlugin:80 - create IPUIPlugin
2026-02-12 12:11:16,064 [INFO] PluginManager:220 - loadIPPluginJar : add quadspi
2026-02-12 12:11:16,067 [INFO] IPUIPlugin:80 - create IPUIPlugin
2026-02-12 12:11:16,069 [INFO] PluginManager:220 - loadIPPluginJar : add radio
2026-02-12 12:11:16,073 [INFO] IPUIPlugin:80 - create IPUIPlugin
2026-02-12 12:11:16,076 [INFO] PluginManager:220 - loadIPPluginJar : add resmgrutility
2026-02-12 12:11:16,077 [INFO] IPUIPlugin:80 - create IPUIPlugin
2026-02-12 12:11:16,077 [INFO] PluginManager:220 - loadIPPluginJar : add sai
2026-02-12 12:11:16,086 [INFO] IPUIPlugin:80 - create IPUIPlugin
2026-02-12 12:11:16,086 [INFO] PluginManager:220 - loadIPPluginJar : add spi
2026-02-12 12:11:16,100 [INFO] IPUIPlugin:80 - create IPUIPlugin
2026-02-12 12:11:16,101 [INFO] PluginManager:220 - loadIPPluginJar : add stm32_wpan
2026-02-12 12:11:16,103 [INFO] IPUIPlugin:80 - create IPUIPlugin
2026-02-12 12:11:16,103 [INFO] PluginManager:220 - loadIPPluginJar : add tim
2026-02-12 12:11:16,109 [INFO] IPUIPlugin:80 - create IPUIPlugin
2026-02-12 12:11:16,110 [INFO] PluginManager:220 - loadIPPluginJar : add touchsensing
2026-02-12 12:11:16,112 [INFO] IPUIPlugin:80 - create IPUIPlugin
2026-02-12 12:11:16,112 [INFO] PluginManager:220 - loadIPPluginJar : add tracer_emb
2026-02-12 12:11:16,112 [INFO] IPUIPlugin:80 - create IPUIPlugin
2026-02-12 12:11:16,118 [INFO] PluginManager:220 - loadIPPluginJar : add ts
2026-02-12 12:11:16,121 [INFO] IPUIPlugin:80 - create IPUIPlugin
2026-02-12 12:11:16,122 [INFO] PluginManager:220 - loadIPPluginJar : add tsc
2026-02-12 12:11:16,126 [INFO] IPUIPlugin:80 - create IPUIPlugin
2026-02-12 12:11:16,126 [INFO] PluginManager:220 - loadIPPluginJar : add ucpd
2026-02-12 12:11:16,129 [INFO] IPUIPlugin:80 - create IPUIPlugin
2026-02-12 12:11:16,129 [INFO] PluginManager:220 - loadIPPluginJar : add usart
2026-02-12 12:11:16,138 [INFO] IPUIPlugin:80 - create IPUIPlugin
2026-02-12 12:11:16,138 [INFO] PluginManager:220 - loadIPPluginJar : add usbx
2026-02-12 12:11:16,368 [FATAL] Updater:351 - Updater called before beeing initialized
2026-02-12 12:11:16,451 [INFO] RulesReader:64 - Compatibility file has been processed (317 Rules)
2026-02-12 12:11:16,493 [INFO] RulesReader:64 - Compatibility file has been processed (317 Rules)
2026-02-12 12:11:16,513 [INFO] CADModel:165 - CPN selected for project level
2026-02-12 12:11:16,513 [INFO] CADModel:114 - Register for checkConnection events
2026-02-12 12:11:16,513 [FATAL] Updater:351 - Updater called before beeing initialized
2026-02-12 12:11:16,514 [ERROR] CADModel:125 - Updater not yet initialized, retry later 
2026-02-12 12:11:16,837 [FATAL] Updater:351 - Updater called before beeing initialized
2026-02-12 12:11:16,845 [INFO] CADModel:165 - CPN selected for project level
2026-02-12 12:11:16,845 [INFO] CADModel:114 - Register for checkConnection events
2026-02-12 12:11:16,845 [FATAL] Updater:351 - Updater called before beeing initialized
2026-02-12 12:11:16,847 [ERROR] CADModel:125 - Updater not yet initialized, retry later 
2026-02-12 12:11:16,854 [FATAL] Updater:351 - Updater called before beeing initialized
2026-02-12 12:11:17,118 [FATAL] Updater:351 - Updater called before beeing initialized
2026-02-12 12:11:17,130 [INFO] DbMcusAds:53 - JSON generation date=Tue Feb 10 17:46:36 IST 2026 (1770725796209)
2026-02-12 12:11:17,130 [FATAL] Updater:351 - Updater called before beeing initialized
2026-02-12 12:11:17,244 [WARN] DetailPanel:346 - Failed to get advertising image, set to default
2026-02-12 12:11:17,384 [INFO] ThirdPartyUpdaterWithRetryManager:70 - Updater plugin not ready yet. [2/15]
2026-02-12 12:11:17,512 [FATAL] Updater:351 - Updater called before beeing initialized
2026-02-12 12:11:17,516 [FATAL] Updater:351 - Updater called before beeing initialized
2026-02-12 12:11:17,517 [FATAL] Updater:351 - Updater called before beeing initialized
2026-02-12 12:11:17,517 [WARN] DetailPanel:346 - Failed to get advertising image, set to default
2026-02-12 12:11:17,517 [FATAL] Updater:351 - Updater called before beeing initialized
2026-02-12 12:11:17,622 [ERROR] Updater:1198 - MainUpdater not yet initialized. External WinMGr cannot be set.
2026-02-12 12:11:17,625 [INFO] Updater:1134 - Updater Version found : 6.15.0
2026-02-12 12:11:17,647 [INFO] ApplicationProperties:184 - Using Application install path: D:\STM32CubeIDE_1.19.0\STM32CubeIDE\plugins\com.st.stm32cube.common.mx_6.15.0.202507011659
2026-02-12 12:11:19,272 [ERROR] LogOutputStream:75 - [STDERR_REDIRECT] Feb 12, 2026 12:11:19 PM java.util.prefs.WindowsPreferences <init>
2026-02-12 12:11:19,272 [ERROR] LogOutputStream:75 - [STDERR_REDIRECT] WARNING: Could not open/create prefs root node Software\JavaSoft\Prefs at root 0xffffffff80000002. Windows RegCreateKeyEx(...) returned error code 5.
2026-02-12 12:11:19,272 [ERROR] LogOutputStream:75 - [STDERR_REDIRECT] 
2026-02-12 12:11:19,868 [INFO] MainUpdater:2872 - connection check result : 10
2026-02-12 12:11:19,870 [INFO] MainUpdater:289 - Updater Check For Update Now.
2026-02-12 12:11:19,871 [INFO] MicroXplorer:498 - Change Database Version : DB.6.0.150
2026-02-12 12:11:19,890 [INFO] McuFinderGlobals:63 - Set McuFinder mode to 2 (CubeIDE integrated)
2026-02-12 12:11:19,891 [INFO] UserAuth:171 - activating auth plugin
2026-02-12 12:11:19,910 [INFO] UserAuth:487 - Internet connection configuration mode: 1
2026-02-12 12:11:19,973 [INFO] JxBrowserEngine:152 - Initiate JxBrowser Engine with user profile folder
2026-02-12 12:11:20,209 [INFO] CheckServerUpdateThread:120 - End of CheckServer Thread
2026-02-12 12:11:20,975 [WARN] PackLoader:240 - Cannot read IP mode file for STMicroelectronics.FP-SNS-MOTENVWB1.1.4.0
2026-02-12 12:11:21,022 [WARN] PackLoader:240 - Cannot read IP mode file for STMicroelectronics.FP-ATR-ASTRA1.2.0.2
2026-02-12 12:11:21,073 [WARN] PackLoader:240 - Cannot read IP mode file for STMicroelectronics.X-CUBE-SMBUS.2.1.0
2026-02-12 12:11:21,258 [WARN] PackLoader:240 - Cannot read IP mode file for STMicroelectronics.X-CUBE-AZRTOS-F7.1.1.0
2026-02-12 12:11:21,326 [WARN] PackLoader:240 - Cannot read IP mode file for STMicroelectronics.FP-SNS-MOTENV1.5.1.0
2026-02-12 12:11:21,365 [WARN] PackLoader:240 - Cannot read IP mode file for WES.I-CUBE-Cesium.1.4.0
2026-02-12 12:11:21,440 [WARN] PackLoader:240 - Cannot read IP mode file for STMicroelectronics.X-CUBE-AZRTOS-H7.3.4.0
2026-02-12 12:11:21,477 [WARN] PackLoader:240 - Cannot read IP mode file for STMicroelectronics.X-CUBE-DISPLAY.3.0.0
2026-02-12 12:11:21,511 [WARN] PackLoader:240 - Cannot read IP mode file for STMicroelectronics.X-CUBE-NFC10.1.0.0
2026-02-12 12:11:21,527 [WARN] PackLoader:240 - Cannot read IP mode file for STMicroelectronics.X-CUBE-ST60.1.1.0
2026-02-12 12:11:21,541 [WARN] PackLoader:240 - Cannot read IP mode file for emotas.I-CUBE-CANOPEN.1.3.0
2026-02-12 12:11:21,556 [WARN] PackLoader:240 - Cannot read IP mode file for STMicroelectronics.X-CUBE-GNSS1.7.1.0
2026-02-12 12:11:21,576 [WARN] PackLoader:240 - Cannot read IP mode file for STMicroelectronics.FP-SNS-STBOX1.2.1.0
2026-02-12 12:11:21,606 [WARN] PackLoader:240 - Cannot read IP mode file for STMicroelectronics.FP-SNS-SMARTAG2.1.2.0
2026-02-12 12:11:21,617 [WARN] PackLoader:240 - Cannot read IP mode file for STMicroelectronics.FP-SNS-FLIGHT1.5.1.0
2026-02-12 12:11:21,639 [INFO] LogOutputStream:77 - [STDOUT_REDIRECT] 1 : Invalid condition id : UX_CORESTACK_Condition cause : null
2026-02-12 12:11:21,639 [INFO] LogOutputStream:77 - [STDOUT_REDIRECT] 1 : Invalid condition id : UX_CORESTACK_Condition cause : null
2026-02-12 12:11:21,649 [INFO] LogOutputStream:77 - [STDOUT_REDIRECT] 1 : Invalid condition id : UX_CORESTACK_Condition cause : null
2026-02-12 12:11:21,654 [INFO] LogOutputStream:77 - [STDOUT_REDIRECT] 1 : Invalid condition id : UX_CORESTACK_Condition cause : null
2026-02-12 12:11:21,656 [INFO] LogOutputStream:77 - [STDOUT_REDIRECT] 1 : Invalid condition id : UX_CORESTACK_Condition cause : null
2026-02-12 12:11:21,665 [WARN] PackLoader:240 - Cannot read IP mode file for STMicroelectronics.X-CUBE-AZRTOS-WL.2.0.0
2026-02-12 12:11:21,718 [WARN] PackLoader:240 - Cannot read IP mode file for STMicroelectronics.X-CUBE-AZRTOS-H7RS.1.2.0
2026-02-12 12:11:21,738 [WARN] PackLoader:240 - Cannot read IP mode file for STMicroelectronics.X-CUBE-BLE2.3.3.0
2026-02-12 12:11:21,822 [WARN] PackLoader:240 - Cannot read IP mode file for Infineon.AIROC-Wi-Fi-Bluetooth-STM32.1.8.0
2026-02-12 12:11:21,852 [WARN] PackLoader:240 - Cannot read IP mode file for STMicroelectronics.X-CUBE-NFC9.1.0.0
2026-02-12 12:11:21,862 [INFO] WebApp:169 - Instantiating new browser for Auth
2026-02-12 12:11:21,867 [WARN] PackLoader:240 - Cannot read IP mode file for STMicroelectronics.X-CUBE-BLE1.7.1.0
2026-02-12 12:11:21,875 [WARN] PackLoader:240 - Cannot read IP mode file for wolfSSL.I-CUBE-wolfMQTT.1.19.2
2026-02-12 12:11:21,898 [WARN] PackLoader:240 - Cannot read IP mode file for STMicroelectronics.X-CUBE-FREERTOS.1.4.0
2026-02-12 12:11:21,922 [WARN] PackLoader:240 - Cannot read IP mode file for STMicroelectronics.X-CUBE-EEPRMA1.5.2.0
2026-02-12 12:11:21,951 [WARN] PackLoader:240 - Cannot read IP mode file for wolfSSL.I-CUBE-wolfSSL.5.8.4
2026-02-12 12:11:21,970 [WARN] PackLoader:240 - Cannot read IP mode file for Cesanta.I-CUBE-Mongoose.7.20.0
2026-02-12 12:11:22,113 [WARN] PackLoader:240 - Cannot read IP mode file for STMicroelectronics.X-CUBE-MEMS1.12.0.0
2026-02-12 12:11:22,501 [WARN] PackLoader:240 - Cannot read IP mode file for STMicroelectronics.X-CUBE-AZRTOS-G0.1.1.0
2026-02-12 12:11:22,536 [WARN] PackLoader:240 - Cannot read IP mode file for STMicroelectronics.X-CUBE-NFC4.3.0.0
2026-02-12 12:11:22,571 [WARN] PackLoader:240 - Cannot read IP mode file for EmbeddedOffice.I-CUBE-FS-RTOS.1.0.1
2026-02-12 12:11:22,584 [WARN] PackLoader:240 - Cannot read IP mode file for STMicroelectronics.X-CUBE-WB05N.2.0.0
2026-02-12 12:11:22,593 [WARN] PackLoader:240 - Cannot read IP mode file for wolfSSL.I-CUBE-wolfTPM.3.8.0
2026-02-12 12:11:22,606 [WARN] PackLoader:240 - Cannot read IP mode file for STMicroelectronics.X-CUBE-TCPP.4.2.0
2026-02-12 12:11:22,616 [WARN] PackLoader:240 - Cannot read IP mode file for RealThread.X-CUBE-RT-Thread_Nano.4.1.1
2026-02-12 12:11:22,630 [WARN] PackLoader:240 - Cannot read IP mode file for STMicroelectronics.FP-ATR-SIGFOX1.3.2.0
2026-02-12 12:11:22,644 [WARN] PackLoader:240 - Cannot read IP mode file for ITTIA_DB.I-CUBE-ITTIADB.8.9.0
2026-02-12 12:11:22,659 [WARN] PackLoader:240 - Cannot read IP mode file for STMicroelectronics.X-CUBE-NFC6.3.2.0
2026-02-12 12:11:22,673 [WARN] PackLoader:240 - Cannot read IP mode file for STMicroelectronics.X-CUBE-AI.10.2.0
2026-02-12 12:11:22,731 [WARN] PackLoader:240 - Cannot read IP mode file for SEGGER.I-CUBE-embOS.1.3.1
2026-02-12 12:11:22,842 [WARN] PackLoader:240 - Cannot read IP mode file for STMicroelectronics.X-CUBE-ALGOBUILD.1.4.0
2026-02-12 12:11:22,853 [WARN] PackLoader:240 - Cannot read IP mode file for STMicroelectronics.X-CUBE-PM33A1.1.0.0
2026-02-12 12:11:22,927 [WARN] PackLoader:240 - Cannot read IP mode file for STMicroelectronics.X-CUBE-AZRTOS-F4.1.1.0
2026-02-12 12:11:22,951 [WARN] PackLoader:240 - Cannot read IP mode file for STMicroelectronics.X-CUBE-ISPU.2.1.0
2026-02-12 12:11:22,988 [WARN] PackLoader:240 - Cannot read IP mode file for STMicroelectronics.X-CUBE-IPS.3.2.0
2026-02-12 12:11:23,025 [WARN] PackLoader:240 - Cannot read IP mode file for STMicroelectronics.X-CUBE-NFC12.1.0.0
2026-02-12 12:11:23,106 [WARN] PackLoader:240 - Cannot read IP mode file for STMicroelectronics.X-CUBE-AZRTOS-L5.2.0.0
2026-02-12 12:11:23,146 [WARN] PackLoader:240 - Cannot read IP mode file for STMicroelectronics.X-CUBE-TOUCHGFX.4.26.0
2026-02-12 12:11:23,161 [WARN] PackLoader:240 - Cannot read IP mode file for STMicroelectronics.FP-SNS-STAIOTCFT.1.0.0
2026-02-12 12:11:23,176 [WARN] PackLoader:240 - Cannot read IP mode file for STMicroelectronics.X-CUBE-DPower.1.3.0
2026-02-12 12:11:23,208 [WARN] ConditionMgr:438 - getConditionDescription Invalid condition id : LAN8742 Phy interface Condition cause : null
2026-02-12 12:11:23,209 [WARN] PackLoader:240 - Cannot read IP mode file for STMicroelectronics.X-CUBE-AZRTOS-L4.2.0.0
2026-02-12 12:11:23,212 [WARN] ConditionMgr:1044 - genDependencies : Invalid condition id : LAN8742 Phy interface Condition cause : null
2026-02-12 12:11:23,212 [WARN] ConditionMgr:1044 - genDependencies : Invalid condition id : LAN8742 Phy interface Condition cause : null
2026-02-12 12:11:23,214 [WARN] ConditionMgr:1044 - genDependencies : Invalid condition id : LAN8742 Phy interface Condition cause : null
2026-02-12 12:11:23,230 [WARN] PackLoader:240 - Cannot read IP mode file for STMicroelectronics.X-CUBE-SFXS2LP1.4.0.0
2026-02-12 12:11:23,243 [WARN] PackLoader:240 - Cannot read IP mode file for STMicroelectronics.X-CUBE-ST67W61.1.2.0
2026-02-12 12:11:23,265 [WARN] PackLoader:240 - Cannot read IP mode file for STMicroelectronics.X-CUBE-BLEMGR.4.1.0
2026-02-12 12:11:23,316 [WARN] ConditionMgr:438 - getConditionDescription Invalid condition id : UX DEVICE CLASS RTOS Condition cause : null
2026-02-12 12:11:23,317 [WARN] ConditionMgr:438 - getConditionDescription Invalid condition id : UX DEVICE CLASS RTOS Condition cause : null
2026-02-12 12:11:23,321 [WARN] PackLoader:240 - Cannot read IP mode file for STMicroelectronics.X-CUBE-AZRTOS-WB.2.0.0
2026-02-12 12:11:23,323 [WARN] ConditionMgr:1044 - genDependencies : Invalid condition id : UX DEVICE CLASS RTOS Condition cause : null
2026-02-12 12:11:23,323 [WARN] ConditionMgr:1044 - genDependencies : Invalid condition id : UX DEVICE CLASS RTOS Condition cause : null
2026-02-12 12:11:23,324 [WARN] ConditionMgr:1044 - genDependencies : Invalid condition id : UX DEVICE CLASS RTOS Condition cause : null
2026-02-12 12:11:23,324 [WARN] ConditionMgr:1044 - genDependencies : Invalid condition id : UX DEVICE CLASS RTOS Condition cause : null
2026-02-12 12:11:23,324 [WARN] ConditionMgr:1044 - genDependencies : Invalid condition id : UX DEVICE CLASS RTOS Condition cause : null
2026-02-12 12:11:23,339 [WARN] ConditionMgr:438 - getConditionDescription Invalid condition id : Cortex-A Device cause : null
2026-02-12 12:11:23,365 [WARN] ConditionMgr:1044 - genDependencies : Invalid condition id : Cortex-A Device cause : null
2026-02-12 12:11:23,365 [WARN] ConditionMgr:1044 - genDependencies : Invalid condition id : Cortex-A Device cause : null
2026-02-12 12:11:23,366 [WARN] ConditionMgr:1044 - genDependencies : Invalid condition id : Cortex-A Device cause : null
2026-02-12 12:11:23,382 [WARN] PackLoader:240 - Cannot read IP mode file for STMicroelectronics.X-CUBE-STSE01.2.0.0
2026-02-12 12:11:23,412 [WARN] PackLoader:240 - Cannot read IP mode file for STMicroelectronics.X-CUBE-SUBG2.5.0.0
2026-02-12 12:11:23,474 [WARN] PackLoader:240 - Cannot read IP mode file for STMicroelectronics.X-CUBE-AZRTOS-G4.2.0.0
2026-02-12 12:11:23,498 [WARN] PackLoader:240 - Cannot read IP mode file for wolfSSL.I-CUBE-wolfSSH.1.4.20
2026-02-12 12:11:23,508 [WARN] PackLoader:240 - Cannot read IP mode file for STMicroelectronics.X-CUBE-NFC7.2.0.0
2026-02-12 12:11:23,518 [WARN] PackLoader:240 - Cannot read IP mode file for STMicroelectronics.X-CUBE-ALS.1.0.2
2026-02-12 12:11:23,543 [WARN] PackLoader:240 - Cannot read IP mode file for STMicroelectronics.X-CUBE-TOF1.3.4.3
2026-02-12 12:11:23,563 [INFO] ThirdParty:978 - Integrity check success = true
2026-02-12 12:11:23,563 [INFO] IntegrityCheckThread:100 - exiting critical section [integrity check]
2026-02-12 12:11:23,563 [INFO] IntegrityCheckThread:103 - End integrity checks thread
2026-02-12 12:11:24,327 [INFO] WebApp:463 - Apply proxy settings
2026-02-12 12:11:24,328 [INFO] WebApp:548 - Chromium requires no authentication
2026-02-12 12:11:24,361 [INFO] WebApp:491 - Direct internet connection detected
2026-02-12 12:11:24,412 [INFO] WebApp:900 - Register for checkConnection events
2026-02-12 12:11:24,413 [INFO] WebApp:463 - Apply proxy settings
2026-02-12 12:11:24,413 [INFO] WebApp:548 - Chromium requires no authentication
2026-02-12 12:11:24,414 [INFO] WebApp:491 - Direct internet connection detected
2026-02-12 12:11:24,665 [INFO] WebApp:191 - Connection restablished
2026-02-12 12:11:25,135 [INFO] WebApp:225 - Starting web application
2026-02-12 12:11:25,135 [INFO] WebApp:593 - Web application path used D:\STM32CubeIDE_1.19.0\STM32CubeIDE\plugins\com.st.stm32cube.common.mx_6.15.0.202507011659\db\plugins\mcufinder\reactClient1\index.html
2026-02-12 12:11:39,447 [INFO] McuFinderGlobals:63 - Set McuFinder mode to 2 (CubeIDE integrated)
2026-02-12 12:11:39,461 [INFO] MainUpdater:2872 - connection check result : 10
2026-02-12 12:11:40,727 [INFO] ApiDb:581 - Connected to CubeFinder SQLite database (C:\Users\Hemanth Madu\.stmcufinder\plugins\mcufinder\mcu\cube-finder-db.db)
2026-02-12 12:11:41,235 [INFO] ApiDb:668 - CubeFinder database Data Model version=2.1
2026-02-12 12:11:41,235 [INFO] ApiDb:669 - CubeFinder database Configuration version=3.0.39
2026-02-12 12:11:41,236 [INFO] ApiDb:670 - CubeFinder database generation date=2025-12-22 (1766407740)
2026-02-12 12:11:41,236 [INFO] ApiDb:671 - CubeFinder database FW Pack versions=[FP-ATR-ASTRA1_V2.0.0, FP-SNS-FLIGHT1_V5.1.0, FP-SNS-MOTENV1_V5.1.0, FP-SNS-MOTENVWB1_V1.4.0, FP-SNS-SMARTAG2_V1.2.0, FP-SNS-STBOX1_V2.1.0, STM32Cube_FW_C0_V1.4.0, STM32Cube_FW_F4_V1.28.3, STM32Cube_FW_F7_V1.17.4, STM32Cube_FW_G0_V1.6.2, STM32Cube_FW_G4_V1.6.1, STM32Cube_FW_H5_V1.5.1, STM32Cube_FW_H7RS_V1.3.0, STM32Cube_FW_H7_V1.12.1, STM32Cube_FW_L0_V1.12.2, STM32Cube_FW_L4_V1.18.1, STM32Cube_FW_L5_V1.6.0, STM32Cube_FW_N6_V1.3.0, STM32Cube_FW_U0_V1.3.0, STM32Cube_FW_U3_V1.2.1, STM32Cube_FW_U5_V1.8.0, STM32Cube_FW_WB0_V1.4.0, STM32Cube_FW_WBA_V1.8.0, STM32Cube_FW_WB_V1.24.0, STM32Cube_FW_WL3_V1.3.0, STM32Cube_FW_WL_V1.4.0, X-CUBE-ALGOBUILD_V1.4.0, X-CUBE-ALS_V1.0.2, X-CUBE-AZRTOS-F4_V1.1.0, X-CUBE-AZRTOS-F7_V1.1.0, X-CUBE-AZRTOS-G0_V1.1.0, X-CUBE-AZRTOS-G4_V2.0.0, X-CUBE-AZRTOS-H7RS_V1.1.0, X-CUBE-AZRTOS-H7_V3.4.0, X-CUBE-AZRTOS-L4_V2.0.0, X-CUBE-AZRTOS-L5_V2.0.0, X-CUBE-AZRTOS-WB_V2.0.0, X-CUBE-AZRTOS-WL_V2.0.0, X-CUBE-BLE1_V7.1.0, X-CUBE-BLE2_V3.3.0, X-CUBE-BLEMGR_V4.1.0, X-CUBE-EEPRMA1_V5.2.0, X-CUBE-FREERTOS_V1.3.1, X-CUBE-GNSS1_V6.0.0, X-CUBE-MEMS1_V12.0.0, X-CUBE-NFC4_V3.0.0, X-CUBE-NFC7_V2.0.0, X-CUBE-SFXS2LP1_V4.0.0, X-CUBE-ST67W61_V1.1.0, X-CUBE-SUBG2_V5.0.0, X-CUBE-TOF1_V3.4.3]
2026-02-12 12:11:54,276 [INFO] ApiDb:240 - Found 880 in-development CPN: [B-G473E-ZEST1S, B-WB1M-WPAN1, B-WBA5M-WPAN, B-WL5M-SUBG1, NUCLEO-C031C6, NUCLEO-C051C8, NUCLEO-C071RB, NUCLEO-C092RC, NUCLEO-H503RB, NUCLEO-H533RE, NUCLEO-H563ZI, NUCLEO-H7S3L8, NUCLEO-N657X0-Q, NUCLEO-U031R8, NUCLEO-U083RC, NUCLEO-U385RG-Q, NUCLEO-U545RE-Q, NUCLEO-U5A5ZJ-Q, NUCLEO-WB05KZ, NUCLEO-WB07CC, NUCLEO-WB09KE, NUCLEO-WBA52CG, NUCLEO-WBA55CG, NUCLEO-WL33CC1, NUCLEO-WL33CC2, STEVAL-PROTEUS1, STEVAL-SMARTAG2, STEVAL-STWINBX1, STM320518-EVAL, STM32C0116-DK, STM32C011D6Y3TR, STM32C011D6Y6TR, STM32C011F4P3, STM32C011F4P6, STM32C011F4U3, STM32C011F4U6TR, STM32C011F6P3, STM32C011F6P6, STM32C011F6U3, STM32C011F6U6TR, STM32C011J4M3, STM32C011J4M6, STM32C011J6M3, STM32C011J6M6, STM32C0316-DK, STM32C031C4T3, STM32C031C4T6, STM32C031C4U3, STM32C031C4U6, STM32C031C6T3, STM32C031C6T6, STM32C031C6U3, STM32C031C6U6, STM32C031F4P3, STM32C031F4P6, STM32C031F6P3, STM32C031F6P6, STM32C031G4U3, STM32C031G4U6, STM32C031G6U3, STM32C031G6U6, STM32C031K4T3, STM32C031K4T6, STM32C031K4U3, STM32C031K4U6, STM32C031K6T3, STM32C031K6T6, STM32C031K6U3, STM32C031K6U6, STM32C051C6T6, STM32C051C6U6, STM32C051C8T6, STM32C051C8U6, STM32C051D8Y6TR, STM32C051F6P6, STM32C051F8P6, STM32C051G6U6, STM32C051G8U6, STM32C051K6T6, STM32C051K6U6, STM32C051K8T6, STM32C071C8T6, STM32C071C8T6N, STM32C071C8U6, STM32C071C8U6N, STM32C071CBT6, STM32C071CBT6N, STM32C071CBU6, STM32C071CBU6N, STM32C071F8P6, STM32C071F8P6N, STM32C071FBP6, STM32C071FBP6N, STM32C071FBY6TR, STM32C071G8U6, STM32C071G8U6N, STM32C071GBU6, STM32C071GBU6N, STM32C071K8T6, STM32C071K8T6N, STM32C071K8U6, STM32C071K8U6N, STM32C071KBT6, STM32C071KBT6N, STM32C071KBU6, STM32C071KBU6N, STM32C071R8T6, STM32C071R8T6N, STM32C071RBI6N, STM32C071RBT6, STM32C071RBT6N, STM32C091CBT6, STM32C091CBU6, STM32C091CCT6, STM32C091CCU6, STM32C091ECY6TR, STM32C091FBP6, STM32C091FCP6, STM32C091GBU6, STM32C091GCU6, STM32C091KBT6, STM32C091KBU6, STM32C091KCT6, STM32C091KCU6, STM32C091RBT6, STM32C091RCI6, STM32C091RCT6, STM32C092CBT6, STM32C092CBU6, STM32C092CCT6, STM32C092CCU6, STM32C092ECY6TR, STM32C092FBP6, STM32C092FCP6, STM32C092GBU6, STM32C092GCU6, STM32C092KBT6, STM32C092KBU6, STM32C092KCT6, STM32C092KCU6, STM32C092RBT6, STM32C092RCI6, STM32C092RCT6, STM32G071K8TXN, STM32G071K8UXN, STM32G081GBU6N, STM32G081KBT6N, STM32G081KBUXN, STM32G0B1CCT6N, STM32G0B1KCT6, STM32G0B1NEY6TR, STM32G0B1RCT6N, STM32G0C1CCT6, STM32G0C1CCT6N, STM32G0C1CCU6N, STM32G0C1CET6N, STM32G0C1CEU6N, STM32G0C1KCT6, STM32G0C1NEY6TR, STM32G0C1RCI6N, STM32G0C1RCT6N, STM32G0C1REI6N, STM32G0C1RET6N, STM32G0C1VCI6, STM32G0C1VEI6, STM32G411C6T3, STM32G411C6T6, STM32G411C6U3, STM32G411C6U6, STM32G411C8T3, STM32G411C8T6, STM32G411C8U3, STM32G411C8U6, STM32G411CBT3, STM32G411CBT6, STM32G411CBU3, STM32G411CBU6, STM32G411K6T3, STM32G411K6T6, STM32G411K6U3, STM32G411K6U6, STM32G411K8T3, STM32G411K8T6, STM32G411K8U3, STM32G411K8U6, STM32G411KBT3, STM32G411KBT6, STM32G411KBU3, STM32G411KBU6, STM32G411M6T3, STM32G411M6T6, STM32G411M8T3, STM32G411M8T6, STM32G411MBT3, STM32G411MBT6, STM32G411R6T3, STM32G411R6T6, STM32G411R8T3, STM32G411R8T6, STM32G411RBT3, STM32G411RBT6, STM32G414CBT3, STM32G414CBT6, STM32G414CBU3, STM32G414CBU6, STM32G414CCT3, STM32G414CCT6, STM32G414CCU3, STM32G414CCU6, STM32G414MBT3, STM32G414MBT6, STM32G414MCT3, STM32G414MCT6, STM32G414RBT3, STM32G414RBT6, STM32G414RCT3, STM32G414RCT6, STM32G414VBT3, STM32G414VBT6, STM32G414VCT3, STM32G414VCT6, STM32G431CBT3Z, STM32G431RBT3Z, STM32G471CCT6, STM32G471CCU6, STM32G471CET3, STM32G471CET6, STM32G471CEU3, STM32G471CEU6, STM32G471MCT6, STM32G471MET3, STM32G471MET6, STM32G471MEY6TR, STM32G471QCT6, STM32G471QET3, STM32G471RCT6, STM32G471RET3, STM32G471RET6, STM32G471VCH6, STM32G471VCI6, STM32G471VCT6, STM32G471VEH3, STM32G471VEH6, STM32G471VEI3, STM32G471VEI6, STM32G471VET3, STM32G471VET6, STM32G473QET3Z, STM32G473RET3Z, STM32G474CCT6, STM32G491RET3Z, STM32H503CBT6, STM32H503CBU6, STM32H503EBY6TR, STM32H503KBU6, STM32H503RBT6, STM32H523CCT6, STM32H523CCU6, STM32H523CET6, STM32H523CEU6, STM32H523HEY6TR, STM32H523RCT6, STM32H523RET6, STM32H523VCI6, STM32H523VCT6, STM32H523VEI6, STM32H523VET6, STM32H523ZCJ6, STM32H523ZCT6, STM32H523ZEJ6, STM32H523ZET6, STM32H533CET6, STM32H533CEU6, STM32H533HEY6TR, STM32H533RET6, STM32H533VEI6, STM32H533VET6, STM32H533ZEJ6, STM32H533ZET6, STM32H562AGI6, STM32H562AII6, STM32H562IGK6, STM32H562IGT6, STM32H562IIK6, STM32H562IIT6, STM32H562RGT6, STM32H562RGV6, STM32H562RIT6, STM32H562RIV6, STM32H562VGT6, STM32H562VIT6, STM32H562ZGT6, STM32H562ZIT6, STM32H563AGI6, STM32H563AII3Q, STM32H563AII6, STM32H563IGK6, STM32H563IGT6, STM32H563IIK3Q, STM32H563IIK6, STM32H563IIT3Q, STM32H563IIT6, STM32H563MIY3QTR, STM32H563RGT6, STM32H563RGV6, STM32H563RIT6, STM32H563RIV6, STM32H563VGT6, STM32H563VIT3Q, STM32H563VIT6, STM32H563ZGT6, STM32H563ZIT3Q, STM32H563ZIT6, STM32H573AII3Q, STM32H573AII6, STM32H573I-DK, STM32H573IIK3Q, STM32H573IIK6, STM32H573IIT3Q, STM32H573IIT6, STM32H573MIY3QTR, STM32H573RIT6, STM32H573RIV6, STM32H573VIT3Q, STM32H573VIT6, STM32H573ZIT3Q, STM32H573ZIT6, STM32H7R3A8I6, STM32H7R3I8K6, STM32H7R3I8T6, STM32H7R3L8H6, STM32H7R3L8H6H, STM32H7R3R8V6, STM32H7R3V8H6, STM32H7R3V8T6, STM32H7R3V8Y6TR, STM32H7R3Z8J6, STM32H7R3Z8T6, STM32H7R7A8I6, STM32H7R7I8K6, STM32H7R7I8T6, STM32H7R7L8H6, STM32H7R7L8H6H, STM32H7R7Z8J6, STM32H7S3A8I6, STM32H7S3I8K6, STM32H7S3I8T6, STM32H7S3L8H6, STM32H7S3L8H6H, STM32H7S3R8V6, STM32H7S3V8H6, STM32H7S3V8T6, STM32H7S3V8Y6TR, STM32H7S3Z8J6, STM32H7S3Z8T6, STM32H7S78-DK, STM32H7S7A8I6, STM32H7S7I8K6, STM32H7S7I8T6, STM32H7S7L8H6, STM32H7S7L8H6H, STM32H7S7Z8J6, STM32L4R5QGI6STR, STM32MP131AAE3, STM32MP131AAF3, STM32MP131AAG3, STM32MP131CAE3, STM32MP131CAF3, STM32MP131CAG3, STM32MP131DAE7, STM32MP131DAF7, STM32MP131DAG7, STM32MP131FAE7, STM32MP131FAF7, STM32MP131FAG7, STM32MP133AAE3, STM32MP133AAF3, STM32MP133AAG3, STM32MP133CAE3, STM32MP133CAF3, STM32MP133CAG3, STM32MP133DAE7, STM32MP133DAF7, STM32MP133DAG7, STM32MP133FAE7, STM32MP133FAF7, STM32MP133FAG7, STM32MP135AAE3, STM32MP135AAF3, STM32MP135AAG3, STM32MP135CAE3, STM32MP135CAF3, STM32MP135CAG3, STM32MP135DAE7, STM32MP135DAF7, STM32MP135DAG7, STM32MP135F-DK, STM32MP135FAE7, STM32MP135FAF7, STM32MP135FAF7T, STM32MP135FAF7U, STM32MP135FAG7, STM32MP211AAL3, STM32MP211AAM3, STM32MP211AAN3, STM32MP211AAO3, STM32MP211CAL3, STM32MP211CAM3, STM32MP211CAN3, STM32MP211CAO3, STM32MP211DAL3, STM32MP211DAM3, STM32MP211DAN3, STM32MP211DAO3, STM32MP211FAL3, STM32MP211FAM3, STM32MP211FAN3, STM32MP211FAO3, STM32MP213AAL3, STM32MP213AAM3, STM32MP213AAN3, STM32MP213AAO3, STM32MP213CAL3, STM32MP213CAM3, STM32MP213CAN3, STM32MP213CAO3, STM32MP213DAL3, STM32MP213DAM3, STM32MP213DAN3, STM32MP213DAO3, STM32MP213FAL3, STM32MP213FAM3, STM32MP213FAN3, STM32MP213FAO3, STM32MP215AAL3, STM32MP215AAM3, STM32MP215AAN3, STM32MP215AAO3, STM32MP215CAL3, STM32MP215CAM3, STM32MP215CAN3, STM32MP215CAO3, STM32MP215DAL3, STM32MP215DAM3, STM32MP215DAN3, STM32MP215DAO3, STM32MP215F-DK, STM32MP215FAL3, STM32MP215FAM3, STM32MP215FAN3, STM32MP215FAO3, STM32MP231AAJ3, STM32MP231AAK3, STM32MP231AAL3, STM32MP231CAJ3, STM32MP231CAK3, STM32MP231CAL3, STM32MP231DAJ3, STM32MP231DAK3, STM32MP231DAL3, STM32MP231FAJ3, STM32MP231FAK3, STM32MP231FAL3, STM32MP233AAJ3, STM32MP233AAK3, STM32MP233AAL3, STM32MP233CAJ3, STM32MP233CAK3, STM32MP233CAL3, STM32MP233DAJ3, STM32MP233DAK3, STM32MP233DAL3, STM32MP233FAJ3, STM32MP233FAK3, STM32MP233FAL3, STM32MP235AAJ3, STM32MP235AAK3, STM32MP235AAL3, STM32MP235CAJ3, STM32MP235CAK3, STM32MP235CAL3, STM32MP235DAJ3, STM32MP235DAK3, STM32MP235DAL3, STM32MP235FAJ3, STM32MP235FAK3, STM32MP235FAL3, STM32MP251AAI3, STM32MP251AAK3, STM32MP251AAL3, STM32MP251CAI3, STM32MP251CAK3, STM32MP251CAL3, STM32MP251DAI3, STM32MP251DAK3, STM32MP251DAL3, STM32MP251FAI3, STM32MP251FAK3, STM32MP251FAL3, STM32MP253AAI3, STM32MP253AAK3, STM32MP253AAL3, STM32MP253CAI3, STM32MP253CAK3, STM32MP253CAL3, STM32MP253DAI3, STM32MP253DAK3, STM32MP253DAL3, STM32MP253FAI3, STM32MP253FAK3, STM32MP253FAL3, STM32MP255AAI3, STM32MP255AAK3, STM32MP255AAL3, STM32MP255CAI3, STM32MP255CAK3, STM32MP255CAL3, STM32MP255DAI3, STM32MP255DAK3, STM32MP255DAL3, STM32MP255FAI3, STM32MP255FAK3, STM32MP255FAL3, STM32MP257AAI3, STM32MP257AAK3, STM32MP257AAL3, STM32MP257CAI3, STM32MP257CAK3, STM32MP257CAL3, STM32MP257DAI3, STM32MP257DAK3, STM32MP257DAL3, STM32MP257F-DK, STM32MP257F-EV1, STM32MP257FAI3, STM32MP257FAK3, STM32MP257FAL3, STM32N645A0H3Q, STM32N645B0H3Q, STM32N645I0H3Q, STM32N645L0H3Q, STM32N645X0H3Q, STM32N645Z0H3Q, STM32N647A0H3Q, STM32N647B0H3Q, STM32N647I0H3Q, STM32N647L0H3Q, STM32N647X0H3Q, STM32N647Z0H3Q, STM32N655A0H3Q, STM32N655B0H3Q, STM32N655I0H3Q, STM32N655L0H3Q, STM32N655X0H3Q, STM32N655Z0H3Q, STM32N6570-DK, STM32N657A0H3Q, STM32N657B0H3Q, STM32N657I0H3Q, STM32N657L0H3Q, STM32N657X0H3Q, STM32N657Z0H3Q, STM32U031C6T6, STM32U031C6U6, STM32U031C8T6, STM32U031C8U6, STM32U031F4P6, STM32U031F6P6, STM32U031F8P6, STM32U031G6Y6TR, STM32U031G8Y6TR, STM32U031K4U6, STM32U031K6U6, STM32U031K8U6, STM32U031R6I6, STM32U031R6T6, STM32U031R8I6, STM32U031R8T6, STM32U073C8T6, STM32U073C8U6, STM32U073CBT6, STM32U073CBU6, STM32U073CCT6, STM32U073CCU6, STM32U073H8Y6TR, STM32U073HBY6TR, STM32U073HCY6TR, STM32U073K8U6, STM32U073KBU6, STM32U073KCU6, STM32U073M8I6, STM32U073M8T6, STM32U073MBI6, STM32U073MBT6, STM32U073MCI6, STM32U073MCT6, STM32U073R8I6, STM32U073R8T6, STM32U073RBI6, STM32U073RBT6, STM32U073RCI6, STM32U073RCT6, STM32U083C-DK, STM32U083CCT6, STM32U083CCU6, STM32U083HCY6TR, STM32U083KCU6, STM32U083MCI6, STM32U083MCT6, STM32U083RCI6, STM32U083RCT6, STM32U375CET6, STM32U375CET6Q, STM32U375CEU6, STM32U375CEU6Q, STM32U375CEY6QTR, STM32U375CGT6, STM32U375CGT6Q, STM32U375CGU6, STM32U375CGU6Q, STM32U375CGY6QTR, STM32U375KEU6, STM32U375KGU6, STM32U375REI6, STM32U375REI6Q, STM32U375RET6, STM32U375RET6Q, STM32U375REY6GTR, STM32U375REY6QTR, STM32U375RGI6, STM32U375RGI6Q, STM32U375RGT6, STM32U375RGT6Q, STM32U375RGY6GTR, STM32U375RGY6QTR, STM32U375VEI6, STM32U375VEI6Q, STM32U375VET6, STM32U375VET6Q, STM32U375VGI6, STM32U375VGI6Q, STM32U375VGT6, STM32U375VGT6Q, STM32U385CGT6, STM32U385CGT6Q, STM32U385CGU6, STM32U385CGU6Q, STM32U385CGY6QTR, STM32U385KGU6, STM32U385RGI6, STM32U385RGI6Q, STM32U385RGT6, STM32U385RGT6Q, STM32U385RGY6GTR, STM32U385RGY6QTR, STM32U385VGI6, STM32U385VGI6Q, STM32U385VGT6, STM32U385VGT6Q, STM32U535CBT6, STM32U535CBT6Q, STM32U535CBU6, STM32U535CBU6Q, STM32U535CCT6, STM32U535CCT6Q, STM32U535CCU6, STM32U535CCU6Q, STM32U535CET6, STM32U535CET6Q, STM32U535CEU6, STM32U535CEU6Q, STM32U535JEY6QTR, STM32U535NCY6QTR, STM32U535NEY6QTR, STM32U535RBI6, STM32U535RBI6Q, STM32U535RBT6, STM32U535RBT6Q, STM32U535RCI6, STM32U535RCI6Q, STM32U535RCT6, STM32U535RCT6Q, STM32U535REI6, STM32U535REI6Q, STM32U535RET6, STM32U535RET6Q, STM32U535VCI6, STM32U535VCI6Q, STM32U535VCT6, STM32U535VCT6Q, STM32U535VEI6, STM32U535VEI6Q, STM32U535VET6, STM32U535VET6Q, STM32U545CET6, STM32U545CET6Q, STM32U545CEU6, STM32U545CEU6Q, STM32U545JEY6QTR, STM32U545NEY6QTR, STM32U545REI6, STM32U545REI6Q, STM32U545RET6, STM32U545RET6Q, STM32U545VEI6, STM32U545VEI6Q, STM32U545VET6, STM32U545VET6Q, STM32U595AIH6, STM32U595AIH6Q, STM32U595AJH6, STM32U595AJH6Q, STM32U595QII6, STM32U595QII6Q, STM32U595QJI6, STM32U595QJI6Q, STM32U595RIT6, STM32U595RIT6Q, STM32U595RJT6, STM32U595RJT6Q, STM32U595VIT6, STM32U595VIT6Q, STM32U595VJT6, STM32U595VJT6Q, STM32U595ZIT6, STM32U595ZIT6Q, STM32U595ZIY6QTR, STM32U595ZJT6, STM32U595ZJT6Q, STM32U595ZJY6QTR, STM32U599BJY6QTR, STM32U599NIH6Q, STM32U599NJH6Q, STM32U599VIT6Q, STM32U599VJT6, STM32U599VJT6Q, STM32U599ZIT6Q, STM32U599ZIY6QTR, STM32U599ZJT6Q, STM32U599ZJY6QTR, STM32U5A5AJH6, STM32U5A5AJH6Q, STM32U5A5QII3Q , STM32U5A5QJI6, STM32U5A5QJI6Q, STM32U5A5RJT6, STM32U5A5RJT6Q, STM32U5A5VJT6, STM32U5A5VJT6Q, STM32U5A5ZJT6, STM32U5A5ZJT6Q, STM32U5A5ZJY6QTR, STM32U5A9BJY6QTR, STM32U5A9J-DK, STM32U5A9NJH6Q, STM32U5A9VJT6Q, STM32U5A9ZJT6Q, STM32U5A9ZJY6QTR, STM32U5F7VIT6, STM32U5F7VIT6Q, STM32U5F7VJT6, STM32U5F7VJT6Q, STM32U5F9BJY6QTR, STM32U5F9NJH6Q, STM32U5F9VIT6Q, STM32U5F9VJT6Q, STM32U5F9ZIJ6QTR, STM32U5F9ZIT6Q, STM32U5F9ZJJ6QTR, STM32U5F9ZJT6Q, STM32U5G7VJT6, STM32U5G7VJT6Q, STM32U5G9BJY6QTR, STM32U5G9J-DK1, STM32U5G9J-DK2, STM32U5G9NJH6Q, STM32U5G9VJT6Q, STM32U5G9ZJJ6QTR, STM32U5G9ZJT6Q, STM32WB05KZV6TR, STM32WB05KZV7TR, STM32WB05TZF6TR, STM32WB05TZF7TR, STM32WB06CCF6TR, STM32WB06CCF7TR, STM32WB06CCV6TR, STM32WB06CCV7TR, STM32WB06KCV6TR, STM32WB06KCV7TR, STM32WB07CCF6TR, STM32WB07CCF7TR, STM32WB07CCV6TR, STM32WB07CCV7TR, STM32WB07KCV6TR, STM32WB07KCV7TR, STM32WB09KEV6TR, STM32WB09KEV7TR, STM32WB09TEF6TR, STM32WB09TEF7TR, STM32WB1MMCH6, STM32WBA50KGU6, STM32WBA50KGU6TR, STM32WBA52CEU6, STM32WBA52CEU6TR, STM32WBA52CEU7, STM32WBA52CEU7TR, STM32WBA52CGU6, STM32WBA52CGU6TR, STM32WBA52CGU6U, STM32WBA52CGU7, STM32WBA52CGU7TR, STM32WBA52KEU6, STM32WBA52KEU6TR, STM32WBA52KGU6, STM32WBA52KGU6TR, STM32WBA54CEU6, STM32WBA54CEU6TR, STM32WBA54CEU7, STM32WBA54CEU7TR, STM32WBA54CGU6, STM32WBA54CGU6TR, STM32WBA54CGU7, STM32WBA54CGU7TR, STM32WBA54KEU6, STM32WBA54KEU6TR, STM32WBA54KEU7, STM32WBA54KEU7TR, STM32WBA54KGU6, STM32WBA54KGU6TR, STM32WBA54KGU7, STM32WBA54KGU7TR, STM32WBA55CEU6, STM32WBA55CEU6TR, STM32WBA55CEU7, STM32WBA55CEU7TR, STM32WBA55CGU6, STM32WBA55CGU6TR, STM32WBA55CGU6U, STM32WBA55CGU7, STM32WBA55CGU7TR, STM32WBA55G-DK1, STM32WBA55HEF6, STM32WBA55HEF7, STM32WBA55HGF6, STM32WBA55HGF7, STM32WBA55UEI6, STM32WBA55UEI6TR, STM32WBA55UEI7, STM32WBA55UEI7TR, STM32WBA55UGI6, STM32WBA55UGI6TR, STM32WBA55UGI7, STM32WBA55UGI7TR, STM32WBA5MMGH6TR, STM32WBA62MGF6, STM32WBA62MIF6, STM32WBA65MGF7, STM32WBA65MIF6, STM32WBA65MIF7, STM32WL30K8V6, STM32WL30KBV6, STM32WL31C8V6, STM32WL31CBV6, STM32WL31K8V6, STM32WL31KBV6, STM32WL33C8V6, STM32WL33C8V6X, STM32WL33CBV6, STM32WL33CBV6X, STM32WL33CCV6, STM32WL33CCV6A, STM32WL33CCV6X, STM32WL33K8V7, STM32WL33K8V7X, STM32WL33KBV7 , STM32WL33KBV7X, STM32WL33KCV7, STM32WL33KCV7X, STM32WL5MOCH6, STM32WL5MOCH6TR]
2026-02-12 12:11:54,289 [INFO] DbMcus:218 - Found 4876 MCUs, 4876 are supported
2026-02-12 12:11:54,290 [INFO] ApiDb:423 - Load user favorites file C:\Users\Hemanth Madu/.stm32cubeide/favorites.mcus.txt: 0 item(s)
2026-02-12 12:11:54,290 [INFO] ApiDb:427 - User favorites MCUs=[]
2026-02-12 12:11:54,290 [INFO] DbMcus:224 - Set 0 / 0 favorites MCUs
2026-02-12 12:11:55,712 [INFO] ApiDb:668 - CubeFinder database Data Model version=2.1
2026-02-12 12:11:55,713 [INFO] ApiDb:669 - CubeFinder database Configuration version=3.0.39
2026-02-12 12:11:55,713 [INFO] ApiDb:670 - CubeFinder database generation date=2025-12-22 (1766407740)
2026-02-12 12:11:55,714 [INFO] ApiDb:671 - CubeFinder database FW Pack versions=[FP-ATR-ASTRA1_V2.0.0, FP-SNS-FLIGHT1_V5.1.0, FP-SNS-MOTENV1_V5.1.0, FP-SNS-MOTENVWB1_V1.4.0, FP-SNS-SMARTAG2_V1.2.0, FP-SNS-STBOX1_V2.1.0, STM32Cube_FW_C0_V1.4.0, STM32Cube_FW_F4_V1.28.3, STM32Cube_FW_F7_V1.17.4, STM32Cube_FW_G0_V1.6.2, STM32Cube_FW_G4_V1.6.1, STM32Cube_FW_H5_V1.5.1, STM32Cube_FW_H7RS_V1.3.0, STM32Cube_FW_H7_V1.12.1, STM32Cube_FW_L0_V1.12.2, STM32Cube_FW_L4_V1.18.1, STM32Cube_FW_L5_V1.6.0, STM32Cube_FW_N6_V1.3.0, STM32Cube_FW_U0_V1.3.0, STM32Cube_FW_U3_V1.2.1, STM32Cube_FW_U5_V1.8.0, STM32Cube_FW_WB0_V1.4.0, STM32Cube_FW_WBA_V1.8.0, STM32Cube_FW_WB_V1.24.0, STM32Cube_FW_WL3_V1.3.0, STM32Cube_FW_WL_V1.4.0, X-CUBE-ALGOBUILD_V1.4.0, X-CUBE-ALS_V1.0.2, X-CUBE-AZRTOS-F4_V1.1.0, X-CUBE-AZRTOS-F7_V1.1.0, X-CUBE-AZRTOS-G0_V1.1.0, X-CUBE-AZRTOS-G4_V2.0.0, X-CUBE-AZRTOS-H7RS_V1.1.0, X-CUBE-AZRTOS-H7_V3.4.0, X-CUBE-AZRTOS-L4_V2.0.0, X-CUBE-AZRTOS-L5_V2.0.0, X-CUBE-AZRTOS-WB_V2.0.0, X-CUBE-AZRTOS-WL_V2.0.0, X-CUBE-BLE1_V7.1.0, X-CUBE-BLE2_V3.3.0, X-CUBE-BLEMGR_V4.1.0, X-CUBE-EEPRMA1_V5.2.0, X-CUBE-FREERTOS_V1.3.1, X-CUBE-GNSS1_V6.0.0, X-CUBE-MEMS1_V12.0.0, X-CUBE-NFC4_V3.0.0, X-CUBE-NFC7_V2.0.0, X-CUBE-SFXS2LP1_V4.0.0, X-CUBE-ST67W61_V1.1.0, X-CUBE-SUBG2_V5.0.0, X-CUBE-TOF1_V3.4.3]
2026-02-12 12:11:55,990 [INFO] DbBoardsSqlite:226 - include board P-NUCLEO-WB55-NUCLEO as a kit item of type 'Nucleo-64'
2026-02-12 12:11:55,991 [INFO] DbBoardsSqlite:226 - include board P-NUCLEO-WB55-USBDONGLE as a kit item of type 'Nucleo USB Dongle'
2026-02-12 12:11:55,997 [INFO] DbBoardsSqlite:226 - include board STEVAL-IDP005V1 as a kit item of type 'Evaluation Board'
2026-02-12 12:11:55,997 [INFO] DbBoardsSqlite:226 - include board STEVAL-IDP005V2 as a kit item of type 'Evaluation Board'
2026-02-12 12:11:56,253 [INFO] ApiDb:240 - Found 880 in-development CPN: [B-G473E-ZEST1S, B-WB1M-WPAN1, B-WBA5M-WPAN, B-WL5M-SUBG1, NUCLEO-C031C6, NUCLEO-C051C8, NUCLEO-C071RB, NUCLEO-C092RC, NUCLEO-H503RB, NUCLEO-H533RE, NUCLEO-H563ZI, NUCLEO-H7S3L8, NUCLEO-N657X0-Q, NUCLEO-U031R8, NUCLEO-U083RC, NUCLEO-U385RG-Q, NUCLEO-U545RE-Q, NUCLEO-U5A5ZJ-Q, NUCLEO-WB05KZ, NUCLEO-WB07CC, NUCLEO-WB09KE, NUCLEO-WBA52CG, NUCLEO-WBA55CG, NUCLEO-WL33CC1, NUCLEO-WL33CC2, STEVAL-PROTEUS1, STEVAL-SMARTAG2, STEVAL-STWINBX1, STM320518-EVAL, STM32C0116-DK, STM32C011D6Y3TR, STM32C011D6Y6TR, STM32C011F4P3, STM32C011F4P6, STM32C011F4U3, STM32C011F4U6TR, STM32C011F6P3, STM32C011F6P6, STM32C011F6U3, STM32C011F6U6TR, STM32C011J4M3, STM32C011J4M6, STM32C011J6M3, STM32C011J6M6, STM32C0316-DK, STM32C031C4T3, STM32C031C4T6, STM32C031C4U3, STM32C031C4U6, STM32C031C6T3, STM32C031C6T6, STM32C031C6U3, STM32C031C6U6, STM32C031F4P3, STM32C031F4P6, STM32C031F6P3, STM32C031F6P6, STM32C031G4U3, STM32C031G4U6, STM32C031G6U3, STM32C031G6U6, STM32C031K4T3, STM32C031K4T6, STM32C031K4U3, STM32C031K4U6, STM32C031K6T3, STM32C031K6T6, STM32C031K6U3, STM32C031K6U6, STM32C051C6T6, STM32C051C6U6, STM32C051C8T6, STM32C051C8U6, STM32C051D8Y6TR, STM32C051F6P6, STM32C051F8P6, STM32C051G6U6, STM32C051G8U6, STM32C051K6T6, STM32C051K6U6, STM32C051K8T6, STM32C071C8T6, STM32C071C8T6N, STM32C071C8U6, STM32C071C8U6N, STM32C071CBT6, STM32C071CBT6N, STM32C071CBU6, STM32C071CBU6N, STM32C071F8P6, STM32C071F8P6N, STM32C071FBP6, STM32C071FBP6N, STM32C071FBY6TR, STM32C071G8U6, STM32C071G8U6N, STM32C071GBU6, STM32C071GBU6N, STM32C071K8T6, STM32C071K8T6N, STM32C071K8U6, STM32C071K8U6N, STM32C071KBT6, STM32C071KBT6N, STM32C071KBU6, STM32C071KBU6N, STM32C071R8T6, STM32C071R8T6N, STM32C071RBI6N, STM32C071RBT6, STM32C071RBT6N, STM32C091CBT6, STM32C091CBU6, STM32C091CCT6, STM32C091CCU6, STM32C091ECY6TR, STM32C091FBP6, STM32C091FCP6, STM32C091GBU6, STM32C091GCU6, STM32C091KBT6, STM32C091KBU6, STM32C091KCT6, STM32C091KCU6, STM32C091RBT6, STM32C091RCI6, STM32C091RCT6, STM32C092CBT6, STM32C092CBU6, STM32C092CCT6, STM32C092CCU6, STM32C092ECY6TR, STM32C092FBP6, STM32C092FCP6, STM32C092GBU6, STM32C092GCU6, STM32C092KBT6, STM32C092KBU6, STM32C092KCT6, STM32C092KCU6, STM32C092RBT6, STM32C092RCI6, STM32C092RCT6, STM32G071K8TXN, STM32G071K8UXN, STM32G081GBU6N, STM32G081KBT6N, STM32G081KBUXN, STM32G0B1CCT6N, STM32G0B1KCT6, STM32G0B1NEY6TR, STM32G0B1RCT6N, STM32G0C1CCT6, STM32G0C1CCT6N, STM32G0C1CCU6N, STM32G0C1CET6N, STM32G0C1CEU6N, STM32G0C1KCT6, STM32G0C1NEY6TR, STM32G0C1RCI6N, STM32G0C1RCT6N, STM32G0C1REI6N, STM32G0C1RET6N, STM32G0C1VCI6, STM32G0C1VEI6, STM32G411C6T3, STM32G411C6T6, STM32G411C6U3, STM32G411C6U6, STM32G411C8T3, STM32G411C8T6, STM32G411C8U3, STM32G411C8U6, STM32G411CBT3, STM32G411CBT6, STM32G411CBU3, STM32G411CBU6, STM32G411K6T3, STM32G411K6T6, STM32G411K6U3, STM32G411K6U6, STM32G411K8T3, STM32G411K8T6, STM32G411K8U3, STM32G411K8U6, STM32G411KBT3, STM32G411KBT6, STM32G411KBU3, STM32G411KBU6, STM32G411M6T3, STM32G411M6T6, STM32G411M8T3, STM32G411M8T6, STM32G411MBT3, STM32G411MBT6, STM32G411R6T3, STM32G411R6T6, STM32G411R8T3, STM32G411R8T6, STM32G411RBT3, STM32G411RBT6, STM32G414CBT3, STM32G414CBT6, STM32G414CBU3, STM32G414CBU6, STM32G414CCT3, STM32G414CCT6, STM32G414CCU3, STM32G414CCU6, STM32G414MBT3, STM32G414MBT6, STM32G414MCT3, STM32G414MCT6, STM32G414RBT3, STM32G414RBT6, STM32G414RCT3, STM32G414RCT6, STM32G414VBT3, STM32G414VBT6, STM32G414VCT3, STM32G414VCT6, STM32G431CBT3Z, STM32G431RBT3Z, STM32G471CCT6, STM32G471CCU6, STM32G471CET3, STM32G471CET6, STM32G471CEU3, STM32G471CEU6, STM32G471MCT6, STM32G471MET3, STM32G471MET6, STM32G471MEY6TR, STM32G471QCT6, STM32G471QET3, STM32G471RCT6, STM32G471RET3, STM32G471RET6, STM32G471VCH6, STM32G471VCI6, STM32G471VCT6, STM32G471VEH3, STM32G471VEH6, STM32G471VEI3, STM32G471VEI6, STM32G471VET3, STM32G471VET6, STM32G473QET3Z, STM32G473RET3Z, STM32G474CCT6, STM32G491RET3Z, STM32H503CBT6, STM32H503CBU6, STM32H503EBY6TR, STM32H503KBU6, STM32H503RBT6, STM32H523CCT6, STM32H523CCU6, STM32H523CET6, STM32H523CEU6, STM32H523HEY6TR, STM32H523RCT6, STM32H523RET6, STM32H523VCI6, STM32H523VCT6, STM32H523VEI6, STM32H523VET6, STM32H523ZCJ6, STM32H523ZCT6, STM32H523ZEJ6, STM32H523ZET6, STM32H533CET6, STM32H533CEU6, STM32H533HEY6TR, STM32H533RET6, STM32H533VEI6, STM32H533VET6, STM32H533ZEJ6, STM32H533ZET6, STM32H562AGI6, STM32H562AII6, STM32H562IGK6, STM32H562IGT6, STM32H562IIK6, STM32H562IIT6, STM32H562RGT6, STM32H562RGV6, STM32H562RIT6, STM32H562RIV6, STM32H562VGT6, STM32H562VIT6, STM32H562ZGT6, STM32H562ZIT6, STM32H563AGI6, STM32H563AII3Q, STM32H563AII6, STM32H563IGK6, STM32H563IGT6, STM32H563IIK3Q, STM32H563IIK6, STM32H563IIT3Q, STM32H563IIT6, STM32H563MIY3QTR, STM32H563RGT6, STM32H563RGV6, STM32H563RIT6, STM32H563RIV6, STM32H563VGT6, STM32H563VIT3Q, STM32H563VIT6, STM32H563ZGT6, STM32H563ZIT3Q, STM32H563ZIT6, STM32H573AII3Q, STM32H573AII6, STM32H573I-DK, STM32H573IIK3Q, STM32H573IIK6, STM32H573IIT3Q, STM32H573IIT6, STM32H573MIY3QTR, STM32H573RIT6, STM32H573RIV6, STM32H573VIT3Q, STM32H573VIT6, STM32H573ZIT3Q, STM32H573ZIT6, STM32H7R3A8I6, STM32H7R3I8K6, STM32H7R3I8T6, STM32H7R3L8H6, STM32H7R3L8H6H, STM32H7R3R8V6, STM32H7R3V8H6, STM32H7R3V8T6, STM32H7R3V8Y6TR, STM32H7R3Z8J6, STM32H7R3Z8T6, STM32H7R7A8I6, STM32H7R7I8K6, STM32H7R7I8T6, STM32H7R7L8H6, STM32H7R7L8H6H, STM32H7R7Z8J6, STM32H7S3A8I6, STM32H7S3I8K6, STM32H7S3I8T6, STM32H7S3L8H6, STM32H7S3L8H6H, STM32H7S3R8V6, STM32H7S3V8H6, STM32H7S3V8T6, STM32H7S3V8Y6TR, STM32H7S3Z8J6, STM32H7S3Z8T6, STM32H7S78-DK, STM32H7S7A8I6, STM32H7S7I8K6, STM32H7S7I8T6, STM32H7S7L8H6, STM32H7S7L8H6H, STM32H7S7Z8J6, STM32L4R5QGI6STR, STM32MP131AAE3, STM32MP131AAF3, STM32MP131AAG3, STM32MP131CAE3, STM32MP131CAF3, STM32MP131CAG3, STM32MP131DAE7, STM32MP131DAF7, STM32MP131DAG7, STM32MP131FAE7, STM32MP131FAF7, STM32MP131FAG7, STM32MP133AAE3, STM32MP133AAF3, STM32MP133AAG3, STM32MP133CAE3, STM32MP133CAF3, STM32MP133CAG3, STM32MP133DAE7, STM32MP133DAF7, STM32MP133DAG7, STM32MP133FAE7, STM32MP133FAF7, STM32MP133FAG7, STM32MP135AAE3, STM32MP135AAF3, STM32MP135AAG3, STM32MP135CAE3, STM32MP135CAF3, STM32MP135CAG3, STM32MP135DAE7, STM32MP135DAF7, STM32MP135DAG7, STM32MP135F-DK, STM32MP135FAE7, STM32MP135FAF7, STM32MP135FAF7T, STM32MP135FAF7U, STM32MP135FAG7, STM32MP211AAL3, STM32MP211AAM3, STM32MP211AAN3, STM32MP211AAO3, STM32MP211CAL3, STM32MP211CAM3, STM32MP211CAN3, STM32MP211CAO3, STM32MP211DAL3, STM32MP211DAM3, STM32MP211DAN3, STM32MP211DAO3, STM32MP211FAL3, STM32MP211FAM3, STM32MP211FAN3, STM32MP211FAO3, STM32MP213AAL3, STM32MP213AAM3, STM32MP213AAN3, STM32MP213AAO3, STM32MP213CAL3, STM32MP213CAM3, STM32MP213CAN3, STM32MP213CAO3, STM32MP213DAL3, STM32MP213DAM3, STM32MP213DAN3, STM32MP213DAO3, STM32MP213FAL3, STM32MP213FAM3, STM32MP213FAN3, STM32MP213FAO3, STM32MP215AAL3, STM32MP215AAM3, STM32MP215AAN3, STM32MP215AAO3, STM32MP215CAL3, STM32MP215CAM3, STM32MP215CAN3, STM32MP215CAO3, STM32MP215DAL3, STM32MP215DAM3, STM32MP215DAN3, STM32MP215DAO3, STM32MP215F-DK, STM32MP215FAL3, STM32MP215FAM3, STM32MP215FAN3, STM32MP215FAO3, STM32MP231AAJ3, STM32MP231AAK3, STM32MP231AAL3, STM32MP231CAJ3, STM32MP231CAK3, STM32MP231CAL3, STM32MP231DAJ3, STM32MP231DAK3, STM32MP231DAL3, STM32MP231FAJ3, STM32MP231FAK3, STM32MP231FAL3, STM32MP233AAJ3, STM32MP233AAK3, STM32MP233AAL3, STM32MP233CAJ3, STM32MP233CAK3, STM32MP233CAL3, STM32MP233DAJ3, STM32MP233DAK3, STM32MP233DAL3, STM32MP233FAJ3, STM32MP233FAK3, STM32MP233FAL3, STM32MP235AAJ3, STM32MP235AAK3, STM32MP235AAL3, STM32MP235CAJ3, STM32MP235CAK3, STM32MP235CAL3, STM32MP235DAJ3, STM32MP235DAK3, STM32MP235DAL3, STM32MP235FAJ3, STM32MP235FAK3, STM32MP235FAL3, STM32MP251AAI3, STM32MP251AAK3, STM32MP251AAL3, STM32MP251CAI3, STM32MP251CAK3, STM32MP251CAL3, STM32MP251DAI3, STM32MP251DAK3, STM32MP251DAL3, STM32MP251FAI3, STM32MP251FAK3, STM32MP251FAL3, STM32MP253AAI3, STM32MP253AAK3, STM32MP253AAL3, STM32MP253CAI3, STM32MP253CAK3, STM32MP253CAL3, STM32MP253DAI3, STM32MP253DAK3, STM32MP253DAL3, STM32MP253FAI3, STM32MP253FAK3, STM32MP253FAL3, STM32MP255AAI3, STM32MP255AAK3, STM32MP255AAL3, STM32MP255CAI3, STM32MP255CAK3, STM32MP255CAL3, STM32MP255DAI3, STM32MP255DAK3, STM32MP255DAL3, STM32MP255FAI3, STM32MP255FAK3, STM32MP255FAL3, STM32MP257AAI3, STM32MP257AAK3, STM32MP257AAL3, STM32MP257CAI3, STM32MP257CAK3, STM32MP257CAL3, STM32MP257DAI3, STM32MP257DAK3, STM32MP257DAL3, STM32MP257F-DK, STM32MP257F-EV1, STM32MP257FAI3, STM32MP257FAK3, STM32MP257FAL3, STM32N645A0H3Q, STM32N645B0H3Q, STM32N645I0H3Q, STM32N645L0H3Q, STM32N645X0H3Q, STM32N645Z0H3Q, STM32N647A0H3Q, STM32N647B0H3Q, STM32N647I0H3Q, STM32N647L0H3Q, STM32N647X0H3Q, STM32N647Z0H3Q, STM32N655A0H3Q, STM32N655B0H3Q, STM32N655I0H3Q, STM32N655L0H3Q, STM32N655X0H3Q, STM32N655Z0H3Q, STM32N6570-DK, STM32N657A0H3Q, STM32N657B0H3Q, STM32N657I0H3Q, STM32N657L0H3Q, STM32N657X0H3Q, STM32N657Z0H3Q, STM32U031C6T6, STM32U031C6U6, STM32U031C8T6, STM32U031C8U6, STM32U031F4P6, STM32U031F6P6, STM32U031F8P6, STM32U031G6Y6TR, STM32U031G8Y6TR, STM32U031K4U6, STM32U031K6U6, STM32U031K8U6, STM32U031R6I6, STM32U031R6T6, STM32U031R8I6, STM32U031R8T6, STM32U073C8T6, STM32U073C8U6, STM32U073CBT6, STM32U073CBU6, STM32U073CCT6, STM32U073CCU6, STM32U073H8Y6TR, STM32U073HBY6TR, STM32U073HCY6TR, STM32U073K8U6, STM32U073KBU6, STM32U073KCU6, STM32U073M8I6, STM32U073M8T6, STM32U073MBI6, STM32U073MBT6, STM32U073MCI6, STM32U073MCT6, STM32U073R8I6, STM32U073R8T6, STM32U073RBI6, STM32U073RBT6, STM32U073RCI6, STM32U073RCT6, STM32U083C-DK, STM32U083CCT6, STM32U083CCU6, STM32U083HCY6TR, STM32U083KCU6, STM32U083MCI6, STM32U083MCT6, STM32U083RCI6, STM32U083RCT6, STM32U375CET6, STM32U375CET6Q, STM32U375CEU6, STM32U375CEU6Q, STM32U375CEY6QTR, STM32U375CGT6, STM32U375CGT6Q, STM32U375CGU6, STM32U375CGU6Q, STM32U375CGY6QTR, STM32U375KEU6, STM32U375KGU6, STM32U375REI6, STM32U375REI6Q, STM32U375RET6, STM32U375RET6Q, STM32U375REY6GTR, STM32U375REY6QTR, STM32U375RGI6, STM32U375RGI6Q, STM32U375RGT6, STM32U375RGT6Q, STM32U375RGY6GTR, STM32U375RGY6QTR, STM32U375VEI6, STM32U375VEI6Q, STM32U375VET6, STM32U375VET6Q, STM32U375VGI6, STM32U375VGI6Q, STM32U375VGT6, STM32U375VGT6Q, STM32U385CGT6, STM32U385CGT6Q, STM32U385CGU6, STM32U385CGU6Q, STM32U385CGY6QTR, STM32U385KGU6, STM32U385RGI6, STM32U385RGI6Q, STM32U385RGT6, STM32U385RGT6Q, STM32U385RGY6GTR, STM32U385RGY6QTR, STM32U385VGI6, STM32U385VGI6Q, STM32U385VGT6, STM32U385VGT6Q, STM32U535CBT6, STM32U535CBT6Q, STM32U535CBU6, STM32U535CBU6Q, STM32U535CCT6, STM32U535CCT6Q, STM32U535CCU6, STM32U535CCU6Q, STM32U535CET6, STM32U535CET6Q, STM32U535CEU6, STM32U535CEU6Q, STM32U535JEY6QTR, STM32U535NCY6QTR, STM32U535NEY6QTR, STM32U535RBI6, STM32U535RBI6Q, STM32U535RBT6, STM32U535RBT6Q, STM32U535RCI6, STM32U535RCI6Q, STM32U535RCT6, STM32U535RCT6Q, STM32U535REI6, STM32U535REI6Q, STM32U535RET6, STM32U535RET6Q, STM32U535VCI6, STM32U535VCI6Q, STM32U535VCT6, STM32U535VCT6Q, STM32U535VEI6, STM32U535VEI6Q, STM32U535VET6, STM32U535VET6Q, STM32U545CET6, STM32U545CET6Q, STM32U545CEU6, STM32U545CEU6Q, STM32U545JEY6QTR, STM32U545NEY6QTR, STM32U545REI6, STM32U545REI6Q, STM32U545RET6, STM32U545RET6Q, STM32U545VEI6, STM32U545VEI6Q, STM32U545VET6, STM32U545VET6Q, STM32U595AIH6, STM32U595AIH6Q, STM32U595AJH6, STM32U595AJH6Q, STM32U595QII6, STM32U595QII6Q, STM32U595QJI6, STM32U595QJI6Q, STM32U595RIT6, STM32U595RIT6Q, STM32U595RJT6, STM32U595RJT6Q, STM32U595VIT6, STM32U595VIT6Q, STM32U595VJT6, STM32U595VJT6Q, STM32U595ZIT6, STM32U595ZIT6Q, STM32U595ZIY6QTR, STM32U595ZJT6, STM32U595ZJT6Q, STM32U595ZJY6QTR, STM32U599BJY6QTR, STM32U599NIH6Q, STM32U599NJH6Q, STM32U599VIT6Q, STM32U599VJT6, STM32U599VJT6Q, STM32U599ZIT6Q, STM32U599ZIY6QTR, STM32U599ZJT6Q, STM32U599ZJY6QTR, STM32U5A5AJH6, STM32U5A5AJH6Q, STM32U5A5QII3Q , STM32U5A5QJI6, STM32U5A5QJI6Q, STM32U5A5RJT6, STM32U5A5RJT6Q, STM32U5A5VJT6, STM32U5A5VJT6Q, STM32U5A5ZJT6, STM32U5A5ZJT6Q, STM32U5A5ZJY6QTR, STM32U5A9BJY6QTR, STM32U5A9J-DK, STM32U5A9NJH6Q, STM32U5A9VJT6Q, STM32U5A9ZJT6Q, STM32U5A9ZJY6QTR, STM32U5F7VIT6, STM32U5F7VIT6Q, STM32U5F7VJT6, STM32U5F7VJT6Q, STM32U5F9BJY6QTR, STM32U5F9NJH6Q, STM32U5F9VIT6Q, STM32U5F9VJT6Q, STM32U5F9ZIJ6QTR, STM32U5F9ZIT6Q, STM32U5F9ZJJ6QTR, STM32U5F9ZJT6Q, STM32U5G7VJT6, STM32U5G7VJT6Q, STM32U5G9BJY6QTR, STM32U5G9J-DK1, STM32U5G9J-DK2, STM32U5G9NJH6Q, STM32U5G9VJT6Q, STM32U5G9ZJJ6QTR, STM32U5G9ZJT6Q, STM32WB05KZV6TR, STM32WB05KZV7TR, STM32WB05TZF6TR, STM32WB05TZF7TR, STM32WB06CCF6TR, STM32WB06CCF7TR, STM32WB06CCV6TR, STM32WB06CCV7TR, STM32WB06KCV6TR, STM32WB06KCV7TR, STM32WB07CCF6TR, STM32WB07CCF7TR, STM32WB07CCV6TR, STM32WB07CCV7TR, STM32WB07KCV6TR, STM32WB07KCV7TR, STM32WB09KEV6TR, STM32WB09KEV7TR, STM32WB09TEF6TR, STM32WB09TEF7TR, STM32WB1MMCH6, STM32WBA50KGU6, STM32WBA50KGU6TR, STM32WBA52CEU6, STM32WBA52CEU6TR, STM32WBA52CEU7, STM32WBA52CEU7TR, STM32WBA52CGU6, STM32WBA52CGU6TR, STM32WBA52CGU6U, STM32WBA52CGU7, STM32WBA52CGU7TR, STM32WBA52KEU6, STM32WBA52KEU6TR, STM32WBA52KGU6, STM32WBA52KGU6TR, STM32WBA54CEU6, STM32WBA54CEU6TR, STM32WBA54CEU7, STM32WBA54CEU7TR, STM32WBA54CGU6, STM32WBA54CGU6TR, STM32WBA54CGU7, STM32WBA54CGU7TR, STM32WBA54KEU6, STM32WBA54KEU6TR, STM32WBA54KEU7, STM32WBA54KEU7TR, STM32WBA54KGU6, STM32WBA54KGU6TR, STM32WBA54KGU7, STM32WBA54KGU7TR, STM32WBA55CEU6, STM32WBA55CEU6TR, STM32WBA55CEU7, STM32WBA55CEU7TR, STM32WBA55CGU6, STM32WBA55CGU6TR, STM32WBA55CGU6U, STM32WBA55CGU7, STM32WBA55CGU7TR, STM32WBA55G-DK1, STM32WBA55HEF6, STM32WBA55HEF7, STM32WBA55HGF6, STM32WBA55HGF7, STM32WBA55UEI6, STM32WBA55UEI6TR, STM32WBA55UEI7, STM32WBA55UEI7TR, STM32WBA55UGI6, STM32WBA55UGI6TR, STM32WBA55UGI7, STM32WBA55UGI7TR, STM32WBA5MMGH6TR, STM32WBA62MGF6, STM32WBA62MIF6, STM32WBA65MGF7, STM32WBA65MIF6, STM32WBA65MIF7, STM32WL30K8V6, STM32WL30KBV6, STM32WL31C8V6, STM32WL31CBV6, STM32WL31K8V6, STM32WL31KBV6, STM32WL33C8V6, STM32WL33C8V6X, STM32WL33CBV6, STM32WL33CBV6X, STM32WL33CCV6, STM32WL33CCV6A, STM32WL33CCV6X, STM32WL33K8V7, STM32WL33K8V7X, STM32WL33KBV7 , STM32WL33KBV7X, STM32WL33KCV7, STM32WL33KCV7X, STM32WL5MOCH6, STM32WL5MOCH6TR]
2026-02-12 12:11:56,527 [INFO] BoardInfo:889 - No configuration file found for board P-NUCLEO-WB55
2026-02-12 12:11:56,530 [INFO] DbBoards:161 - Kit is not supported: P-NUCLEO-WB55
2026-02-12 12:11:56,537 [INFO] BoardInfo:889 - No configuration file found for board STEVAL-BFA001V1B
2026-02-12 12:11:56,537 [INFO] DbBoards:161 - Kit is not supported: STEVAL-BFA001V1B
2026-02-12 12:11:56,539 [INFO] BoardInfo:889 - No configuration file found for board STEVAL-BFA001V2B
2026-02-12 12:11:56,540 [INFO] DbBoards:161 - Kit is not supported: STEVAL-BFA001V2B
2026-02-12 12:11:56,989 [INFO] DbBoards:168 - Found 212 boards, 209 are supported
2026-02-12 12:11:56,990 [INFO] DbBoards:169 - Found 212 boards, 43 of them is supported for  Bsp
2026-02-12 12:11:56,994 [INFO] ApiDb:423 - Load user favorites file C:\Users\Hemanth Madu/.stm32cubeide/favorites.boards.txt: 0 item(s)
2026-02-12 12:11:56,994 [INFO] ApiDb:427 - User favorites Boards=[]
2026-02-12 12:11:56,994 [INFO] DbBoards:198 - Set 0 / 0 favorites Boards
2026-02-12 12:11:56,997 [INFO] McuFinderGlobals:76 - Set McuFinderConnectedMode to true
2026-02-12 12:11:57,016 [INFO] MultiScanPanel:200 - Auto-refresh data requested => check proxy status ongoing
2026-02-12 12:11:57,026 [INFO] FinderPluginLoader:96 - Searching for filters in installed packs
2026-02-12 12:12:00,035 [INFO] LoadUrlFilesThread:185 - End of LoadServerUrlFiles without Thread
2026-02-12 12:12:00,068 [INFO] DetailPanel:341 - Set advertising image to C:/Users/Hemanth Madu/STM32Cube/Repository/\en.prom-stm32c0-entry-level-graphic-0226.png
2026-02-12 12:12:12,225 [INFO] MultiScanPanel:200 - Auto-refresh data requested => check proxy status ongoing
2026-02-12 12:12:12,554 [INFO] LoadUrlFilesThread:185 - End of LoadServerUrlFiles without Thread
2026-02-12 12:12:12,555 [INFO] DetailPanel:341 - Set advertising image to C:/Users/Hemanth Madu/STM32Cube/Repository/\en.prom-stm32c0-entry-level-graphic-0226.png
2026-02-12 12:12:12,575 [INFO] DbBoards:642 - Loading board mini-images...
2026-02-12 12:12:17,864 [ERROR] DbBoards:659 - Image file not found for board STM32MP215F-DK: C:\Users\Hemanth Madu\.stmcufinder\plugins\mcufinder//mcu//boards_images/STM32MP215F-DK.jpg
2026-02-12 12:12:18,183 [INFO] DbBoards:665 - Loaded 211 board mini-images
2026-02-12 12:12:24,963 [INFO] MainUpdater:2872 - connection check result : 10
2026-02-12 12:12:24,963 [INFO] MainUpdater:2872 - connection check result : 10
2026-02-12 12:12:25,001 [INFO] MicroXplorer:468 - Change Database Path : 
2026-02-12 12:12:25,002 [INFO] MicroXplorer:498 - Change Database Version : DB.6.0.150
2026-02-12 12:12:25,013 [WARN] ThirdParty:871 - waiting for thirdparty lock release [close project]
2026-02-12 12:12:25,014 [INFO] ThirdParty:873 - entering critical section [close project]
2026-02-12 12:12:25,015 [INFO] ThirdParty:883 - exiting critical section [close project]
2026-02-12 12:12:25,021 [INFO] PinOutPanel:1589 - setPackage(No Configuration,No Configuration)
2026-02-12 12:12:25,028 [INFO] UtilMem:75 - Begin LoadConfig() Used Memory: 647102992 Bytes (969932800)
2026-02-12 12:12:25,038 [INFO] OpenFileManager:355 - Change cursor
2026-02-12 12:12:25,106 [INFO] ProjectFactory:514 - No CPN specified for board NUCLEO-L476RG => set CPN to STM32L476RGT3
2026-02-12 12:12:25,107 [INFO] Mcu:2029 - Initializing MCU STM32L476R(C-E-G)Tx STM32L476RGTx STM32L476RGT3
2026-02-12 12:12:30,704 [INFO] Context:786 - Trying to add GPIOservice into a context  which must be forbidden
2026-02-12 12:12:32,237 [INFO] Rule:233 - rule 117617 - U5Cobra4M][GTZC] default value MPCBB3 and MPCBB5 - Not Secured memory - MPCBB1 is applicable
2026-02-12 12:12:32,237 [INFO] Rule:233 - rule 117617 - U5Cobra4M][GTZC] default value MPCBB3 and MPCBB5 - Not Secured memory - MPCBB1 is applicable
2026-02-12 12:12:32,237 [INFO] Rule:233 - rule 117617 - U5Cobra4M][GTZC] default value MPCBB3 and MPCBB5 - Not Secured memory - MPCBB2 is applicable
2026-02-12 12:12:32,237 [INFO] Rule:233 - rule 117617 - U5Cobra4M][GTZC] default value MPCBB3 and MPCBB5 - Not Secured memory - MPCBB2 is applicable
2026-02-12 12:12:32,237 [INFO] Rule:233 - rule 117617 - U5Cobra4M][GTZC] default value MPCBB3 and MPCBB5 - Not Secured memory - MPCBB3 is applicable
2026-02-12 12:12:32,237 [INFO] Rule:233 - rule 117617 - U5Cobra4M][GTZC] default value MPCBB3 and MPCBB5 - Not Secured memory - MPCBB3 is applicable
2026-02-12 12:12:32,237 [INFO] Rule:233 - rule 117617 - U5Cobra4M][GTZC] default value MPCBB3 and MPCBB5 - Not Secured memory - MPCBB4 is applicable
2026-02-12 12:12:32,238 [INFO] Rule:233 - rule 117617 - U5Cobra4M][GTZC] default value MPCBB3 and MPCBB5 - Not Secured memory - MPCBB4 is applicable
2026-02-12 12:12:32,238 [INFO] Rule:233 - rule 117617 - U5Cobra4M][GTZC] default value MPCBB3 and MPCBB5 - Secured memory - MPCBB1 is applicable
2026-02-12 12:12:32,238 [INFO] Rule:233 - rule 117617 - U5Cobra4M][GTZC] default value MPCBB3 and MPCBB5 - Secured memory - MPCBB2 is applicable
2026-02-12 12:12:32,238 [INFO] Rule:233 - rule 117617 - U5Cobra4M][GTZC] default value MPCBB3 and MPCBB5 - Secured memory - MPCBB3 is applicable
2026-02-12 12:12:32,238 [INFO] Rule:233 - rule 117617 - U5Cobra4M][GTZC] default value MPCBB3 and MPCBB5 - Secured memory - MPCBB4 is applicable
2026-02-12 12:12:32,238 [INFO] Rule:233 - rule 117617 - U5Cobra4M][GTZC] default value MPCBB3 and MPCBB5 - Privileged memory - MPCBB1 is applicable
2026-02-12 12:12:32,238 [INFO] Rule:233 - rule 117617 - U5Cobra4M][GTZC] default value MPCBB3 and MPCBB5 - Privileged memory - MPCBB2 is applicable
2026-02-12 12:12:32,238 [INFO] Rule:233 - rule 117617 - U5Cobra4M][GTZC] default value MPCBB3 and MPCBB5 - Privileged memory - MPCBB3 is applicable
2026-02-12 12:12:32,238 [INFO] Rule:233 - rule 117617 - U5Cobra4M][GTZC] default value MPCBB3 and MPCBB5 - Privileged memory - MPCBB4 is applicable
2026-02-12 12:12:32,238 [INFO] Rule:233 - rule 117617 - U5Cobra4M][GTZC] default value MPCBB3 and MPCBB5 - Not Privileged memory - MPCBB1 is applicable
2026-02-12 12:12:32,238 [INFO] Rule:233 - rule 117617 - U5Cobra4M][GTZC] default value MPCBB3 and MPCBB5 - Not Privileged memory - MPCBB2 is applicable
2026-02-12 12:12:32,239 [INFO] Rule:233 - rule 117617 - U5Cobra4M][GTZC] default value MPCBB3 and MPCBB5 - Not Privileged memory - MPCBB3 is applicable
2026-02-12 12:12:32,239 [INFO] Rule:233 - rule 117617 - U5Cobra4M][GTZC] default value MPCBB3 and MPCBB5 - Not Privileged memory - MPCBB4 is applicable
2026-02-12 12:12:32,239 [INFO] Rule:233 - rule 117617 - U5Cobra4M][GTZC] default value MPCBB3 and MPCBB5 - Privileged memory - MPCBB1 is applicable
2026-02-12 12:12:32,239 [INFO] Rule:233 - rule 117617 - U5Cobra4M][GTZC] default value MPCBB3 and MPCBB5 - Privileged memory - MPCBB2 is applicable
2026-02-12 12:12:32,239 [INFO] Rule:233 - rule 117617 - U5Cobra4M][GTZC] default value MPCBB3 and MPCBB5 - Privileged memory - MPCBB3 is applicable
2026-02-12 12:12:32,239 [INFO] Rule:233 - rule 117617 - U5Cobra4M][GTZC] default value MPCBB3 and MPCBB5 - Privileged memory - MPCBB4 is applicable
2026-02-12 12:12:32,239 [INFO] Rule:233 - rule 117617 - U5Cobra4M][GTZC] default value MPCBB3 and MPCBB5 - Privileged memory - MPCBB1 is applicable
2026-02-12 12:12:32,239 [INFO] Rule:233 - rule 117617 - U5Cobra4M][GTZC] default value MPCBB3 and MPCBB5 - Privileged memory - MPCBB2 is applicable
2026-02-12 12:12:32,239 [INFO] Rule:233 - rule 117617 - U5Cobra4M][GTZC] default value MPCBB3 and MPCBB5 - Privileged memory - MPCBB3 is applicable
2026-02-12 12:12:32,239 [INFO] Rule:233 - rule 117617 - U5Cobra4M][GTZC] default value MPCBB3 and MPCBB5 - Privileged memory - MPCBB4 is applicable
2026-02-12 12:12:32,239 [INFO] Rule:233 - rule 117617 - U5Cobra4M][GTZC] default value MPCBB3 and MPCBB5 - Not Privileged memory - MPCBB1 is applicable
2026-02-12 12:12:32,240 [INFO] Rule:233 - rule 117617 - U5Cobra4M][GTZC] default value MPCBB3 and MPCBB5 - Not Privileged memory - MPCBB2 is applicable
2026-02-12 12:12:32,240 [INFO] Rule:233 - rule 117617 - U5Cobra4M][GTZC] default value MPCBB3 and MPCBB5 - Not Privileged memory - MPCBB3 is applicable
2026-02-12 12:12:32,240 [INFO] Rule:233 - rule 117617 - U5Cobra4M][GTZC] default value MPCBB3 and MPCBB5 - Not Privileged memory - MPCBB4 is applicable
2026-02-12 12:12:32,240 [INFO] Rule:233 - rule 117617 - U5Cobra4M][GTZC] default value MPCBB3 and MPCBB5 - Privileged memory - MPCBB1 is applicable
2026-02-12 12:12:32,240 [INFO] Rule:233 - rule 117617 - U5Cobra4M][GTZC] default value MPCBB3 and MPCBB5 - Privileged memory - MPCBB2 is applicable
2026-02-12 12:12:32,241 [INFO] Rule:233 - rule 117617 - U5Cobra4M][GTZC] default value MPCBB3 and MPCBB5 - Privileged memory - MPCBB3 is applicable
2026-02-12 12:12:32,241 [INFO] Rule:233 - rule 117617 - U5Cobra4M][GTZC] default value MPCBB3 and MPCBB5 - Privileged memory - MPCBB4 is applicable
2026-02-12 12:12:32,242 [INFO] Rule:233 - rule Rename SubGHz_Phy SUBGHZ_APPLICATION SUBGHZ_PINGPONG to SUBGHZ_ADV_APPLICATION is applicable
2026-02-12 12:12:32,242 [INFO] Rule:233 - rule Rename Enabled to IBEACON is applicable
2026-02-12 12:12:32,242 [INFO] Rule:233 - rule GTZC_S instance for project manager is applicable
2026-02-12 12:12:32,242 [INFO] Rule:233 - rule GTZC_S instance for context M33S is applicable
2026-02-12 12:12:32,243 [INFO] Rule:233 - rule GTZC_S instance value for IP GTZC is applicable
2026-02-12 12:12:32,243 [INFO] Rule:233 - rule GTZC_S instance for mcu.IP is applicable
2026-02-12 12:12:32,243 [INFO] Rule:233 - rule GTZC_S instance for VP is applicable
2026-02-12 12:12:32,243 [INFO] Rule:233 - rule GTZC_S instance for signal is applicable
2026-02-12 12:12:32,244 [INFO] Rule:233 - rule GTZC_S instance for mcu.Pin is applicable
2026-02-12 12:12:32,244 [INFO] Rule:233 - rule GTZC_S instance for VP is applicable
2026-02-12 12:12:32,244 [INFO] Rule:233 - rule GTZC_S instance for signal is applicable
2026-02-12 12:12:32,244 [INFO] Rule:233 - rule GTZC_S instance for mcu is applicable
2026-02-12 12:12:32,244 [INFO] Rule:233 - rule GTZC_S instance for mcu.Pin is applicable
2026-02-12 12:12:32,244 [INFO] Rule:233 - rule GTZC_S instance value for IP GTZC is applicable
2026-02-12 12:12:32,244 [INFO] Rule:233 - rule GTZC_S instance for project manager is applicable
2026-02-12 12:12:32,245 [INFO] Rule:233 - rule GTZC_S instance for context M33S is applicable
2026-02-12 12:12:32,245 [INFO] Rule:233 - rule GTZC_S instance for VP is applicable
2026-02-12 12:12:32,245 [INFO] Rule:233 - rule GTZC_S instance for signal is applicable
2026-02-12 12:12:32,245 [INFO] Rule:233 - rule SPDIFRX instance for mcu is applicable
2026-02-12 12:12:32,245 [INFO] Rule:233 - rule Rename Tracer Mode is applicable
2026-02-12 12:12:32,246 [INFO] Rule:233 - rule SPDIFRX instance value for IP SPDIFRX is applicable
2026-02-12 12:12:32,246 [INFO] Rule:233 - rule SPDIFRX instance for signal is applicable
2026-02-12 12:12:32,246 [INFO] Rule:233 - rule SPDIFRX instance for project manager is applicable
2026-02-12 12:12:32,246 [INFO] Rule:233 - rule SPDIFRX instance for project manager is applicable
2026-02-12 12:12:32,246 [INFO] Rule:233 - rule ADC Scan  fix with FW F7 is applicable
2026-02-12 12:12:32,246 [INFO] Rule:233 - rule ADC Scan  fix with FW F7 is applicable
2026-02-12 12:12:32,247 [INFO] Rule:233 - rule WakeUp0 Mode is applicable
2026-02-12 12:12:32,247 [INFO] Rule:233 - rule WakeUp0 SIGNAL is applicable
2026-02-12 12:12:32,247 [INFO] Rule:233 - rule WakeUp1 Mode is applicable
2026-02-12 12:12:32,247 [INFO] Rule:233 - rule WakeUp1 SIGNAL is applicable
2026-02-12 12:12:32,247 [INFO] Rule:233 - rule WakeUp2 Mode is applicable
2026-02-12 12:12:32,247 [INFO] Rule:233 - rule WakeUp2 SIGNAL is applicable
2026-02-12 12:12:32,247 [INFO] Rule:233 - rule WakeUp4 Mode is applicable
2026-02-12 12:12:32,247 [INFO] Rule:233 - rule WakeUp4 SIGNAL is applicable
2026-02-12 12:12:32,247 [INFO] Rule:233 - rule WakeUp5 Mode is applicable
2026-02-12 12:12:32,247 [INFO] Rule:233 - rule WakeUp5 SIGNAL is applicable
2026-02-12 12:12:32,247 [INFO] Rule:233 - rule Add RTC Activate Clock Source is applicable
2026-02-12 12:12:32,247 [INFO] Rule:233 - rule Add RTC Activate Calendar 1 is applicable
2026-02-12 12:12:32,248 [INFO] Rule:233 - rule Add RTC Activate Calendar 2 is applicable
2026-02-12 12:12:32,248 [INFO] Rule:233 - rule Add RTC Activate Calendar 3 is applicable
2026-02-12 12:12:32,248 [INFO] Rule:233 - rule UART/USART TX Mode is applicable
2026-02-12 12:12:32,248 [INFO] Rule:233 - rule UART/USART RX Mode is applicable
2026-02-12 12:12:32,248 [INFO] Rule:233 - rule UART/USART RX TX Mode is applicable
2026-02-12 12:12:32,248 [INFO] Rule:233 - rule UART/USART PARITY NONE is applicable
2026-02-12 12:12:32,248 [INFO] Rule:233 - rule UART/USART PARITY EVEN is applicable
2026-02-12 12:12:32,248 [INFO] Rule:233 - rule UART/USART PARITY ODD is applicable
2026-02-12 12:12:32,248 [INFO] Rule:233 - rule USART StopBits 1 is applicable
2026-02-12 12:12:32,248 [INFO] Rule:233 - rule USART StopBits 2 is applicable
2026-02-12 12:12:32,249 [INFO] Rule:233 - rule USART StopBits 1.5 is applicable
2026-02-12 12:12:32,249 [INFO] Rule:233 - rule USART StopBits 0.5 is applicable
2026-02-12 12:12:32,249 [INFO] Rule:233 - rule UART/USART WORD LENGTH 7 is applicable
2026-02-12 12:12:32,249 [INFO] Rule:233 - rule UART/USART WORD LENGTH 8 is applicable
2026-02-12 12:12:32,249 [INFO] Rule:233 - rule UART/USART WORD LENGTH 9 is applicable
2026-02-12 12:12:32,249 [INFO] Rule:233 - rule Rename FMC NAND NCE signal is applicable
2026-02-12 12:12:32,250 [INFO] Rule:233 - rule Rename FMC NAND INT signal is applicable
2026-02-12 12:12:32,250 [INFO] Rule:233 - rule Change Default Value for LSE Drive Capability for WB family is applicable
2026-02-12 12:12:32,250 [INFO] Rule:233 - rule Change Default Value for ADC Clock Prescaler G0 family is applicable
2026-02-12 12:12:32,250 [INFO] Rule:233 - rule Change Default Value for ADC ExternalTrigConv L4 family is applicable
2026-02-12 12:12:32,250 [INFO] Rule:233 - rule Change Default Value for ADC ExternalTrigInjecConv L4 family is applicable
2026-02-12 12:12:32,250 [INFO] Rule:233 - rule Change Default Value for ADC ExternalTrigConv F3 family is applicable
2026-02-12 12:12:32,251 [INFO] Rule:233 - rule Change Default Value for ADC ExternalTrigInjecConv F3 family is applicable
2026-02-12 12:12:32,251 [INFO] Rule:233 - rule Change Default Value for ADC ExternalTrigConv Goldfish serie is applicable
2026-02-12 12:12:32,251 [INFO] Rule:233 - rule Change Default Value for ADC ExternalTrigInjecConv Goldfish serie is applicable
2026-02-12 12:12:32,251 [INFO] Rule:233 - rule Change Default Value for ADC ExternalTrigConv L0 family is applicable
2026-02-12 12:12:32,251 [INFO] Rule:233 - rule Change Default Value for ADC ExternalTrigConv F0 family is applicable
2026-02-12 12:12:32,251 [INFO] Rule:233 - rule Change Default Value for ADC ExternalTrigConvn L1 family is applicable
2026-02-12 12:12:32,251 [INFO] Rule:233 - rule Change Default Value for ADC ExternalTrigInjecConv L1 family is applicable
2026-02-12 12:12:32,251 [INFO] Rule:233 - rule Change Default Value for ADC ExternalTrigConv F1 family is applicable
2026-02-12 12:12:32,251 [INFO] Rule:233 - rule Change Default Value for ADC ExternalTrigInjecConv F1 family is applicable
2026-02-12 12:12:32,251 [INFO] Rule:233 - rule Change Default Value for ADC ExternalTrigConv F7 family is applicable
2026-02-12 12:12:32,252 [INFO] Rule:233 - rule Change Default Value for ADC ExternalTrigInjecConv F7 family is applicable
2026-02-12 12:12:32,252 [INFO] Rule:233 - rule Change Default Value for ADC ExternalTrigConv F4 and F2 family is applicable
2026-02-12 12:12:32,252 [INFO] Rule:233 - rule Change Default Value for ADC ExternalTrigInjecConv F4 and F2 family is applicable
2026-02-12 12:12:32,252 [INFO] Rule:233 - rule ADC SamplingTime fix with FW L0  is applicable
2026-02-12 12:12:32,252 [INFO] Rule:233 - rule ADC SamplingTime fix with FW L0  is applicable
2026-02-12 12:12:32,252 [INFO] Rule:233 - rule ADC SamplingTime fix with FW L0 is applicable
2026-02-12 12:12:32,252 [INFO] Rule:233 - rule ADC SamplingTime fix with FW L0 is applicable
2026-02-12 12:12:32,252 [INFO] Rule:233 - rule ADC SamplingTime fix with FW L0  is applicable
2026-02-12 12:12:32,252 [INFO] Rule:233 - rule ADC SamplingTime fix with FW L0 is applicable
2026-02-12 12:12:32,252 [INFO] Rule:233 - rule Rename USB_OE Signal is applicable
2026-02-12 12:12:32,252 [INFO] Rule:233 - rule Rename Activate_OE Mode is applicable
2026-02-12 12:12:32,253 [INFO] Rule:233 - rule Rename DIE462/DIE415 pin PC14/OSC32_IN -> PC14-OSC32_IN (PC14) is applicable
2026-02-12 12:12:32,253 [INFO] Rule:233 - rule Rename DIE462/DIE415 pin PC15/OSC32_OUT -> PC15-OSC32_OUT (PC15) is applicable
2026-02-12 12:12:32,253 [INFO] Rule:233 - rule Rename DIE462/DIE415 pin PH0/OSC_IN -> PH0-OSC_IN (PH0) is applicable
2026-02-12 12:12:32,253 [INFO] Rule:233 - rule Rename DIE462/DIE415 pin PH1/OSC_OUT -> PH1-OSC_OUT (PH1) is applicable
2026-02-12 12:12:32,253 [INFO] Rule:233 - rule Rename DIE462 pin PA13 -> PA13 (JTMS/SWDIO) is applicable
2026-02-12 12:12:32,253 [INFO] Rule:233 - rule Rename DIE415 pin PA13 -> PA13 (JTMS/SWDIO) is applicable
2026-02-12 12:12:32,253 [INFO] Rule:233 - rule Rename DIE462 pin PA14 -> PA14 (JTCK/SWCLK) is applicable
2026-02-12 12:12:32,253 [INFO] Rule:233 - rule Rename DIE415 pin PA14 -> PA14 (JTCK/SWCLK) is applicable
2026-02-12 12:12:32,253 [INFO] Rule:233 - rule Rename DIE462/DIE415 pin PA15 -> PA15 (JTDI) is applicable
2026-02-12 12:12:32,253 [INFO] Rule:233 - rule Rename DIE462 pin PB3 -> PB3 (JTD0/TRACESWO) is applicable
2026-02-12 12:12:32,254 [INFO] Rule:233 - rule Rename DIE415 pin PB3 -> PB3 (JTD0-TRACESWO) is applicable
2026-02-12 12:12:32,254 [INFO] Rule:233 - rule Rename DIE462/DIE415 pin PB4 -> PB4 (NJTRST) is applicable
2026-02-12 12:12:32,254 [INFO] Rule:233 - rule Rename DIE462 pin PH3/BOOT0 -> PH3-BOOT0 (BOOT0) is applicable
2026-02-12 12:12:32,254 [INFO] Rule:233 - rule Rename CRYP DataEncryptionTypesList to Algorithm is applicable
2026-02-12 12:12:32,254 [INFO] Rule:233 - rule Rename AES DataEncryptionTypesList to Algorithm is applicable
2026-02-12 12:12:32,254 [INFO] Rule:233 - rule Rename TDESECB to CRYP_TDES_ECB is applicable
2026-02-12 12:12:32,254 [INFO] Rule:233 - rule Rename TDESCBC to CRYP_TDES_CBC is applicable
2026-02-12 12:12:32,254 [INFO] Rule:233 - rule Rename DESECB to CRYP_DES_ECB is applicable
2026-02-12 12:12:32,254 [INFO] Rule:233 - rule Rename DESCBC to CRYP_DES_CBC is applicable
2026-02-12 12:12:32,254 [INFO] Rule:233 - rule Rename AESECB to CRYP_AES_ECB is applicable
2026-02-12 12:12:32,255 [INFO] Rule:233 - rule Rename AESCBC to CRYP_AES_CBC is applicable
2026-02-12 12:12:32,255 [INFO] Rule:233 - rule Rename AESCTR to CRYP_AES_CTR is applicable
2026-02-12 12:12:32,255 [INFO] Rule:233 - rule Rename AESGCM to CRYP_AES_GCM is applicable
2026-02-12 12:12:32,255 [INFO] Rule:233 - rule Rename AESCCM to CRYP_AES_CCM is applicable
2026-02-12 12:12:32,255 [INFO] Rule:233 - rule Rename CAN TimeSeg1 to BS1 is applicable
2026-02-12 12:12:32,255 [INFO] Rule:233 - rule Rename CAN TimeSeg2 to BS2 is applicable
2026-02-12 12:12:32,255 [INFO] Rule:233 - rule Rename CAN SyncJumpWidth to SJW is applicable
2026-02-12 12:12:32,255 [INFO] Rule:233 - rule TimeTriggeredMode to TTCM is applicable
2026-02-12 12:12:32,255 [INFO] Rule:233 - rule Rename CAN AutoBusOff to ABOM is applicable
2026-02-12 12:12:32,255 [INFO] Rule:233 - rule Rename CAN AutoWakeUp to AWUM is applicable
2026-02-12 12:12:32,256 [INFO] Rule:233 - rule Rename CAN AutoRetransmission to NART is applicable
2026-02-12 12:12:32,256 [INFO] Rule:233 - rule Rename CAN ReceiveFifoLocked to RFLM is applicable
2026-02-12 12:12:32,256 [INFO] Rule:233 - rule Rename CAN TransmitFifoPriority to TXFP is applicable
2026-02-12 12:12:32,256 [INFO] Rule:233 - rule Rename HRTIMER HRTIM_OUTPUTFAULTLEVEL_HIGH in HRTIMER HRTIM_OUTPUTFAULTLEVEL_HIGHZ is applicable
2026-02-12 12:12:32,256 [INFO] Rule:233 - rule Rename TIMER TIM_CLEARINPUTSOURCE_OCREFCLR in  TIMER TIM_CLEARINPUTSOURCE_NONE for F7 family is applicable
2026-02-12 12:12:32,256 [INFO] Rule:233 - rule FDCAN_R1 - Rename FDCAN mode Master into Classic is applicable
2026-02-12 12:12:32,256 [INFO] Rule:233 - rule FDCAN_R2 - Rename FDCAN mode Slave into Classic is applicable
2026-02-12 12:12:32,256 [INFO] Rule:233 - rule FDCAN1_R3 - if PA10.Mode=FullDuplex, add Pin PA12 is applicable
2026-02-12 12:12:32,256 [INFO] Rule:233 - rule FDCAN1_R3 - if PA9.Mode=FullDuplex, add Pin PA11 is applicable
2026-02-12 12:12:32,256 [INFO] Rule:233 - rule FDCAN1_R3 - Alternatepin_1 - if PE1.Mode=FullDuplex, add Pin PB9 is applicable
2026-02-12 12:12:32,257 [INFO] Rule:233 - rule FDCAN1_R3 - Alternatepin_1 - if PE0.Mode=FullDuplex, add Pin PB8 is applicable
2026-02-12 12:12:32,257 [INFO] Rule:233 - rule FDCAN1_R3 - Alternatepin_2 - if PD5.Mode=FullDuplex, add Pin PD1 is applicable
2026-02-12 12:12:32,257 [INFO] Rule:233 - rule FDCAN1_R3 - Alternatepin_2 - if PD4.Mode=FullDuplex, add Pin PD0 is applicable
2026-02-12 12:12:32,258 [INFO] Rule:233 - rule FDCAN1_R4 - Rename Mode FullDuplex into Enable FDCAN_TXFD for pin PA10 is applicable
2026-02-12 12:12:32,258 [INFO] Rule:233 - rule FDCAN1_R4 - Rename Mode FullDuplex into Enable FDCAN_TXFD for pin PA9 is applicable
2026-02-12 12:12:32,258 [INFO] Rule:233 - rule FDCAN1_R4 - Alternatepin_1 - Rename Mode FullDuplex into Enable FDCAN_TXFD for pin PE1 is applicable
2026-02-12 12:12:32,259 [INFO] Rule:233 - rule FDCAN1_R4 - Alternatepin_1 - Rename Mode FullDuplex into Enable FDCAN_TXFD for pin PE0 is applicable
2026-02-12 12:12:32,259 [INFO] Rule:233 - rule FDCAN1_R4 - Alternatepin_2 - Rename Mode FullDuplex into Enable FDCAN_TXFD for pin PD5 is applicable
2026-02-12 12:12:32,259 [INFO] Rule:233 - rule FDCAN1_R4 - Alternatepin_2 - Rename Mode FullDuplex into Enable FDCAN_TXFD for pin PD4 is applicable
2026-02-12 12:12:32,259 [INFO] Rule:233 - rule FDCAN2_R3 - if PD10.Mode=FullDuplex, add Pin PB13 is applicable
2026-02-12 12:12:32,259 [INFO] Rule:233 - rule FDCAN2_R3 - if PD9.Mode=FullDuplex, add Pin PB12 is applicable
2026-02-12 12:12:32,259 [INFO] Rule:233 - rule FDCAN2_R3 - Alternatepin_1 - if PB7.Mode=FullDuplex, add Pin PB6 is applicable
2026-02-12 12:12:32,260 [INFO] Rule:233 - rule FDCAN2_R3 - Alternatepin_1 - if PD9.Mode=FullDuplex, add Pin PB12 is applicable
2026-02-12 12:12:32,260 [INFO] Rule:233 - rule FDCAN2_R4 - Rename Mode FullDuplex into Enable FDCAN_TXFD for pin PD10 is applicable
2026-02-12 12:12:32,260 [INFO] Rule:233 - rule FDCAN2_R4 - Rename Mode FullDuplex into Enable FDCAN_TXFD for pin PD9 is applicable
2026-02-12 12:12:32,260 [INFO] Rule:233 - rule FDCAN2_R4 - Alternatepin_1 - Rename Mode FullDuplex into Enable FDCAN_TXFD for pin PB7 is applicable
2026-02-12 12:12:32,260 [INFO] Rule:233 - rule FDCAN2_R4 - Alternatepin_1 - Rename Mode FullDuplex into Enable FDCAN_TXFD for pin PD6 is applicable
2026-02-12 12:12:32,260 [INFO] Rule:233 - rule USART TxPinLevelInvertParam Mode is applicable
2026-02-12 12:12:32,260 [INFO] Rule:233 - rule USART RxPinLevelInvertParam Mode is applicable
2026-02-12 12:12:32,261 [INFO] Rule:233 - rule USART DataInvertParam Mode is applicable
2026-02-12 12:12:32,261 [INFO] Rule:233 - rule USART SwapParam Mode is applicable
2026-02-12 12:12:32,261 [INFO] Rule:233 - rule USART OverrunDisableParam Mode is applicable
2026-02-12 12:12:32,261 [INFO] Rule:233 - rule USART DMADisableonRxErrorParam Mode is applicable
2026-02-12 12:12:32,261 [INFO] Rule:233 - rule USART MSBFirstParam Mode is applicable
2026-02-12 12:12:32,261 [INFO] Rule:233 - rule Update MwName for USB_DEVICE is applicable
2026-02-12 12:12:32,262 [INFO] Rule:233 - rule Change PWR_Regulator_Voltage_Scale Default Value for RCC  H7 family is applicable
2026-02-12 12:12:32,262 [INFO] Rule:233 - rule UART/USART IPParameter rename Prescaler parameter to ClockPrescaler is applicable
2026-02-12 12:12:32,262 [INFO] Rule:233 - rule UART/USART Prescaler rename Prescaler parameter to ClockPrescaler is applicable
2026-02-12 12:12:32,262 [INFO] Rule:233 - rule TIM1CLockSelection is applicable
2026-02-12 12:12:32,262 [INFO] Rule:233 - rule TIM15CLockSelection is applicable
2026-02-12 12:12:32,263 [INFO] Rule:233 - rule align RCC SDMMC3CLockSelection default value on MP1 is applicable
2026-02-12 12:12:32,263 [INFO] Rule:233 - rule align RCC SDMMC12CLockSelection default value on MP1 is applicable
2026-02-12 12:12:32,263 [INFO] Rule:233 - rule align RCC QSPICLockSelection default value on MP1 is applicable
2026-02-12 12:12:32,263 [INFO] Rule:233 - rule align RCC QSPICLockSelection default value on MP1 is applicable
2026-02-12 12:12:32,263 [INFO] Rule:233 - rule align RCC SPI6CLockSelection default value on MP1 is applicable
2026-02-12 12:12:32,263 [INFO] Rule:233 - rule align RCC LPTIM23CLockSelection default value on MP1 is applicable
2026-02-12 12:12:32,263 [INFO] Rule:233 - rule align RCC LPTIM1CLockSelection default value on MP1 is applicable
2026-02-12 12:12:32,263 [INFO] Rule:233 - rule align RCC USART1CLockSelection default value on MP1 is applicable
2026-02-12 12:12:32,263 [INFO] Rule:233 - rule align RCC USART24CLockSelection default value on MP1 is applicable
2026-02-12 12:12:32,263 [INFO] Rule:233 - rule align RCC USART6CLockSelection default value on MP1 is applicable
2026-02-12 12:12:32,264 [INFO] Rule:233 - rule align RCC UART78CLockSelection default value on MP1 is applicable
2026-02-12 12:12:32,264 [INFO] Rule:233 - rule align RCC USART35CLockSelection default value on MP1 is applicable
2026-02-12 12:12:32,264 [INFO] Rule:233 - rule align RCC SPI45CLockSelection default value on MP1 is applicable
2026-02-12 12:12:32,264 [INFO] Rule:233 - rule align RCC I2C46CLockSelection BCLK value on MP1 is applicable
2026-02-12 12:12:32,264 [INFO] Rule:233 - rule align RCC SPI45CLockSelection default value on MP1 is applicable
2026-02-12 12:12:32,264 [INFO] Rule:233 - rule align RCC I2C12CLockSelection default value on MP1 is applicable
2026-02-12 12:12:32,265 [INFO] Rule:233 - rule align RCC I2C35CLockSelection default value on MP1 is applicable
2026-02-12 12:12:32,265 [INFO] Rule:233 - rule align RCC LPTIM45CLockSelection default value on MP1 is applicable
2026-02-12 12:12:32,265 [INFO] Rule:233 - rule Rename DCMI PIXCK signal is applicable
2026-02-12 12:12:32,265 [INFO] Rule:233 - rule Change Default Value for I2C46CLockSelection MP1 family is applicable
2026-02-12 12:12:32,265 [INFO] Rule:233 - rule Change Default Value for UART for G4, G0 and WB families is applicable
2026-02-12 12:12:32,265 [INFO] Rule:233 - rule Change Default Value for USART for G4, G0 and WB families is applicable
2026-02-12 12:12:32,266 [INFO] Rule:233 - rule Change Default Value for USART for G4 family is applicable
2026-02-12 12:12:32,266 [INFO] Rule:233 - rule Change USART1CLockSelection refparam name for MP1 is applicable
2026-02-12 12:12:32,266 [INFO] Rule:233 - rule Change USART2CLockSelection refparam name for MP1 is applicable
2026-02-12 12:12:32,266 [INFO] Rule:233 - rule Change USART3CLockSelection refparam name for MP1 is applicable
2026-02-12 12:12:32,266 [INFO] Rule:233 - rule Change UART4CLockSelection refparam name for MP1 is applicable
2026-02-12 12:12:32,266 [INFO] Rule:233 - rule Change UART5CLockSelection refparam name for MP1 is applicable
2026-02-12 12:12:32,266 [INFO] Rule:233 - rule Change LPUART1CLockSelection refparam name for MP1 is applicable
2026-02-12 12:12:32,266 [INFO] Rule:233 - rule Change LPTIM1CLockSelection refparam name for MP1 is applicable
2026-02-12 12:12:32,267 [INFO] Rule:233 - rule Change LPTIM2CLockSelection refparam name for MP1 is applicable
2026-02-12 12:12:32,267 [INFO] Rule:233 - rule Change RCC_MCO1Source refparam name for MP1 is applicable
2026-02-12 12:12:32,267 [INFO] Rule:233 - rule Change LSCOSource1 refparam name for MP1 is applicable
2026-02-12 12:12:32,267 [INFO] Rule:233 - rule Change SMPSCLockSelection refparam name for MP1 is applicable
2026-02-12 12:12:32,267 [INFO] Rule:233 - rule Change LPTIM3CLockSelection refparam name for MP1 is applicable
2026-02-12 12:12:32,267 [INFO] Rule:233 - rule Change MPCBB* Default Template Mode to Parameters is applicable
2026-02-12 12:12:32,267 [INFO] Rule:233 - rule Change MPCWM* or MPCBB* Secure Mode to Parameters is applicable
2026-02-12 12:12:32,267 [INFO] Rule:233 - rule Change MPCWM* or MPCBB* No Secure Mode to Parameters is applicable
2026-02-12 12:12:32,268 [INFO] Rule:233 - rule Change TZSC IP Secure Mode to Parameters is applicable
2026-02-12 12:12:32,268 [INFO] Rule:233 - rule Change TZSC IP No Secure Mode to Parameters is applicable
2026-02-12 12:12:32,268 [INFO] Rule:233 - rule Change TZSC IP Privilege Mode to Parameters is applicable
2026-02-12 12:12:32,268 [INFO] Rule:233 - rule Change TZSC IP No Privilege Mode to Parameters is applicable
2026-02-12 12:12:32,268 [INFO] Rule:233 - rule Change TZIC IT Secure Mode to Parameters is applicable
2026-02-12 12:12:32,268 [INFO] Rule:233 - rule Change TZIC IT No Secure Mode to Parameters is applicable
2026-02-12 12:12:32,268 [INFO] Rule:233 - rule Add MPCBB1_NonSecureArea_Start_Address value with referenced to MPCBB1_NonSecureArea_Start value is applicable
2026-02-12 12:12:32,268 [INFO] Rule:233 - rule Add MPCBB2_NonSecureArea_Start_Address value with referenced to MPCBB2_NonSecureArea_Start value is applicable
2026-02-12 12:12:32,269 [INFO] Rule:233 - rule Add MPCWM1_NonSecureArea*_Start_Address value with referenced to MPCWM1_NonSecureArea*_Start value is applicable
2026-02-12 12:12:32,269 [INFO] Rule:233 - rule Add MPCWM2_NonSecureArea*_Start_Address value with referenced to MPCWM2_NonSecureArea*_Start value is applicable
2026-02-12 12:12:32,269 [INFO] Rule:233 - rule Add MPCWM3_NonSecureArea_Start_Address value with referenced to MPCWM3_NonSecureArea_Start value is applicable
2026-02-12 12:12:32,269 [INFO] Rule:233 - rule Change Default Value for PLL1UserDefinedConfig is applicable
2026-02-12 12:12:32,269 [INFO] Rule:233 - rule Change GPIO_PuPd Default Value for USART in async mode is applicable
2026-02-12 12:12:32,269 [INFO] Rule:233 - rule Change SMPSDivider Default Value is applicable
2026-02-12 12:12:32,269 [INFO] Rule:233 - rule OPAMP is applicable
2026-02-12 12:12:32,269 [INFO] Rule:233 - rule LPUART IPParameter rename Prescaler parameter to ClockPrescaler for STM32H7 is applicable
2026-02-12 12:12:32,269 [INFO] Rule:233 - rule LPUART IPParameter rename Prescaler parameter to ClockPrescaler for STM32H7 is applicable
2026-02-12 12:12:32,270 [INFO] Rule:233 - rule LPUART IPParameter rename Prescaler parameter to ClockPrescaler for STM32WB is applicable
2026-02-12 12:12:32,270 [INFO] Rule:233 - rule LPUART IPParameter rename Prescaler parameter to ClockPrescaler for STM32WB is applicable
2026-02-12 12:12:32,270 [INFO] Rule:233 - rule LPUART IPParameter rename Prescaler parameter to ClockPrescaler for STM32G4 is applicable
2026-02-12 12:12:32,270 [INFO] Rule:233 - rule LPUART IPParameter rename Prescaler parameter to ClockPrescaler for STM32G4 is applicable
2026-02-12 12:12:32,270 [INFO] Rule:233 - rule LPUART IPParameter rename Prescaler parameter to ClockPrescaler for STM32L5 is applicable
2026-02-12 12:12:32,270 [INFO] Rule:233 - rule LPUART IPParameter rename Prescaler parameter to ClockPrescaler for STM32L5 is applicable
2026-02-12 12:12:32,270 [INFO] Rule:233 - rule LPUART IPParameter rename Prescaler parameter to ClockPrescaler for STM32G4 is applicable
2026-02-12 12:12:32,270 [INFO] Rule:233 - rule LPUART IPParameter rename Prescaler parameter to ClockPrescaler for STM32G4 is applicable
2026-02-12 12:12:32,270 [INFO] Rule:233 - rule USB device lib V2.5.3 for L0 rename USBD_SUPPORT_USER_STRING parameter to USBD_SUPPORT_USER_STRING_DESC4 is applicable
2026-02-12 12:12:32,270 [INFO] Rule:233 - rule I2SCLockSelection clock entry align is applicable
2026-02-12 12:12:32,270 [INFO] Rule:233 - rule Assign TIMx context if used as SYS timebase is applicable
2026-02-12 12:12:32,270 [INFO] Rule:233 - rule Change GPIO_Pu Default Value for I2C is applicable
2026-02-12 12:12:32,271 [INFO] Rule:233 - rule Change GPIO_Pu Default Value for SMBus is applicable
2026-02-12 12:12:32,271 [INFO] Rule:233 - rule change FDCAN default value is applicable
2026-02-12 12:12:32,271 [INFO] Rule:233 - rule Change mode sai is applicable
2026-02-12 12:12:32,271 [INFO] Rule:233 - rule **Change sai mode is applicable
2026-02-12 12:12:32,271 [INFO] Rule:233 - rule Rename STM32WPAN CFG_BLE_IRK to CFG_BLE_IR is applicable
2026-02-12 12:12:32,271 [INFO] Rule:233 - rule Rename STM32WPAN CFG_BLE_ERK to CFG_BLE_ER is applicable
2026-02-12 12:12:32,271 [INFO] Rule:233 - rule Rename STM32WPAN CFG_BLE_IRK_HEX to CFG_BLE_IR_HEX is applicable
2026-02-12 12:12:32,271 [INFO] Rule:233 - rule Rename STM32WPAN CFG_BLE_ERK_HEX to CFG_BLE_ER_HEX is applicable
2026-02-12 12:12:32,271 [INFO] Rule:233 - rule Adapt Old IOC before rework replace old CORTEX_M33/CORTEX_M55 attributes by the new one. is applicable
2026-02-12 12:12:32,271 [INFO] Rule:233 - rule Rename parametre of RCC RCC_APBDBG_DIV2 to RCC_TIMPRES_DIV2 is applicable
2026-02-12 12:12:32,271 [INFO] Rule:233 - rule Rename DIE493 pin PA10 [PA12] -> PA10 is applicable
2026-02-12 12:12:32,272 [INFO] Rule:233 - rule Rename DIE493 pin PA9 [PA11] -> PA9 is applicable
2026-02-12 12:12:32,272 [INFO] Rule:233 - rule Rename DIE492 PartNumber CPN STM32WBA5MJGHx -> STM32WBA5MMGHx is applicable
2026-02-12 12:12:32,272 [INFO] Rule:233 - rule Rename DIE492 PartNumber  Name STM32WBA5MJGHx -> STM32WBA5MMGHx is applicable
2026-02-12 12:12:32,272 [INFO] Rule:233 - rule Rename DIE492 PartNumber UserName STM32WBA5MJGHx -> STM32WBA5MMGHx is applicable
2026-02-12 12:12:32,272 [INFO] Rule:233 - rule Rename DIE492 PartNumber DeviceId STM32WBA5MJGHx -> STM32WBA5MMGHx is applicable
2026-02-12 12:12:32,272 [INFO] Rule:233 - rule Adapt Old IOC CSI. is applicable
2026-02-12 12:12:32,272 [INFO] Rule:233 - rule Adapt Old IOC DCMIPP. is applicable
2026-02-12 12:12:32,273 [INFO] Rule:233 - rule Adapt Old IOC DCMIPP Mode Parallel. is applicable
2026-02-12 12:12:32,273 [INFO] Rule:233 - rule Adapt Old IOC LTDC. is applicable
2026-02-12 12:12:32,273 [INFO] Rule:233 - rule Rename STM32MP2 RIF Peripheral LTDC RIF.RISUP.LTDC_L0L1.Privilege -> RIF.RISUP.LTDC_L1L2.Privilege is applicable
2026-02-12 12:12:32,273 [INFO] Rule:233 - rule Rename STM32MP2 RIF Peripheral LTDC RIF.RISUP.LTDC_L0L1.Privilege -> RIF.RISUP.LTDC_L1L2.Privilege is applicable
2026-02-12 12:12:32,273 [INFO] Rule:233 - rule Rename STM32MP2 RIF Peripheral LTDC RIF.RISUP.LTDC_L0L1.Lock -> RIF.RISUP.LTDC_L1L2.Lock is applicable
2026-02-12 12:12:32,273 [INFO] Rule:233 - rule Rename STM32MP2 RIF Peripheral LTDC RIF.RISUP.LTDC_L2.Lock -> RIF.RISUP.LTDC_L3.Lock is applicable
2026-02-12 12:12:32,273 [INFO] Rule:233 - rule Adapt the old IOC example for updating the SYS when it is misconfigured. is applicable
2026-02-12 12:12:32,273 [INFO] Rule:233 - rule Rename STM32C09 Mcu.Package LQFP64 -> LQFP48 is applicable
2026-02-12 12:12:32,273 [INFO] Rule:233 - rule Adapt the old IOC example for updating the SYS when it is misconfigured. is applicable
2026-02-12 12:12:32,273 [INFO] Rule:233 - rule Adapt the old IOC example for updating the SYS when it is misconfigured. is applicable
2026-02-12 12:12:32,322 [INFO] DbConfProperties:307 - Apply Compatibility (53/282 Rules)
2026-02-12 12:12:32,362 [INFO] ImportTextPane:234 - (OptionalMessage_ERROR) Unable to find key (Mcu.ThirdPartyNb) in loaded IOC file
2026-02-12 12:12:32,369 [INFO] ImportTextPane:234 - (OptionalMessage_ERROR) Pin12 (VP_RIF_VS_RIF1) cannot be retrieved for this MCU
2026-02-12 12:12:32,910 [INFO] RtosManager:558 - Registered RTOS mode: class=CMSIS, group=RTOS, mode=CMSIS_V1, owner=FREERTOS
2026-02-12 12:12:32,910 [INFO] RtosManager:558 - Registered RTOS mode: class=CMSIS, group=RTOS2, mode=CMSIS_V2, owner=FREERTOS
2026-02-12 12:12:32,911 [INFO] RtosManager:558 - Registered RTOS mode: class=RTOS, group=Core, mode=CMSIS_V1, owner=FREERTOS
2026-02-12 12:12:32,911 [INFO] RtosManager:558 - Registered RTOS mode: class=RTOS, group=Core, mode=CMSIS_V2, owner=FREERTOS
2026-02-12 12:12:32,912 [WARN] ModelIntegratedComponent:184 - Missing modes for component STMicroelectronics:FreeRTOS:0.0.1:STMicroelectronics:RTOS:FreeRTOS:Core:::10.2.0:
2026-02-12 12:12:32,952 [WARN] ModelIntegratedComponent:63 - No mode defined for component null
2026-02-12 12:12:32,952 [WARN] ModelIntegratedComponent:63 - No mode defined for component null
2026-02-12 12:12:32,953 [WARN] ModelIntegratedComponent:63 - No mode defined for component null
2026-02-12 12:12:32,953 [WARN] ModelIntegratedComponent:63 - No mode defined for component null
2026-02-12 12:12:32,953 [WARN] ModelIntegratedComponent:63 - No mode defined for component null
2026-02-12 12:12:32,953 [WARN] ModelIntegratedComponent:63 - No mode defined for component null
2026-02-12 12:12:32,953 [WARN] ModelIntegratedComponent:63 - No mode defined for component null
2026-02-12 12:12:32,953 [WARN] ModelIntegratedComponent:63 - No mode defined for component null
2026-02-12 12:12:32,953 [WARN] ModelIntegratedComponent:63 - No mode defined for component null
2026-02-12 12:12:32,953 [WARN] ModelIntegratedComponent:63 - No mode defined for component null
2026-02-12 12:12:32,953 [WARN] ModelIntegratedComponent:63 - No mode defined for component null
2026-02-12 12:12:32,953 [WARN] ModelIntegratedComponent:63 - No mode defined for component null
2026-02-12 12:12:32,954 [WARN] ModelIntegratedComponent:63 - No mode defined for component null
2026-02-12 12:12:32,954 [WARN] ModelIntegratedComponent:63 - No mode defined for component null
2026-02-12 12:12:32,954 [WARN] ModelIntegratedComponent:63 - No mode defined for component null
2026-02-12 12:12:32,954 [WARN] ModelIntegratedComponent:63 - No mode defined for component null
2026-02-12 12:12:32,954 [WARN] ModelIntegratedComponent:63 - No mode defined for component null
2026-02-12 12:12:32,954 [WARN] ModelIntegratedComponent:63 - No mode defined for component null
2026-02-12 12:12:32,954 [WARN] ModelIntegratedComponent:63 - No mode defined for component null
2026-02-12 12:12:32,954 [WARN] ModelIntegratedComponent:63 - No mode defined for component null
2026-02-12 12:12:32,954 [WARN] ModelIntegratedComponent:63 - No mode defined for component null
2026-02-12 12:12:32,954 [WARN] ModelIntegratedComponent:63 - No mode defined for component null
2026-02-12 12:12:32,954 [WARN] ModelIntegratedComponent:63 - No mode defined for component null
2026-02-12 12:12:32,955 [WARN] ModelIntegratedComponent:63 - No mode defined for component null
2026-02-12 12:12:32,955 [WARN] ModelIntegratedComponent:63 - No mode defined for component null
2026-02-12 12:12:32,955 [WARN] ModelIntegratedComponent:63 - No mode defined for component null
2026-02-12 12:12:32,955 [WARN] ModelIntegratedComponent:63 - No mode defined for component null
2026-02-12 12:12:32,955 [WARN] ModelIntegratedComponent:63 - No mode defined for component null
2026-02-12 12:12:32,955 [WARN] ModelIntegratedComponent:63 - No mode defined for component null
2026-02-12 12:12:32,955 [WARN] ModelIntegratedComponent:63 - No mode defined for component null
2026-02-12 12:12:32,956 [WARN] ModelIntegratedComponent:63 - No mode defined for component null
2026-02-12 12:12:32,956 [WARN] ModelIntegratedComponent:63 - No mode defined for component null
2026-02-12 12:12:32,956 [WARN] ModelIntegratedComponent:63 - No mode defined for component null
2026-02-12 12:12:32,956 [WARN] ModelIntegratedComponent:63 - No mode defined for component null
2026-02-12 12:12:32,956 [WARN] ModelIntegratedComponent:63 - No mode defined for component null
2026-02-12 12:12:32,956 [WARN] ModelPack:524 - Component already loaded: STMicroelectronics:HAL Drivers:0.0.0:STMicroelectronics:Device:STMicro_Driver:XSPI:HAL::0.0.1:HAL_XSPI
2026-02-12 12:12:33,066 [INFO] ThirdPartyModel:298 - Start build external matchings
2026-02-12 12:12:34,556 [INFO] ThirdPartyModel:316 - End build external matchings
2026-02-12 12:12:34,601 [INFO] ImportTextPane:234 - (OptionalMessage_ERROR) IP (RCC) : Invalid parameter (FamilyName)
2026-02-12 12:12:34,609 [INFO] ImportTextPane:234 - (OptionalMessage_ERROR) IP (RCC) : Parameter (RNGFreq_Value) has invalid value (64000000)
2026-02-12 12:12:34,610 [INFO] ImportTextPane:234 - (OptionalMessage_ERROR) IP (RCC) : Parameter (SDMMCFreq_Value) has invalid value (64000000)
2026-02-12 12:12:34,610 [INFO] ImportTextPane:234 - (OptionalMessage_ERROR) IP (RCC) : Parameter (USBFreq_Value) has invalid value (64000000)
2026-02-12 12:12:35,642 [INFO] UtilMem:75 - End LoadConfig() Used Memory: 808912352 Bytes (1073741824)
2026-02-12 12:12:35,709 [WARN] ThirdParty:833 - waiting for thirdparty lock release [change project]
2026-02-12 12:12:35,710 [INFO] ThirdParty:835 - entering critical section [change project]
2026-02-12 12:12:35,711 [INFO] ThirdParty:1030 - CMSIS Pack Vendor :STMicroelectronics X-CUBE-PM33A1 1.0.0
2026-02-12 12:12:35,711 [INFO] ThirdParty:1030 - CMSIS Pack Vendor :STMicroelectronics USBPD 4.1
2026-02-12 12:12:35,711 [INFO] ThirdParty:1030 - CMSIS Pack Vendor :STMicroelectronics X-CUBE-NFC9 1.0.0
2026-02-12 12:12:35,711 [INFO] ThirdParty:1030 - CMSIS Pack Vendor :STMicroelectronics USB_HOST 2.0.0
2026-02-12 12:12:35,711 [INFO] ThirdParty:1030 - CMSIS Pack Vendor :STMicroelectronics FP-SNS-MOTENVWB1 1.4.0
2026-02-12 12:12:35,711 [INFO] ThirdParty:1030 - CMSIS Pack Vendor :STMicroelectronics X-CUBE-AZRTOS-F4 1.1.0
2026-02-12 12:12:35,712 [INFO] ThirdParty:1030 - CMSIS Pack Vendor :STMicroelectronics LIBJPEG 8.0.0
2026-02-12 12:12:35,712 [INFO] ThirdParty:1030 - CMSIS Pack Vendor :STMicroelectronics FP-ATR-ASTRA1 2.0.2
2026-02-12 12:12:35,712 [INFO] ThirdParty:1030 - CMSIS Pack Vendor :STMicroelectronics X-CUBE-BLE1 7.1.0
2026-02-12 12:12:35,712 [INFO] ThirdParty:1030 - CMSIS Pack Vendor :STMicroelectronics X-CUBE-SMBUS 2.1.0
2026-02-12 12:12:35,712 [INFO] ThirdParty:1030 - CMSIS Pack Vendor :wolfSSL I-CUBE-wolfMQTT 1.19.2
2026-02-12 12:12:35,712 [INFO] ThirdParty:1030 - CMSIS Pack Vendor :STMicroelectronics USB_DEVICE 3.0.0
2026-02-12 12:12:35,712 [INFO] ThirdParty:1030 - CMSIS Pack Vendor :STMicroelectronics X-CUBE-ISPU 2.1.0
2026-02-12 12:12:35,712 [INFO] ThirdParty:1030 - CMSIS Pack Vendor :STMicroelectronics X-CUBE-FREERTOS 1.4.0
2026-02-12 12:12:35,712 [INFO] ThirdParty:1030 - CMSIS Pack Vendor :STMicroelectronics X-CUBE-EEPRMA1 5.2.0
2026-02-12 12:12:35,713 [INFO] ThirdParty:1030 - CMSIS Pack Vendor :STMicroelectronics X-CUBE-IPS 3.2.0
2026-02-12 12:12:35,713 [INFO] ThirdParty:1030 - CMSIS Pack Vendor :STMicroelectronics X-CUBE-BLEMGR 4.1.0
2026-02-12 12:12:35,713 [INFO] ThirdParty:1030 - CMSIS Pack Vendor :STMicroelectronics X-CUBE-AZRTOS-WB 2.0.0
2026-02-12 12:12:35,713 [INFO] ThirdParty:1030 - CMSIS Pack Vendor :wolfSSL I-CUBE-wolfSSL 5.8.4
2026-02-12 12:12:35,713 [INFO] ThirdParty:1030 - CMSIS Pack Vendor :Cesanta I-CUBE-Mongoose 7.20.0
2026-02-12 12:12:35,713 [INFO] ThirdParty:1030 - CMSIS Pack Vendor :STMicroelectronics X-CUBE-NFC12 1.0.0
2026-02-12 12:12:35,713 [INFO] ThirdParty:1030 - CMSIS Pack Vendor :STMicroelectronics X-CUBE-AZRTOS-F7 1.1.0
2026-02-12 12:12:35,713 [INFO] ThirdParty:1030 - CMSIS Pack Vendor :STMicroelectronics X-CUBE-AZRTOS-L5 2.0.0
2026-02-12 12:12:35,713 [INFO] ThirdParty:1030 - CMSIS Pack Vendor :STMicroelectronics USB_DEVICE 2.0.0
2026-02-12 12:12:35,713 [INFO] ThirdParty:1030 - CMSIS Pack Vendor :quantropi X-CUBE-qispace-sdk-base 2.1.0
2026-02-12 12:12:35,714 [INFO] ThirdParty:1030 - CMSIS Pack Vendor :STMicroelectronics X-CUBE-MEMS1 12.0.0
2026-02-12 12:12:35,714 [INFO] ThirdParty:1030 - CMSIS Pack Vendor :STMicroelectronics X-CUBE-STSE01 2.0.0
2026-02-12 12:12:35,714 [INFO] ThirdParty:1030 - CMSIS Pack Vendor :STMicroelectronics FP-SNS-MOTENV1 5.1.0
2026-02-12 12:12:35,714 [INFO] ThirdParty:1030 - CMSIS Pack Vendor :STMicroelectronics FreeRTOS 0.0.1
2026-02-12 12:12:35,714 [INFO] ThirdParty:1030 - CMSIS Pack Vendor :STMicroelectronics X-CUBE-AZRTOS-G0 1.1.0
2026-02-12 12:12:35,714 [INFO] ThirdParty:1030 - CMSIS Pack Vendor :STMicroelectronics X-CUBE-NFC4 3.0.0
2026-02-12 12:12:35,714 [INFO] ThirdParty:1030 - CMSIS Pack Vendor :STMicroelectronics X-CUBE-SUBG2 5.0.0
2026-02-12 12:12:35,715 [INFO] ThirdParty:1030 - CMSIS Pack Vendor :STMicroelectronics STM32_WPAN 1.0.0
2026-02-12 12:12:35,715 [INFO] ThirdParty:1030 - CMSIS Pack Vendor :EmbeddedOffice I-CUBE-FS-RTOS 1.0.1
2026-02-12 12:12:35,715 [INFO] ThirdParty:1030 - CMSIS Pack Vendor :STMicroelectronics lwIP 2.0.3
2026-02-12 12:12:35,715 [INFO] ThirdParty:1030 - CMSIS Pack Vendor :WES I-CUBE-Cesium 1.4.0
2026-02-12 12:12:35,715 [INFO] ThirdParty:1030 - CMSIS Pack Vendor :STMicroelectronics USB_HOST 1.0.0
2026-02-12 12:12:35,715 [INFO] ThirdParty:1030 - CMSIS Pack Vendor :STMicroelectronics X-CUBE-AZRTOS-G4 2.0.0
2026-02-12 12:12:35,715 [INFO] ThirdParty:1030 - CMSIS Pack Vendor :STMicroelectronics X-CUBE-WB05N 2.0.0
2026-02-12 12:12:35,715 [INFO] ThirdParty:1030 - CMSIS Pack Vendor :STMicroelectronics PDM2PCM 3.1.0
2026-02-12 12:12:35,715 [INFO] ThirdParty:1030 - CMSIS Pack Vendor :STMicroelectronics PDM2PCM 3.3.0
2026-02-12 12:12:35,715 [INFO] ThirdParty:1030 - CMSIS Pack Vendor :wolfSSL I-CUBE-wolfTPM 3.8.0
2026-02-12 12:12:35,716 [INFO] ThirdParty:1030 - CMSIS Pack Vendor :STMicroelectronics X-CUBE-AZRTOS-H7 3.4.0
2026-02-12 12:12:35,716 [INFO] ThirdParty:1030 - CMSIS Pack Vendor :STMicroelectronics X-CUBE-DISPLAY 3.0.0
2026-02-12 12:12:35,717 [INFO] ThirdParty:1030 - CMSIS Pack Vendor :wolfSSL I-CUBE-wolfSSH 1.4.20
2026-02-12 12:12:35,717 [INFO] ThirdParty:1030 - CMSIS Pack Vendor :STMicroelectronics X-CUBE-NFC7 2.0.0
2026-02-12 12:12:35,718 [INFO] ThirdParty:1030 - CMSIS Pack Vendor :STMicroelectronics X-CUBE-TCPP 4.2.0
2026-02-12 12:12:35,719 [INFO] ThirdParty:1030 - CMSIS Pack Vendor :RealThread X-CUBE-RT-Thread_Nano 4.1.1
2026-02-12 12:12:35,719 [INFO] ThirdParty:1030 - CMSIS Pack Vendor :STMicroelectronics FP-ATR-SIGFOX1 3.2.0
2026-02-12 12:12:35,719 [INFO] ThirdParty:1030 - CMSIS Pack Vendor :STMicroelectronics X-CUBE-NFC10 1.0.0
2026-02-12 12:12:35,719 [INFO] ThirdParty:1030 - CMSIS Pack Vendor :STMicroelectronics HAL Drivers 0.0.0
2026-02-12 12:12:35,720 [INFO] ThirdParty:1030 - CMSIS Pack Vendor :STMicroelectronics MBEDTLS 2.16.2
2026-02-12 12:12:35,720 [INFO] ThirdParty:1030 - CMSIS Pack Vendor :STMicroelectronics X-CUBE-ST60 1.1.0
2026-02-12 12:12:35,720 [INFO] ThirdParty:1030 - CMSIS Pack Vendor :STMicroelectronics X-CUBE-ALS 1.0.2
2026-02-12 12:12:35,720 [INFO] ThirdParty:1030 - CMSIS Pack Vendor :emotas I-CUBE-CANOPEN 1.3.0
2026-02-12 12:12:35,720 [INFO] ThirdParty:1030 - CMSIS Pack Vendor :STMicroelectronics MBEDTLS 2.14.1
2026-02-12 12:12:35,721 [INFO] ThirdParty:1030 - CMSIS Pack Vendor :STMicroelectronics X-CUBE-GNSS1 7.1.0
2026-02-12 12:12:35,721 [INFO] ThirdParty:1030 - CMSIS Pack Vendor :ITTIA_DB I-CUBE-ITTIADB 8.9.0
2026-02-12 12:12:35,721 [INFO] ThirdParty:1030 - CMSIS Pack Vendor :STMicroelectronics X-CUBE-TOUCHGFX 4.26.0
2026-02-12 12:12:35,721 [INFO] ThirdParty:1030 - CMSIS Pack Vendor :STMicroelectronics X-CUBE-NFC6 3.2.0
2026-02-12 12:12:35,721 [INFO] ThirdParty:1030 - CMSIS Pack Vendor :STMicroelectronics FP-SNS-STBOX1 2.1.0
2026-02-12 12:12:35,721 [INFO] ThirdParty:1030 - CMSIS Pack Vendor :STMicroelectronics X-CUBE-AI 10.2.0
2026-02-12 12:12:35,721 [INFO] ThirdParty:1030 - CMSIS Pack Vendor :STMicroelectronics FP-SNS-STAIOTCFT 1.0.0
2026-02-12 12:12:35,721 [INFO] ThirdParty:1030 - CMSIS Pack Vendor :STMicroelectronics ThreadX 1.0.0
2026-02-12 12:12:35,722 [INFO] ThirdParty:1030 - CMSIS Pack Vendor :STMicroelectronics FP-SNS-SMARTAG2 1.2.0
2026-02-12 12:12:35,722 [INFO] ThirdParty:1030 - CMSIS Pack Vendor :STMicroelectronics FP-SNS-FLIGHT1 5.1.0
2026-02-12 12:12:35,722 [INFO] ThirdParty:1030 - CMSIS Pack Vendor :STMicroelectronics X-CUBE-AZRTOS-WL 2.0.0
2026-02-12 12:12:35,722 [INFO] ThirdParty:1030 - CMSIS Pack Vendor :SEGGER I-CUBE-embOS 1.3.1
2026-02-12 12:12:35,722 [INFO] ThirdParty:1030 - CMSIS Pack Vendor :STMicroelectronics X-CUBE-ALGOBUILD 1.4.0
2026-02-12 12:12:35,722 [INFO] ThirdParty:1030 - CMSIS Pack Vendor :STMicroelectronics X-CUBE-DPower 1.3.0
2026-02-12 12:12:35,722 [INFO] ThirdParty:1030 - CMSIS Pack Vendor :STMicroelectronics USB_DEVICE 1.0.0
2026-02-12 12:12:35,722 [INFO] ThirdParty:1030 - CMSIS Pack Vendor :STMicroelectronics X-CUBE-AZRTOS-H7RS 1.2.0
2026-02-12 12:12:35,723 [INFO] ThirdParty:1030 - CMSIS Pack Vendor :STMicroelectronics X-CUBE-AZRTOS-L4 2.0.0
2026-02-12 12:12:35,723 [INFO] ThirdParty:1030 - CMSIS Pack Vendor :STMicroelectronics ThreadX 0.0.2
2026-02-12 12:12:35,723 [INFO] ThirdParty:1030 - CMSIS Pack Vendor :STMicroelectronics lwIP 2.1.2
2026-02-12 12:12:35,723 [INFO] ThirdParty:1030 - CMSIS Pack Vendor :STMicroelectronics X-CUBE-SFXS2LP1 4.0.0
2026-02-12 12:12:35,723 [INFO] ThirdParty:1030 - CMSIS Pack Vendor :STMicroelectronics X-CUBE-BLE2 3.3.0
2026-02-12 12:12:35,723 [INFO] ThirdParty:1030 - CMSIS Pack Vendor :Avnet-IOTCONNECT X-CUBE-iotc-st67-sdk 1.0.0
2026-02-12 12:12:35,723 [INFO] ThirdParty:1030 - CMSIS Pack Vendor :STMicroelectronics X-CUBE-TOF1 3.4.3
2026-02-12 12:12:35,723 [INFO] ThirdParty:1030 - CMSIS Pack Vendor :Infineon AIROC-Wi-Fi-Bluetooth-STM32 1.8.0
2026-02-12 12:12:35,723 [INFO] ThirdParty:1030 - CMSIS Pack Vendor :STMicroelectronics PDM2PCM 3.2.0
2026-02-12 12:12:35,724 [INFO] ThirdParty:1030 - CMSIS Pack Vendor :STMicroelectronics X-CUBE-ST67W61 1.2.0
2026-02-12 12:12:35,724 [INFO] ThirdParty:841 - exiting critical section [change project]
2026-02-12 12:12:37,102 [INFO] PinOutPanel:1589 - setPackage(No Configuration,No Configuration)
2026-02-12 12:12:37,104 [INFO] PinOutPanel:1589 - setPackage(STM32L476RGTx,LQFP64)
2026-02-12 12:12:39,737 [INFO] UtilMem:75 - Before build in PCC Used Memory: 1043170752 Bytes (1073741824)
2026-02-12 12:12:42,103 [INFO] UtilMem:75 - After build in PCC Used Memory: 989683864 Bytes (1073741824)
2026-02-12 12:12:42,196 [INFO] IPUIPlugin:80 - create IPUIPlugin
2026-02-12 12:12:42,197 [INFO] IPUIPlugin:80 - create IPUIPlugin
2026-02-12 12:12:42,197 [INFO] IPUIPlugin:80 - create IPUIPlugin
2026-02-12 12:12:42,197 [INFO] IPUIPlugin:80 - create IPUIPlugin
2026-02-12 12:12:42,197 [INFO] IPUIPlugin:80 - create IPUIPlugin
2026-02-12 12:12:42,197 [INFO] IPUIPlugin:80 - create IPUIPlugin
2026-02-12 12:12:42,198 [INFO] IPUIPlugin:80 - create IPUIPlugin
2026-02-12 12:12:42,199 [INFO] IPUIPlugin:80 - create IPUIPlugin
2026-02-12 12:12:42,199 [INFO] IPUIPlugin:80 - create IPUIPlugin
2026-02-12 12:12:42,199 [INFO] IPUIPlugin:80 - create IPUIPlugin
2026-02-12 12:12:42,199 [INFO] IPUIPlugin:80 - create IPUIPlugin
2026-02-12 12:12:42,199 [INFO] IPUIPlugin:80 - create IPUIPlugin
2026-02-12 12:12:42,200 [INFO] IPUIPlugin:80 - create IPUIPlugin
2026-02-12 12:12:42,200 [INFO] IPUIPlugin:80 - create IPUIPlugin
2026-02-12 12:12:42,200 [INFO] IPUIPlugin:80 - create IPUIPlugin
2026-02-12 12:12:42,200 [INFO] IPUIPlugin:80 - create IPUIPlugin
2026-02-12 12:12:42,201 [INFO] IPUIPlugin:80 - create IPUIPlugin
2026-02-12 12:12:42,201 [INFO] IPUIPlugin:80 - create IPUIPlugin
2026-02-12 12:12:42,202 [INFO] IPUIPlugin:80 - create IPUIPlugin
2026-02-12 12:12:42,202 [INFO] IPUIPlugin:80 - create IPUIPlugin
2026-02-12 12:12:42,203 [INFO] IPUIPlugin:80 - create IPUIPlugin
2026-02-12 12:12:42,204 [INFO] IPUIPlugin:80 - create IPUIPlugin
2026-02-12 12:12:42,204 [INFO] IPUIPlugin:80 - create IPUIPlugin
2026-02-12 12:12:42,204 [INFO] IPUIPlugin:80 - create IPUIPlugin
2026-02-12 12:12:42,205 [INFO] IPUIPlugin:80 - create IPUIPlugin
2026-02-12 12:12:42,205 [INFO] IPUIPlugin:80 - create IPUIPlugin
2026-02-12 12:12:42,206 [INFO] IPUIPlugin:80 - create IPUIPlugin
2026-02-12 12:12:42,207 [INFO] IPUIPlugin:80 - create IPUIPlugin
2026-02-12 12:12:42,207 [INFO] IPUIPlugin:80 - create IPUIPlugin
2026-02-12 12:12:42,208 [INFO] IPUIPlugin:80 - create IPUIPlugin
2026-02-12 12:12:42,208 [INFO] IPUIPlugin:80 - create IPUIPlugin
2026-02-12 12:12:42,209 [INFO] IPUIPlugin:80 - create IPUIPlugin
2026-02-12 12:12:42,209 [INFO] IPUIPlugin:80 - create IPUIPlugin
2026-02-12 12:12:42,210 [INFO] IPUIPlugin:80 - create IPUIPlugin
2026-02-12 12:12:42,210 [INFO] IPUIPlugin:80 - create IPUIPlugin
2026-02-12 12:12:42,211 [INFO] IPUIPlugin:80 - create IPUIPlugin
2026-02-12 12:12:42,211 [INFO] IPUIPlugin:80 - create IPUIPlugin
2026-02-12 12:12:42,212 [INFO] IPUIPlugin:80 - create IPUIPlugin
2026-02-12 12:12:42,212 [INFO] IPUIPlugin:80 - create IPUIPlugin
2026-02-12 12:12:42,213 [INFO] IPUIPlugin:80 - create IPUIPlugin
2026-02-12 12:12:42,213 [INFO] IPUIPlugin:80 - create IPUIPlugin
2026-02-12 12:12:42,214 [INFO] IPUIPlugin:80 - create IPUIPlugin
2026-02-12 12:12:42,215 [INFO] IPUIPlugin:80 - create IPUIPlugin
2026-02-12 12:12:42,215 [INFO] IPUIPlugin:80 - create IPUIPlugin
2026-02-12 12:12:42,216 [INFO] IPUIPlugin:80 - create IPUIPlugin
2026-02-12 12:12:42,217 [INFO] IPUIPlugin:80 - create IPUIPlugin
2026-02-12 12:12:42,217 [INFO] IPUIPlugin:80 - create IPUIPlugin
2026-02-12 12:12:42,218 [INFO] IPUIPlugin:80 - create IPUIPlugin
2026-02-12 12:12:42,218 [INFO] IPUIPlugin:80 - create IPUIPlugin
2026-02-12 12:12:42,219 [INFO] IPUIPlugin:80 - create IPUIPlugin
2026-02-12 12:12:42,219 [INFO] IPUIPlugin:80 - create IPUIPlugin
2026-02-12 12:12:42,220 [INFO] IPUIPlugin:80 - create IPUIPlugin
2026-02-12 12:12:42,220 [INFO] IPUIPlugin:80 - create IPUIPlugin
2026-02-12 12:12:42,222 [INFO] IPUIPlugin:80 - create IPUIPlugin
2026-02-12 12:12:42,222 [INFO] IPUIPlugin:80 - create IPUIPlugin
2026-02-12 12:12:42,223 [INFO] IPUIPlugin:80 - create IPUIPlugin
2026-02-12 12:12:42,224 [INFO] IPUIPlugin:80 - create IPUIPlugin
2026-02-12 12:12:42,226 [INFO] IPUIPlugin:80 - create IPUIPlugin
2026-02-12 12:12:42,226 [INFO] IPUIPlugin:80 - create IPUIPlugin
2026-02-12 12:12:42,894 [INFO] CADModel:165 - CPN selected for project levelSTM32L476RGT3
2026-02-12 12:12:42,895 [INFO] CADModel:114 - Register for checkConnection events
2026-02-12 12:12:42,966 [INFO] OpenFileManager:386 - Restore cursor
2026-02-12 12:12:44,712 [INFO] UtilMem:75 - End SaveConfig() Used Memory: 1052166856 Bytes (1073741824)
2026-02-12 12:12:57,587 [INFO] McuFinderGlobals:76 - Set McuFinderConnectedMode to true
2026-02-12 12:12:57,593 [INFO] ApiDb:448 - Save user favorites file C:\Users\Hemanth Madu/.stm32cubeide/favorites.mcus.txt: 0 item(s)
2026-02-12 12:12:57,593 [INFO] ApiDb:452 - User favorites MCUs=[]
2026-02-12 12:12:57,603 [INFO] ApiDb:448 - Save user favorites file C:\Users\Hemanth Madu/.stm32cubeide/favorites.boards.txt: 0 item(s)
2026-02-12 12:12:57,603 [INFO] ApiDb:452 - User favorites Boards=[]
2026-02-12 12:13:04,698 [INFO] McuFinderGlobals:63 - Set McuFinder mode to 2 (CubeIDE integrated)
2026-02-12 12:13:04,698 [INFO] UserAuth:171 - activating auth plugin
2026-02-12 12:13:04,706 [INFO] UserAuth:487 - Internet connection configuration mode: 1
2026-02-12 12:13:31,492 [INFO] WebApp:650 - userauth.ini created with success
2026-02-12 12:13:45,651 [INFO] MainUpdater:2872 - connection check result : 10
2026-02-12 12:13:45,798 [INFO] McuFinderGlobals:76 - Set McuFinderConnectedMode to true
2026-02-12 12:13:45,800 [INFO] MultiScanPanel:200 - Auto-refresh data requested => check proxy status ongoing
2026-02-12 12:13:45,800 [INFO] FinderPluginLoader:96 - Searching for filters in installed packs
2026-02-12 12:13:46,755 [INFO] LoadUrlFilesThread:185 - End of LoadServerUrlFiles without Thread
2026-02-12 12:13:46,755 [INFO] DetailPanel:341 - Set advertising image to C:/Users/Hemanth Madu/STM32Cube/Repository/\en.prom-stm32c0-entry-level-graphic-0226.png
2026-02-12 12:14:10,763 [INFO] MainUpdater:2872 - connection check result : 10
2026-02-12 12:14:10,764 [INFO] MainUpdater:2872 - connection check result : 10
2026-02-12 12:14:10,973 [INFO] MicroXplorer:468 - Change Database Path : 
2026-02-12 12:14:10,974 [INFO] MicroXplorer:498 - Change Database Version : DB.6.0.150
2026-02-12 12:14:10,996 [ERROR] ProjectManagerView:395 - 
java.lang.NullPointerException: Cannot invoke "javax.swing.JTextField.getText()" because the return value of "java.util.List.get(int)" is null
	at com.st.microxplorer.plugins.projectmanager.gui.ProjectChoiceTab$9.caretUpdate(ProjectChoiceTab.java:2706) ~[filemanager.jar:?]
	at javax.swing.text.JTextComponent.fireCaretUpdate(JTextComponent.java:408) ~[?:?]
	at javax.swing.text.JTextComponent$MutableCaretEvent.fire(JTextComponent.java:4484) ~[?:?]
	at javax.swing.text.JTextComponent$MutableCaretEvent.stateChanged(JTextComponent.java:4506) ~[?:?]
	at javax.swing.text.DefaultCaret.fireStateChanged(DefaultCaret.java:857) ~[?:?]
	at javax.swing.text.DefaultCaret.changeCaretPosition(DefaultCaret.java:1343) ~[?:?]
	at javax.swing.text.DefaultCaret.handleSetDot(DefaultCaret.java:1242) ~[?:?]
	at javax.swing.text.DefaultCaret.setDot(DefaultCaret.java:1223) ~[?:?]
	at javax.swing.text.DefaultCaret$Handler.insertUpdate(DefaultCaret.java:1819) ~[?:?]
	at javax.swing.text.AbstractDocument.fireInsertUpdate(AbstractDocument.java:227) ~[?:?]
	at javax.swing.text.AbstractDocument.handleInsertString(AbstractDocument.java:781) ~[?:?]
	at javax.swing.text.AbstractDocument.insertString(AbstractDocument.java:740) ~[?:?]
	at javax.swing.text.PlainDocument.insertString(PlainDocument.java:131) ~[?:?]
	at javax.swing.text.AbstractDocument.replace(AbstractDocument.java:699) ~[?:?]
	at javax.swing.text.JTextComponent.setText(JTextComponent.java:1725) ~[?:?]
	at com.st.microxplorer.plugins.projectmanager.gui.ProjectChoiceTab.createHeapStackFields(ProjectChoiceTab.java:993) ~[filemanager.jar:?]
	at com.st.microxplorer.plugins.projectmanager.gui.ProjectChoiceTab.buildLinkSettingsPanel(ProjectChoiceTab.java:3813) ~[filemanager.jar:?]
	at com.st.microxplorer.plugins.projectmanager.gui.ProjectChoiceTab.defineWindowsFields(ProjectChoiceTab.java:1987) ~[filemanager.jar:?]
	at com.st.microxplorer.plugins.projectmanager.gui.ProjectChoiceTab.updateSettings(ProjectChoiceTab.java:558) ~[filemanager.jar:?]
	at com.st.microxplorer.plugins.projectmanager.gui.ProjectSettingsPanel.UpdateDialog(ProjectSettingsPanel.java:247) ~[filemanager.jar:?]
	at com.st.microxplorer.plugins.projectmanager.ProjectManagerView.propertyChange(ProjectManagerView.java:392) ~[filemanager.jar:?]
	at java.beans.PropertyChangeSupport.fire(PropertyChangeSupport.java:343) ~[?:?]
	at java.beans.PropertyChangeSupport.firePropertyChange(PropertyChangeSupport.java:335) ~[?:?]
	at java.beans.PropertyChangeSupport.firePropertyChange(PropertyChangeSupport.java:268) ~[?:?]
	at com.st.microxplorer.util.MXPropertyChangeSupport.firePropertyChange(MXPropertyChangeSupport.java:54) ~[STM32CubeMX.jar:?]
	at com.st.microxplorer.mxsystem.MxSystem.closeConfig(MxSystem.java:899) ~[STM32CubeMX.jar:?]
	at com.st.microxplorer.maingui.MainPanel.closeConfig(MainPanel.java:792) ~[STM32CubeMX.jar:?]
	at com.st.microxplorer.plugins.filemanager.engine.OpenFileManager.loadConfigurationFile(OpenFileManager.java:288) ~[filemanager.jar:?]
	at com.st.microxplorer.plugins.filemanager.engine.MainFileManager.userLoadConfig(MainFileManager.java:364) ~[filemanager.jar:?]
	at com.st.microxplorer.plugins.filemanager.engine.MainFileManager.userLoadConfig(MainFileManager.java:342) ~[filemanager.jar:?]
	at com.st.microxplorer.plugins.filemanager.FileManagerView.getSpecificTask(FileManagerView.java:264) ~[filemanager.jar:?]
	at com.st.stm32cube.common.mx.editor.CubeMxEditor.getMxTabbedPaneInstance(CubeMxEditor.java:1198) ~[com.st.stm32cube.common.mx_6.15.0.202507011659/:?]
	at com.st.stm32cube.common.mx.editor.CubeMxEditor$12$1.createSwingComponent(CubeMxEditor.java:1068) ~[com.st.stm32cube.common.mx_6.15.0.202507011659/:?]
	at com.st.stm32cube.common.mx.oss.core.awtswtbridge.EmbeddedSwingComposite.doComponentCreation(EmbeddedSwingComposite.java:492) ~[com.st.stm32cube.common.mx.oss_6.15.0.202507011659/:?]
	at com.st.stm32cube.common.mx.oss.core.awtswtbridge.EmbeddedSwingComposite$4.run(EmbeddedSwingComposite.java:291) ~[com.st.stm32cube.common.mx.oss_6.15.0.202507011659/:?]
	at com.st.stm32cube.common.mx.oss.core.awtswtbridge.AwtEnvironment$2.run(AwtEnvironment.java:166) ~[com.st.stm32cube.common.mx.oss_6.15.0.202507011659/:?]
	at java.awt.event.InvocationEvent.dispatch(InvocationEvent.java:318) ~[?:?]
	at java.awt.EventQueue.dispatchEventImpl(EventQueue.java:773) ~[?:?]
	at java.awt.EventQueue$4.run(EventQueue.java:720) ~[?:?]
	at java.awt.EventQueue$4.run(EventQueue.java:714) ~[?:?]
	at java.security.AccessController.doPrivileged(AccessController.java:400) ~[?:?]
	at java.security.ProtectionDomain$JavaSecurityAccessImpl.doIntersectionPrivilege(ProtectionDomain.java:87) ~[?:?]
	at java.awt.EventQueue.dispatchEvent(EventQueue.java:742) ~[?:?]
	at java.awt.EventDispatchThread.pumpOneEventForFilters(EventDispatchThread.java:203) ~[?:?]
	at java.awt.EventDispatchThread.pumpEventsForFilter(EventDispatchThread.java:124) ~[?:?]
	at java.awt.EventDispatchThread.pumpEventsForHierarchy(EventDispatchThread.java:113) ~[?:?]
	at java.awt.EventDispatchThread.pumpEvents(EventDispatchThread.java:109) ~[?:?]
	at java.awt.EventDispatchThread.pumpEvents(EventDispatchThread.java:101) ~[?:?]
	at java.awt.EventDispatchThread.run(EventDispatchThread.java:90) ~[?:?]
2026-02-12 12:14:11,033 [WARN] ThirdParty:871 - waiting for thirdparty lock release [close project]
2026-02-12 12:14:11,033 [INFO] ThirdParty:873 - entering critical section [close project]
2026-02-12 12:14:11,033 [INFO] ThirdParty:883 - exiting critical section [close project]
2026-02-12 12:14:11,035 [INFO] PinOutPanel:1589 - setPackage(No Configuration,No Configuration)
2026-02-12 12:14:11,059 [INFO] UtilMem:75 - Begin LoadConfig() Used Memory: 872445320 Bytes (1073741824)
2026-02-12 12:14:11,059 [INFO] MicroXplorer:468 - Change Database Path : 
2026-02-12 12:14:11,060 [INFO] MicroXplorer:498 - Change Database Version : DB.6.0.150
2026-02-12 12:14:11,060 [INFO] OpenFileManager:355 - Change cursor
2026-02-12 12:14:11,102 [INFO] RulesReader:64 - Compatibility file has been processed (317 Rules)
2026-02-12 12:14:11,138 [INFO] Mcu:2029 - Initializing MCU STM32L476RGTx STM32L476RGTx STM32L476RGT3
2026-02-12 12:14:13,354 [INFO] Context:786 - Trying to add GPIOservice into a context  which must be forbidden
2026-02-12 12:14:13,957 [INFO] ImportTextPane:234 - (OptionalMessage_ERROR) Unable to find key (Mcu.ThirdPartyNb) in loaded IOC file
2026-02-12 12:14:13,957 [INFO] ImportTextPane:234 - (OptionalMessage_ERROR) Unable to find key (Mcu.PinsNb) in loaded IOC file
2026-02-12 12:14:13,958 [INFO] ImportTextPane:234 - (OptionalMessage_ERROR) Pin0 (VP_RIF_VS_RIF1) cannot be retrieved for this MCU
2026-02-12 12:14:13,958 [INFO] ImportTextPane:234 - (OptionalMessage_ERROR) Unable to find key (Mcu.IPNb) in loaded IOC file
2026-02-12 12:14:14,128 [INFO] RtosManager:558 - Registered RTOS mode: class=CMSIS, group=RTOS, mode=CMSIS_V1, owner=FREERTOS
2026-02-12 12:14:14,129 [INFO] RtosManager:558 - Registered RTOS mode: class=CMSIS, group=RTOS2, mode=CMSIS_V2, owner=FREERTOS
2026-02-12 12:14:14,129 [INFO] RtosManager:558 - Registered RTOS mode: class=RTOS, group=Core, mode=CMSIS_V1, owner=FREERTOS
2026-02-12 12:14:14,129 [INFO] RtosManager:558 - Registered RTOS mode: class=RTOS, group=Core, mode=CMSIS_V2, owner=FREERTOS
2026-02-12 12:14:14,129 [WARN] ModelIntegratedComponent:184 - Missing modes for component STMicroelectronics:FreeRTOS:0.0.1:STMicroelectronics:RTOS:FreeRTOS:Core:::10.2.0:
2026-02-12 12:14:14,143 [WARN] ModelIntegratedComponent:63 - No mode defined for component null
2026-02-12 12:14:14,143 [WARN] ModelIntegratedComponent:63 - No mode defined for component null
2026-02-12 12:14:14,143 [WARN] ModelIntegratedComponent:63 - No mode defined for component null
2026-02-12 12:14:14,143 [WARN] ModelIntegratedComponent:63 - No mode defined for component null
2026-02-12 12:14:14,143 [WARN] ModelIntegratedComponent:63 - No mode defined for component null
2026-02-12 12:14:14,143 [WARN] ModelIntegratedComponent:63 - No mode defined for component null
2026-02-12 12:14:14,143 [WARN] ModelIntegratedComponent:63 - No mode defined for component null
2026-02-12 12:14:14,143 [WARN] ModelIntegratedComponent:63 - No mode defined for component null
2026-02-12 12:14:14,143 [WARN] ModelIntegratedComponent:63 - No mode defined for component null
2026-02-12 12:14:14,143 [WARN] ModelIntegratedComponent:63 - No mode defined for component null
2026-02-12 12:14:14,144 [WARN] ModelIntegratedComponent:63 - No mode defined for component null
2026-02-12 12:14:14,144 [WARN] ModelIntegratedComponent:63 - No mode defined for component null
2026-02-12 12:14:14,144 [WARN] ModelIntegratedComponent:63 - No mode defined for component null
2026-02-12 12:14:14,144 [WARN] ModelIntegratedComponent:63 - No mode defined for component null
2026-02-12 12:14:14,144 [WARN] ModelIntegratedComponent:63 - No mode defined for component null
2026-02-12 12:14:14,144 [WARN] ModelIntegratedComponent:63 - No mode defined for component null
2026-02-12 12:14:14,144 [WARN] ModelIntegratedComponent:63 - No mode defined for component null
2026-02-12 12:14:14,144 [WARN] ModelIntegratedComponent:63 - No mode defined for component null
2026-02-12 12:14:14,144 [WARN] ModelIntegratedComponent:63 - No mode defined for component null
2026-02-12 12:14:14,144 [WARN] ModelIntegratedComponent:63 - No mode defined for component null
2026-02-12 12:14:14,144 [WARN] ModelIntegratedComponent:63 - No mode defined for component null
2026-02-12 12:14:14,144 [WARN] ModelIntegratedComponent:63 - No mode defined for component null
2026-02-12 12:14:14,144 [WARN] ModelIntegratedComponent:63 - No mode defined for component null
2026-02-12 12:14:14,144 [WARN] ModelIntegratedComponent:63 - No mode defined for component null
2026-02-12 12:14:14,144 [WARN] ModelIntegratedComponent:63 - No mode defined for component null
2026-02-12 12:14:14,144 [WARN] ModelIntegratedComponent:63 - No mode defined for component null
2026-02-12 12:14:14,145 [WARN] ModelIntegratedComponent:63 - No mode defined for component null
2026-02-12 12:14:14,145 [WARN] ModelIntegratedComponent:63 - No mode defined for component null
2026-02-12 12:14:14,145 [WARN] ModelIntegratedComponent:63 - No mode defined for component null
2026-02-12 12:14:14,145 [WARN] ModelIntegratedComponent:63 - No mode defined for component null
2026-02-12 12:14:14,145 [WARN] ModelIntegratedComponent:63 - No mode defined for component null
2026-02-12 12:14:14,145 [WARN] ModelIntegratedComponent:63 - No mode defined for component null
2026-02-12 12:14:14,145 [WARN] ModelIntegratedComponent:63 - No mode defined for component null
2026-02-12 12:14:14,145 [WARN] ModelIntegratedComponent:63 - No mode defined for component null
2026-02-12 12:14:14,145 [WARN] ModelIntegratedComponent:63 - No mode defined for component null
2026-02-12 12:14:14,145 [WARN] ModelPack:524 - Component already loaded: STMicroelectronics:HAL Drivers:0.0.0:STMicroelectronics:Device:STMicro_Driver:XSPI:HAL::0.0.1:HAL_XSPI
2026-02-12 12:14:14,170 [INFO] ThirdPartyModel:298 - Start build external matchings
2026-02-12 12:14:14,909 [INFO] ThirdPartyModel:316 - End build external matchings
2026-02-12 12:14:15,416 [INFO] UtilMem:75 - End LoadConfig() Used Memory: 907144296 Bytes (1073741824)
2026-02-12 12:14:15,449 [WARN] ThirdParty:833 - waiting for thirdparty lock release [change project]
2026-02-12 12:14:15,449 [INFO] ThirdParty:835 - entering critical section [change project]
2026-02-12 12:14:15,449 [INFO] ThirdParty:1030 - CMSIS Pack Vendor :STMicroelectronics X-CUBE-PM33A1 1.0.0
2026-02-12 12:14:15,449 [INFO] ThirdParty:1030 - CMSIS Pack Vendor :STMicroelectronics USBPD 4.1
2026-02-12 12:14:15,449 [INFO] ThirdParty:1030 - CMSIS Pack Vendor :STMicroelectronics X-CUBE-NFC9 1.0.0
2026-02-12 12:14:15,449 [INFO] ThirdParty:1030 - CMSIS Pack Vendor :STMicroelectronics USB_HOST 2.0.0
2026-02-12 12:14:15,450 [INFO] ThirdParty:1030 - CMSIS Pack Vendor :STMicroelectronics FP-SNS-MOTENVWB1 1.4.0
2026-02-12 12:14:15,450 [INFO] ThirdParty:1030 - CMSIS Pack Vendor :STMicroelectronics X-CUBE-AZRTOS-F4 1.1.0
2026-02-12 12:14:15,450 [INFO] ThirdParty:1030 - CMSIS Pack Vendor :STMicroelectronics LIBJPEG 8.0.0
2026-02-12 12:14:15,450 [INFO] ThirdParty:1030 - CMSIS Pack Vendor :STMicroelectronics FP-ATR-ASTRA1 2.0.2
2026-02-12 12:14:15,450 [INFO] ThirdParty:1030 - CMSIS Pack Vendor :STMicroelectronics X-CUBE-BLE1 7.1.0
2026-02-12 12:14:15,450 [INFO] ThirdParty:1030 - CMSIS Pack Vendor :STMicroelectronics X-CUBE-SMBUS 2.1.0
2026-02-12 12:14:15,450 [INFO] ThirdParty:1030 - CMSIS Pack Vendor :wolfSSL I-CUBE-wolfMQTT 1.19.2
2026-02-12 12:14:15,450 [INFO] ThirdParty:1030 - CMSIS Pack Vendor :STMicroelectronics USB_DEVICE 3.0.0
2026-02-12 12:14:15,450 [INFO] ThirdParty:1030 - CMSIS Pack Vendor :STMicroelectronics X-CUBE-ISPU 2.1.0
2026-02-12 12:14:15,450 [INFO] ThirdParty:1030 - CMSIS Pack Vendor :STMicroelectronics X-CUBE-FREERTOS 1.4.0
2026-02-12 12:14:15,450 [INFO] ThirdParty:1030 - CMSIS Pack Vendor :STMicroelectronics X-CUBE-EEPRMA1 5.2.0
2026-02-12 12:14:15,450 [INFO] ThirdParty:1030 - CMSIS Pack Vendor :STMicroelectronics X-CUBE-IPS 3.2.0
2026-02-12 12:14:15,450 [INFO] ThirdParty:1030 - CMSIS Pack Vendor :STMicroelectronics X-CUBE-BLEMGR 4.1.0
2026-02-12 12:14:15,450 [INFO] ThirdParty:1030 - CMSIS Pack Vendor :STMicroelectronics X-CUBE-AZRTOS-WB 2.0.0
2026-02-12 12:14:15,450 [INFO] ThirdParty:1030 - CMSIS Pack Vendor :wolfSSL I-CUBE-wolfSSL 5.8.4
2026-02-12 12:14:15,450 [INFO] ThirdParty:1030 - CMSIS Pack Vendor :Cesanta I-CUBE-Mongoose 7.20.0
2026-02-12 12:14:15,450 [INFO] ThirdParty:1030 - CMSIS Pack Vendor :STMicroelectronics X-CUBE-NFC12 1.0.0
2026-02-12 12:14:15,450 [INFO] ThirdParty:1030 - CMSIS Pack Vendor :STMicroelectronics X-CUBE-AZRTOS-F7 1.1.0
2026-02-12 12:14:15,450 [INFO] ThirdParty:1030 - CMSIS Pack Vendor :STMicroelectronics X-CUBE-AZRTOS-L5 2.0.0
2026-02-12 12:14:15,450 [INFO] ThirdParty:1030 - CMSIS Pack Vendor :STMicroelectronics USB_DEVICE 2.0.0
2026-02-12 12:14:15,450 [INFO] ThirdParty:1030 - CMSIS Pack Vendor :quantropi X-CUBE-qispace-sdk-base 2.1.0
2026-02-12 12:14:15,450 [INFO] ThirdParty:1030 - CMSIS Pack Vendor :STMicroelectronics X-CUBE-MEMS1 12.0.0
2026-02-12 12:14:15,450 [INFO] ThirdParty:1030 - CMSIS Pack Vendor :STMicroelectronics X-CUBE-STSE01 2.0.0
2026-02-12 12:14:15,450 [INFO] ThirdParty:1030 - CMSIS Pack Vendor :STMicroelectronics FP-SNS-MOTENV1 5.1.0
2026-02-12 12:14:15,450 [INFO] ThirdParty:1030 - CMSIS Pack Vendor :STMicroelectronics FreeRTOS 0.0.1
2026-02-12 12:14:15,450 [INFO] ThirdParty:1030 - CMSIS Pack Vendor :STMicroelectronics X-CUBE-AZRTOS-G0 1.1.0
2026-02-12 12:14:15,450 [INFO] ThirdParty:1030 - CMSIS Pack Vendor :STMicroelectronics X-CUBE-NFC4 3.0.0
2026-02-12 12:14:15,450 [INFO] ThirdParty:1030 - CMSIS Pack Vendor :STMicroelectronics X-CUBE-SUBG2 5.0.0
2026-02-12 12:14:15,451 [INFO] ThirdParty:1030 - CMSIS Pack Vendor :STMicroelectronics STM32_WPAN 1.0.0
2026-02-12 12:14:15,451 [INFO] ThirdParty:1030 - CMSIS Pack Vendor :EmbeddedOffice I-CUBE-FS-RTOS 1.0.1
2026-02-12 12:14:15,451 [INFO] ThirdParty:1030 - CMSIS Pack Vendor :STMicroelectronics lwIP 2.0.3
2026-02-12 12:14:15,451 [INFO] ThirdParty:1030 - CMSIS Pack Vendor :WES I-CUBE-Cesium 1.4.0
2026-02-12 12:14:15,451 [INFO] ThirdParty:1030 - CMSIS Pack Vendor :STMicroelectronics USB_HOST 1.0.0
2026-02-12 12:14:15,451 [INFO] ThirdParty:1030 - CMSIS Pack Vendor :STMicroelectronics X-CUBE-AZRTOS-G4 2.0.0
2026-02-12 12:14:15,451 [INFO] ThirdParty:1030 - CMSIS Pack Vendor :STMicroelectronics X-CUBE-WB05N 2.0.0
2026-02-12 12:14:15,451 [INFO] ThirdParty:1030 - CMSIS Pack Vendor :STMicroelectronics PDM2PCM 3.1.0
2026-02-12 12:14:15,451 [INFO] ThirdParty:1030 - CMSIS Pack Vendor :STMicroelectronics PDM2PCM 3.3.0
2026-02-12 12:14:15,451 [INFO] ThirdParty:1030 - CMSIS Pack Vendor :wolfSSL I-CUBE-wolfTPM 3.8.0
2026-02-12 12:14:15,451 [INFO] ThirdParty:1030 - CMSIS Pack Vendor :STMicroelectronics X-CUBE-AZRTOS-H7 3.4.0
2026-02-12 12:14:15,451 [INFO] ThirdParty:1030 - CMSIS Pack Vendor :STMicroelectronics X-CUBE-DISPLAY 3.0.0
2026-02-12 12:14:15,451 [INFO] ThirdParty:1030 - CMSIS Pack Vendor :wolfSSL I-CUBE-wolfSSH 1.4.20
2026-02-12 12:14:15,451 [INFO] ThirdParty:1030 - CMSIS Pack Vendor :STMicroelectronics X-CUBE-NFC7 2.0.0
2026-02-12 12:14:15,451 [INFO] ThirdParty:1030 - CMSIS Pack Vendor :STMicroelectronics X-CUBE-TCPP 4.2.0
2026-02-12 12:14:15,451 [INFO] ThirdParty:1030 - CMSIS Pack Vendor :RealThread X-CUBE-RT-Thread_Nano 4.1.1
2026-02-12 12:14:15,451 [INFO] ThirdParty:1030 - CMSIS Pack Vendor :STMicroelectronics FP-ATR-SIGFOX1 3.2.0
2026-02-12 12:14:15,451 [INFO] ThirdParty:1030 - CMSIS Pack Vendor :STMicroelectronics X-CUBE-NFC10 1.0.0
2026-02-12 12:14:15,451 [INFO] ThirdParty:1030 - CMSIS Pack Vendor :STMicroelectronics HAL Drivers 0.0.0
2026-02-12 12:14:15,451 [INFO] ThirdParty:1030 - CMSIS Pack Vendor :STMicroelectronics MBEDTLS 2.16.2
2026-02-12 12:14:15,451 [INFO] ThirdParty:1030 - CMSIS Pack Vendor :STMicroelectronics X-CUBE-ST60 1.1.0
2026-02-12 12:14:15,451 [INFO] ThirdParty:1030 - CMSIS Pack Vendor :STMicroelectronics X-CUBE-ALS 1.0.2
2026-02-12 12:14:15,451 [INFO] ThirdParty:1030 - CMSIS Pack Vendor :emotas I-CUBE-CANOPEN 1.3.0
2026-02-12 12:14:15,451 [INFO] ThirdParty:1030 - CMSIS Pack Vendor :STMicroelectronics MBEDTLS 2.14.1
2026-02-12 12:14:15,451 [INFO] ThirdParty:1030 - CMSIS Pack Vendor :STMicroelectronics X-CUBE-GNSS1 7.1.0
2026-02-12 12:14:15,451 [INFO] ThirdParty:1030 - CMSIS Pack Vendor :ITTIA_DB I-CUBE-ITTIADB 8.9.0
2026-02-12 12:14:15,451 [INFO] ThirdParty:1030 - CMSIS Pack Vendor :STMicroelectronics X-CUBE-TOUCHGFX 4.26.0
2026-02-12 12:14:15,451 [INFO] ThirdParty:1030 - CMSIS Pack Vendor :STMicroelectronics X-CUBE-NFC6 3.2.0
2026-02-12 12:14:15,451 [INFO] ThirdParty:1030 - CMSIS Pack Vendor :STMicroelectronics FP-SNS-STBOX1 2.1.0
2026-02-12 12:14:15,452 [INFO] ThirdParty:1030 - CMSIS Pack Vendor :STMicroelectronics X-CUBE-AI 10.2.0
2026-02-12 12:14:15,452 [INFO] ThirdParty:1030 - CMSIS Pack Vendor :STMicroelectronics FP-SNS-STAIOTCFT 1.0.0
2026-02-12 12:14:15,452 [INFO] ThirdParty:1030 - CMSIS Pack Vendor :STMicroelectronics ThreadX 1.0.0
2026-02-12 12:14:15,452 [INFO] ThirdParty:1030 - CMSIS Pack Vendor :STMicroelectronics FP-SNS-SMARTAG2 1.2.0
2026-02-12 12:14:15,452 [INFO] ThirdParty:1030 - CMSIS Pack Vendor :STMicroelectronics FP-SNS-FLIGHT1 5.1.0
2026-02-12 12:14:15,452 [INFO] ThirdParty:1030 - CMSIS Pack Vendor :STMicroelectronics X-CUBE-AZRTOS-WL 2.0.0
2026-02-12 12:14:15,452 [INFO] ThirdParty:1030 - CMSIS Pack Vendor :SEGGER I-CUBE-embOS 1.3.1
2026-02-12 12:14:15,452 [INFO] ThirdParty:1030 - CMSIS Pack Vendor :STMicroelectronics X-CUBE-ALGOBUILD 1.4.0
2026-02-12 12:14:15,452 [INFO] ThirdParty:1030 - CMSIS Pack Vendor :STMicroelectronics X-CUBE-DPower 1.3.0
2026-02-12 12:14:15,452 [INFO] ThirdParty:1030 - CMSIS Pack Vendor :STMicroelectronics USB_DEVICE 1.0.0
2026-02-12 12:14:15,452 [INFO] ThirdParty:1030 - CMSIS Pack Vendor :STMicroelectronics X-CUBE-AZRTOS-H7RS 1.2.0
2026-02-12 12:14:15,452 [INFO] ThirdParty:1030 - CMSIS Pack Vendor :STMicroelectronics X-CUBE-AZRTOS-L4 2.0.0
2026-02-12 12:14:15,452 [INFO] ThirdParty:1030 - CMSIS Pack Vendor :STMicroelectronics ThreadX 0.0.2
2026-02-12 12:14:15,452 [INFO] ThirdParty:1030 - CMSIS Pack Vendor :STMicroelectronics lwIP 2.1.2
2026-02-12 12:14:15,452 [INFO] ThirdParty:1030 - CMSIS Pack Vendor :STMicroelectronics X-CUBE-SFXS2LP1 4.0.0
2026-02-12 12:14:15,452 [INFO] ThirdParty:1030 - CMSIS Pack Vendor :STMicroelectronics X-CUBE-BLE2 3.3.0
2026-02-12 12:14:15,452 [INFO] ThirdParty:1030 - CMSIS Pack Vendor :Avnet-IOTCONNECT X-CUBE-iotc-st67-sdk 1.0.0
2026-02-12 12:14:15,452 [INFO] ThirdParty:1030 - CMSIS Pack Vendor :STMicroelectronics X-CUBE-TOF1 3.4.3
2026-02-12 12:14:15,452 [INFO] ThirdParty:1030 - CMSIS Pack Vendor :Infineon AIROC-Wi-Fi-Bluetooth-STM32 1.8.0
2026-02-12 12:14:15,452 [INFO] ThirdParty:1030 - CMSIS Pack Vendor :STMicroelectronics PDM2PCM 3.2.0
2026-02-12 12:14:15,452 [INFO] ThirdParty:1030 - CMSIS Pack Vendor :STMicroelectronics X-CUBE-ST67W61 1.2.0
2026-02-12 12:14:15,452 [INFO] ThirdParty:841 - exiting critical section [change project]
2026-02-12 12:14:15,841 [INFO] PinOutPanel:1589 - setPackage(No Configuration,No Configuration)
2026-02-12 12:14:15,841 [INFO] PinOutPanel:1589 - setPackage(STM32L476RGTx,LQFP64)
2026-02-12 12:14:16,218 [INFO] UtilMem:75 - Before build in PCC Used Memory: 985919008 Bytes (1073741824)
2026-02-12 12:14:16,647 [INFO] UtilMem:75 - After build in PCC Used Memory: 911789808 Bytes (1073741824)
2026-02-12 12:14:16,714 [INFO] IPUIPlugin:80 - create IPUIPlugin
2026-02-12 12:14:16,715 [INFO] IPUIPlugin:80 - create IPUIPlugin
2026-02-12 12:14:16,715 [INFO] IPUIPlugin:80 - create IPUIPlugin
2026-02-12 12:14:16,716 [INFO] IPUIPlugin:80 - create IPUIPlugin
2026-02-12 12:14:16,717 [INFO] IPUIPlugin:80 - create IPUIPlugin
2026-02-12 12:14:16,717 [INFO] IPUIPlugin:80 - create IPUIPlugin
2026-02-12 12:14:16,719 [INFO] IPUIPlugin:80 - create IPUIPlugin
2026-02-12 12:14:16,720 [INFO] IPUIPlugin:80 - create IPUIPlugin
2026-02-12 12:14:16,720 [INFO] IPUIPlugin:80 - create IPUIPlugin
2026-02-12 12:14:16,721 [INFO] IPUIPlugin:80 - create IPUIPlugin
2026-02-12 12:14:16,721 [INFO] IPUIPlugin:80 - create IPUIPlugin
2026-02-12 12:14:16,722 [INFO] IPUIPlugin:80 - create IPUIPlugin
2026-02-12 12:14:16,723 [INFO] IPUIPlugin:80 - create IPUIPlugin
2026-02-12 12:14:16,723 [INFO] IPUIPlugin:80 - create IPUIPlugin
2026-02-12 12:14:16,724 [INFO] IPUIPlugin:80 - create IPUIPlugin
2026-02-12 12:14:16,724 [INFO] IPUIPlugin:80 - create IPUIPlugin
2026-02-12 12:14:16,725 [INFO] IPUIPlugin:80 - create IPUIPlugin
2026-02-12 12:14:16,726 [INFO] IPUIPlugin:80 - create IPUIPlugin
2026-02-12 12:14:16,726 [INFO] IPUIPlugin:80 - create IPUIPlugin
2026-02-12 12:14:16,727 [INFO] IPUIPlugin:80 - create IPUIPlugin
2026-02-12 12:14:16,728 [INFO] IPUIPlugin:80 - create IPUIPlugin
2026-02-12 12:14:16,728 [INFO] IPUIPlugin:80 - create IPUIPlugin
2026-02-12 12:14:16,729 [INFO] IPUIPlugin:80 - create IPUIPlugin
2026-02-12 12:14:16,730 [INFO] IPUIPlugin:80 - create IPUIPlugin
2026-02-12 12:14:16,730 [INFO] IPUIPlugin:80 - create IPUIPlugin
2026-02-12 12:14:16,731 [INFO] IPUIPlugin:80 - create IPUIPlugin
2026-02-12 12:14:16,733 [INFO] IPUIPlugin:80 - create IPUIPlugin
2026-02-12 12:14:16,733 [INFO] IPUIPlugin:80 - create IPUIPlugin
2026-02-12 12:14:16,734 [INFO] IPUIPlugin:80 - create IPUIPlugin
2026-02-12 12:14:16,734 [INFO] IPUIPlugin:80 - create IPUIPlugin
2026-02-12 12:14:16,735 [INFO] IPUIPlugin:80 - create IPUIPlugin
2026-02-12 12:14:16,735 [INFO] IPUIPlugin:80 - create IPUIPlugin
2026-02-12 12:14:16,736 [INFO] IPUIPlugin:80 - create IPUIPlugin
2026-02-12 12:14:16,736 [INFO] IPUIPlugin:80 - create IPUIPlugin
2026-02-12 12:14:16,737 [INFO] IPUIPlugin:80 - create IPUIPlugin
2026-02-12 12:14:16,737 [INFO] IPUIPlugin:80 - create IPUIPlugin
2026-02-12 12:14:16,738 [INFO] IPUIPlugin:80 - create IPUIPlugin
2026-02-12 12:14:16,738 [INFO] IPUIPlugin:80 - create IPUIPlugin
2026-02-12 12:14:16,739 [INFO] IPUIPlugin:80 - create IPUIPlugin
2026-02-12 12:14:16,739 [INFO] IPUIPlugin:80 - create IPUIPlugin
2026-02-12 12:14:16,740 [INFO] IPUIPlugin:80 - create IPUIPlugin
2026-02-12 12:14:16,740 [INFO] IPUIPlugin:80 - create IPUIPlugin
2026-02-12 12:14:16,741 [INFO] IPUIPlugin:80 - create IPUIPlugin
2026-02-12 12:14:16,741 [INFO] IPUIPlugin:80 - create IPUIPlugin
2026-02-12 12:14:16,741 [INFO] IPUIPlugin:80 - create IPUIPlugin
2026-02-12 12:14:16,742 [INFO] IPUIPlugin:80 - create IPUIPlugin
2026-02-12 12:14:16,742 [INFO] IPUIPlugin:80 - create IPUIPlugin
2026-02-12 12:14:16,743 [INFO] IPUIPlugin:80 - create IPUIPlugin
2026-02-12 12:14:16,743 [INFO] IPUIPlugin:80 - create IPUIPlugin
2026-02-12 12:14:16,744 [INFO] IPUIPlugin:80 - create IPUIPlugin
2026-02-12 12:14:16,744 [INFO] IPUIPlugin:80 - create IPUIPlugin
2026-02-12 12:14:16,745 [INFO] IPUIPlugin:80 - create IPUIPlugin
2026-02-12 12:14:16,746 [INFO] IPUIPlugin:80 - create IPUIPlugin
2026-02-12 12:14:16,746 [INFO] IPUIPlugin:80 - create IPUIPlugin
2026-02-12 12:14:16,747 [INFO] IPUIPlugin:80 - create IPUIPlugin
2026-02-12 12:14:16,748 [INFO] IPUIPlugin:80 - create IPUIPlugin
2026-02-12 12:14:16,748 [INFO] IPUIPlugin:80 - create IPUIPlugin
2026-02-12 12:14:16,749 [INFO] IPUIPlugin:80 - create IPUIPlugin
2026-02-12 12:14:16,749 [INFO] IPUIPlugin:80 - create IPUIPlugin
2026-02-12 12:14:16,804 [INFO] CADModel:165 - CPN selected for project levelSTM32L476RGT3
2026-02-12 12:14:16,804 [INFO] CADModel:114 - Register for checkConnection events
2026-02-12 12:14:16,876 [INFO] OpenFileManager:386 - Restore cursor
2026-02-12 12:14:17,775 [INFO] UtilMem:75 - End SaveConfig() Used Memory: 892070336 Bytes (1073741824)
2026-02-12 12:14:19,053 [INFO] ServerAccessManage:452 - Complete download http(s) 200
2026-02-12 12:14:19,055 [INFO] ServerAccessManage:509 - Download File stm32cube_fw_l4_v1180.zip
2026-02-12 12:15:01,388 [INFO] AnalyticsPlugin:368 - Accepted License(s): [FW.L4.1.18.0]
2026-02-12 12:15:01,389 [INFO] FileExtend:248 - Unzip File : stm32cube_fw_l4_v1180.zip
2026-02-12 12:15:01,389 [INFO] FileExtend:263 - Standard Zip Deflate
2026-02-12 12:16:55,913 [INFO] ServerAccessManage:452 - Complete download http(s) 200
2026-02-12 12:16:55,915 [INFO] ServerAccessManage:509 - Download File stm32cube_fw_l4_v1182.zip
2026-02-12 12:17:07,696 [INFO] FileExtend:248 - Unzip File : stm32cube_fw_l4_v1182.zip
2026-02-12 12:17:07,696 [INFO] FileExtend:263 - Standard Zip Deflate
2026-02-12 12:18:33,416 [INFO] LoadServerPackagesThread:196 - End of LoadServerPackages Thread
2026-02-12 12:18:33,717 [INFO] ThirdPartyModel:298 - Start build external matchings
2026-02-12 12:18:33,725 [INFO] UtilMem:75 - End SaveConfig() Used Memory: 853716816 Bytes (1073741824)
2026-02-12 12:18:34,646 [INFO] ThirdPartyModel:316 - End build external matchings
2026-02-12 12:18:34,684 [INFO] BlockDiagram:2775 - set Specific Code input for plugin: RCC
2026-02-12 12:18:34,684 [INFO] BlockDiagram:2775 - set Specific Code input for plugin: NVIC
2026-02-12 12:18:34,685 [INFO] CodeGenerator:892 - code generatio: config db path: D:\STM32CubeIDE_1.19.0\STM32CubeIDE\plugins\com.st.stm32cube.common.mx_6.15.0.202507011659\\db\
2026-02-12 12:18:34,709 [INFO] CheckServerUpdateThread:120 - End of CheckServer Thread
2026-02-12 12:18:34,971 [INFO] CodeEngine:265 - oldGeneratedFile, D:\DMA_ADC\MXTmpFiles\license.tmp_save
2026-02-12 12:18:35,921 [INFO] CodeEngine:289 - Generated code: D:\DMA_ADC\MXTmpFiles\license.tmp
2026-02-12 12:18:35,974 [INFO] CodeEngine:265 - oldGeneratedFile, D:\DMA_ADC\Core\Src\stm32l4xx_it.c_save
2026-02-12 12:18:36,429 [INFO] CodeEngine:289 - Generated code: D:\DMA_ADC\Core\Src\stm32l4xx_it.c
2026-02-12 12:18:36,464 [INFO] CodeEngine:265 - oldGeneratedFile, D:\DMA_ADC\Core\Inc\stm32l4xx_it.h_save
2026-02-12 12:18:36,642 [INFO] CodeEngine:289 - Generated code: D:\DMA_ADC\Core\Inc\stm32l4xx_it.h
2026-02-12 12:18:36,980 [INFO] CodeEngine:265 - oldGeneratedFile, D:\DMA_ADC\Core\Src\stm32l4xx_hal_msp.c_save
2026-02-12 12:18:37,324 [INFO] CodeEngine:289 - Generated code: D:\DMA_ADC\Core\Src\stm32l4xx_hal_msp.c
2026-02-12 12:18:37,344 [INFO] CodeEngine:265 - oldGeneratedFile, D:\DMA_ADC\MXTmpFiles\system.tmp_save
2026-02-12 12:18:37,449 [INFO] CodeEngine:289 - Generated code: D:\DMA_ADC\MXTmpFiles\system.tmp
2026-02-12 12:18:37,478 [INFO] CodeEngine:321 - oldGeneratedFile, D:\DMA_ADC\Core\Inc\stm32l4xx_hal_conf.h_save
2026-02-12 12:18:37,676 [INFO] CodeEngine:345 - Generated code: D:\DMA_ADC\Core\Inc\stm32l4xx_hal_conf.h
2026-02-12 12:18:37,802 [INFO] ApiDbMcu:532 - Load IP Config File for RCC
2026-02-12 12:18:37,825 [INFO] CodeEngine:265 - oldGeneratedFile, D:\DMA_ADC\Core\Inc\main.h_save
2026-02-12 12:18:38,166 [INFO] CodeEngine:289 - Generated code: D:\DMA_ADC\Core\Inc\main.h
2026-02-12 12:18:38,196 [INFO] CodeEngine:265 - oldGeneratedFile, D:\DMA_ADC\Core\Src\main.c_save
2026-02-12 12:18:38,460 [INFO] CodeEngine:289 - Generated code: D:\DMA_ADC\Core\Src\main.c
2026-02-12 12:18:38,989 [INFO] ProjectBuilder:3606 - Time for Copy HAL[1] : 187mS.
2026-02-12 12:18:38,995 [INFO] ProjectBuilder:5216 - Project Generator version: 4.7.0-B52
2026-02-12 12:18:39,156 [INFO] ConfigFileManager:1595 - The Die is : DIE415
2026-02-12 12:18:39,184 [INFO] ApiDbMcu:532 - Load IP Config File for FATFS
2026-02-12 12:18:39,212 [INFO] ApiDbMcu:532 - Load IP Config File for FREERTOS
2026-02-12 12:18:39,229 [INFO] ApiDbMcu:532 - Load IP Config File for TOUCHSENSING
2026-02-12 12:18:39,240 [INFO] ApiDbMcu:532 - Load IP Config File for USB_DEVICE
2026-02-12 12:18:39,250 [INFO] ApiDbMcu:532 - Load IP Config File for USB_HOST
2026-02-12 12:18:39,875 [INFO] LogOutputStream:77 - [STDOUT_REDIRECT] 
2026-02-12 12:18:43,119 [INFO] ProjectBuilder:5496 - Time for Generating toolchain IDE Files: 4123mS.
2026-02-12 12:18:43,120 [INFO] ProjectBuilder:3463 - Time for Copy CMSIS : 1mS.
2026-02-12 12:18:43,121 [INFO] ProjectBuilder:3463 - Time for Copy CMSIS : 0mS.
2026-02-12 12:18:44,932 [INFO] McuFinderGlobals:76 - Set McuFinderConnectedMode to true
2026-02-12 12:18:44,934 [INFO] ApiDb:448 - Save user favorites file C:\Users\Hemanth Madu/.stm32cubeide/favorites.mcus.txt: 0 item(s)
2026-02-12 12:18:44,934 [INFO] ApiDb:452 - User favorites MCUs=[]
2026-02-12 12:19:45,516 [INFO] ParamManager:905 - [Generic UI] PropertyChangeEvent: TAB_STATUS_CHANGED , "dont care", "never mind"
2026-02-12 12:19:45,572 [INFO] ParamManager:905 - [Generic UI] PropertyChangeEvent: TAB_STATUS_CHANGED , "dont care", "never mind"
2026-02-12 12:19:45,595 [INFO] ADCParametersView:116 -                Rank 1 : false
2026-02-12 12:19:45,829 [INFO] ADCParametersView:116 -                Rank 1 : false
2026-02-12 12:19:45,829 [INFO] ADCParametersView:116 -                Rank 1 : false
2026-02-12 12:19:45,829 [INFO] ADCParametersView:116 -                Rank 1 : false
2026-02-12 12:19:45,829 [INFO] ADCParametersView:116 -                Rank 1 : false
2026-02-12 12:19:45,829 [INFO] ADCParametersView:116 -                Rank 1 : false
2026-02-12 12:19:45,830 [INFO] ADCParametersView:116 -                Rank 1 : false
2026-02-12 12:19:45,830 [INFO] ADCParametersView:116 -                Rank 1 : false
2026-02-12 12:19:45,830 [INFO] ADCParametersView:116 -                Rank 1 : false
2026-02-12 12:19:45,830 [INFO] ADCParametersView:116 -                Rank 1 : false
2026-02-12 12:19:45,830 [INFO] ADCParametersView:116 -                Rank 1 : false
2026-02-12 12:19:45,830 [INFO] ADCParametersView:116 -                Rank 1 : false
2026-02-12 12:19:45,830 [INFO] ADCParametersView:116 -                Rank 1 : false
2026-02-12 12:19:45,830 [INFO] ADCParametersView:116 -                Rank 1 : false
2026-02-12 12:19:45,830 [INFO] ADCParametersView:116 -                Rank 1 : false
2026-02-12 12:19:45,831 [INFO] ADCParametersView:116 -                Rank 1 : false
2026-02-12 12:19:45,831 [INFO] ADCParametersView:116 -                Rank 1 : false
2026-02-12 12:19:45,831 [INFO] ADCParametersView:116 -                Rank 1 : false
2026-02-12 12:19:45,831 [INFO] ADCParametersView:116 -                Rank 1 : false
2026-02-12 12:19:45,831 [INFO] ADCParametersView:116 -                Rank 1 : false
2026-02-12 12:19:45,831 [INFO] ADCParametersView:116 -                Rank 1 : false
2026-02-12 12:19:45,847 [INFO] ADCParametersView:116 -                Rank 1 : false
2026-02-12 12:19:46,093 [INFO] NvicIntPanel:101 - NVIC parent = com.st.microxplorer.plugins.ip.nvic.MultiNvicIntPanel[,0,0,0x0,invalid,layout=javax.swing.BoxLayout,alignmentX=0.0,alignmentY=0.0,border=,flags=9,maximumSize=,minimumSize=,preferredSize=]
2026-02-12 12:19:46,259 [INFO] NvicIntPanel:101 - NVIC parent = com.st.microxplorer.plugins.ip.nvic.MultiNvicIntPanel[,0,0,0x0,invalid,layout=javax.swing.BoxLayout,alignmentX=0.0,alignmentY=0.0,border=,flags=9,maximumSize=,minimumSize=,preferredSize=]
2026-02-12 12:19:46,415 [INFO] NvicIntPanel:101 - NVIC parent = com.st.microxplorer.plugins.ip.nvic.MultiNvicIntPanel[,0,0,0x0,invalid,layout=javax.swing.BoxLayout,alignmentX=0.0,alignmentY=0.0,border=,flags=9,maximumSize=,minimumSize=,preferredSize=]
2026-02-12 12:19:46,521 [INFO] ADCParametersView:116 -                Rank 1 : false
2026-02-12 12:19:46,521 [INFO] ADCParametersView:116 -                Rank 1 : false
2026-02-12 12:19:46,521 [INFO] ADCParametersView:116 -                Rank 1 : false
2026-02-12 12:19:46,521 [INFO] ADCParametersView:116 -                Rank 1 : false
2026-02-12 12:19:46,522 [INFO] ADCParametersView:116 -                Rank 1 : false
2026-02-12 12:19:46,522 [INFO] ADCParametersView:116 -                Rank 1 : false
2026-02-12 12:19:46,522 [INFO] ADCParametersView:116 -                Rank 1 : false
2026-02-12 12:19:46,522 [INFO] ADCParametersView:116 -                Rank 1 : false
2026-02-12 12:19:46,522 [INFO] ADCParametersView:116 -                Rank 1 : false
2026-02-12 12:19:46,522 [INFO] ADCParametersView:116 -                Rank 1 : false
2026-02-12 12:19:46,522 [INFO] ADCParametersView:116 -                Rank 1 : false
2026-02-12 12:19:46,523 [INFO] ADCParametersView:116 -                Rank 1 : false
2026-02-12 12:19:46,523 [INFO] ADCParametersView:116 -                Rank 1 : false
2026-02-12 12:19:46,523 [INFO] ADCParametersView:116 -                Rank 1 : false
2026-02-12 12:19:46,523 [INFO] ADCParametersView:116 -                Rank 1 : false
2026-02-12 12:19:46,523 [INFO] ADCParametersView:116 -                Rank 1 : false
2026-02-12 12:19:46,523 [INFO] ADCParametersView:116 -                Rank 1 : false
2026-02-12 12:19:46,523 [INFO] ADCParametersView:116 -                Rank 1 : false
2026-02-12 12:19:46,523 [INFO] ADCParametersView:116 -                Rank 1 : false
2026-02-12 12:19:46,523 [INFO] ADCParametersView:116 -                Rank 1 : false
2026-02-12 12:19:46,588 [INFO] ADCParametersView:116 -                Rank 1 : false
2026-02-12 12:19:46,663 [INFO] ADCParametersView:116 -                Rank 1 : false
2026-02-12 12:19:46,663 [INFO] ADCParametersView:116 -                Rank 1 : false
2026-02-12 12:19:46,664 [INFO] ADCParametersView:116 -                Rank 1 : false
2026-02-12 12:19:46,664 [INFO] ADCParametersView:116 -                Rank 1 : false
2026-02-12 12:19:46,664 [INFO] ADCParametersView:116 -                Rank 1 : false
2026-02-12 12:19:46,664 [INFO] ADCParametersView:116 -                Rank 1 : false
2026-02-12 12:19:46,664 [INFO] ADCParametersView:116 -                Rank 1 : false
2026-02-12 12:19:46,664 [INFO] ADCParametersView:116 -                Rank 1 : false
2026-02-12 12:19:46,665 [INFO] ADCParametersView:116 -                Rank 1 : false
2026-02-12 12:19:46,665 [INFO] ADCParametersView:116 -                Rank 1 : false
2026-02-12 12:19:46,665 [INFO] ADCParametersView:116 -                Rank 1 : false
2026-02-12 12:19:46,665 [INFO] ADCParametersView:116 -                Rank 1 : false
2026-02-12 12:19:46,665 [INFO] ADCParametersView:116 -                Rank 1 : false
2026-02-12 12:19:46,665 [INFO] ADCParametersView:116 -                Rank 1 : false
2026-02-12 12:19:46,665 [INFO] ADCParametersView:116 -                Rank 1 : false
2026-02-12 12:19:46,665 [INFO] ADCParametersView:116 -                Rank 1 : false
2026-02-12 12:19:46,665 [INFO] ADCParametersView:116 -                Rank 1 : false
2026-02-12 12:19:46,665 [INFO] ADCParametersView:116 -                Rank 1 : false
2026-02-12 12:19:46,665 [INFO] ADCParametersView:116 -                Rank 1 : false
2026-02-12 12:19:46,666 [INFO] ADCParametersView:116 -                Rank 1 : false
2026-02-12 12:19:46,739 [INFO] ADCParametersView:116 -                Rank 1 : false
2026-02-12 12:19:53,014 [INFO] ADCParametersView:116 -                Rank 1 : false
2026-02-12 12:19:53,019 [INFO] ADCParametersView:116 -                Rank 1 : false
2026-02-12 12:19:53,019 [INFO] ADCParametersView:116 -                Rank 1 : false
2026-02-12 12:19:53,019 [INFO] ADCParametersView:116 -                Rank 1 : false
2026-02-12 12:19:53,019 [INFO] ADCParametersView:116 -                Rank 1 : false
2026-02-12 12:19:53,020 [INFO] ADCParametersView:116 -                Rank 1 : false
2026-02-12 12:19:53,020 [INFO] ADCParametersView:116 -                Rank 1 : false
2026-02-12 12:19:53,020 [INFO] ADCParametersView:116 -                Rank 1 : false
2026-02-12 12:19:53,020 [INFO] ADCParametersView:116 -                Rank 1 : false
2026-02-12 12:19:53,020 [INFO] ADCParametersView:116 -                Rank 1 : false
2026-02-12 12:19:53,020 [INFO] ADCParametersView:116 -                Rank 1 : false
2026-02-12 12:19:53,020 [INFO] ADCParametersView:116 -                Rank 1 : false
2026-02-12 12:19:53,020 [INFO] ADCParametersView:116 -                Rank 1 : false
2026-02-12 12:19:53,021 [INFO] ADCParametersView:116 -                Rank 1 : false
2026-02-12 12:19:53,021 [INFO] ADCParametersView:116 -                Rank 1 : false
2026-02-12 12:19:53,021 [INFO] ADCParametersView:116 -                Rank 1 : false
2026-02-12 12:19:53,021 [INFO] ADCParametersView:116 -                Rank 1 : false
2026-02-12 12:19:53,021 [INFO] ADCParametersView:116 -                Rank 1 : false
2026-02-12 12:19:53,021 [INFO] ADCParametersView:116 -                Rank 1 : false
2026-02-12 12:19:53,021 [INFO] ADCParametersView:116 -                Rank 1 : false
2026-02-12 12:19:53,038 [INFO] ADCParametersView:116 -                Rank 1 : false
2026-02-12 12:19:53,067 [INFO] ADCParametersView:116 -                Rank 1 : false
2026-02-12 12:19:53,069 [INFO] ADCParametersView:116 -                Rank 1 : false
2026-02-12 12:19:53,069 [INFO] ADCParametersView:116 -                Rank 1 : false
2026-02-12 12:19:53,069 [INFO] ADCParametersView:116 -                Rank 1 : false
2026-02-12 12:19:53,069 [INFO] ADCParametersView:116 -                Rank 1 : false
2026-02-12 12:19:53,069 [INFO] ADCParametersView:116 -                Rank 1 : false
2026-02-12 12:19:53,069 [INFO] ADCParametersView:116 -                Rank 1 : false
2026-02-12 12:19:53,069 [INFO] ADCParametersView:116 -                Rank 1 : false
2026-02-12 12:19:53,069 [INFO] ADCParametersView:116 -                Rank 1 : false
2026-02-12 12:19:53,069 [INFO] ADCParametersView:116 -                Rank 1 : false
2026-02-12 12:19:53,069 [INFO] ADCParametersView:116 -                Rank 1 : false
2026-02-12 12:19:53,069 [INFO] ADCParametersView:116 -                Rank 1 : false
2026-02-12 12:19:53,069 [INFO] ADCParametersView:116 -                Rank 1 : false
2026-02-12 12:19:53,070 [INFO] ADCParametersView:116 -                Rank 1 : false
2026-02-12 12:19:53,070 [INFO] ADCParametersView:116 -                Rank 1 : false
2026-02-12 12:19:53,070 [INFO] ADCParametersView:116 -                Rank 1 : false
2026-02-12 12:19:53,070 [INFO] ADCParametersView:116 -                Rank 1 : false
2026-02-12 12:19:53,070 [INFO] ADCParametersView:116 -                Rank 1 : false
2026-02-12 12:19:53,070 [INFO] ADCParametersView:116 -                Rank 1 : false
2026-02-12 12:19:53,070 [INFO] ADCParametersView:116 -                Rank 1 : false
2026-02-12 12:19:53,082 [INFO] ADCParametersView:116 -                Rank 1 : false
2026-02-12 12:19:53,132 [INFO] ADCParametersView:116 -                Rank 1 : false
2026-02-12 12:19:53,133 [INFO] ADCParametersView:116 -                Rank 1 : false
2026-02-12 12:19:53,133 [INFO] ADCParametersView:116 -                Rank 1 : false
2026-02-12 12:19:53,133 [INFO] ADCParametersView:116 -                Rank 1 : false
2026-02-12 12:19:53,133 [INFO] ADCParametersView:116 -                Rank 1 : false
2026-02-12 12:19:53,133 [INFO] ADCParametersView:116 -                Rank 1 : false
2026-02-12 12:19:53,133 [INFO] ADCParametersView:116 -                Rank 1 : false
2026-02-12 12:19:53,133 [INFO] ADCParametersView:116 -                Rank 1 : false
2026-02-12 12:19:53,133 [INFO] ADCParametersView:116 -                Rank 1 : false
2026-02-12 12:19:53,134 [INFO] ADCParametersView:116 -                Rank 1 : false
2026-02-12 12:19:53,134 [INFO] ADCParametersView:116 -                Rank 1 : false
2026-02-12 12:19:53,134 [INFO] ADCParametersView:116 -                Rank 1 : false
2026-02-12 12:19:53,134 [INFO] ADCParametersView:116 -                Rank 1 : false
2026-02-12 12:19:53,134 [INFO] ADCParametersView:116 -                Rank 1 : false
2026-02-12 12:19:53,134 [INFO] ADCParametersView:116 -                Rank 1 : false
2026-02-12 12:19:53,134 [INFO] ADCParametersView:116 -                Rank 1 : false
2026-02-12 12:19:53,134 [INFO] ADCParametersView:116 -                Rank 1 : false
2026-02-12 12:19:53,134 [INFO] ADCParametersView:116 -                Rank 1 : false
2026-02-12 12:19:53,134 [INFO] ADCParametersView:116 -                Rank 1 : false
2026-02-12 12:19:53,134 [INFO] ADCParametersView:116 -                Rank 1 : false
2026-02-12 12:19:53,173 [INFO] ADCParametersView:116 -                Rank 1 : false
2026-02-12 12:20:06,242 [INFO] NvicIntPanel:101 - NVIC parent = com.st.microxplorer.plugins.ip.nvic.MultiNvicIntPanel[,0,0,0x0,invalid,layout=javax.swing.BoxLayout,alignmentX=0.0,alignmentY=0.0,border=,flags=9,maximumSize=,minimumSize=,preferredSize=]
2026-02-12 12:20:13,632 [INFO] ADCParametersView:116 -                Rank 1 : false
2026-02-12 12:20:13,633 [INFO] ADCParametersView:116 -                Rank 1 : false
2026-02-12 12:20:13,633 [INFO] ADCParametersView:116 -                Rank 1 : false
2026-02-12 12:20:13,634 [INFO] ADCParametersView:116 -                Rank 1 : false
2026-02-12 12:20:13,634 [INFO] ADCParametersView:116 -                Rank 1 : false
2026-02-12 12:20:13,634 [INFO] ADCParametersView:116 -                Rank 1 : false
2026-02-12 12:20:13,634 [INFO] ADCParametersView:116 -                Rank 1 : false
2026-02-12 12:20:13,634 [INFO] ADCParametersView:116 -                Rank 1 : false
2026-02-12 12:20:13,634 [INFO] ADCParametersView:116 -                Rank 1 : false
2026-02-12 12:20:13,634 [INFO] ADCParametersView:116 -                Rank 1 : false
2026-02-12 12:20:13,634 [INFO] ADCParametersView:116 -                Rank 1 : false
2026-02-12 12:20:13,634 [INFO] ADCParametersView:116 -                Rank 1 : false
2026-02-12 12:20:13,634 [INFO] ADCParametersView:116 -                Rank 1 : false
2026-02-12 12:20:13,634 [INFO] ADCParametersView:116 -                Rank 1 : false
2026-02-12 12:20:13,634 [INFO] ADCParametersView:116 -                Rank 1 : false
2026-02-12 12:20:13,634 [INFO] ADCParametersView:116 -                Rank 1 : false
2026-02-12 12:20:13,634 [INFO] ADCParametersView:116 -                Rank 1 : false
2026-02-12 12:20:13,634 [INFO] ADCParametersView:116 -                Rank 1 : false
2026-02-12 12:20:13,634 [INFO] ADCParametersView:116 -                Rank 1 : false
2026-02-12 12:20:13,634 [INFO] ADCParametersView:116 -                Rank 1 : false
2026-02-12 12:20:13,675 [INFO] ADCParametersView:116 -                Rank 1 : false
2026-02-12 12:20:13,676 [INFO] ADCParametersView:116 -                Rank 1 : false
2026-02-12 12:20:13,678 [INFO] ADCParametersView:116 -                Rank 1 : false
2026-02-12 12:20:13,678 [INFO] ADCParametersView:116 -                Rank 1 : false
2026-02-12 12:20:13,678 [INFO] ADCParametersView:116 -                Rank 1 : false
2026-02-12 12:20:13,678 [INFO] ADCParametersView:116 -                Rank 1 : false
2026-02-12 12:20:13,678 [INFO] ADCParametersView:116 -                Rank 1 : false
2026-02-12 12:20:13,678 [INFO] ADCParametersView:116 -                Rank 1 : false
2026-02-12 12:20:13,678 [INFO] ADCParametersView:116 -                Rank 1 : false
2026-02-12 12:20:13,678 [INFO] ADCParametersView:116 -                Rank 1 : false
2026-02-12 12:20:13,678 [INFO] ADCParametersView:116 -                Rank 1 : false
2026-02-12 12:20:13,678 [INFO] ADCParametersView:116 -                Rank 1 : false
2026-02-12 12:20:13,678 [INFO] ADCParametersView:116 -                Rank 1 : false
2026-02-12 12:20:13,679 [INFO] ADCParametersView:116 -                Rank 1 : false
2026-02-12 12:20:13,679 [INFO] ADCParametersView:116 -                Rank 1 : false
2026-02-12 12:20:13,679 [INFO] ADCParametersView:116 -                Rank 1 : false
2026-02-12 12:20:13,679 [INFO] ADCParametersView:116 -                Rank 1 : false
2026-02-12 12:20:13,679 [INFO] ADCParametersView:116 -                Rank 1 : false
2026-02-12 12:20:13,679 [INFO] ADCParametersView:116 -                Rank 1 : false
2026-02-12 12:20:13,679 [INFO] ADCParametersView:116 -                Rank 1 : false
2026-02-12 12:20:13,679 [INFO] ADCParametersView:116 -                Rank 1 : false
2026-02-12 12:20:13,721 [INFO] ADCParametersView:116 -                Rank 1 : false
2026-02-12 12:20:17,110 [INFO] NvicIntPanel:101 - NVIC parent = com.st.microxplorer.plugins.ip.nvic.MultiNvicIntPanel[,0,0,0x0,invalid,layout=javax.swing.BoxLayout,alignmentX=0.0,alignmentY=0.0,border=,flags=9,maximumSize=,minimumSize=,preferredSize=]
2026-02-12 12:20:17,162 [INFO] ADCParametersView:116 -                Rank 1 : false
2026-02-12 12:20:17,164 [INFO] ADCParametersView:116 -                Rank 1 : false
2026-02-12 12:20:17,164 [INFO] ADCParametersView:116 -                Rank 1 : false
2026-02-12 12:20:17,164 [INFO] ADCParametersView:116 -                Rank 1 : false
2026-02-12 12:20:17,164 [INFO] ADCParametersView:116 -                Rank 1 : false
2026-02-12 12:20:17,164 [INFO] ADCParametersView:116 -                Rank 1 : false
2026-02-12 12:20:17,164 [INFO] ADCParametersView:116 -                Rank 1 : false
2026-02-12 12:20:17,164 [INFO] ADCParametersView:116 -                Rank 1 : false
2026-02-12 12:20:17,164 [INFO] ADCParametersView:116 -                Rank 1 : false
2026-02-12 12:20:17,164 [INFO] ADCParametersView:116 -                Rank 1 : false
2026-02-12 12:20:17,164 [INFO] ADCParametersView:116 -                Rank 1 : false
2026-02-12 12:20:17,164 [INFO] ADCParametersView:116 -                Rank 1 : false
2026-02-12 12:20:17,164 [INFO] ADCParametersView:116 -                Rank 1 : false
2026-02-12 12:20:17,164 [INFO] ADCParametersView:116 -                Rank 1 : false
2026-02-12 12:20:17,165 [INFO] ADCParametersView:116 -                Rank 1 : false
2026-02-12 12:20:17,165 [INFO] ADCParametersView:116 -                Rank 1 : false
2026-02-12 12:20:17,165 [INFO] ADCParametersView:116 -                Rank 1 : false
2026-02-12 12:20:17,165 [INFO] ADCParametersView:116 -                Rank 1 : false
2026-02-12 12:20:17,165 [INFO] ADCParametersView:116 -                Rank 1 : false
2026-02-12 12:20:17,165 [INFO] ADCParametersView:116 -                Rank 1 : false
2026-02-12 12:20:17,203 [INFO] ADCParametersView:116 -                Rank 1 : false
2026-02-12 12:20:24,443 [ERROR] LogOutputStream:75 - [STDERR_REDIRECT] Exception in thread "AWT-EventQueue-0" java.lang.ClassCastException: class sun.awt.windows.WEmbeddedFrame cannot be cast to class javax.swing.JFrame (sun.awt.windows.WEmbeddedFrame and javax.swing.JFrame are in module java.desktop of loader 'bootstrap')
2026-02-12 12:20:24,447 [ERROR] LogOutputStream:75 - [STDERR_REDIRECT] 	at com.st.microxplorer.plugins.clock.ClockConfigurationView.activatePlugin(ClockConfigurationView.java:424)
2026-02-12 12:20:24,449 [ERROR] LogOutputStream:75 - [STDERR_REDIRECT] 	at com.st.microxplorer.maingui.MainPanel$1.stateChanged(MainPanel.java:385)
2026-02-12 12:20:24,450 [ERROR] LogOutputStream:75 - [STDERR_REDIRECT] 	at java.desktop/javax.swing.JTabbedPane.fireStateChanged(JTabbedPane.java:446)
2026-02-12 12:20:24,452 [ERROR] LogOutputStream:75 - [STDERR_REDIRECT] 	at java.desktop/javax.swing.JTabbedPane$ModelListener.stateChanged(JTabbedPane.java:297)
2026-02-12 12:20:24,453 [ERROR] LogOutputStream:75 - [STDERR_REDIRECT] 	at java.desktop/javax.swing.DefaultSingleSelectionModel.fireStateChanged(DefaultSingleSelectionModel.java:148)
2026-02-12 12:20:24,455 [ERROR] LogOutputStream:75 - [STDERR_REDIRECT] 	at java.desktop/javax.swing.DefaultSingleSelectionModel.setSelectedIndex(DefaultSingleSelectionModel.java:79)
2026-02-12 12:20:24,456 [ERROR] LogOutputStream:75 - [STDERR_REDIRECT] 	at java.desktop/javax.swing.JTabbedPane.setSelectedIndexImpl(JTabbedPane.java:650)
2026-02-12 12:20:24,458 [ERROR] LogOutputStream:75 - [STDERR_REDIRECT] 	at java.desktop/javax.swing.JTabbedPane.setSelectedIndex(JTabbedPane.java:625)
2026-02-12 12:20:24,460 [ERROR] LogOutputStream:75 - [STDERR_REDIRECT] 	at java.desktop/javax.swing.plaf.basic.BasicTabbedPaneUI$Handler.mousePressed(BasicTabbedPaneUI.java:4140)
2026-02-12 12:20:24,462 [ERROR] LogOutputStream:75 - [STDERR_REDIRECT] 	at java.desktop/java.awt.Component.processMouseEvent(Component.java:6618)
2026-02-12 12:20:24,463 [ERROR] LogOutputStream:75 - [STDERR_REDIRECT] 	at java.desktop/javax.swing.JComponent.processMouseEvent(JComponent.java:3398)
2026-02-12 12:20:24,464 [ERROR] LogOutputStream:75 - [STDERR_REDIRECT] 	at java.desktop/java.awt.Component.processEvent(Component.java:6386)
2026-02-12 12:20:24,465 [ERROR] LogOutputStream:75 - [STDERR_REDIRECT] 	at java.desktop/java.awt.Container.processEvent(Container.java:2266)
2026-02-12 12:20:24,466 [ERROR] LogOutputStream:75 - [STDERR_REDIRECT] 	at java.desktop/java.awt.Component.dispatchEventImpl(Component.java:4996)
2026-02-12 12:20:24,467 [ERROR] LogOutputStream:75 - [STDERR_REDIRECT] 	at java.desktop/java.awt.Container.dispatchEventImpl(Container.java:2324)
2026-02-12 12:20:24,468 [ERROR] LogOutputStream:75 - [STDERR_REDIRECT] 	at java.desktop/java.awt.Component.dispatchEvent(Component.java:4828)
2026-02-12 12:20:24,469 [ERROR] LogOutputStream:75 - [STDERR_REDIRECT] 	at java.desktop/java.awt.LightweightDispatcher.retargetMouseEvent(Container.java:4948)
2026-02-12 12:20:24,471 [ERROR] LogOutputStream:75 - [STDERR_REDIRECT] 	at java.desktop/java.awt.LightweightDispatcher.processMouseEvent(Container.java:4572)
2026-02-12 12:20:24,472 [ERROR] LogOutputStream:75 - [STDERR_REDIRECT] 	at java.desktop/java.awt.LightweightDispatcher.dispatchEvent(Container.java:4516)
2026-02-12 12:20:24,473 [ERROR] LogOutputStream:75 - [STDERR_REDIRECT] 	at java.desktop/java.awt.Container.dispatchEventImpl(Container.java:2310)
2026-02-12 12:20:24,475 [ERROR] LogOutputStream:75 - [STDERR_REDIRECT] 	at java.desktop/java.awt.Component.dispatchEvent(Component.java:4828)
2026-02-12 12:20:24,478 [ERROR] LogOutputStream:75 - [STDERR_REDIRECT] 	at java.desktop/java.awt.EventQueue.dispatchEventImpl(EventQueue.java:775)
2026-02-12 12:20:24,479 [ERROR] LogOutputStream:75 - [STDERR_REDIRECT] 	at java.desktop/java.awt.EventQueue$4.run(EventQueue.java:720)
2026-02-12 12:20:24,481 [ERROR] LogOutputStream:75 - [STDERR_REDIRECT] 	at java.desktop/java.awt.EventQueue$4.run(EventQueue.java:714)
2026-02-12 12:20:24,483 [ERROR] LogOutputStream:75 - [STDERR_REDIRECT] 	at java.base/java.security.AccessController.doPrivileged(AccessController.java:400)
2026-02-12 12:20:24,484 [ERROR] LogOutputStream:75 - [STDERR_REDIRECT] 	at java.base/java.security.ProtectionDomain$JavaSecurityAccessImpl.doIntersectionPrivilege(ProtectionDomain.java:87)
2026-02-12 12:20:24,486 [ERROR] LogOutputStream:75 - [STDERR_REDIRECT] 	at java.base/java.security.ProtectionDomain$JavaSecurityAccessImpl.doIntersectionPrivilege(ProtectionDomain.java:98)
2026-02-12 12:20:24,487 [ERROR] LogOutputStream:75 - [STDERR_REDIRECT] 	at java.desktop/java.awt.EventQueue$5.run(EventQueue.java:747)
2026-02-12 12:20:24,489 [ERROR] LogOutputStream:75 - [STDERR_REDIRECT] 	at java.desktop/java.awt.EventQueue$5.run(EventQueue.java:745)
2026-02-12 12:20:24,491 [ERROR] LogOutputStream:75 - [STDERR_REDIRECT] 	at java.base/java.security.AccessController.doPrivileged(AccessController.java:400)
2026-02-12 12:20:24,496 [ERROR] LogOutputStream:75 - [STDERR_REDIRECT] 	at java.base/java.security.ProtectionDomain$JavaSecurityAccessImpl.doIntersectionPrivilege(ProtectionDomain.java:87)
2026-02-12 12:20:24,497 [ERROR] LogOutputStream:75 - [STDERR_REDIRECT] 	at java.desktop/java.awt.EventQueue.dispatchEvent(EventQueue.java:744)
2026-02-12 12:20:24,498 [ERROR] LogOutputStream:75 - [STDERR_REDIRECT] 	at java.desktop/java.awt.EventDispatchThread.pumpOneEventForFilters(EventDispatchThread.java:203)
2026-02-12 12:20:24,500 [ERROR] LogOutputStream:75 - [STDERR_REDIRECT] 	at java.desktop/java.awt.EventDispatchThread.pumpEventsForFilter(EventDispatchThread.java:124)
2026-02-12 12:20:24,501 [ERROR] LogOutputStream:75 - [STDERR_REDIRECT] 	at java.desktop/java.awt.EventDispatchThread.pumpEventsForHierarchy(EventDispatchThread.java:113)
2026-02-12 12:20:24,503 [ERROR] LogOutputStream:75 - [STDERR_REDIRECT] 	at java.desktop/java.awt.EventDispatchThread.pumpEvents(EventDispatchThread.java:109)
2026-02-12 12:20:24,504 [ERROR] LogOutputStream:75 - [STDERR_REDIRECT] 	at java.desktop/java.awt.EventDispatchThread.pumpEvents(EventDispatchThread.java:101)
2026-02-12 12:20:24,506 [ERROR] LogOutputStream:75 - [STDERR_REDIRECT] 	at java.desktop/java.awt.EventDispatchThread.run(EventDispatchThread.java:90)
2026-02-12 12:20:27,332 [INFO] ADCParametersView:116 -                Rank 1 : false
2026-02-12 12:20:27,334 [INFO] ADCParametersView:116 -                Rank 1 : false
2026-02-12 12:20:27,335 [INFO] ADCParametersView:116 -                Rank 1 : false
2026-02-12 12:20:27,335 [INFO] ADCParametersView:116 -                Rank 1 : false
2026-02-12 12:20:27,335 [INFO] ADCParametersView:116 -                Rank 1 : false
2026-02-12 12:20:27,335 [INFO] ADCParametersView:116 -                Rank 1 : false
2026-02-12 12:20:27,335 [INFO] ADCParametersView:116 -                Rank 1 : false
2026-02-12 12:20:27,335 [INFO] ADCParametersView:116 -                Rank 1 : false
2026-02-12 12:20:27,335 [INFO] ADCParametersView:116 -                Rank 1 : false
2026-02-12 12:20:27,335 [INFO] ADCParametersView:116 -                Rank 1 : false
2026-02-12 12:20:27,335 [INFO] ADCParametersView:116 -                Rank 1 : false
2026-02-12 12:20:27,335 [INFO] ADCParametersView:116 -                Rank 1 : false
2026-02-12 12:20:27,335 [INFO] ADCParametersView:116 -                Rank 1 : false
2026-02-12 12:20:27,335 [INFO] ADCParametersView:116 -                Rank 1 : false
2026-02-12 12:20:27,335 [INFO] ADCParametersView:116 -                Rank 1 : false
2026-02-12 12:20:27,335 [INFO] ADCParametersView:116 -                Rank 1 : false
2026-02-12 12:20:27,335 [INFO] ADCParametersView:116 -                Rank 1 : false
2026-02-12 12:20:27,336 [INFO] ADCParametersView:116 -                Rank 1 : false
2026-02-12 12:20:27,336 [INFO] ADCParametersView:116 -                Rank 1 : false
2026-02-12 12:20:27,336 [INFO] ADCParametersView:116 -                Rank 1 : false
2026-02-12 12:20:27,376 [INFO] ADCParametersView:116 -                Rank 1 : false
2026-02-12 12:20:27,446 [INFO] ADCParametersView:116 -                Rank 1 : false
2026-02-12 12:20:27,447 [INFO] ADCParametersView:116 -                Rank 1 : false
2026-02-12 12:20:27,447 [INFO] ADCParametersView:116 -                Rank 1 : false
2026-02-12 12:20:27,447 [INFO] ADCParametersView:116 -                Rank 1 : false
2026-02-12 12:20:27,447 [INFO] ADCParametersView:116 -                Rank 1 : false
2026-02-12 12:20:27,447 [INFO] ADCParametersView:116 -                Rank 1 : false
2026-02-12 12:20:27,447 [INFO] ADCParametersView:116 -                Rank 1 : false
2026-02-12 12:20:27,447 [INFO] ADCParametersView:116 -                Rank 1 : false
2026-02-12 12:20:27,447 [INFO] ADCParametersView:116 -                Rank 1 : false
2026-02-12 12:20:27,447 [INFO] ADCParametersView:116 -                Rank 1 : false
2026-02-12 12:20:27,448 [INFO] ADCParametersView:116 -                Rank 1 : false
2026-02-12 12:20:27,448 [INFO] ADCParametersView:116 -                Rank 1 : false
2026-02-12 12:20:27,448 [INFO] ADCParametersView:116 -                Rank 1 : false
2026-02-12 12:20:27,448 [INFO] ADCParametersView:116 -                Rank 1 : false
2026-02-12 12:20:27,448 [INFO] ADCParametersView:116 -                Rank 1 : false
2026-02-12 12:20:27,448 [INFO] ADCParametersView:116 -                Rank 1 : false
2026-02-12 12:20:27,448 [INFO] ADCParametersView:116 -                Rank 1 : false
2026-02-12 12:20:27,448 [INFO] ADCParametersView:116 -                Rank 1 : false
2026-02-12 12:20:27,448 [INFO] ADCParametersView:116 -                Rank 1 : false
2026-02-12 12:20:27,448 [INFO] ADCParametersView:116 -                Rank 1 : false
2026-02-12 12:20:27,492 [INFO] ADCParametersView:116 -                Rank 1 : false
2026-02-12 12:20:31,782 [INFO] UtilMem:75 - End SaveConfig() Used Memory: 735323456 Bytes (1073741824)
2026-02-12 12:20:39,218 [INFO] UtilMem:75 - End SaveConfig() Used Memory: 842460256 Bytes (1073741824)
2026-02-12 12:20:39,395 [INFO] ProjectBuilder:2380 - IP not ready for code generation: Clock
2026-02-12 12:20:47,469 [INFO] BlockDiagram:2775 - set Specific Code input for plugin: SYS
2026-02-12 12:20:47,469 [INFO] BlockDiagram:2775 - set Specific Code input for plugin: ADC
2026-02-12 12:20:47,469 [INFO] BlockDiagram:2775 - set Specific Code input for plugin: RCC
2026-02-12 12:20:47,469 [INFO] BlockDiagram:2775 - set Specific Code input for plugin: NVIC
2026-02-12 12:20:47,469 [INFO] BlockDiagram:2775 - set Specific Code input for plugin: DMA
2026-02-12 12:20:47,470 [INFO] BlockDiagram:2775 - set Specific Code input for plugin: GPIO
2026-02-12 12:20:47,471 [INFO] CodeGenerator:892 - code generatio: config db path: D:\STM32CubeIDE_1.19.0\STM32CubeIDE\plugins\com.st.stm32cube.common.mx_6.15.0.202507011659\\db\
2026-02-12 12:20:47,662 [INFO] CodeEngine:265 - oldGeneratedFile, D:\DMA_ADC\MXTmpFiles\license.tmp_save
2026-02-12 12:20:47,977 [INFO] CodeEngine:289 - Generated code: D:\DMA_ADC\MXTmpFiles\license.tmp
2026-02-12 12:20:48,030 [INFO] CodeEngine:265 - oldGeneratedFile, D:\DMA_ADC\MXTmpFiles\gpio.tmp_save
2026-02-12 12:20:48,309 [INFO] CodeEngine:289 - Generated code: D:\DMA_ADC\MXTmpFiles\gpio.tmp
2026-02-12 12:20:48,502 [INFO] CodeEngine:265 - oldGeneratedFile, D:\DMA_ADC\MXTmpFiles\dma.tmp_save
2026-02-12 12:20:48,673 [INFO] CodeEngine:289 - Generated code: D:\DMA_ADC\MXTmpFiles\dma.tmp
2026-02-12 12:20:48,685 [INFO] CodeEngine:265 - oldGeneratedFile, D:\DMA_ADC\MXTmpFiles\dma_GV.tmp_save
2026-02-12 12:20:48,755 [INFO] CodeEngine:289 - Generated code: D:\DMA_ADC\MXTmpFiles\dma_GV.tmp
2026-02-12 12:20:48,765 [INFO] CodeEngine:265 - oldGeneratedFile, D:\DMA_ADC\Core\Src\stm32l4xx_it.c_save
2026-02-12 12:20:49,113 [INFO] CodeEngine:289 - Generated code: D:\DMA_ADC\Core\Src\stm32l4xx_it.c
2026-02-12 12:20:49,118 [INFO] CodeEngine:265 - oldGeneratedFile, D:\DMA_ADC\Core\Inc\stm32l4xx_it.h_save
2026-02-12 12:20:49,212 [INFO] CodeEngine:289 - Generated code: D:\DMA_ADC\Core\Inc\stm32l4xx_it.h
2026-02-12 12:20:49,224 [INFO] CodeEngine:265 - oldGeneratedFile, D:\DMA_ADC\Core\Src\stm32l4xx_hal_msp.c_save
2026-02-12 12:20:49,457 [INFO] CodeEngine:289 - Generated code: D:\DMA_ADC\Core\Src\stm32l4xx_hal_msp.c
2026-02-12 12:20:49,460 [INFO] CodeEngine:265 - oldGeneratedFile, D:\DMA_ADC\MXTmpFiles\system.tmp_save
2026-02-12 12:20:49,518 [INFO] CodeEngine:289 - Generated code: D:\DMA_ADC\MXTmpFiles\system.tmp
2026-02-12 12:20:49,527 [INFO] CodeEngine:321 - oldGeneratedFile, D:\DMA_ADC\Core\Inc\stm32l4xx_hal_conf.h_save
2026-02-12 12:20:49,690 [INFO] CodeEngine:345 - Generated code: D:\DMA_ADC\Core\Inc\stm32l4xx_hal_conf.h
2026-02-12 12:20:49,727 [INFO] ApiDbMcu:532 - Load IP Config File for ADC1
2026-02-12 12:20:49,735 [INFO] CodeEngine:265 - oldGeneratedFile, D:\DMA_ADC\Core\Inc\main.h_save
2026-02-12 12:20:49,943 [INFO] CodeEngine:289 - Generated code: D:\DMA_ADC\Core\Inc\main.h
2026-02-12 12:20:49,947 [INFO] CodeEngine:265 - oldGeneratedFile, D:\DMA_ADC\Core\Src\main.c_save
2026-02-12 12:20:50,121 [INFO] CodeEngine:289 - Generated code: D:\DMA_ADC\Core\Src\main.c
2026-02-12 12:20:50,640 [INFO] ProjectBuilder:3606 - Time for Copy HAL[1] : 191mS.
2026-02-12 12:20:50,644 [INFO] ProjectBuilder:5216 - Project Generator version: 4.7.0-B52
2026-02-12 12:20:50,802 [INFO] ConfigFileManager:1595 - The Die is : DIE415
2026-02-12 12:20:52,122 [INFO] ProjectBuilder:5496 - Time for Generating toolchain IDE Files: 1477mS.
2026-02-12 12:20:52,123 [INFO] ProjectBuilder:3463 - Time for Copy CMSIS : 0mS.
2026-02-12 12:20:52,125 [INFO] ProjectBuilder:3463 - Time for Copy CMSIS : 0mS.
2026-02-12 12:25:49,872 [INFO] WebApp:194 - Connection lost
2026-02-12 12:25:50,076 [INFO] WebApp:191 - Connection restablished
2026-02-12 13:25:50,482 [INFO] WebApp:194 - Connection lost
2026-02-12 13:25:51,547 [INFO] WebApp:191 - Connection restablished
2026-02-12 14:20:09,489 [INFO] WebApp:194 - Connection lost
2026-02-12 14:20:09,749 [INFO] WebApp:191 - Connection restablished
2026-02-12 14:20:12,739 [INFO] WebApp:194 - Connection lost
2026-02-12 14:20:12,923 [INFO] WebApp:191 - Connection restablished
2026-02-12 14:20:50,042 [INFO] MainUpdater:2872 - connection check result : 10
2026-02-12 14:20:52,456 [INFO] McuFinderGlobals:76 - Set McuFinderConnectedMode to true
2026-02-12 14:20:52,467 [INFO] MultiScanPanel:200 - Auto-refresh data requested => check proxy status ongoing
2026-02-12 14:20:52,469 [INFO] FinderPluginLoader:96 - Searching for filters in installed packs
2026-02-12 14:20:55,106 [INFO] LoadUrlFilesThread:185 - End of LoadServerUrlFiles without Thread
2026-02-12 14:20:55,112 [INFO] DetailPanel:341 - Set advertising image to C:/Users/Hemanth Madu/STM32Cube/Repository/\en.prom-stm32c0-entry-level-graphic-0226.png
2026-02-12 14:21:36,407 [INFO] McuFinderGlobals:76 - Set McuFinderConnectedMode to true
2026-02-12 14:21:37,943 [INFO] ApiDb:448 - Save user favorites file C:\Users\Hemanth Madu/.stm32cubeide/favorites.mcus.txt: 0 item(s)
2026-02-12 14:21:37,943 [INFO] ApiDb:452 - User favorites MCUs=[]
2026-02-12 14:22:22,041 [INFO] MainUpdater:2872 - connection check result : 10
2026-02-12 14:22:23,644 [INFO] McuFinderGlobals:76 - Set McuFinderConnectedMode to true
2026-02-12 14:22:23,651 [INFO] MultiScanPanel:200 - Auto-refresh data requested => check proxy status ongoing
2026-02-12 14:22:23,652 [INFO] FinderPluginLoader:96 - Searching for filters in installed packs
2026-02-12 14:22:24,845 [INFO] LoadUrlFilesThread:185 - End of LoadServerUrlFiles without Thread
2026-02-12 14:22:24,845 [INFO] DetailPanel:341 - Set advertising image to C:/Users/Hemanth Madu/STM32Cube/Repository/\en.prom-stm32c0-entry-level-graphic-0226.png
2026-02-12 14:22:25,731 [INFO] MultiScanPanel:728 - adjusting invalid saved split location: -0.11
2026-02-12 14:22:25,956 [INFO] MultiScanPanel:728 - adjusting invalid saved split location: -0.11
2026-02-12 14:49:32,600 [INFO] WebApp:194 - Connection lost
2026-02-12 14:49:32,787 [INFO] WebApp:191 - Connection restablished
2026-02-12 14:49:36,749 [INFO] WebApp:194 - Connection lost
2026-02-12 14:49:37,202 [INFO] WebApp:191 - Connection restablished
2026-02-12 14:49:46,917 [INFO] McuFinderGlobals:76 - Set McuFinderConnectedMode to true
2026-02-12 14:49:48,171 [INFO] ApiDb:448 - Save user favorites file C:\Users\Hemanth Madu/.stm32cubeide/favorites.mcus.txt: 0 item(s)
2026-02-12 14:49:48,172 [INFO] ApiDb:452 - User favorites MCUs=[]
2026-02-12 14:51:33,583 [INFO] Activator:176 - 


2026-02-12 14:51:33,602 [INFO] Activator:177 - !SESSION log4j initialized
2026-02-12 14:51:42,904 [INFO] LogOutputStream:77 - [STDOUT_REDIRECT] 
2026-02-12 14:51:44,869 [INFO] ApplicationProperties:184 - Using Application install path: D:\STM32CubeIDE_1.19.0\STM32CubeIDE\plugins\com.st.stm32cube.common.mx_6.15.0.202507011659
2026-02-12 14:51:44,904 [INFO] DbMcusXml:78 - Set database path to: D:\STM32CubeIDE_1.19.0\STM32CubeIDE\plugins\com.st.stm32cube.common.mx_6.15.0.202507011659\\db\/mcu/
2026-02-12 14:51:44,904 [INFO] ApiDb:274 - Set plugin database path to: D:\STM32CubeIDE_1.19.0\STM32CubeIDE\plugins\com.st.stm32cube.common.mx_6.15.0.202507011659\\db\/plugins/boardmanager/
2026-02-12 14:51:44,904 [WARN] ApiDb:259 - Overriding images path with different value:  => D:\STM32CubeIDE_1.19.0\STM32CubeIDE\plugins\com.st.stm32cube.common.mx_6.15.0.202507011659\\db\/plugins/mcufinder/images/
2026-02-12 14:51:44,922 [INFO] ApiDb:250 - Set database path to: C:\Users\Hemanth Madu\.stmcufinder\plugins\mcufinder//mcu/
2026-02-12 14:51:44,923 [INFO] DbMcusAds:125 - Set database path to: C:\Users\Hemanth Madu\.stmcufinder\plugins\mcufinder//mcu/
2026-02-12 14:51:44,925 [INFO] CrossReferenceDbSqlite:203 - Set database path to: C:\Users\Hemanth Madu\.stmcufinder\plugins\mcufinder//mcu/cs/
2026-02-12 14:51:45,134 [INFO] RulesReader:64 - Compatibility file has been processed (317 Rules)
2026-02-12 14:51:45,391 [INFO] DbMcusXml:78 - Set database path to: D:\STM32CubeIDE_1.19.0\STM32CubeIDE\plugins\com.st.stm32cube.common.mx_6.15.0.202507011659\\db\/mcu/
2026-02-12 14:51:45,392 [INFO] ApiDb:274 - Set plugin database path to: D:\STM32CubeIDE_1.19.0\STM32CubeIDE\plugins\com.st.stm32cube.common.mx_6.15.0.202507011659\\db\/plugins/boardmanager/
2026-02-12 14:51:45,392 [INFO] ApiDb:261 - Set plugin images path to: D:\STM32CubeIDE_1.19.0\STM32CubeIDE\plugins\com.st.stm32cube.common.mx_6.15.0.202507011659\\db\/plugins/mcufinder/images/
2026-02-12 14:51:45,393 [WARN] DbFile:41 - Overriding database path with different value: C:\Users\Hemanth Madu\.stmcufinder\plugins\mcufinder/ => C:\Users\Hemanth Madu\.stmcufinder\plugins\mcufinder
2026-02-12 14:51:45,393 [INFO] ApiDb:250 - Set database path to: C:\Users\Hemanth Madu\.stmcufinder\plugins\mcufinder//mcu/
2026-02-12 14:51:45,393 [WARN] DbFile:41 - Overriding database path with different value: C:\Users\Hemanth Madu\.stmcufinder\plugins\mcufinder/ => C:\Users\Hemanth Madu\.stmcufinder\plugins\mcufinder
2026-02-12 14:51:45,393 [INFO] DbMcusAds:125 - Set database path to: C:\Users\Hemanth Madu\.stmcufinder\plugins\mcufinder//mcu/
2026-02-12 14:51:45,393 [WARN] DbFile:41 - Overriding database path with different value: C:\Users\Hemanth Madu\.stmcufinder\plugins\mcufinder/ => C:\Users\Hemanth Madu\.stmcufinder\plugins\mcufinder
2026-02-12 14:51:45,394 [WARN] DbFile:41 - Overriding database path with different value: C:\Users\Hemanth Madu\.stmcufinder\plugins\mcufinder/ => C:\Users\Hemanth Madu\.stmcufinder\plugins\mcufinder
2026-02-12 14:51:45,394 [INFO] CrossReferenceDbSqlite:203 - Set database path to: C:\Users\Hemanth Madu\.stmcufinder\plugins\mcufinder//mcu/cs/
2026-02-12 14:51:45,675 [INFO] MainPanel:274 - HeapMemory: 268435456
2026-02-12 14:51:46,152 [INFO] DbMcusXml:78 - Set database path to: D:\STM32CubeIDE_1.19.0\STM32CubeIDE\plugins\com.st.stm32cube.common.mx_6.15.0.202507011659\\db\/mcu/
2026-02-12 14:51:46,152 [INFO] ApiDb:274 - Set plugin database path to: D:\STM32CubeIDE_1.19.0\STM32CubeIDE\plugins\com.st.stm32cube.common.mx_6.15.0.202507011659\\db\/plugins/boardmanager/
2026-02-12 14:51:46,153 [INFO] ApiDb:261 - Set plugin images path to: D:\STM32CubeIDE_1.19.0\STM32CubeIDE\plugins\com.st.stm32cube.common.mx_6.15.0.202507011659\\db\/plugins/mcufinder/images/
2026-02-12 14:51:46,153 [WARN] DbFile:41 - Overriding database path with different value: C:\Users\Hemanth Madu\.stmcufinder\plugins\mcufinder/ => C:\Users\Hemanth Madu\.stmcufinder\plugins\mcufinder
2026-02-12 14:51:46,154 [INFO] ApiDb:250 - Set database path to: C:\Users\Hemanth Madu\.stmcufinder\plugins\mcufinder//mcu/
2026-02-12 14:51:46,154 [WARN] DbFile:41 - Overriding database path with different value: C:\Users\Hemanth Madu\.stmcufinder\plugins\mcufinder/ => C:\Users\Hemanth Madu\.stmcufinder\plugins\mcufinder
2026-02-12 14:51:46,154 [INFO] DbMcusAds:125 - Set database path to: C:\Users\Hemanth Madu\.stmcufinder\plugins\mcufinder//mcu/
2026-02-12 14:51:46,155 [WARN] DbFile:41 - Overriding database path with different value: C:\Users\Hemanth Madu\.stmcufinder\plugins\mcufinder/ => C:\Users\Hemanth Madu\.stmcufinder\plugins\mcufinder
2026-02-12 14:51:46,155 [WARN] DbFile:41 - Overriding database path with different value: C:\Users\Hemanth Madu\.stmcufinder\plugins\mcufinder/ => C:\Users\Hemanth Madu\.stmcufinder\plugins\mcufinder
2026-02-12 14:51:46,155 [INFO] CrossReferenceDbSqlite:203 - Set database path to: C:\Users\Hemanth Madu\.stmcufinder\plugins\mcufinder//mcu/cs/
2026-02-12 14:51:46,202 [INFO] ApplicationProperties:184 - Using Application install path: D:\STM32CubeIDE_1.19.0\STM32CubeIDE\plugins\com.st.stm32cube.common.mx_6.15.0.202507011659
2026-02-12 14:51:46,205 [INFO] PluginManage:196 - Search for loadable plugins [exclusion list=, ]
2026-02-12 14:51:46,213 [INFO] PluginManage:310 - Check plugin analytics
2026-02-12 14:51:46,617 [INFO] AnalyticsPlugin:253 - Accepted Software Licenses: 
2026-02-12 14:51:46,618 [INFO] AnalyticsPlugin:255 - Accepted CMSIS Pack Licenses: 
2026-02-12 14:51:46,619 [INFO] AnalyticsPlugin:257 - Accepted Firmware Licenses: FW.L4.1.18.0
2026-02-12 14:51:46,624 [INFO] PluginManage:359 - Loaded plugin analytics (category:tool,tabindex:-1)
2026-02-12 14:51:46,625 [INFO] PluginManage:310 - Check plugin cadmodel
2026-02-12 14:51:46,637 [INFO] CADModel:105 - Init CAD model plugin
2026-02-12 14:51:46,637 [INFO] PluginManage:359 - Loaded plugin cadmodel (category:power,tabindex:5)
2026-02-12 14:51:46,637 [INFO] PluginManage:310 - Check plugin clock
2026-02-12 14:51:46,658 [INFO] PluginManage:359 - Loaded plugin clock (category:base,tabindex:2)
2026-02-12 14:51:46,659 [INFO] PluginManage:310 - Check plugin ddr
2026-02-12 14:51:46,665 [INFO] PluginManage:359 - Loaded plugin ddr (category:tool,tabindex:6)
2026-02-12 14:51:46,665 [INFO] PluginManage:310 - Check plugin filemanager
2026-02-12 14:51:47,083 [INFO] PluginManage:359 - Loaded plugin filemanager (category:base,tabindex:10)
2026-02-12 14:51:47,083 [INFO] PluginManage:310 - Check plugin ipmanager
2026-02-12 14:51:47,094 [INFO] PluginManage:359 - Loaded plugin ipmanager (category:base,tabindex:5)
2026-02-12 14:51:47,094 [INFO] PluginManage:310 - Check plugin lpbam
2026-02-12 14:51:47,111 [INFO] PluginManage:359 - Loaded plugin lpbam (category:base,tabindex:0)
2026-02-12 14:51:47,111 [INFO] PluginManage:310 - Check plugin memorymap
2026-02-12 14:51:47,180 [INFO] PluginManage:359 - Loaded plugin memorymap (category:base,tabindex:4)
2026-02-12 14:51:47,180 [INFO] PluginManage:310 - Check plugin pinoutandconfiguration
2026-02-12 14:51:47,196 [INFO] PluginManage:359 - Loaded plugin pinoutandconfiguration (category:base,tabindex:1)
2026-02-12 14:51:47,196 [INFO] PluginManage:310 - Check plugin pinoutconfig
2026-02-12 14:51:47,374 [WARN] SupportedApi:132 - Cannot load RTOS API schema: s4s-elt-must-match.1: The content of 'definitions' must match (annotation?, (simpleType | complexType)?, (unique | key | keyref)*)). A problem was found starting at: attribute.
2026-02-12 14:51:47,785 [INFO] PluginManage:359 - Loaded plugin pinoutconfig (category:base,tabindex:0)
2026-02-12 14:51:47,785 [INFO] PluginManage:310 - Check plugin power
2026-02-12 14:51:47,805 [INFO] PluginManage:359 - Loaded plugin power (category:power,tabindex:4)
2026-02-12 14:51:47,805 [INFO] PluginManage:310 - Check plugin projectmanager
2026-02-12 14:51:47,826 [INFO] PluginManage:359 - Loaded plugin projectmanager (category:projectmanager,tabindex:4)
2026-02-12 14:51:47,827 [INFO] PluginManage:310 - Check plugin rif
2026-02-12 14:51:47,852 [INFO] PluginManage:359 - Loaded plugin rif (category:base,tabindex:3)
2026-02-12 14:51:47,852 [INFO] PluginManage:310 - Check plugin thirdparty
2026-02-12 14:51:48,183 [INFO] PluginManage:359 - Loaded plugin thirdparty (category:base,tabindex:-1)
2026-02-12 14:51:48,183 [WARN] IntegrityCheckThread:84 - waiting for thirdparty lock release [integrity check]
2026-02-12 14:51:48,183 [INFO] PluginManage:310 - Check plugin tools
2026-02-12 14:51:48,183 [INFO] IntegrityCheckThread:86 - entering critical section [integrity check]
2026-02-12 14:51:48,184 [INFO] ThirdPartyUpdaterWithRetryManager:70 - Updater plugin not ready yet. [1/15]
2026-02-12 14:51:48,186 [INFO] PluginManage:359 - Loaded plugin tools (category:base,tabindex:7)
2026-02-12 14:51:48,187 [INFO] PluginManage:310 - Check plugin tutovideos
2026-02-12 14:51:49,124 [INFO] PluginManage:359 - Loaded plugin tutovideos (category:base,tabindex:-1)
2026-02-12 14:51:49,124 [INFO] PluginManage:310 - Check plugin updater
2026-02-12 14:51:49,149 [INFO] PluginManage:359 - Loaded plugin updater (category:base,tabindex:12)
2026-02-12 14:51:49,150 [INFO] PluginManage:310 - Check plugin userauth
2026-02-12 14:51:49,155 [INFO] UserAuth:118 - Init User Auth plugin
2026-02-12 14:51:49,156 [INFO] PluginManage:359 - Loaded plugin userauth (category:base,tabindex:14)
2026-02-12 14:51:49,156 [INFO] PluginManage:283 - PluginManage : Loaded plugins [18]
2026-02-12 14:51:49,784 [INFO] PinOutPanel:1589 - setPackage(No Configuration,No Configuration)
2026-02-12 14:51:50,039 [INFO] CADModel:165 - CPN selected for project level
2026-02-12 14:51:50,039 [INFO] CADModel:114 - Register for checkConnection events
2026-02-12 14:51:50,060 [INFO] IPUIPlugin:80 - create IPUIPlugin
2026-02-12 14:51:50,060 [INFO] PluginManager:220 - loadIPPluginJar : add adc
2026-02-12 14:51:50,063 [INFO] IPUIPlugin:80 - create IPUIPlugin
2026-02-12 14:51:50,064 [INFO] PluginManager:220 - loadIPPluginJar : add aes
2026-02-12 14:51:50,067 [INFO] IPUIPlugin:80 - create IPUIPlugin
2026-02-12 14:51:50,067 [INFO] PluginManager:220 - loadIPPluginJar : add can
2026-02-12 14:51:50,069 [INFO] IPUIPlugin:80 - create IPUIPlugin
2026-02-12 14:51:50,069 [INFO] PluginManager:220 - loadIPPluginJar : add comp
2026-02-12 14:51:50,072 [INFO] IPUIPlugin:80 - create IPUIPlugin
2026-02-12 14:51:50,072 [INFO] PluginManager:220 - loadIPPluginJar : add cryp
2026-02-12 14:51:50,076 [INFO] IPUIPlugin:80 - create IPUIPlugin
2026-02-12 14:51:50,076 [INFO] PluginManager:220 - loadIPPluginJar : add ddr_ctrl_phy
2026-02-12 14:51:50,079 [INFO] IPUIPlugin:80 - create IPUIPlugin
2026-02-12 14:51:50,079 [INFO] PluginManager:220 - loadIPPluginJar : add dfsdm
2026-02-12 14:51:50,086 [INFO] IPUIPlugin:80 - create IPUIPlugin
2026-02-12 14:51:50,087 [INFO] PluginManager:220 - loadIPPluginJar : add dma
2026-02-12 14:51:50,090 [INFO] IPUIPlugin:80 - create IPUIPlugin
2026-02-12 14:51:50,090 [INFO] PluginManager:220 - loadIPPluginJar : add dma3
2026-02-12 14:51:50,093 [INFO] IPUIPlugin:80 - create IPUIPlugin
2026-02-12 14:51:50,093 [INFO] PluginManager:220 - loadIPPluginJar : add extmemmanager
2026-02-12 14:51:50,095 [INFO] IPUIPlugin:80 - create IPUIPlugin
2026-02-12 14:51:50,095 [INFO] PluginManager:220 - loadIPPluginJar : add fatfs
2026-02-12 14:51:50,099 [INFO] IPUIPlugin:80 - create IPUIPlugin
2026-02-12 14:51:50,100 [INFO] PluginManager:220 - loadIPPluginJar : add fmc
2026-02-12 14:51:50,107 [INFO] IPUIPlugin:80 - create IPUIPlugin
2026-02-12 14:51:50,107 [INFO] PluginManager:220 - loadIPPluginJar : add freertos
2026-02-12 14:51:50,109 [INFO] IPUIPlugin:80 - create IPUIPlugin
2026-02-12 14:51:50,109 [INFO] PluginManager:220 - loadIPPluginJar : add genericplugin
2026-02-12 14:51:50,111 [INFO] IPUIPlugin:80 - create IPUIPlugin
2026-02-12 14:51:50,112 [INFO] PluginManager:220 - loadIPPluginJar : add gfxmmu
2026-02-12 14:51:50,118 [INFO] IPUIPlugin:80 - create IPUIPlugin
2026-02-12 14:51:50,118 [INFO] PluginManager:220 - loadIPPluginJar : add gic
2026-02-12 14:51:50,123 [INFO] IPUIPlugin:80 - create IPUIPlugin
2026-02-12 14:51:50,124 [INFO] PluginManager:220 - loadIPPluginJar : add gpio
2026-02-12 14:51:50,129 [INFO] IPUIPlugin:80 - create IPUIPlugin
2026-02-12 14:51:50,129 [INFO] PluginManager:220 - loadIPPluginJar : add gtzc
2026-02-12 14:51:50,132 [INFO] IPUIPlugin:80 - create IPUIPlugin
2026-02-12 14:51:50,132 [INFO] PluginManager:220 - loadIPPluginJar : add hash
2026-02-12 14:51:50,136 [INFO] IPUIPlugin:80 - create IPUIPlugin
2026-02-12 14:51:50,136 [INFO] PluginManager:220 - loadIPPluginJar : add i2c
2026-02-12 14:51:50,140 [INFO] IPUIPlugin:80 - create IPUIPlugin
2026-02-12 14:51:50,140 [INFO] PluginManager:220 - loadIPPluginJar : add i2s
2026-02-12 14:51:50,144 [INFO] IPUIPlugin:80 - create IPUIPlugin
2026-02-12 14:51:50,144 [INFO] PluginManager:220 - loadIPPluginJar : add i3c
2026-02-12 14:51:50,149 [INFO] IPUIPlugin:80 - create IPUIPlugin
2026-02-12 14:51:50,149 [INFO] PluginManager:220 - loadIPPluginJar : add ipddr
2026-02-12 14:51:50,162 [INFO] IPUIPlugin:80 - create IPUIPlugin
2026-02-12 14:51:50,163 [INFO] PluginManager:220 - loadIPPluginJar : add linkedlist
2026-02-12 14:51:50,166 [INFO] IPUIPlugin:80 - create IPUIPlugin
2026-02-12 14:51:50,166 [INFO] PluginManager:220 - loadIPPluginJar : add lorawan
2026-02-12 14:51:50,168 [INFO] IPUIPlugin:80 - create IPUIPlugin
2026-02-12 14:51:50,168 [INFO] PluginManager:220 - loadIPPluginJar : add ltdc
2026-02-12 14:51:50,175 [INFO] IPUIPlugin:80 - create IPUIPlugin
2026-02-12 14:51:50,175 [INFO] PluginManager:220 - loadIPPluginJar : add mdma
2026-02-12 14:51:50,179 [INFO] IPUIPlugin:80 - create IPUIPlugin
2026-02-12 14:51:50,179 [INFO] PluginManager:220 - loadIPPluginJar : add nvic
2026-02-12 14:51:50,183 [INFO] IPUIPlugin:80 - create IPUIPlugin
2026-02-12 14:51:50,184 [INFO] PluginManager:220 - loadIPPluginJar : add opamp
2026-02-12 14:51:50,187 [INFO] IPUIPlugin:80 - create IPUIPlugin
2026-02-12 14:51:50,187 [INFO] PluginManager:220 - loadIPPluginJar : add openamp
2026-02-12 14:51:50,190 [INFO] IPUIPlugin:80 - create IPUIPlugin
2026-02-12 14:51:50,190 [INFO] PluginManager:220 - loadIPPluginJar : add pdm2pcm
2026-02-12 14:51:50,197 [INFO] IPUIPlugin:80 - create IPUIPlugin
2026-02-12 14:51:50,201 [INFO] PluginManager:220 - loadIPPluginJar : add plateformsettings
2026-02-12 14:51:50,204 [INFO] IPUIPlugin:80 - create IPUIPlugin
2026-02-12 14:51:50,204 [INFO] PluginManager:220 - loadIPPluginJar : add quadspi
2026-02-12 14:51:50,206 [INFO] IPUIPlugin:80 - create IPUIPlugin
2026-02-12 14:51:50,207 [INFO] PluginManager:220 - loadIPPluginJar : add radio
2026-02-12 14:51:50,211 [INFO] IPUIPlugin:80 - create IPUIPlugin
2026-02-12 14:51:50,211 [INFO] PluginManager:220 - loadIPPluginJar : add resmgrutility
2026-02-12 14:51:50,215 [INFO] IPUIPlugin:80 - create IPUIPlugin
2026-02-12 14:51:50,215 [INFO] PluginManager:220 - loadIPPluginJar : add sai
2026-02-12 14:51:50,219 [INFO] IPUIPlugin:80 - create IPUIPlugin
2026-02-12 14:51:50,219 [INFO] PluginManager:220 - loadIPPluginJar : add spi
2026-02-12 14:51:50,226 [INFO] IPUIPlugin:80 - create IPUIPlugin
2026-02-12 14:51:50,227 [INFO] PluginManager:220 - loadIPPluginJar : add stm32_wpan
2026-02-12 14:51:50,229 [INFO] IPUIPlugin:80 - create IPUIPlugin
2026-02-12 14:51:50,229 [INFO] PluginManager:220 - loadIPPluginJar : add tim
2026-02-12 14:51:50,233 [INFO] IPUIPlugin:80 - create IPUIPlugin
2026-02-12 14:51:50,233 [INFO] PluginManager:220 - loadIPPluginJar : add touchsensing
2026-02-12 14:51:50,237 [INFO] IPUIPlugin:80 - create IPUIPlugin
2026-02-12 14:51:50,237 [INFO] PluginManager:220 - loadIPPluginJar : add tracer_emb
2026-02-12 14:51:50,240 [INFO] IPUIPlugin:80 - create IPUIPlugin
2026-02-12 14:51:50,240 [INFO] PluginManager:220 - loadIPPluginJar : add ts
2026-02-12 14:51:50,241 [INFO] IPUIPlugin:80 - create IPUIPlugin
2026-02-12 14:51:50,242 [INFO] PluginManager:220 - loadIPPluginJar : add tsc
2026-02-12 14:51:50,245 [INFO] IPUIPlugin:80 - create IPUIPlugin
2026-02-12 14:51:50,245 [INFO] PluginManager:220 - loadIPPluginJar : add ucpd
2026-02-12 14:51:50,249 [INFO] IPUIPlugin:80 - create IPUIPlugin
2026-02-12 14:51:50,249 [INFO] PluginManager:220 - loadIPPluginJar : add usart
2026-02-12 14:51:50,255 [INFO] IPUIPlugin:80 - create IPUIPlugin
2026-02-12 14:51:50,255 [INFO] PluginManager:220 - loadIPPluginJar : add usbx
2026-02-12 14:51:50,439 [FATAL] Updater:351 - Updater called before beeing initialized
2026-02-12 14:51:50,553 [INFO] RulesReader:64 - Compatibility file has been processed (317 Rules)
2026-02-12 14:51:50,575 [INFO] RulesReader:64 - Compatibility file has been processed (317 Rules)
2026-02-12 14:51:50,595 [INFO] CADModel:165 - CPN selected for project level
2026-02-12 14:51:50,595 [INFO] CADModel:114 - Register for checkConnection events
2026-02-12 14:51:50,595 [FATAL] Updater:351 - Updater called before beeing initialized
2026-02-12 14:51:50,595 [ERROR] CADModel:125 - Updater not yet initialized, retry later 
2026-02-12 14:51:50,890 [INFO] McuFinderGlobals:63 - Set McuFinder mode to 2 (CubeIDE integrated)
2026-02-12 14:51:50,973 [FATAL] Updater:351 - Updater called before beeing initialized
2026-02-12 14:51:50,983 [INFO] CADModel:165 - CPN selected for project level
2026-02-12 14:51:50,983 [INFO] CADModel:114 - Register for checkConnection events
2026-02-12 14:51:50,983 [FATAL] Updater:351 - Updater called before beeing initialized
2026-02-12 14:51:50,983 [ERROR] CADModel:125 - Updater not yet initialized, retry later 
2026-02-12 14:51:50,986 [FATAL] Updater:351 - Updater called before beeing initialized
2026-02-12 14:51:51,185 [INFO] ThirdPartyUpdaterWithRetryManager:70 - Updater plugin not ready yet. [2/15]
2026-02-12 14:51:51,192 [FATAL] Updater:351 - Updater called before beeing initialized
2026-02-12 14:51:51,220 [INFO] DbMcusAds:53 - JSON generation date=Tue Feb 10 17:46:36 IST 2026 (1770725796209)
2026-02-12 14:51:51,220 [FATAL] Updater:351 - Updater called before beeing initialized
2026-02-12 14:51:51,346 [WARN] DetailPanel:346 - Failed to get advertising image, set to default
2026-02-12 14:51:51,496 [FATAL] Updater:351 - Updater called before beeing initialized
2026-02-12 14:51:51,505 [FATAL] Updater:351 - Updater called before beeing initialized
2026-02-12 14:51:51,505 [FATAL] Updater:351 - Updater called before beeing initialized
2026-02-12 14:51:51,505 [WARN] DetailPanel:346 - Failed to get advertising image, set to default
2026-02-12 14:51:51,506 [FATAL] Updater:351 - Updater called before beeing initialized
2026-02-12 14:51:51,620 [ERROR] Updater:1198 - MainUpdater not yet initialized. External WinMGr cannot be set.
2026-02-12 14:51:51,626 [INFO] Updater:1134 - Updater Version found : 6.15.0
2026-02-12 14:51:51,655 [INFO] ApplicationProperties:184 - Using Application install path: D:\STM32CubeIDE_1.19.0\STM32CubeIDE\plugins\com.st.stm32cube.common.mx_6.15.0.202507011659
2026-02-12 14:51:53,254 [ERROR] LogOutputStream:75 - [STDERR_REDIRECT] Feb 12, 2026 2:51:53 PM java.util.prefs.WindowsPreferences <init>
2026-02-12 14:51:53,260 [ERROR] LogOutputStream:75 - [STDERR_REDIRECT] WARNING: Could not open/create prefs root node Software\JavaSoft\Prefs at root 0xffffffff80000002. Windows RegCreateKeyEx(...) returned error code 5.
2026-02-12 14:51:53,261 [ERROR] LogOutputStream:75 - [STDERR_REDIRECT] 
2026-02-12 14:51:54,024 [INFO] MainUpdater:2872 - connection check result : 10
2026-02-12 14:51:54,025 [INFO] MainUpdater:289 - Updater Check For Update Now.
2026-02-12 14:51:54,025 [INFO] MicroXplorer:498 - Change Database Version : DB.6.0.150
2026-02-12 14:51:54,035 [INFO] McuFinderGlobals:63 - Set McuFinder mode to 2 (CubeIDE integrated)
2026-02-12 14:51:54,051 [INFO] UserAuth:487 - Internet connection configuration mode: 1
2026-02-12 14:51:54,158 [INFO] JxBrowserEngine:152 - Initiate JxBrowser Engine with user profile folder
2026-02-12 14:51:54,187 [WARN] MainUpdater:1193 - Updater busy. Cannot search thirdparties
2026-02-12 14:51:54,187 [INFO] ThirdPartyUpdaterWithRetryManager:96 - Updater plugin is busy. [1/15]
2026-02-12 14:51:54,269 [INFO] CheckServerUpdateThread:120 - End of CheckServer Thread
2026-02-12 14:51:54,443 [INFO] MainUpdater:2872 - connection check result : 10
2026-02-12 14:51:55,976 [INFO] ApiDb:581 - Connected to CubeFinder SQLite database (C:\Users\Hemanth Madu\.stmcufinder\plugins\mcufinder\mcu\cube-finder-db.db)
2026-02-12 14:51:56,204 [INFO] ApiDb:668 - CubeFinder database Data Model version=2.1
2026-02-12 14:51:56,204 [INFO] ApiDb:669 - CubeFinder database Configuration version=3.0.39
2026-02-12 14:51:56,204 [INFO] ApiDb:670 - CubeFinder database generation date=2025-12-22 (1766407740)
2026-02-12 14:51:56,204 [INFO] ApiDb:671 - CubeFinder database FW Pack versions=[FP-ATR-ASTRA1_V2.0.0, FP-SNS-FLIGHT1_V5.1.0, FP-SNS-MOTENV1_V5.1.0, FP-SNS-MOTENVWB1_V1.4.0, FP-SNS-SMARTAG2_V1.2.0, FP-SNS-STBOX1_V2.1.0, STM32Cube_FW_C0_V1.4.0, STM32Cube_FW_F4_V1.28.3, STM32Cube_FW_F7_V1.17.4, STM32Cube_FW_G0_V1.6.2, STM32Cube_FW_G4_V1.6.1, STM32Cube_FW_H5_V1.5.1, STM32Cube_FW_H7RS_V1.3.0, STM32Cube_FW_H7_V1.12.1, STM32Cube_FW_L0_V1.12.2, STM32Cube_FW_L4_V1.18.1, STM32Cube_FW_L5_V1.6.0, STM32Cube_FW_N6_V1.3.0, STM32Cube_FW_U0_V1.3.0, STM32Cube_FW_U3_V1.2.1, STM32Cube_FW_U5_V1.8.0, STM32Cube_FW_WB0_V1.4.0, STM32Cube_FW_WBA_V1.8.0, STM32Cube_FW_WB_V1.24.0, STM32Cube_FW_WL3_V1.3.0, STM32Cube_FW_WL_V1.4.0, X-CUBE-ALGOBUILD_V1.4.0, X-CUBE-ALS_V1.0.2, X-CUBE-AZRTOS-F4_V1.1.0, X-CUBE-AZRTOS-F7_V1.1.0, X-CUBE-AZRTOS-G0_V1.1.0, X-CUBE-AZRTOS-G4_V2.0.0, X-CUBE-AZRTOS-H7RS_V1.1.0, X-CUBE-AZRTOS-H7_V3.4.0, X-CUBE-AZRTOS-L4_V2.0.0, X-CUBE-AZRTOS-L5_V2.0.0, X-CUBE-AZRTOS-WB_V2.0.0, X-CUBE-AZRTOS-WL_V2.0.0, X-CUBE-BLE1_V7.1.0, X-CUBE-BLE2_V3.3.0, X-CUBE-BLEMGR_V4.1.0, X-CUBE-EEPRMA1_V5.2.0, X-CUBE-FREERTOS_V1.3.1, X-CUBE-GNSS1_V6.0.0, X-CUBE-MEMS1_V12.0.0, X-CUBE-NFC4_V3.0.0, X-CUBE-NFC7_V2.0.0, X-CUBE-SFXS2LP1_V4.0.0, X-CUBE-ST67W61_V1.1.0, X-CUBE-SUBG2_V5.0.0, X-CUBE-TOF1_V3.4.3]
2026-02-12 14:51:56,296 [INFO] WebApp:169 - Instantiating new browser for Auth
2026-02-12 14:51:57,675 [WARN] PackLoader:240 - Cannot read IP mode file for STMicroelectronics.FP-SNS-MOTENVWB1.1.4.0
2026-02-12 14:51:57,718 [WARN] PackLoader:240 - Cannot read IP mode file for STMicroelectronics.FP-ATR-ASTRA1.2.0.2
2026-02-12 14:51:57,760 [WARN] PackLoader:240 - Cannot read IP mode file for STMicroelectronics.X-CUBE-SMBUS.2.1.0
2026-02-12 14:51:57,858 [WARN] PackLoader:240 - Cannot read IP mode file for STMicroelectronics.X-CUBE-AZRTOS-F7.1.1.0
2026-02-12 14:51:57,919 [WARN] PackLoader:240 - Cannot read IP mode file for STMicroelectronics.FP-SNS-MOTENV1.5.1.0
2026-02-12 14:51:57,989 [WARN] PackLoader:240 - Cannot read IP mode file for WES.I-CUBE-Cesium.1.4.0
2026-02-12 14:51:58,127 [WARN] PackLoader:240 - Cannot read IP mode file for STMicroelectronics.X-CUBE-AZRTOS-H7.3.4.0
2026-02-12 14:51:58,202 [WARN] PackLoader:240 - Cannot read IP mode file for STMicroelectronics.X-CUBE-DISPLAY.3.0.0
2026-02-12 14:51:58,286 [WARN] PackLoader:240 - Cannot read IP mode file for STMicroelectronics.X-CUBE-NFC10.1.0.0
2026-02-12 14:51:58,330 [WARN] PackLoader:240 - Cannot read IP mode file for STMicroelectronics.X-CUBE-ST60.1.1.0
2026-02-12 14:51:58,332 [INFO] WebApp:463 - Apply proxy settings
2026-02-12 14:51:58,333 [INFO] WebApp:548 - Chromium requires no authentication
2026-02-12 14:51:58,374 [WARN] PackLoader:240 - Cannot read IP mode file for emotas.I-CUBE-CANOPEN.1.3.0
2026-02-12 14:51:58,378 [INFO] WebApp:491 - Direct internet connection detected
2026-02-12 14:51:58,413 [WARN] PackLoader:240 - Cannot read IP mode file for STMicroelectronics.X-CUBE-GNSS1.7.1.0
2026-02-12 14:51:58,448 [INFO] WebApp:900 - Register for checkConnection events
2026-02-12 14:51:58,448 [INFO] WebApp:463 - Apply proxy settings
2026-02-12 14:51:58,449 [INFO] WebApp:548 - Chromium requires no authentication
2026-02-12 14:51:58,450 [INFO] WebApp:491 - Direct internet connection detected
2026-02-12 14:51:58,455 [WARN] PackLoader:240 - Cannot read IP mode file for STMicroelectronics.FP-SNS-STBOX1.2.1.0
2026-02-12 14:51:58,496 [WARN] PackLoader:240 - Cannot read IP mode file for STMicroelectronics.FP-SNS-SMARTAG2.1.2.0
2026-02-12 14:51:58,528 [WARN] PackLoader:240 - Cannot read IP mode file for STMicroelectronics.FP-SNS-FLIGHT1.5.1.0
2026-02-12 14:51:58,567 [INFO] LogOutputStream:77 - [STDOUT_REDIRECT] 1 : Invalid condition id : UX_CORESTACK_Condition cause : null
2026-02-12 14:51:58,569 [INFO] LogOutputStream:77 - [STDOUT_REDIRECT] 1 : Invalid condition id : UX_CORESTACK_Condition cause : null
2026-02-12 14:51:58,572 [INFO] LogOutputStream:77 - [STDOUT_REDIRECT] 1 : Invalid condition id : UX_CORESTACK_Condition cause : null
2026-02-12 14:51:58,574 [INFO] LogOutputStream:77 - [STDOUT_REDIRECT] 1 : Invalid condition id : UX_CORESTACK_Condition cause : null
2026-02-12 14:51:58,576 [INFO] LogOutputStream:77 - [STDOUT_REDIRECT] 1 : Invalid condition id : UX_CORESTACK_Condition cause : null
2026-02-12 14:51:58,580 [WARN] PackLoader:240 - Cannot read IP mode file for STMicroelectronics.X-CUBE-AZRTOS-WL.2.0.0
2026-02-12 14:51:58,683 [WARN] PackLoader:240 - Cannot read IP mode file for STMicroelectronics.X-CUBE-AZRTOS-H7RS.1.2.0
2026-02-12 14:51:58,748 [WARN] PackLoader:240 - Cannot read IP mode file for STMicroelectronics.X-CUBE-BLE2.3.3.0
2026-02-12 14:51:58,805 [INFO] WebApp:191 - Connection restablished
2026-02-12 14:51:58,983 [WARN] PackLoader:240 - Cannot read IP mode file for Infineon.AIROC-Wi-Fi-Bluetooth-STM32.1.8.0
2026-02-12 14:51:59,038 [WARN] PackLoader:240 - Cannot read IP mode file for STMicroelectronics.X-CUBE-NFC9.1.0.0
2026-02-12 14:51:59,086 [WARN] PackLoader:240 - Cannot read IP mode file for STMicroelectronics.X-CUBE-BLE1.7.1.0
2026-02-12 14:51:59,128 [WARN] PackLoader:240 - Cannot read IP mode file for wolfSSL.I-CUBE-wolfMQTT.1.19.2
2026-02-12 14:51:59,174 [WARN] PackLoader:240 - Cannot read IP mode file for STMicroelectronics.X-CUBE-FREERTOS.1.4.0
2026-02-12 14:51:59,227 [WARN] PackLoader:240 - Cannot read IP mode file for STMicroelectronics.X-CUBE-EEPRMA1.5.2.0
2026-02-12 14:51:59,266 [WARN] PackLoader:240 - Cannot read IP mode file for wolfSSL.I-CUBE-wolfSSL.5.8.4
2026-02-12 14:51:59,306 [WARN] PackLoader:240 - Cannot read IP mode file for Cesanta.I-CUBE-Mongoose.7.20.0
2026-02-12 14:51:59,447 [WARN] PackLoader:240 - Cannot read IP mode file for STMicroelectronics.X-CUBE-MEMS1.12.0.0
2026-02-12 14:51:59,642 [INFO] WebApp:225 - Starting web application
2026-02-12 14:51:59,643 [INFO] WebApp:593 - Web application path used D:\STM32CubeIDE_1.19.0\STM32CubeIDE\plugins\com.st.stm32cube.common.mx_6.15.0.202507011659\db\plugins\mcufinder\reactClient1\index.html
2026-02-12 14:51:59,731 [WARN] PackLoader:240 - Cannot read IP mode file for STMicroelectronics.X-CUBE-AZRTOS-G0.1.1.0
2026-02-12 14:51:59,784 [WARN] PackLoader:240 - Cannot read IP mode file for STMicroelectronics.X-CUBE-NFC4.3.0.0
2026-02-12 14:51:59,843 [WARN] PackLoader:240 - Cannot read IP mode file for EmbeddedOffice.I-CUBE-FS-RTOS.1.0.1
2026-02-12 14:51:59,886 [WARN] PackLoader:240 - Cannot read IP mode file for STMicroelectronics.X-CUBE-WB05N.2.0.0
2026-02-12 14:51:59,932 [WARN] PackLoader:240 - Cannot read IP mode file for wolfSSL.I-CUBE-wolfTPM.3.8.0
2026-02-12 14:51:59,977 [WARN] PackLoader:240 - Cannot read IP mode file for STMicroelectronics.X-CUBE-TCPP.4.2.0
2026-02-12 14:52:00,030 [INFO] UserAuth:487 - Internet connection configuration mode: 1
2026-02-12 14:52:00,034 [WARN] PackLoader:240 - Cannot read IP mode file for RealThread.X-CUBE-RT-Thread_Nano.4.1.1
2026-02-12 14:52:00,075 [WARN] PackLoader:240 - Cannot read IP mode file for STMicroelectronics.FP-ATR-SIGFOX1.3.2.0
2026-02-12 14:52:00,120 [WARN] PackLoader:240 - Cannot read IP mode file for ITTIA_DB.I-CUBE-ITTIADB.8.9.0
2026-02-12 14:52:00,168 [WARN] PackLoader:240 - Cannot read IP mode file for STMicroelectronics.X-CUBE-NFC6.3.2.0
2026-02-12 14:52:00,216 [WARN] PackLoader:240 - Cannot read IP mode file for STMicroelectronics.X-CUBE-AI.10.2.0
2026-02-12 14:52:00,382 [WARN] PackLoader:240 - Cannot read IP mode file for SEGGER.I-CUBE-embOS.1.3.1
2026-02-12 14:52:00,511 [WARN] PackLoader:240 - Cannot read IP mode file for STMicroelectronics.X-CUBE-ALGOBUILD.1.4.0
2026-02-12 14:52:00,550 [WARN] PackLoader:240 - Cannot read IP mode file for STMicroelectronics.X-CUBE-PM33A1.1.0.0
2026-02-12 14:52:00,625 [WARN] PackLoader:240 - Cannot read IP mode file for STMicroelectronics.X-CUBE-AZRTOS-F4.1.1.0
2026-02-12 14:52:00,666 [WARN] PackLoader:240 - Cannot read IP mode file for STMicroelectronics.X-CUBE-ISPU.2.1.0
2026-02-12 14:52:00,734 [WARN] PackLoader:240 - Cannot read IP mode file for STMicroelectronics.X-CUBE-IPS.3.2.0
2026-02-12 14:52:00,789 [WARN] PackLoader:240 - Cannot read IP mode file for STMicroelectronics.X-CUBE-NFC12.1.0.0
2026-02-12 14:52:00,862 [WARN] PackLoader:240 - Cannot read IP mode file for STMicroelectronics.X-CUBE-AZRTOS-L5.2.0.0
2026-02-12 14:52:00,903 [WARN] PackLoader:240 - Cannot read IP mode file for STMicroelectronics.X-CUBE-TOUCHGFX.4.26.0
2026-02-12 14:52:00,953 [WARN] PackLoader:240 - Cannot read IP mode file for STMicroelectronics.FP-SNS-STAIOTCFT.1.0.0
2026-02-12 14:52:01,001 [WARN] PackLoader:240 - Cannot read IP mode file for STMicroelectronics.X-CUBE-DPower.1.3.0
2026-02-12 14:52:01,073 [WARN] ConditionMgr:438 - getConditionDescription Invalid condition id : LAN8742 Phy interface Condition cause : null
2026-02-12 14:52:01,075 [WARN] PackLoader:240 - Cannot read IP mode file for STMicroelectronics.X-CUBE-AZRTOS-L4.2.0.0
2026-02-12 14:52:01,078 [WARN] ConditionMgr:1044 - genDependencies : Invalid condition id : LAN8742 Phy interface Condition cause : null
2026-02-12 14:52:01,078 [WARN] ConditionMgr:1044 - genDependencies : Invalid condition id : LAN8742 Phy interface Condition cause : null
2026-02-12 14:52:01,079 [WARN] ConditionMgr:1044 - genDependencies : Invalid condition id : LAN8742 Phy interface Condition cause : null
2026-02-12 14:52:01,124 [WARN] PackLoader:240 - Cannot read IP mode file for STMicroelectronics.X-CUBE-SFXS2LP1.4.0.0
2026-02-12 14:52:01,170 [WARN] PackLoader:240 - Cannot read IP mode file for STMicroelectronics.X-CUBE-ST67W61.1.2.0
2026-02-12 14:52:01,213 [WARN] PackLoader:240 - Cannot read IP mode file for STMicroelectronics.X-CUBE-BLEMGR.4.1.0
2026-02-12 14:52:01,274 [WARN] ConditionMgr:438 - getConditionDescription Invalid condition id : UX DEVICE CLASS RTOS Condition cause : null
2026-02-12 14:52:01,274 [WARN] ConditionMgr:438 - getConditionDescription Invalid condition id : UX DEVICE CLASS RTOS Condition cause : null
2026-02-12 14:52:01,277 [WARN] PackLoader:240 - Cannot read IP mode file for STMicroelectronics.X-CUBE-AZRTOS-WB.2.0.0
2026-02-12 14:52:01,278 [WARN] ConditionMgr:1044 - genDependencies : Invalid condition id : UX DEVICE CLASS RTOS Condition cause : null
2026-02-12 14:52:01,279 [WARN] ConditionMgr:1044 - genDependencies : Invalid condition id : UX DEVICE CLASS RTOS Condition cause : null
2026-02-12 14:52:01,279 [WARN] ConditionMgr:1044 - genDependencies : Invalid condition id : UX DEVICE CLASS RTOS Condition cause : null
2026-02-12 14:52:01,279 [WARN] ConditionMgr:1044 - genDependencies : Invalid condition id : UX DEVICE CLASS RTOS Condition cause : null
2026-02-12 14:52:01,279 [WARN] ConditionMgr:1044 - genDependencies : Invalid condition id : UX DEVICE CLASS RTOS Condition cause : null
2026-02-12 14:52:01,307 [WARN] ConditionMgr:438 - getConditionDescription Invalid condition id : Cortex-A Device cause : null
2026-02-12 14:52:01,346 [WARN] ConditionMgr:1044 - genDependencies : Invalid condition id : Cortex-A Device cause : null
2026-02-12 14:52:01,347 [WARN] ConditionMgr:1044 - genDependencies : Invalid condition id : Cortex-A Device cause : null
2026-02-12 14:52:01,347 [WARN] ConditionMgr:1044 - genDependencies : Invalid condition id : Cortex-A Device cause : null
2026-02-12 14:52:01,381 [WARN] PackLoader:240 - Cannot read IP mode file for STMicroelectronics.X-CUBE-STSE01.2.0.0
2026-02-12 14:52:01,450 [WARN] PackLoader:240 - Cannot read IP mode file for STMicroelectronics.X-CUBE-SUBG2.5.0.0
2026-02-12 14:52:01,544 [WARN] PackLoader:240 - Cannot read IP mode file for STMicroelectronics.X-CUBE-AZRTOS-G4.2.0.0
2026-02-12 14:52:01,582 [WARN] PackLoader:240 - Cannot read IP mode file for wolfSSL.I-CUBE-wolfSSH.1.4.20
2026-02-12 14:52:01,616 [WARN] PackLoader:240 - Cannot read IP mode file for STMicroelectronics.X-CUBE-NFC7.2.0.0
2026-02-12 14:52:01,662 [WARN] PackLoader:240 - Cannot read IP mode file for STMicroelectronics.X-CUBE-ALS.1.0.2
2026-02-12 14:52:01,721 [WARN] PackLoader:240 - Cannot read IP mode file for STMicroelectronics.X-CUBE-TOF1.3.4.3
2026-02-12 14:52:01,749 [INFO] ThirdParty:978 - Integrity check success = true
2026-02-12 14:52:01,749 [INFO] IntegrityCheckThread:100 - exiting critical section [integrity check]
2026-02-12 14:52:01,749 [INFO] IntegrityCheckThread:103 - End integrity checks thread
2026-02-12 14:52:08,906 [INFO] ApiDb:240 - Found 880 in-development CPN: [B-G473E-ZEST1S, B-WB1M-WPAN1, B-WBA5M-WPAN, B-WL5M-SUBG1, NUCLEO-C031C6, NUCLEO-C051C8, NUCLEO-C071RB, NUCLEO-C092RC, NUCLEO-H503RB, NUCLEO-H533RE, NUCLEO-H563ZI, NUCLEO-H7S3L8, NUCLEO-N657X0-Q, NUCLEO-U031R8, NUCLEO-U083RC, NUCLEO-U385RG-Q, NUCLEO-U545RE-Q, NUCLEO-U5A5ZJ-Q, NUCLEO-WB05KZ, NUCLEO-WB07CC, NUCLEO-WB09KE, NUCLEO-WBA52CG, NUCLEO-WBA55CG, NUCLEO-WL33CC1, NUCLEO-WL33CC2, STEVAL-PROTEUS1, STEVAL-SMARTAG2, STEVAL-STWINBX1, STM320518-EVAL, STM32C0116-DK, STM32C011D6Y3TR, STM32C011D6Y6TR, STM32C011F4P3, STM32C011F4P6, STM32C011F4U3, STM32C011F4U6TR, STM32C011F6P3, STM32C011F6P6, STM32C011F6U3, STM32C011F6U6TR, STM32C011J4M3, STM32C011J4M6, STM32C011J6M3, STM32C011J6M6, STM32C0316-DK, STM32C031C4T3, STM32C031C4T6, STM32C031C4U3, STM32C031C4U6, STM32C031C6T3, STM32C031C6T6, STM32C031C6U3, STM32C031C6U6, STM32C031F4P3, STM32C031F4P6, STM32C031F6P3, STM32C031F6P6, STM32C031G4U3, STM32C031G4U6, STM32C031G6U3, STM32C031G6U6, STM32C031K4T3, STM32C031K4T6, STM32C031K4U3, STM32C031K4U6, STM32C031K6T3, STM32C031K6T6, STM32C031K6U3, STM32C031K6U6, STM32C051C6T6, STM32C051C6U6, STM32C051C8T6, STM32C051C8U6, STM32C051D8Y6TR, STM32C051F6P6, STM32C051F8P6, STM32C051G6U6, STM32C051G8U6, STM32C051K6T6, STM32C051K6U6, STM32C051K8T6, STM32C071C8T6, STM32C071C8T6N, STM32C071C8U6, STM32C071C8U6N, STM32C071CBT6, STM32C071CBT6N, STM32C071CBU6, STM32C071CBU6N, STM32C071F8P6, STM32C071F8P6N, STM32C071FBP6, STM32C071FBP6N, STM32C071FBY6TR, STM32C071G8U6, STM32C071G8U6N, STM32C071GBU6, STM32C071GBU6N, STM32C071K8T6, STM32C071K8T6N, STM32C071K8U6, STM32C071K8U6N, STM32C071KBT6, STM32C071KBT6N, STM32C071KBU6, STM32C071KBU6N, STM32C071R8T6, STM32C071R8T6N, STM32C071RBI6N, STM32C071RBT6, STM32C071RBT6N, STM32C091CBT6, STM32C091CBU6, STM32C091CCT6, STM32C091CCU6, STM32C091ECY6TR, STM32C091FBP6, STM32C091FCP6, STM32C091GBU6, STM32C091GCU6, STM32C091KBT6, STM32C091KBU6, STM32C091KCT6, STM32C091KCU6, STM32C091RBT6, STM32C091RCI6, STM32C091RCT6, STM32C092CBT6, STM32C092CBU6, STM32C092CCT6, STM32C092CCU6, STM32C092ECY6TR, STM32C092FBP6, STM32C092FCP6, STM32C092GBU6, STM32C092GCU6, STM32C092KBT6, STM32C092KBU6, STM32C092KCT6, STM32C092KCU6, STM32C092RBT6, STM32C092RCI6, STM32C092RCT6, STM32G071K8TXN, STM32G071K8UXN, STM32G081GBU6N, STM32G081KBT6N, STM32G081KBUXN, STM32G0B1CCT6N, STM32G0B1KCT6, STM32G0B1NEY6TR, STM32G0B1RCT6N, STM32G0C1CCT6, STM32G0C1CCT6N, STM32G0C1CCU6N, STM32G0C1CET6N, STM32G0C1CEU6N, STM32G0C1KCT6, STM32G0C1NEY6TR, STM32G0C1RCI6N, STM32G0C1RCT6N, STM32G0C1REI6N, STM32G0C1RET6N, STM32G0C1VCI6, STM32G0C1VEI6, STM32G411C6T3, STM32G411C6T6, STM32G411C6U3, STM32G411C6U6, STM32G411C8T3, STM32G411C8T6, STM32G411C8U3, STM32G411C8U6, STM32G411CBT3, STM32G411CBT6, STM32G411CBU3, STM32G411CBU6, STM32G411K6T3, STM32G411K6T6, STM32G411K6U3, STM32G411K6U6, STM32G411K8T3, STM32G411K8T6, STM32G411K8U3, STM32G411K8U6, STM32G411KBT3, STM32G411KBT6, STM32G411KBU3, STM32G411KBU6, STM32G411M6T3, STM32G411M6T6, STM32G411M8T3, STM32G411M8T6, STM32G411MBT3, STM32G411MBT6, STM32G411R6T3, STM32G411R6T6, STM32G411R8T3, STM32G411R8T6, STM32G411RBT3, STM32G411RBT6, STM32G414CBT3, STM32G414CBT6, STM32G414CBU3, STM32G414CBU6, STM32G414CCT3, STM32G414CCT6, STM32G414CCU3, STM32G414CCU6, STM32G414MBT3, STM32G414MBT6, STM32G414MCT3, STM32G414MCT6, STM32G414RBT3, STM32G414RBT6, STM32G414RCT3, STM32G414RCT6, STM32G414VBT3, STM32G414VBT6, STM32G414VCT3, STM32G414VCT6, STM32G431CBT3Z, STM32G431RBT3Z, STM32G471CCT6, STM32G471CCU6, STM32G471CET3, STM32G471CET6, STM32G471CEU3, STM32G471CEU6, STM32G471MCT6, STM32G471MET3, STM32G471MET6, STM32G471MEY6TR, STM32G471QCT6, STM32G471QET3, STM32G471RCT6, STM32G471RET3, STM32G471RET6, STM32G471VCH6, STM32G471VCI6, STM32G471VCT6, STM32G471VEH3, STM32G471VEH6, STM32G471VEI3, STM32G471VEI6, STM32G471VET3, STM32G471VET6, STM32G473QET3Z, STM32G473RET3Z, STM32G474CCT6, STM32G491RET3Z, STM32H503CBT6, STM32H503CBU6, STM32H503EBY6TR, STM32H503KBU6, STM32H503RBT6, STM32H523CCT6, STM32H523CCU6, STM32H523CET6, STM32H523CEU6, STM32H523HEY6TR, STM32H523RCT6, STM32H523RET6, STM32H523VCI6, STM32H523VCT6, STM32H523VEI6, STM32H523VET6, STM32H523ZCJ6, STM32H523ZCT6, STM32H523ZEJ6, STM32H523ZET6, STM32H533CET6, STM32H533CEU6, STM32H533HEY6TR, STM32H533RET6, STM32H533VEI6, STM32H533VET6, STM32H533ZEJ6, STM32H533ZET6, STM32H562AGI6, STM32H562AII6, STM32H562IGK6, STM32H562IGT6, STM32H562IIK6, STM32H562IIT6, STM32H562RGT6, STM32H562RGV6, STM32H562RIT6, STM32H562RIV6, STM32H562VGT6, STM32H562VIT6, STM32H562ZGT6, STM32H562ZIT6, STM32H563AGI6, STM32H563AII3Q, STM32H563AII6, STM32H563IGK6, STM32H563IGT6, STM32H563IIK3Q, STM32H563IIK6, STM32H563IIT3Q, STM32H563IIT6, STM32H563MIY3QTR, STM32H563RGT6, STM32H563RGV6, STM32H563RIT6, STM32H563RIV6, STM32H563VGT6, STM32H563VIT3Q, STM32H563VIT6, STM32H563ZGT6, STM32H563ZIT3Q, STM32H563ZIT6, STM32H573AII3Q, STM32H573AII6, STM32H573I-DK, STM32H573IIK3Q, STM32H573IIK6, STM32H573IIT3Q, STM32H573IIT6, STM32H573MIY3QTR, STM32H573RIT6, STM32H573RIV6, STM32H573VIT3Q, STM32H573VIT6, STM32H573ZIT3Q, STM32H573ZIT6, STM32H7R3A8I6, STM32H7R3I8K6, STM32H7R3I8T6, STM32H7R3L8H6, STM32H7R3L8H6H, STM32H7R3R8V6, STM32H7R3V8H6, STM32H7R3V8T6, STM32H7R3V8Y6TR, STM32H7R3Z8J6, STM32H7R3Z8T6, STM32H7R7A8I6, STM32H7R7I8K6, STM32H7R7I8T6, STM32H7R7L8H6, STM32H7R7L8H6H, STM32H7R7Z8J6, STM32H7S3A8I6, STM32H7S3I8K6, STM32H7S3I8T6, STM32H7S3L8H6, STM32H7S3L8H6H, STM32H7S3R8V6, STM32H7S3V8H6, STM32H7S3V8T6, STM32H7S3V8Y6TR, STM32H7S3Z8J6, STM32H7S3Z8T6, STM32H7S78-DK, STM32H7S7A8I6, STM32H7S7I8K6, STM32H7S7I8T6, STM32H7S7L8H6, STM32H7S7L8H6H, STM32H7S7Z8J6, STM32L4R5QGI6STR, STM32MP131AAE3, STM32MP131AAF3, STM32MP131AAG3, STM32MP131CAE3, STM32MP131CAF3, STM32MP131CAG3, STM32MP131DAE7, STM32MP131DAF7, STM32MP131DAG7, STM32MP131FAE7, STM32MP131FAF7, STM32MP131FAG7, STM32MP133AAE3, STM32MP133AAF3, STM32MP133AAG3, STM32MP133CAE3, STM32MP133CAF3, STM32MP133CAG3, STM32MP133DAE7, STM32MP133DAF7, STM32MP133DAG7, STM32MP133FAE7, STM32MP133FAF7, STM32MP133FAG7, STM32MP135AAE3, STM32MP135AAF3, STM32MP135AAG3, STM32MP135CAE3, STM32MP135CAF3, STM32MP135CAG3, STM32MP135DAE7, STM32MP135DAF7, STM32MP135DAG7, STM32MP135F-DK, STM32MP135FAE7, STM32MP135FAF7, STM32MP135FAF7T, STM32MP135FAF7U, STM32MP135FAG7, STM32MP211AAL3, STM32MP211AAM3, STM32MP211AAN3, STM32MP211AAO3, STM32MP211CAL3, STM32MP211CAM3, STM32MP211CAN3, STM32MP211CAO3, STM32MP211DAL3, STM32MP211DAM3, STM32MP211DAN3, STM32MP211DAO3, STM32MP211FAL3, STM32MP211FAM3, STM32MP211FAN3, STM32MP211FAO3, STM32MP213AAL3, STM32MP213AAM3, STM32MP213AAN3, STM32MP213AAO3, STM32MP213CAL3, STM32MP213CAM3, STM32MP213CAN3, STM32MP213CAO3, STM32MP213DAL3, STM32MP213DAM3, STM32MP213DAN3, STM32MP213DAO3, STM32MP213FAL3, STM32MP213FAM3, STM32MP213FAN3, STM32MP213FAO3, STM32MP215AAL3, STM32MP215AAM3, STM32MP215AAN3, STM32MP215AAO3, STM32MP215CAL3, STM32MP215CAM3, STM32MP215CAN3, STM32MP215CAO3, STM32MP215DAL3, STM32MP215DAM3, STM32MP215DAN3, STM32MP215DAO3, STM32MP215F-DK, STM32MP215FAL3, STM32MP215FAM3, STM32MP215FAN3, STM32MP215FAO3, STM32MP231AAJ3, STM32MP231AAK3, STM32MP231AAL3, STM32MP231CAJ3, STM32MP231CAK3, STM32MP231CAL3, STM32MP231DAJ3, STM32MP231DAK3, STM32MP231DAL3, STM32MP231FAJ3, STM32MP231FAK3, STM32MP231FAL3, STM32MP233AAJ3, STM32MP233AAK3, STM32MP233AAL3, STM32MP233CAJ3, STM32MP233CAK3, STM32MP233CAL3, STM32MP233DAJ3, STM32MP233DAK3, STM32MP233DAL3, STM32MP233FAJ3, STM32MP233FAK3, STM32MP233FAL3, STM32MP235AAJ3, STM32MP235AAK3, STM32MP235AAL3, STM32MP235CAJ3, STM32MP235CAK3, STM32MP235CAL3, STM32MP235DAJ3, STM32MP235DAK3, STM32MP235DAL3, STM32MP235FAJ3, STM32MP235FAK3, STM32MP235FAL3, STM32MP251AAI3, STM32MP251AAK3, STM32MP251AAL3, STM32MP251CAI3, STM32MP251CAK3, STM32MP251CAL3, STM32MP251DAI3, STM32MP251DAK3, STM32MP251DAL3, STM32MP251FAI3, STM32MP251FAK3, STM32MP251FAL3, STM32MP253AAI3, STM32MP253AAK3, STM32MP253AAL3, STM32MP253CAI3, STM32MP253CAK3, STM32MP253CAL3, STM32MP253DAI3, STM32MP253DAK3, STM32MP253DAL3, STM32MP253FAI3, STM32MP253FAK3, STM32MP253FAL3, STM32MP255AAI3, STM32MP255AAK3, STM32MP255AAL3, STM32MP255CAI3, STM32MP255CAK3, STM32MP255CAL3, STM32MP255DAI3, STM32MP255DAK3, STM32MP255DAL3, STM32MP255FAI3, STM32MP255FAK3, STM32MP255FAL3, STM32MP257AAI3, STM32MP257AAK3, STM32MP257AAL3, STM32MP257CAI3, STM32MP257CAK3, STM32MP257CAL3, STM32MP257DAI3, STM32MP257DAK3, STM32MP257DAL3, STM32MP257F-DK, STM32MP257F-EV1, STM32MP257FAI3, STM32MP257FAK3, STM32MP257FAL3, STM32N645A0H3Q, STM32N645B0H3Q, STM32N645I0H3Q, STM32N645L0H3Q, STM32N645X0H3Q, STM32N645Z0H3Q, STM32N647A0H3Q, STM32N647B0H3Q, STM32N647I0H3Q, STM32N647L0H3Q, STM32N647X0H3Q, STM32N647Z0H3Q, STM32N655A0H3Q, STM32N655B0H3Q, STM32N655I0H3Q, STM32N655L0H3Q, STM32N655X0H3Q, STM32N655Z0H3Q, STM32N6570-DK, STM32N657A0H3Q, STM32N657B0H3Q, STM32N657I0H3Q, STM32N657L0H3Q, STM32N657X0H3Q, STM32N657Z0H3Q, STM32U031C6T6, STM32U031C6U6, STM32U031C8T6, STM32U031C8U6, STM32U031F4P6, STM32U031F6P6, STM32U031F8P6, STM32U031G6Y6TR, STM32U031G8Y6TR, STM32U031K4U6, STM32U031K6U6, STM32U031K8U6, STM32U031R6I6, STM32U031R6T6, STM32U031R8I6, STM32U031R8T6, STM32U073C8T6, STM32U073C8U6, STM32U073CBT6, STM32U073CBU6, STM32U073CCT6, STM32U073CCU6, STM32U073H8Y6TR, STM32U073HBY6TR, STM32U073HCY6TR, STM32U073K8U6, STM32U073KBU6, STM32U073KCU6, STM32U073M8I6, STM32U073M8T6, STM32U073MBI6, STM32U073MBT6, STM32U073MCI6, STM32U073MCT6, STM32U073R8I6, STM32U073R8T6, STM32U073RBI6, STM32U073RBT6, STM32U073RCI6, STM32U073RCT6, STM32U083C-DK, STM32U083CCT6, STM32U083CCU6, STM32U083HCY6TR, STM32U083KCU6, STM32U083MCI6, STM32U083MCT6, STM32U083RCI6, STM32U083RCT6, STM32U375CET6, STM32U375CET6Q, STM32U375CEU6, STM32U375CEU6Q, STM32U375CEY6QTR, STM32U375CGT6, STM32U375CGT6Q, STM32U375CGU6, STM32U375CGU6Q, STM32U375CGY6QTR, STM32U375KEU6, STM32U375KGU6, STM32U375REI6, STM32U375REI6Q, STM32U375RET6, STM32U375RET6Q, STM32U375REY6GTR, STM32U375REY6QTR, STM32U375RGI6, STM32U375RGI6Q, STM32U375RGT6, STM32U375RGT6Q, STM32U375RGY6GTR, STM32U375RGY6QTR, STM32U375VEI6, STM32U375VEI6Q, STM32U375VET6, STM32U375VET6Q, STM32U375VGI6, STM32U375VGI6Q, STM32U375VGT6, STM32U375VGT6Q, STM32U385CGT6, STM32U385CGT6Q, STM32U385CGU6, STM32U385CGU6Q, STM32U385CGY6QTR, STM32U385KGU6, STM32U385RGI6, STM32U385RGI6Q, STM32U385RGT6, STM32U385RGT6Q, STM32U385RGY6GTR, STM32U385RGY6QTR, STM32U385VGI6, STM32U385VGI6Q, STM32U385VGT6, STM32U385VGT6Q, STM32U535CBT6, STM32U535CBT6Q, STM32U535CBU6, STM32U535CBU6Q, STM32U535CCT6, STM32U535CCT6Q, STM32U535CCU6, STM32U535CCU6Q, STM32U535CET6, STM32U535CET6Q, STM32U535CEU6, STM32U535CEU6Q, STM32U535JEY6QTR, STM32U535NCY6QTR, STM32U535NEY6QTR, STM32U535RBI6, STM32U535RBI6Q, STM32U535RBT6, STM32U535RBT6Q, STM32U535RCI6, STM32U535RCI6Q, STM32U535RCT6, STM32U535RCT6Q, STM32U535REI6, STM32U535REI6Q, STM32U535RET6, STM32U535RET6Q, STM32U535VCI6, STM32U535VCI6Q, STM32U535VCT6, STM32U535VCT6Q, STM32U535VEI6, STM32U535VEI6Q, STM32U535VET6, STM32U535VET6Q, STM32U545CET6, STM32U545CET6Q, STM32U545CEU6, STM32U545CEU6Q, STM32U545JEY6QTR, STM32U545NEY6QTR, STM32U545REI6, STM32U545REI6Q, STM32U545RET6, STM32U545RET6Q, STM32U545VEI6, STM32U545VEI6Q, STM32U545VET6, STM32U545VET6Q, STM32U595AIH6, STM32U595AIH6Q, STM32U595AJH6, STM32U595AJH6Q, STM32U595QII6, STM32U595QII6Q, STM32U595QJI6, STM32U595QJI6Q, STM32U595RIT6, STM32U595RIT6Q, STM32U595RJT6, STM32U595RJT6Q, STM32U595VIT6, STM32U595VIT6Q, STM32U595VJT6, STM32U595VJT6Q, STM32U595ZIT6, STM32U595ZIT6Q, STM32U595ZIY6QTR, STM32U595ZJT6, STM32U595ZJT6Q, STM32U595ZJY6QTR, STM32U599BJY6QTR, STM32U599NIH6Q, STM32U599NJH6Q, STM32U599VIT6Q, STM32U599VJT6, STM32U599VJT6Q, STM32U599ZIT6Q, STM32U599ZIY6QTR, STM32U599ZJT6Q, STM32U599ZJY6QTR, STM32U5A5AJH6, STM32U5A5AJH6Q, STM32U5A5QII3Q , STM32U5A5QJI6, STM32U5A5QJI6Q, STM32U5A5RJT6, STM32U5A5RJT6Q, STM32U5A5VJT6, STM32U5A5VJT6Q, STM32U5A5ZJT6, STM32U5A5ZJT6Q, STM32U5A5ZJY6QTR, STM32U5A9BJY6QTR, STM32U5A9J-DK, STM32U5A9NJH6Q, STM32U5A9VJT6Q, STM32U5A9ZJT6Q, STM32U5A9ZJY6QTR, STM32U5F7VIT6, STM32U5F7VIT6Q, STM32U5F7VJT6, STM32U5F7VJT6Q, STM32U5F9BJY6QTR, STM32U5F9NJH6Q, STM32U5F9VIT6Q, STM32U5F9VJT6Q, STM32U5F9ZIJ6QTR, STM32U5F9ZIT6Q, STM32U5F9ZJJ6QTR, STM32U5F9ZJT6Q, STM32U5G7VJT6, STM32U5G7VJT6Q, STM32U5G9BJY6QTR, STM32U5G9J-DK1, STM32U5G9J-DK2, STM32U5G9NJH6Q, STM32U5G9VJT6Q, STM32U5G9ZJJ6QTR, STM32U5G9ZJT6Q, STM32WB05KZV6TR, STM32WB05KZV7TR, STM32WB05TZF6TR, STM32WB05TZF7TR, STM32WB06CCF6TR, STM32WB06CCF7TR, STM32WB06CCV6TR, STM32WB06CCV7TR, STM32WB06KCV6TR, STM32WB06KCV7TR, STM32WB07CCF6TR, STM32WB07CCF7TR, STM32WB07CCV6TR, STM32WB07CCV7TR, STM32WB07KCV6TR, STM32WB07KCV7TR, STM32WB09KEV6TR, STM32WB09KEV7TR, STM32WB09TEF6TR, STM32WB09TEF7TR, STM32WB1MMCH6, STM32WBA50KGU6, STM32WBA50KGU6TR, STM32WBA52CEU6, STM32WBA52CEU6TR, STM32WBA52CEU7, STM32WBA52CEU7TR, STM32WBA52CGU6, STM32WBA52CGU6TR, STM32WBA52CGU6U, STM32WBA52CGU7, STM32WBA52CGU7TR, STM32WBA52KEU6, STM32WBA52KEU6TR, STM32WBA52KGU6, STM32WBA52KGU6TR, STM32WBA54CEU6, STM32WBA54CEU6TR, STM32WBA54CEU7, STM32WBA54CEU7TR, STM32WBA54CGU6, STM32WBA54CGU6TR, STM32WBA54CGU7, STM32WBA54CGU7TR, STM32WBA54KEU6, STM32WBA54KEU6TR, STM32WBA54KEU7, STM32WBA54KEU7TR, STM32WBA54KGU6, STM32WBA54KGU6TR, STM32WBA54KGU7, STM32WBA54KGU7TR, STM32WBA55CEU6, STM32WBA55CEU6TR, STM32WBA55CEU7, STM32WBA55CEU7TR, STM32WBA55CGU6, STM32WBA55CGU6TR, STM32WBA55CGU6U, STM32WBA55CGU7, STM32WBA55CGU7TR, STM32WBA55G-DK1, STM32WBA55HEF6, STM32WBA55HEF7, STM32WBA55HGF6, STM32WBA55HGF7, STM32WBA55UEI6, STM32WBA55UEI6TR, STM32WBA55UEI7, STM32WBA55UEI7TR, STM32WBA55UGI6, STM32WBA55UGI6TR, STM32WBA55UGI7, STM32WBA55UGI7TR, STM32WBA5MMGH6TR, STM32WBA62MGF6, STM32WBA62MIF6, STM32WBA65MGF7, STM32WBA65MIF6, STM32WBA65MIF7, STM32WL30K8V6, STM32WL30KBV6, STM32WL31C8V6, STM32WL31CBV6, STM32WL31K8V6, STM32WL31KBV6, STM32WL33C8V6, STM32WL33C8V6X, STM32WL33CBV6, STM32WL33CBV6X, STM32WL33CCV6, STM32WL33CCV6A, STM32WL33CCV6X, STM32WL33K8V7, STM32WL33K8V7X, STM32WL33KBV7 , STM32WL33KBV7X, STM32WL33KCV7, STM32WL33KCV7X, STM32WL5MOCH6, STM32WL5MOCH6TR]
2026-02-12 14:52:08,914 [INFO] DbMcus:218 - Found 4876 MCUs, 4876 are supported
2026-02-12 14:52:08,914 [INFO] ApiDb:423 - Load user favorites file C:\Users\Hemanth Madu/.stm32cubeide/favorites.mcus.txt: 0 item(s)
2026-02-12 14:52:08,915 [INFO] ApiDb:427 - User favorites MCUs=[]
2026-02-12 14:52:08,915 [INFO] DbMcus:224 - Set 0 / 0 favorites MCUs
2026-02-12 14:52:09,768 [INFO] ApiDb:668 - CubeFinder database Data Model version=2.1
2026-02-12 14:52:09,768 [INFO] ApiDb:669 - CubeFinder database Configuration version=3.0.39
2026-02-12 14:52:09,768 [INFO] ApiDb:670 - CubeFinder database generation date=2025-12-22 (1766407740)
2026-02-12 14:52:09,768 [INFO] ApiDb:671 - CubeFinder database FW Pack versions=[FP-ATR-ASTRA1_V2.0.0, FP-SNS-FLIGHT1_V5.1.0, FP-SNS-MOTENV1_V5.1.0, FP-SNS-MOTENVWB1_V1.4.0, FP-SNS-SMARTAG2_V1.2.0, FP-SNS-STBOX1_V2.1.0, STM32Cube_FW_C0_V1.4.0, STM32Cube_FW_F4_V1.28.3, STM32Cube_FW_F7_V1.17.4, STM32Cube_FW_G0_V1.6.2, STM32Cube_FW_G4_V1.6.1, STM32Cube_FW_H5_V1.5.1, STM32Cube_FW_H7RS_V1.3.0, STM32Cube_FW_H7_V1.12.1, STM32Cube_FW_L0_V1.12.2, STM32Cube_FW_L4_V1.18.1, STM32Cube_FW_L5_V1.6.0, STM32Cube_FW_N6_V1.3.0, STM32Cube_FW_U0_V1.3.0, STM32Cube_FW_U3_V1.2.1, STM32Cube_FW_U5_V1.8.0, STM32Cube_FW_WB0_V1.4.0, STM32Cube_FW_WBA_V1.8.0, STM32Cube_FW_WB_V1.24.0, STM32Cube_FW_WL3_V1.3.0, STM32Cube_FW_WL_V1.4.0, X-CUBE-ALGOBUILD_V1.4.0, X-CUBE-ALS_V1.0.2, X-CUBE-AZRTOS-F4_V1.1.0, X-CUBE-AZRTOS-F7_V1.1.0, X-CUBE-AZRTOS-G0_V1.1.0, X-CUBE-AZRTOS-G4_V2.0.0, X-CUBE-AZRTOS-H7RS_V1.1.0, X-CUBE-AZRTOS-H7_V3.4.0, X-CUBE-AZRTOS-L4_V2.0.0, X-CUBE-AZRTOS-L5_V2.0.0, X-CUBE-AZRTOS-WB_V2.0.0, X-CUBE-AZRTOS-WL_V2.0.0, X-CUBE-BLE1_V7.1.0, X-CUBE-BLE2_V3.3.0, X-CUBE-BLEMGR_V4.1.0, X-CUBE-EEPRMA1_V5.2.0, X-CUBE-FREERTOS_V1.3.1, X-CUBE-GNSS1_V6.0.0, X-CUBE-MEMS1_V12.0.0, X-CUBE-NFC4_V3.0.0, X-CUBE-NFC7_V2.0.0, X-CUBE-SFXS2LP1_V4.0.0, X-CUBE-ST67W61_V1.1.0, X-CUBE-SUBG2_V5.0.0, X-CUBE-TOF1_V3.4.3]
2026-02-12 14:52:10,107 [INFO] DbBoardsSqlite:226 - include board P-NUCLEO-WB55-NUCLEO as a kit item of type 'Nucleo-64'
2026-02-12 14:52:10,107 [INFO] DbBoardsSqlite:226 - include board P-NUCLEO-WB55-USBDONGLE as a kit item of type 'Nucleo USB Dongle'
2026-02-12 14:52:10,112 [INFO] DbBoardsSqlite:226 - include board STEVAL-IDP005V1 as a kit item of type 'Evaluation Board'
2026-02-12 14:52:10,113 [INFO] DbBoardsSqlite:226 - include board STEVAL-IDP005V2 as a kit item of type 'Evaluation Board'
2026-02-12 14:52:10,335 [INFO] ApiDb:240 - Found 880 in-development CPN: [B-G473E-ZEST1S, B-WB1M-WPAN1, B-WBA5M-WPAN, B-WL5M-SUBG1, NUCLEO-C031C6, NUCLEO-C051C8, NUCLEO-C071RB, NUCLEO-C092RC, NUCLEO-H503RB, NUCLEO-H533RE, NUCLEO-H563ZI, NUCLEO-H7S3L8, NUCLEO-N657X0-Q, NUCLEO-U031R8, NUCLEO-U083RC, NUCLEO-U385RG-Q, NUCLEO-U545RE-Q, NUCLEO-U5A5ZJ-Q, NUCLEO-WB05KZ, NUCLEO-WB07CC, NUCLEO-WB09KE, NUCLEO-WBA52CG, NUCLEO-WBA55CG, NUCLEO-WL33CC1, NUCLEO-WL33CC2, STEVAL-PROTEUS1, STEVAL-SMARTAG2, STEVAL-STWINBX1, STM320518-EVAL, STM32C0116-DK, STM32C011D6Y3TR, STM32C011D6Y6TR, STM32C011F4P3, STM32C011F4P6, STM32C011F4U3, STM32C011F4U6TR, STM32C011F6P3, STM32C011F6P6, STM32C011F6U3, STM32C011F6U6TR, STM32C011J4M3, STM32C011J4M6, STM32C011J6M3, STM32C011J6M6, STM32C0316-DK, STM32C031C4T3, STM32C031C4T6, STM32C031C4U3, STM32C031C4U6, STM32C031C6T3, STM32C031C6T6, STM32C031C6U3, STM32C031C6U6, STM32C031F4P3, STM32C031F4P6, STM32C031F6P3, STM32C031F6P6, STM32C031G4U3, STM32C031G4U6, STM32C031G6U3, STM32C031G6U6, STM32C031K4T3, STM32C031K4T6, STM32C031K4U3, STM32C031K4U6, STM32C031K6T3, STM32C031K6T6, STM32C031K6U3, STM32C031K6U6, STM32C051C6T6, STM32C051C6U6, STM32C051C8T6, STM32C051C8U6, STM32C051D8Y6TR, STM32C051F6P6, STM32C051F8P6, STM32C051G6U6, STM32C051G8U6, STM32C051K6T6, STM32C051K6U6, STM32C051K8T6, STM32C071C8T6, STM32C071C8T6N, STM32C071C8U6, STM32C071C8U6N, STM32C071CBT6, STM32C071CBT6N, STM32C071CBU6, STM32C071CBU6N, STM32C071F8P6, STM32C071F8P6N, STM32C071FBP6, STM32C071FBP6N, STM32C071FBY6TR, STM32C071G8U6, STM32C071G8U6N, STM32C071GBU6, STM32C071GBU6N, STM32C071K8T6, STM32C071K8T6N, STM32C071K8U6, STM32C071K8U6N, STM32C071KBT6, STM32C071KBT6N, STM32C071KBU6, STM32C071KBU6N, STM32C071R8T6, STM32C071R8T6N, STM32C071RBI6N, STM32C071RBT6, STM32C071RBT6N, STM32C091CBT6, STM32C091CBU6, STM32C091CCT6, STM32C091CCU6, STM32C091ECY6TR, STM32C091FBP6, STM32C091FCP6, STM32C091GBU6, STM32C091GCU6, STM32C091KBT6, STM32C091KBU6, STM32C091KCT6, STM32C091KCU6, STM32C091RBT6, STM32C091RCI6, STM32C091RCT6, STM32C092CBT6, STM32C092CBU6, STM32C092CCT6, STM32C092CCU6, STM32C092ECY6TR, STM32C092FBP6, STM32C092FCP6, STM32C092GBU6, STM32C092GCU6, STM32C092KBT6, STM32C092KBU6, STM32C092KCT6, STM32C092KCU6, STM32C092RBT6, STM32C092RCI6, STM32C092RCT6, STM32G071K8TXN, STM32G071K8UXN, STM32G081GBU6N, STM32G081KBT6N, STM32G081KBUXN, STM32G0B1CCT6N, STM32G0B1KCT6, STM32G0B1NEY6TR, STM32G0B1RCT6N, STM32G0C1CCT6, STM32G0C1CCT6N, STM32G0C1CCU6N, STM32G0C1CET6N, STM32G0C1CEU6N, STM32G0C1KCT6, STM32G0C1NEY6TR, STM32G0C1RCI6N, STM32G0C1RCT6N, STM32G0C1REI6N, STM32G0C1RET6N, STM32G0C1VCI6, STM32G0C1VEI6, STM32G411C6T3, STM32G411C6T6, STM32G411C6U3, STM32G411C6U6, STM32G411C8T3, STM32G411C8T6, STM32G411C8U3, STM32G411C8U6, STM32G411CBT3, STM32G411CBT6, STM32G411CBU3, STM32G411CBU6, STM32G411K6T3, STM32G411K6T6, STM32G411K6U3, STM32G411K6U6, STM32G411K8T3, STM32G411K8T6, STM32G411K8U3, STM32G411K8U6, STM32G411KBT3, STM32G411KBT6, STM32G411KBU3, STM32G411KBU6, STM32G411M6T3, STM32G411M6T6, STM32G411M8T3, STM32G411M8T6, STM32G411MBT3, STM32G411MBT6, STM32G411R6T3, STM32G411R6T6, STM32G411R8T3, STM32G411R8T6, STM32G411RBT3, STM32G411RBT6, STM32G414CBT3, STM32G414CBT6, STM32G414CBU3, STM32G414CBU6, STM32G414CCT3, STM32G414CCT6, STM32G414CCU3, STM32G414CCU6, STM32G414MBT3, STM32G414MBT6, STM32G414MCT3, STM32G414MCT6, STM32G414RBT3, STM32G414RBT6, STM32G414RCT3, STM32G414RCT6, STM32G414VBT3, STM32G414VBT6, STM32G414VCT3, STM32G414VCT6, STM32G431CBT3Z, STM32G431RBT3Z, STM32G471CCT6, STM32G471CCU6, STM32G471CET3, STM32G471CET6, STM32G471CEU3, STM32G471CEU6, STM32G471MCT6, STM32G471MET3, STM32G471MET6, STM32G471MEY6TR, STM32G471QCT6, STM32G471QET3, STM32G471RCT6, STM32G471RET3, STM32G471RET6, STM32G471VCH6, STM32G471VCI6, STM32G471VCT6, STM32G471VEH3, STM32G471VEH6, STM32G471VEI3, STM32G471VEI6, STM32G471VET3, STM32G471VET6, STM32G473QET3Z, STM32G473RET3Z, STM32G474CCT6, STM32G491RET3Z, STM32H503CBT6, STM32H503CBU6, STM32H503EBY6TR, STM32H503KBU6, STM32H503RBT6, STM32H523CCT6, STM32H523CCU6, STM32H523CET6, STM32H523CEU6, STM32H523HEY6TR, STM32H523RCT6, STM32H523RET6, STM32H523VCI6, STM32H523VCT6, STM32H523VEI6, STM32H523VET6, STM32H523ZCJ6, STM32H523ZCT6, STM32H523ZEJ6, STM32H523ZET6, STM32H533CET6, STM32H533CEU6, STM32H533HEY6TR, STM32H533RET6, STM32H533VEI6, STM32H533VET6, STM32H533ZEJ6, STM32H533ZET6, STM32H562AGI6, STM32H562AII6, STM32H562IGK6, STM32H562IGT6, STM32H562IIK6, STM32H562IIT6, STM32H562RGT6, STM32H562RGV6, STM32H562RIT6, STM32H562RIV6, STM32H562VGT6, STM32H562VIT6, STM32H562ZGT6, STM32H562ZIT6, STM32H563AGI6, STM32H563AII3Q, STM32H563AII6, STM32H563IGK6, STM32H563IGT6, STM32H563IIK3Q, STM32H563IIK6, STM32H563IIT3Q, STM32H563IIT6, STM32H563MIY3QTR, STM32H563RGT6, STM32H563RGV6, STM32H563RIT6, STM32H563RIV6, STM32H563VGT6, STM32H563VIT3Q, STM32H563VIT6, STM32H563ZGT6, STM32H563ZIT3Q, STM32H563ZIT6, STM32H573AII3Q, STM32H573AII6, STM32H573I-DK, STM32H573IIK3Q, STM32H573IIK6, STM32H573IIT3Q, STM32H573IIT6, STM32H573MIY3QTR, STM32H573RIT6, STM32H573RIV6, STM32H573VIT3Q, STM32H573VIT6, STM32H573ZIT3Q, STM32H573ZIT6, STM32H7R3A8I6, STM32H7R3I8K6, STM32H7R3I8T6, STM32H7R3L8H6, STM32H7R3L8H6H, STM32H7R3R8V6, STM32H7R3V8H6, STM32H7R3V8T6, STM32H7R3V8Y6TR, STM32H7R3Z8J6, STM32H7R3Z8T6, STM32H7R7A8I6, STM32H7R7I8K6, STM32H7R7I8T6, STM32H7R7L8H6, STM32H7R7L8H6H, STM32H7R7Z8J6, STM32H7S3A8I6, STM32H7S3I8K6, STM32H7S3I8T6, STM32H7S3L8H6, STM32H7S3L8H6H, STM32H7S3R8V6, STM32H7S3V8H6, STM32H7S3V8T6, STM32H7S3V8Y6TR, STM32H7S3Z8J6, STM32H7S3Z8T6, STM32H7S78-DK, STM32H7S7A8I6, STM32H7S7I8K6, STM32H7S7I8T6, STM32H7S7L8H6, STM32H7S7L8H6H, STM32H7S7Z8J6, STM32L4R5QGI6STR, STM32MP131AAE3, STM32MP131AAF3, STM32MP131AAG3, STM32MP131CAE3, STM32MP131CAF3, STM32MP131CAG3, STM32MP131DAE7, STM32MP131DAF7, STM32MP131DAG7, STM32MP131FAE7, STM32MP131FAF7, STM32MP131FAG7, STM32MP133AAE3, STM32MP133AAF3, STM32MP133AAG3, STM32MP133CAE3, STM32MP133CAF3, STM32MP133CAG3, STM32MP133DAE7, STM32MP133DAF7, STM32MP133DAG7, STM32MP133FAE7, STM32MP133FAF7, STM32MP133FAG7, STM32MP135AAE3, STM32MP135AAF3, STM32MP135AAG3, STM32MP135CAE3, STM32MP135CAF3, STM32MP135CAG3, STM32MP135DAE7, STM32MP135DAF7, STM32MP135DAG7, STM32MP135F-DK, STM32MP135FAE7, STM32MP135FAF7, STM32MP135FAF7T, STM32MP135FAF7U, STM32MP135FAG7, STM32MP211AAL3, STM32MP211AAM3, STM32MP211AAN3, STM32MP211AAO3, STM32MP211CAL3, STM32MP211CAM3, STM32MP211CAN3, STM32MP211CAO3, STM32MP211DAL3, STM32MP211DAM3, STM32MP211DAN3, STM32MP211DAO3, STM32MP211FAL3, STM32MP211FAM3, STM32MP211FAN3, STM32MP211FAO3, STM32MP213AAL3, STM32MP213AAM3, STM32MP213AAN3, STM32MP213AAO3, STM32MP213CAL3, STM32MP213CAM3, STM32MP213CAN3, STM32MP213CAO3, STM32MP213DAL3, STM32MP213DAM3, STM32MP213DAN3, STM32MP213DAO3, STM32MP213FAL3, STM32MP213FAM3, STM32MP213FAN3, STM32MP213FAO3, STM32MP215AAL3, STM32MP215AAM3, STM32MP215AAN3, STM32MP215AAO3, STM32MP215CAL3, STM32MP215CAM3, STM32MP215CAN3, STM32MP215CAO3, STM32MP215DAL3, STM32MP215DAM3, STM32MP215DAN3, STM32MP215DAO3, STM32MP215F-DK, STM32MP215FAL3, STM32MP215FAM3, STM32MP215FAN3, STM32MP215FAO3, STM32MP231AAJ3, STM32MP231AAK3, STM32MP231AAL3, STM32MP231CAJ3, STM32MP231CAK3, STM32MP231CAL3, STM32MP231DAJ3, STM32MP231DAK3, STM32MP231DAL3, STM32MP231FAJ3, STM32MP231FAK3, STM32MP231FAL3, STM32MP233AAJ3, STM32MP233AAK3, STM32MP233AAL3, STM32MP233CAJ3, STM32MP233CAK3, STM32MP233CAL3, STM32MP233DAJ3, STM32MP233DAK3, STM32MP233DAL3, STM32MP233FAJ3, STM32MP233FAK3, STM32MP233FAL3, STM32MP235AAJ3, STM32MP235AAK3, STM32MP235AAL3, STM32MP235CAJ3, STM32MP235CAK3, STM32MP235CAL3, STM32MP235DAJ3, STM32MP235DAK3, STM32MP235DAL3, STM32MP235FAJ3, STM32MP235FAK3, STM32MP235FAL3, STM32MP251AAI3, STM32MP251AAK3, STM32MP251AAL3, STM32MP251CAI3, STM32MP251CAK3, STM32MP251CAL3, STM32MP251DAI3, STM32MP251DAK3, STM32MP251DAL3, STM32MP251FAI3, STM32MP251FAK3, STM32MP251FAL3, STM32MP253AAI3, STM32MP253AAK3, STM32MP253AAL3, STM32MP253CAI3, STM32MP253CAK3, STM32MP253CAL3, STM32MP253DAI3, STM32MP253DAK3, STM32MP253DAL3, STM32MP253FAI3, STM32MP253FAK3, STM32MP253FAL3, STM32MP255AAI3, STM32MP255AAK3, STM32MP255AAL3, STM32MP255CAI3, STM32MP255CAK3, STM32MP255CAL3, STM32MP255DAI3, STM32MP255DAK3, STM32MP255DAL3, STM32MP255FAI3, STM32MP255FAK3, STM32MP255FAL3, STM32MP257AAI3, STM32MP257AAK3, STM32MP257AAL3, STM32MP257CAI3, STM32MP257CAK3, STM32MP257CAL3, STM32MP257DAI3, STM32MP257DAK3, STM32MP257DAL3, STM32MP257F-DK, STM32MP257F-EV1, STM32MP257FAI3, STM32MP257FAK3, STM32MP257FAL3, STM32N645A0H3Q, STM32N645B0H3Q, STM32N645I0H3Q, STM32N645L0H3Q, STM32N645X0H3Q, STM32N645Z0H3Q, STM32N647A0H3Q, STM32N647B0H3Q, STM32N647I0H3Q, STM32N647L0H3Q, STM32N647X0H3Q, STM32N647Z0H3Q, STM32N655A0H3Q, STM32N655B0H3Q, STM32N655I0H3Q, STM32N655L0H3Q, STM32N655X0H3Q, STM32N655Z0H3Q, STM32N6570-DK, STM32N657A0H3Q, STM32N657B0H3Q, STM32N657I0H3Q, STM32N657L0H3Q, STM32N657X0H3Q, STM32N657Z0H3Q, STM32U031C6T6, STM32U031C6U6, STM32U031C8T6, STM32U031C8U6, STM32U031F4P6, STM32U031F6P6, STM32U031F8P6, STM32U031G6Y6TR, STM32U031G8Y6TR, STM32U031K4U6, STM32U031K6U6, STM32U031K8U6, STM32U031R6I6, STM32U031R6T6, STM32U031R8I6, STM32U031R8T6, STM32U073C8T6, STM32U073C8U6, STM32U073CBT6, STM32U073CBU6, STM32U073CCT6, STM32U073CCU6, STM32U073H8Y6TR, STM32U073HBY6TR, STM32U073HCY6TR, STM32U073K8U6, STM32U073KBU6, STM32U073KCU6, STM32U073M8I6, STM32U073M8T6, STM32U073MBI6, STM32U073MBT6, STM32U073MCI6, STM32U073MCT6, STM32U073R8I6, STM32U073R8T6, STM32U073RBI6, STM32U073RBT6, STM32U073RCI6, STM32U073RCT6, STM32U083C-DK, STM32U083CCT6, STM32U083CCU6, STM32U083HCY6TR, STM32U083KCU6, STM32U083MCI6, STM32U083MCT6, STM32U083RCI6, STM32U083RCT6, STM32U375CET6, STM32U375CET6Q, STM32U375CEU6, STM32U375CEU6Q, STM32U375CEY6QTR, STM32U375CGT6, STM32U375CGT6Q, STM32U375CGU6, STM32U375CGU6Q, STM32U375CGY6QTR, STM32U375KEU6, STM32U375KGU6, STM32U375REI6, STM32U375REI6Q, STM32U375RET6, STM32U375RET6Q, STM32U375REY6GTR, STM32U375REY6QTR, STM32U375RGI6, STM32U375RGI6Q, STM32U375RGT6, STM32U375RGT6Q, STM32U375RGY6GTR, STM32U375RGY6QTR, STM32U375VEI6, STM32U375VEI6Q, STM32U375VET6, STM32U375VET6Q, STM32U375VGI6, STM32U375VGI6Q, STM32U375VGT6, STM32U375VGT6Q, STM32U385CGT6, STM32U385CGT6Q, STM32U385CGU6, STM32U385CGU6Q, STM32U385CGY6QTR, STM32U385KGU6, STM32U385RGI6, STM32U385RGI6Q, STM32U385RGT6, STM32U385RGT6Q, STM32U385RGY6GTR, STM32U385RGY6QTR, STM32U385VGI6, STM32U385VGI6Q, STM32U385VGT6, STM32U385VGT6Q, STM32U535CBT6, STM32U535CBT6Q, STM32U535CBU6, STM32U535CBU6Q, STM32U535CCT6, STM32U535CCT6Q, STM32U535CCU6, STM32U535CCU6Q, STM32U535CET6, STM32U535CET6Q, STM32U535CEU6, STM32U535CEU6Q, STM32U535JEY6QTR, STM32U535NCY6QTR, STM32U535NEY6QTR, STM32U535RBI6, STM32U535RBI6Q, STM32U535RBT6, STM32U535RBT6Q, STM32U535RCI6, STM32U535RCI6Q, STM32U535RCT6, STM32U535RCT6Q, STM32U535REI6, STM32U535REI6Q, STM32U535RET6, STM32U535RET6Q, STM32U535VCI6, STM32U535VCI6Q, STM32U535VCT6, STM32U535VCT6Q, STM32U535VEI6, STM32U535VEI6Q, STM32U535VET6, STM32U535VET6Q, STM32U545CET6, STM32U545CET6Q, STM32U545CEU6, STM32U545CEU6Q, STM32U545JEY6QTR, STM32U545NEY6QTR, STM32U545REI6, STM32U545REI6Q, STM32U545RET6, STM32U545RET6Q, STM32U545VEI6, STM32U545VEI6Q, STM32U545VET6, STM32U545VET6Q, STM32U595AIH6, STM32U595AIH6Q, STM32U595AJH6, STM32U595AJH6Q, STM32U595QII6, STM32U595QII6Q, STM32U595QJI6, STM32U595QJI6Q, STM32U595RIT6, STM32U595RIT6Q, STM32U595RJT6, STM32U595RJT6Q, STM32U595VIT6, STM32U595VIT6Q, STM32U595VJT6, STM32U595VJT6Q, STM32U595ZIT6, STM32U595ZIT6Q, STM32U595ZIY6QTR, STM32U595ZJT6, STM32U595ZJT6Q, STM32U595ZJY6QTR, STM32U599BJY6QTR, STM32U599NIH6Q, STM32U599NJH6Q, STM32U599VIT6Q, STM32U599VJT6, STM32U599VJT6Q, STM32U599ZIT6Q, STM32U599ZIY6QTR, STM32U599ZJT6Q, STM32U599ZJY6QTR, STM32U5A5AJH6, STM32U5A5AJH6Q, STM32U5A5QII3Q , STM32U5A5QJI6, STM32U5A5QJI6Q, STM32U5A5RJT6, STM32U5A5RJT6Q, STM32U5A5VJT6, STM32U5A5VJT6Q, STM32U5A5ZJT6, STM32U5A5ZJT6Q, STM32U5A5ZJY6QTR, STM32U5A9BJY6QTR, STM32U5A9J-DK, STM32U5A9NJH6Q, STM32U5A9VJT6Q, STM32U5A9ZJT6Q, STM32U5A9ZJY6QTR, STM32U5F7VIT6, STM32U5F7VIT6Q, STM32U5F7VJT6, STM32U5F7VJT6Q, STM32U5F9BJY6QTR, STM32U5F9NJH6Q, STM32U5F9VIT6Q, STM32U5F9VJT6Q, STM32U5F9ZIJ6QTR, STM32U5F9ZIT6Q, STM32U5F9ZJJ6QTR, STM32U5F9ZJT6Q, STM32U5G7VJT6, STM32U5G7VJT6Q, STM32U5G9BJY6QTR, STM32U5G9J-DK1, STM32U5G9J-DK2, STM32U5G9NJH6Q, STM32U5G9VJT6Q, STM32U5G9ZJJ6QTR, STM32U5G9ZJT6Q, STM32WB05KZV6TR, STM32WB05KZV7TR, STM32WB05TZF6TR, STM32WB05TZF7TR, STM32WB06CCF6TR, STM32WB06CCF7TR, STM32WB06CCV6TR, STM32WB06CCV7TR, STM32WB06KCV6TR, STM32WB06KCV7TR, STM32WB07CCF6TR, STM32WB07CCF7TR, STM32WB07CCV6TR, STM32WB07CCV7TR, STM32WB07KCV6TR, STM32WB07KCV7TR, STM32WB09KEV6TR, STM32WB09KEV7TR, STM32WB09TEF6TR, STM32WB09TEF7TR, STM32WB1MMCH6, STM32WBA50KGU6, STM32WBA50KGU6TR, STM32WBA52CEU6, STM32WBA52CEU6TR, STM32WBA52CEU7, STM32WBA52CEU7TR, STM32WBA52CGU6, STM32WBA52CGU6TR, STM32WBA52CGU6U, STM32WBA52CGU7, STM32WBA52CGU7TR, STM32WBA52KEU6, STM32WBA52KEU6TR, STM32WBA52KGU6, STM32WBA52KGU6TR, STM32WBA54CEU6, STM32WBA54CEU6TR, STM32WBA54CEU7, STM32WBA54CEU7TR, STM32WBA54CGU6, STM32WBA54CGU6TR, STM32WBA54CGU7, STM32WBA54CGU7TR, STM32WBA54KEU6, STM32WBA54KEU6TR, STM32WBA54KEU7, STM32WBA54KEU7TR, STM32WBA54KGU6, STM32WBA54KGU6TR, STM32WBA54KGU7, STM32WBA54KGU7TR, STM32WBA55CEU6, STM32WBA55CEU6TR, STM32WBA55CEU7, STM32WBA55CEU7TR, STM32WBA55CGU6, STM32WBA55CGU6TR, STM32WBA55CGU6U, STM32WBA55CGU7, STM32WBA55CGU7TR, STM32WBA55G-DK1, STM32WBA55HEF6, STM32WBA55HEF7, STM32WBA55HGF6, STM32WBA55HGF7, STM32WBA55UEI6, STM32WBA55UEI6TR, STM32WBA55UEI7, STM32WBA55UEI7TR, STM32WBA55UGI6, STM32WBA55UGI6TR, STM32WBA55UGI7, STM32WBA55UGI7TR, STM32WBA5MMGH6TR, STM32WBA62MGF6, STM32WBA62MIF6, STM32WBA65MGF7, STM32WBA65MIF6, STM32WBA65MIF7, STM32WL30K8V6, STM32WL30KBV6, STM32WL31C8V6, STM32WL31CBV6, STM32WL31K8V6, STM32WL31KBV6, STM32WL33C8V6, STM32WL33C8V6X, STM32WL33CBV6, STM32WL33CBV6X, STM32WL33CCV6, STM32WL33CCV6A, STM32WL33CCV6X, STM32WL33K8V7, STM32WL33K8V7X, STM32WL33KBV7 , STM32WL33KBV7X, STM32WL33KCV7, STM32WL33KCV7X, STM32WL5MOCH6, STM32WL5MOCH6TR]
2026-02-12 14:52:10,527 [INFO] BoardInfo:889 - No configuration file found for board P-NUCLEO-WB55
2026-02-12 14:52:10,528 [INFO] DbBoards:161 - Kit is not supported: P-NUCLEO-WB55
2026-02-12 14:52:10,532 [INFO] BoardInfo:889 - No configuration file found for board STEVAL-BFA001V1B
2026-02-12 14:52:10,533 [INFO] DbBoards:161 - Kit is not supported: STEVAL-BFA001V1B
2026-02-12 14:52:10,534 [INFO] BoardInfo:889 - No configuration file found for board STEVAL-BFA001V2B
2026-02-12 14:52:10,534 [INFO] DbBoards:161 - Kit is not supported: STEVAL-BFA001V2B
2026-02-12 14:52:10,689 [INFO] DbBoards:168 - Found 212 boards, 209 are supported
2026-02-12 14:52:10,689 [INFO] DbBoards:169 - Found 212 boards, 43 of them is supported for  Bsp
2026-02-12 14:52:10,692 [INFO] ApiDb:423 - Load user favorites file C:\Users\Hemanth Madu/.stm32cubeide/favorites.boards.txt: 0 item(s)
2026-02-12 14:52:10,693 [INFO] ApiDb:427 - User favorites Boards=[]
2026-02-12 14:52:10,693 [INFO] DbBoards:198 - Set 0 / 0 favorites Boards
2026-02-12 14:52:10,694 [INFO] McuFinderGlobals:76 - Set McuFinderConnectedMode to true
2026-02-12 14:52:10,708 [INFO] MultiScanPanel:200 - Auto-refresh data requested => check proxy status ongoing
2026-02-12 14:52:10,716 [INFO] FinderPluginLoader:96 - Searching for filters in installed packs
2026-02-12 14:52:12,881 [INFO] LoadUrlFilesThread:185 - End of LoadServerUrlFiles without Thread
2026-02-12 14:52:12,903 [INFO] DetailPanel:341 - Set advertising image to C:/Users/Hemanth Madu/STM32Cube/Repository/\en.prom-stm32c0-entry-level-graphic-0226.png
2026-02-12 14:52:13,600 [INFO] MultiScanPanel:728 - adjusting invalid saved split location: -0.1
2026-02-12 14:52:14,310 [INFO] MultiScanPanel:728 - adjusting invalid saved split location: -0.1
2026-02-12 14:52:25,793 [INFO] MultiScanPanel:200 - Auto-refresh data requested => check proxy status ongoing
2026-02-12 14:52:26,090 [INFO] LoadUrlFilesThread:185 - End of LoadServerUrlFiles without Thread
2026-02-12 14:52:26,090 [INFO] DetailPanel:341 - Set advertising image to C:/Users/Hemanth Madu/STM32Cube/Repository/\en.prom-stm32c0-entry-level-graphic-0226.png
2026-02-12 14:52:26,107 [INFO] DbBoards:642 - Loading board mini-images...
2026-02-12 14:52:35,186 [ERROR] DbBoards:659 - Image file not found for board STM32MP215F-DK: C:\Users\Hemanth Madu\.stmcufinder\plugins\mcufinder//mcu//boards_images/STM32MP215F-DK.jpg
2026-02-12 14:52:35,642 [INFO] DbBoards:665 - Loaded 211 board mini-images
2026-02-12 14:53:25,800 [INFO] MainUpdater:2872 - connection check result : 10
2026-02-12 14:53:25,801 [INFO] MainUpdater:2872 - connection check result : 10
2026-02-12 14:53:25,851 [INFO] MicroXplorer:468 - Change Database Path : 
2026-02-12 14:53:25,851 [INFO] MicroXplorer:498 - Change Database Version : DB.6.0.150
2026-02-12 14:53:25,890 [WARN] ThirdParty:871 - waiting for thirdparty lock release [close project]
2026-02-12 14:53:25,891 [INFO] ThirdParty:873 - entering critical section [close project]
2026-02-12 14:53:25,898 [INFO] ThirdParty:883 - exiting critical section [close project]
2026-02-12 14:53:25,902 [INFO] PinOutPanel:1589 - setPackage(No Configuration,No Configuration)
2026-02-12 14:53:25,904 [INFO] UtilMem:75 - Begin LoadConfig() Used Memory: 774042904 Bytes (1073741824)
2026-02-12 14:53:25,930 [INFO] OpenFileManager:355 - Change cursor
2026-02-12 14:53:26,079 [INFO] ProjectFactory:514 - No CPN specified for board NUCLEO-L476RG => set CPN to STM32L476RGT3
2026-02-12 14:53:26,080 [INFO] Mcu:2029 - Initializing MCU STM32L476R(C-E-G)Tx STM32L476RGTx STM32L476RGT3
2026-02-12 14:53:30,256 [INFO] Context:786 - Trying to add GPIOservice into a context  which must be forbidden
2026-02-12 14:53:31,546 [INFO] Rule:233 - rule 117617 - U5Cobra4M][GTZC] default value MPCBB3 and MPCBB5 - Not Secured memory - MPCBB1 is applicable
2026-02-12 14:53:31,546 [INFO] Rule:233 - rule 117617 - U5Cobra4M][GTZC] default value MPCBB3 and MPCBB5 - Not Secured memory - MPCBB1 is applicable
2026-02-12 14:53:31,546 [INFO] Rule:233 - rule 117617 - U5Cobra4M][GTZC] default value MPCBB3 and MPCBB5 - Not Secured memory - MPCBB2 is applicable
2026-02-12 14:53:31,546 [INFO] Rule:233 - rule 117617 - U5Cobra4M][GTZC] default value MPCBB3 and MPCBB5 - Not Secured memory - MPCBB2 is applicable
2026-02-12 14:53:31,546 [INFO] Rule:233 - rule 117617 - U5Cobra4M][GTZC] default value MPCBB3 and MPCBB5 - Not Secured memory - MPCBB3 is applicable
2026-02-12 14:53:31,546 [INFO] Rule:233 - rule 117617 - U5Cobra4M][GTZC] default value MPCBB3 and MPCBB5 - Not Secured memory - MPCBB3 is applicable
2026-02-12 14:53:31,546 [INFO] Rule:233 - rule 117617 - U5Cobra4M][GTZC] default value MPCBB3 and MPCBB5 - Not Secured memory - MPCBB4 is applicable
2026-02-12 14:53:31,546 [INFO] Rule:233 - rule 117617 - U5Cobra4M][GTZC] default value MPCBB3 and MPCBB5 - Not Secured memory - MPCBB4 is applicable
2026-02-12 14:53:31,546 [INFO] Rule:233 - rule 117617 - U5Cobra4M][GTZC] default value MPCBB3 and MPCBB5 - Secured memory - MPCBB1 is applicable
2026-02-12 14:53:31,546 [INFO] Rule:233 - rule 117617 - U5Cobra4M][GTZC] default value MPCBB3 and MPCBB5 - Secured memory - MPCBB2 is applicable
2026-02-12 14:53:31,546 [INFO] Rule:233 - rule 117617 - U5Cobra4M][GTZC] default value MPCBB3 and MPCBB5 - Secured memory - MPCBB3 is applicable
2026-02-12 14:53:31,547 [INFO] Rule:233 - rule 117617 - U5Cobra4M][GTZC] default value MPCBB3 and MPCBB5 - Secured memory - MPCBB4 is applicable
2026-02-12 14:53:31,547 [INFO] Rule:233 - rule 117617 - U5Cobra4M][GTZC] default value MPCBB3 and MPCBB5 - Privileged memory - MPCBB1 is applicable
2026-02-12 14:53:31,547 [INFO] Rule:233 - rule 117617 - U5Cobra4M][GTZC] default value MPCBB3 and MPCBB5 - Privileged memory - MPCBB2 is applicable
2026-02-12 14:53:31,547 [INFO] Rule:233 - rule 117617 - U5Cobra4M][GTZC] default value MPCBB3 and MPCBB5 - Privileged memory - MPCBB3 is applicable
2026-02-12 14:53:31,547 [INFO] Rule:233 - rule 117617 - U5Cobra4M][GTZC] default value MPCBB3 and MPCBB5 - Privileged memory - MPCBB4 is applicable
2026-02-12 14:53:31,547 [INFO] Rule:233 - rule 117617 - U5Cobra4M][GTZC] default value MPCBB3 and MPCBB5 - Not Privileged memory - MPCBB1 is applicable
2026-02-12 14:53:31,548 [INFO] Rule:233 - rule 117617 - U5Cobra4M][GTZC] default value MPCBB3 and MPCBB5 - Not Privileged memory - MPCBB2 is applicable
2026-02-12 14:53:31,548 [INFO] Rule:233 - rule 117617 - U5Cobra4M][GTZC] default value MPCBB3 and MPCBB5 - Not Privileged memory - MPCBB3 is applicable
2026-02-12 14:53:31,548 [INFO] Rule:233 - rule 117617 - U5Cobra4M][GTZC] default value MPCBB3 and MPCBB5 - Not Privileged memory - MPCBB4 is applicable
2026-02-12 14:53:31,548 [INFO] Rule:233 - rule 117617 - U5Cobra4M][GTZC] default value MPCBB3 and MPCBB5 - Privileged memory - MPCBB1 is applicable
2026-02-12 14:53:31,548 [INFO] Rule:233 - rule 117617 - U5Cobra4M][GTZC] default value MPCBB3 and MPCBB5 - Privileged memory - MPCBB2 is applicable
2026-02-12 14:53:31,548 [INFO] Rule:233 - rule 117617 - U5Cobra4M][GTZC] default value MPCBB3 and MPCBB5 - Privileged memory - MPCBB3 is applicable
2026-02-12 14:53:31,548 [INFO] Rule:233 - rule 117617 - U5Cobra4M][GTZC] default value MPCBB3 and MPCBB5 - Privileged memory - MPCBB4 is applicable
2026-02-12 14:53:31,548 [INFO] Rule:233 - rule 117617 - U5Cobra4M][GTZC] default value MPCBB3 and MPCBB5 - Privileged memory - MPCBB1 is applicable
2026-02-12 14:53:31,548 [INFO] Rule:233 - rule 117617 - U5Cobra4M][GTZC] default value MPCBB3 and MPCBB5 - Privileged memory - MPCBB2 is applicable
2026-02-12 14:53:31,548 [INFO] Rule:233 - rule 117617 - U5Cobra4M][GTZC] default value MPCBB3 and MPCBB5 - Privileged memory - MPCBB3 is applicable
2026-02-12 14:53:31,548 [INFO] Rule:233 - rule 117617 - U5Cobra4M][GTZC] default value MPCBB3 and MPCBB5 - Privileged memory - MPCBB4 is applicable
2026-02-12 14:53:31,548 [INFO] Rule:233 - rule 117617 - U5Cobra4M][GTZC] default value MPCBB3 and MPCBB5 - Not Privileged memory - MPCBB1 is applicable
2026-02-12 14:53:31,548 [INFO] Rule:233 - rule 117617 - U5Cobra4M][GTZC] default value MPCBB3 and MPCBB5 - Not Privileged memory - MPCBB2 is applicable
2026-02-12 14:53:31,548 [INFO] Rule:233 - rule 117617 - U5Cobra4M][GTZC] default value MPCBB3 and MPCBB5 - Not Privileged memory - MPCBB3 is applicable
2026-02-12 14:53:31,549 [INFO] Rule:233 - rule 117617 - U5Cobra4M][GTZC] default value MPCBB3 and MPCBB5 - Not Privileged memory - MPCBB4 is applicable
2026-02-12 14:53:31,549 [INFO] Rule:233 - rule 117617 - U5Cobra4M][GTZC] default value MPCBB3 and MPCBB5 - Privileged memory - MPCBB1 is applicable
2026-02-12 14:53:31,549 [INFO] Rule:233 - rule 117617 - U5Cobra4M][GTZC] default value MPCBB3 and MPCBB5 - Privileged memory - MPCBB2 is applicable
2026-02-12 14:53:31,549 [INFO] Rule:233 - rule 117617 - U5Cobra4M][GTZC] default value MPCBB3 and MPCBB5 - Privileged memory - MPCBB3 is applicable
2026-02-12 14:53:31,549 [INFO] Rule:233 - rule 117617 - U5Cobra4M][GTZC] default value MPCBB3 and MPCBB5 - Privileged memory - MPCBB4 is applicable
2026-02-12 14:53:31,549 [INFO] Rule:233 - rule Rename SubGHz_Phy SUBGHZ_APPLICATION SUBGHZ_PINGPONG to SUBGHZ_ADV_APPLICATION is applicable
2026-02-12 14:53:31,549 [INFO] Rule:233 - rule Rename Enabled to IBEACON is applicable
2026-02-12 14:53:31,549 [INFO] Rule:233 - rule GTZC_S instance for project manager is applicable
2026-02-12 14:53:31,550 [INFO] Rule:233 - rule GTZC_S instance for context M33S is applicable
2026-02-12 14:53:31,550 [INFO] Rule:233 - rule GTZC_S instance value for IP GTZC is applicable
2026-02-12 14:53:31,550 [INFO] Rule:233 - rule GTZC_S instance for mcu.IP is applicable
2026-02-12 14:53:31,550 [INFO] Rule:233 - rule GTZC_S instance for VP is applicable
2026-02-12 14:53:31,550 [INFO] Rule:233 - rule GTZC_S instance for signal is applicable
2026-02-12 14:53:31,550 [INFO] Rule:233 - rule GTZC_S instance for mcu.Pin is applicable
2026-02-12 14:53:31,550 [INFO] Rule:233 - rule GTZC_S instance for VP is applicable
2026-02-12 14:53:31,550 [INFO] Rule:233 - rule GTZC_S instance for signal is applicable
2026-02-12 14:53:31,550 [INFO] Rule:233 - rule GTZC_S instance for mcu is applicable
2026-02-12 14:53:31,550 [INFO] Rule:233 - rule GTZC_S instance for mcu.Pin is applicable
2026-02-12 14:53:31,550 [INFO] Rule:233 - rule GTZC_S instance value for IP GTZC is applicable
2026-02-12 14:53:31,550 [INFO] Rule:233 - rule GTZC_S instance for project manager is applicable
2026-02-12 14:53:31,550 [INFO] Rule:233 - rule GTZC_S instance for context M33S is applicable
2026-02-12 14:53:31,550 [INFO] Rule:233 - rule GTZC_S instance for VP is applicable
2026-02-12 14:53:31,550 [INFO] Rule:233 - rule GTZC_S instance for signal is applicable
2026-02-12 14:53:31,551 [INFO] Rule:233 - rule SPDIFRX instance for mcu is applicable
2026-02-12 14:53:31,551 [INFO] Rule:233 - rule Rename Tracer Mode is applicable
2026-02-12 14:53:31,551 [INFO] Rule:233 - rule SPDIFRX instance value for IP SPDIFRX is applicable
2026-02-12 14:53:31,551 [INFO] Rule:233 - rule SPDIFRX instance for signal is applicable
2026-02-12 14:53:31,551 [INFO] Rule:233 - rule SPDIFRX instance for project manager is applicable
2026-02-12 14:53:31,552 [INFO] Rule:233 - rule SPDIFRX instance for project manager is applicable
2026-02-12 14:53:31,552 [INFO] Rule:233 - rule ADC Scan  fix with FW F7 is applicable
2026-02-12 14:53:31,552 [INFO] Rule:233 - rule ADC Scan  fix with FW F7 is applicable
2026-02-12 14:53:31,552 [INFO] Rule:233 - rule WakeUp0 Mode is applicable
2026-02-12 14:53:31,552 [INFO] Rule:233 - rule WakeUp0 SIGNAL is applicable
2026-02-12 14:53:31,552 [INFO] Rule:233 - rule WakeUp1 Mode is applicable
2026-02-12 14:53:31,552 [INFO] Rule:233 - rule WakeUp1 SIGNAL is applicable
2026-02-12 14:53:31,552 [INFO] Rule:233 - rule WakeUp2 Mode is applicable
2026-02-12 14:53:31,552 [INFO] Rule:233 - rule WakeUp2 SIGNAL is applicable
2026-02-12 14:53:31,552 [INFO] Rule:233 - rule WakeUp4 Mode is applicable
2026-02-12 14:53:31,552 [INFO] Rule:233 - rule WakeUp4 SIGNAL is applicable
2026-02-12 14:53:31,552 [INFO] Rule:233 - rule WakeUp5 Mode is applicable
2026-02-12 14:53:31,552 [INFO] Rule:233 - rule WakeUp5 SIGNAL is applicable
2026-02-12 14:53:31,552 [INFO] Rule:233 - rule Add RTC Activate Clock Source is applicable
2026-02-12 14:53:31,552 [INFO] Rule:233 - rule Add RTC Activate Calendar 1 is applicable
2026-02-12 14:53:31,552 [INFO] Rule:233 - rule Add RTC Activate Calendar 2 is applicable
2026-02-12 14:53:31,552 [INFO] Rule:233 - rule Add RTC Activate Calendar 3 is applicable
2026-02-12 14:53:31,552 [INFO] Rule:233 - rule UART/USART TX Mode is applicable
2026-02-12 14:53:31,552 [INFO] Rule:233 - rule UART/USART RX Mode is applicable
2026-02-12 14:53:31,552 [INFO] Rule:233 - rule UART/USART RX TX Mode is applicable
2026-02-12 14:53:31,553 [INFO] Rule:233 - rule UART/USART PARITY NONE is applicable
2026-02-12 14:53:31,553 [INFO] Rule:233 - rule UART/USART PARITY EVEN is applicable
2026-02-12 14:53:31,553 [INFO] Rule:233 - rule UART/USART PARITY ODD is applicable
2026-02-12 14:53:31,553 [INFO] Rule:233 - rule USART StopBits 1 is applicable
2026-02-12 14:53:31,553 [INFO] Rule:233 - rule USART StopBits 2 is applicable
2026-02-12 14:53:31,553 [INFO] Rule:233 - rule USART StopBits 1.5 is applicable
2026-02-12 14:53:31,553 [INFO] Rule:233 - rule USART StopBits 0.5 is applicable
2026-02-12 14:53:31,553 [INFO] Rule:233 - rule UART/USART WORD LENGTH 7 is applicable
2026-02-12 14:53:31,553 [INFO] Rule:233 - rule UART/USART WORD LENGTH 8 is applicable
2026-02-12 14:53:31,553 [INFO] Rule:233 - rule UART/USART WORD LENGTH 9 is applicable
2026-02-12 14:53:31,553 [INFO] Rule:233 - rule Rename FMC NAND NCE signal is applicable
2026-02-12 14:53:31,553 [INFO] Rule:233 - rule Rename FMC NAND INT signal is applicable
2026-02-12 14:53:31,553 [INFO] Rule:233 - rule Change Default Value for LSE Drive Capability for WB family is applicable
2026-02-12 14:53:31,553 [INFO] Rule:233 - rule Change Default Value for ADC Clock Prescaler G0 family is applicable
2026-02-12 14:53:31,553 [INFO] Rule:233 - rule Change Default Value for ADC ExternalTrigConv L4 family is applicable
2026-02-12 14:53:31,554 [INFO] Rule:233 - rule Change Default Value for ADC ExternalTrigInjecConv L4 family is applicable
2026-02-12 14:53:31,554 [INFO] Rule:233 - rule Change Default Value for ADC ExternalTrigConv F3 family is applicable
2026-02-12 14:53:31,554 [INFO] Rule:233 - rule Change Default Value for ADC ExternalTrigInjecConv F3 family is applicable
2026-02-12 14:53:31,554 [INFO] Rule:233 - rule Change Default Value for ADC ExternalTrigConv Goldfish serie is applicable
2026-02-12 14:53:31,554 [INFO] Rule:233 - rule Change Default Value for ADC ExternalTrigInjecConv Goldfish serie is applicable
2026-02-12 14:53:31,554 [INFO] Rule:233 - rule Change Default Value for ADC ExternalTrigConv L0 family is applicable
2026-02-12 14:53:31,554 [INFO] Rule:233 - rule Change Default Value for ADC ExternalTrigConv F0 family is applicable
2026-02-12 14:53:31,554 [INFO] Rule:233 - rule Change Default Value for ADC ExternalTrigConvn L1 family is applicable
2026-02-12 14:53:31,554 [INFO] Rule:233 - rule Change Default Value for ADC ExternalTrigInjecConv L1 family is applicable
2026-02-12 14:53:31,554 [INFO] Rule:233 - rule Change Default Value for ADC ExternalTrigConv F1 family is applicable
2026-02-12 14:53:31,554 [INFO] Rule:233 - rule Change Default Value for ADC ExternalTrigInjecConv F1 family is applicable
2026-02-12 14:53:31,554 [INFO] Rule:233 - rule Change Default Value for ADC ExternalTrigConv F7 family is applicable
2026-02-12 14:53:31,554 [INFO] Rule:233 - rule Change Default Value for ADC ExternalTrigInjecConv F7 family is applicable
2026-02-12 14:53:31,554 [INFO] Rule:233 - rule Change Default Value for ADC ExternalTrigConv F4 and F2 family is applicable
2026-02-12 14:53:31,554 [INFO] Rule:233 - rule Change Default Value for ADC ExternalTrigInjecConv F4 and F2 family is applicable
2026-02-12 14:53:31,554 [INFO] Rule:233 - rule ADC SamplingTime fix with FW L0  is applicable
2026-02-12 14:53:31,554 [INFO] Rule:233 - rule ADC SamplingTime fix with FW L0  is applicable
2026-02-12 14:53:31,555 [INFO] Rule:233 - rule ADC SamplingTime fix with FW L0 is applicable
2026-02-12 14:53:31,555 [INFO] Rule:233 - rule ADC SamplingTime fix with FW L0 is applicable
2026-02-12 14:53:31,555 [INFO] Rule:233 - rule ADC SamplingTime fix with FW L0  is applicable
2026-02-12 14:53:31,555 [INFO] Rule:233 - rule ADC SamplingTime fix with FW L0 is applicable
2026-02-12 14:53:31,555 [INFO] Rule:233 - rule Rename USB_OE Signal is applicable
2026-02-12 14:53:31,555 [INFO] Rule:233 - rule Rename Activate_OE Mode is applicable
2026-02-12 14:53:31,555 [INFO] Rule:233 - rule Rename DIE462/DIE415 pin PC14/OSC32_IN -> PC14-OSC32_IN (PC14) is applicable
2026-02-12 14:53:31,555 [INFO] Rule:233 - rule Rename DIE462/DIE415 pin PC15/OSC32_OUT -> PC15-OSC32_OUT (PC15) is applicable
2026-02-12 14:53:31,555 [INFO] Rule:233 - rule Rename DIE462/DIE415 pin PH0/OSC_IN -> PH0-OSC_IN (PH0) is applicable
2026-02-12 14:53:31,555 [INFO] Rule:233 - rule Rename DIE462/DIE415 pin PH1/OSC_OUT -> PH1-OSC_OUT (PH1) is applicable
2026-02-12 14:53:31,555 [INFO] Rule:233 - rule Rename DIE462 pin PA13 -> PA13 (JTMS/SWDIO) is applicable
2026-02-12 14:53:31,555 [INFO] Rule:233 - rule Rename DIE415 pin PA13 -> PA13 (JTMS/SWDIO) is applicable
2026-02-12 14:53:31,555 [INFO] Rule:233 - rule Rename DIE462 pin PA14 -> PA14 (JTCK/SWCLK) is applicable
2026-02-12 14:53:31,555 [INFO] Rule:233 - rule Rename DIE415 pin PA14 -> PA14 (JTCK/SWCLK) is applicable
2026-02-12 14:53:31,555 [INFO] Rule:233 - rule Rename DIE462/DIE415 pin PA15 -> PA15 (JTDI) is applicable
2026-02-12 14:53:31,555 [INFO] Rule:233 - rule Rename DIE462 pin PB3 -> PB3 (JTD0/TRACESWO) is applicable
2026-02-12 14:53:31,555 [INFO] Rule:233 - rule Rename DIE415 pin PB3 -> PB3 (JTD0-TRACESWO) is applicable
2026-02-12 14:53:31,555 [INFO] Rule:233 - rule Rename DIE462/DIE415 pin PB4 -> PB4 (NJTRST) is applicable
2026-02-12 14:53:31,556 [INFO] Rule:233 - rule Rename DIE462 pin PH3/BOOT0 -> PH3-BOOT0 (BOOT0) is applicable
2026-02-12 14:53:31,556 [INFO] Rule:233 - rule Rename CRYP DataEncryptionTypesList to Algorithm is applicable
2026-02-12 14:53:31,556 [INFO] Rule:233 - rule Rename AES DataEncryptionTypesList to Algorithm is applicable
2026-02-12 14:53:31,556 [INFO] Rule:233 - rule Rename TDESECB to CRYP_TDES_ECB is applicable
2026-02-12 14:53:31,556 [INFO] Rule:233 - rule Rename TDESCBC to CRYP_TDES_CBC is applicable
2026-02-12 14:53:31,556 [INFO] Rule:233 - rule Rename DESECB to CRYP_DES_ECB is applicable
2026-02-12 14:53:31,556 [INFO] Rule:233 - rule Rename DESCBC to CRYP_DES_CBC is applicable
2026-02-12 14:53:31,556 [INFO] Rule:233 - rule Rename AESECB to CRYP_AES_ECB is applicable
2026-02-12 14:53:31,556 [INFO] Rule:233 - rule Rename AESCBC to CRYP_AES_CBC is applicable
2026-02-12 14:53:31,556 [INFO] Rule:233 - rule Rename AESCTR to CRYP_AES_CTR is applicable
2026-02-12 14:53:31,556 [INFO] Rule:233 - rule Rename AESGCM to CRYP_AES_GCM is applicable
2026-02-12 14:53:31,556 [INFO] Rule:233 - rule Rename AESCCM to CRYP_AES_CCM is applicable
2026-02-12 14:53:31,556 [INFO] Rule:233 - rule Rename CAN TimeSeg1 to BS1 is applicable
2026-02-12 14:53:31,556 [INFO] Rule:233 - rule Rename CAN TimeSeg2 to BS2 is applicable
2026-02-12 14:53:31,556 [INFO] Rule:233 - rule Rename CAN SyncJumpWidth to SJW is applicable
2026-02-12 14:53:31,556 [INFO] Rule:233 - rule TimeTriggeredMode to TTCM is applicable
2026-02-12 14:53:31,556 [INFO] Rule:233 - rule Rename CAN AutoBusOff to ABOM is applicable
2026-02-12 14:53:31,556 [INFO] Rule:233 - rule Rename CAN AutoWakeUp to AWUM is applicable
2026-02-12 14:53:31,556 [INFO] Rule:233 - rule Rename CAN AutoRetransmission to NART is applicable
2026-02-12 14:53:31,557 [INFO] Rule:233 - rule Rename CAN ReceiveFifoLocked to RFLM is applicable
2026-02-12 14:53:31,557 [INFO] Rule:233 - rule Rename CAN TransmitFifoPriority to TXFP is applicable
2026-02-12 14:53:31,557 [INFO] Rule:233 - rule Rename HRTIMER HRTIM_OUTPUTFAULTLEVEL_HIGH in HRTIMER HRTIM_OUTPUTFAULTLEVEL_HIGHZ is applicable
2026-02-12 14:53:31,557 [INFO] Rule:233 - rule Rename TIMER TIM_CLEARINPUTSOURCE_OCREFCLR in  TIMER TIM_CLEARINPUTSOURCE_NONE for F7 family is applicable
2026-02-12 14:53:31,557 [INFO] Rule:233 - rule FDCAN_R1 - Rename FDCAN mode Master into Classic is applicable
2026-02-12 14:53:31,557 [INFO] Rule:233 - rule FDCAN_R2 - Rename FDCAN mode Slave into Classic is applicable
2026-02-12 14:53:31,557 [INFO] Rule:233 - rule FDCAN1_R3 - if PA10.Mode=FullDuplex, add Pin PA12 is applicable
2026-02-12 14:53:31,557 [INFO] Rule:233 - rule FDCAN1_R3 - if PA9.Mode=FullDuplex, add Pin PA11 is applicable
2026-02-12 14:53:31,557 [INFO] Rule:233 - rule FDCAN1_R3 - Alternatepin_1 - if PE1.Mode=FullDuplex, add Pin PB9 is applicable
2026-02-12 14:53:31,557 [INFO] Rule:233 - rule FDCAN1_R3 - Alternatepin_1 - if PE0.Mode=FullDuplex, add Pin PB8 is applicable
2026-02-12 14:53:31,557 [INFO] Rule:233 - rule FDCAN1_R3 - Alternatepin_2 - if PD5.Mode=FullDuplex, add Pin PD1 is applicable
2026-02-12 14:53:31,557 [INFO] Rule:233 - rule FDCAN1_R3 - Alternatepin_2 - if PD4.Mode=FullDuplex, add Pin PD0 is applicable
2026-02-12 14:53:31,558 [INFO] Rule:233 - rule FDCAN1_R4 - Rename Mode FullDuplex into Enable FDCAN_TXFD for pin PA10 is applicable
2026-02-12 14:53:31,558 [INFO] Rule:233 - rule FDCAN1_R4 - Rename Mode FullDuplex into Enable FDCAN_TXFD for pin PA9 is applicable
2026-02-12 14:53:31,558 [INFO] Rule:233 - rule FDCAN1_R4 - Alternatepin_1 - Rename Mode FullDuplex into Enable FDCAN_TXFD for pin PE1 is applicable
2026-02-12 14:53:31,558 [INFO] Rule:233 - rule FDCAN1_R4 - Alternatepin_1 - Rename Mode FullDuplex into Enable FDCAN_TXFD for pin PE0 is applicable
2026-02-12 14:53:31,558 [INFO] Rule:233 - rule FDCAN1_R4 - Alternatepin_2 - Rename Mode FullDuplex into Enable FDCAN_TXFD for pin PD5 is applicable
2026-02-12 14:53:31,558 [INFO] Rule:233 - rule FDCAN1_R4 - Alternatepin_2 - Rename Mode FullDuplex into Enable FDCAN_TXFD for pin PD4 is applicable
2026-02-12 14:53:31,558 [INFO] Rule:233 - rule FDCAN2_R3 - if PD10.Mode=FullDuplex, add Pin PB13 is applicable
2026-02-12 14:53:31,558 [INFO] Rule:233 - rule FDCAN2_R3 - if PD9.Mode=FullDuplex, add Pin PB12 is applicable
2026-02-12 14:53:31,558 [INFO] Rule:233 - rule FDCAN2_R3 - Alternatepin_1 - if PB7.Mode=FullDuplex, add Pin PB6 is applicable
2026-02-12 14:53:31,558 [INFO] Rule:233 - rule FDCAN2_R3 - Alternatepin_1 - if PD9.Mode=FullDuplex, add Pin PB12 is applicable
2026-02-12 14:53:31,558 [INFO] Rule:233 - rule FDCAN2_R4 - Rename Mode FullDuplex into Enable FDCAN_TXFD for pin PD10 is applicable
2026-02-12 14:53:31,558 [INFO] Rule:233 - rule FDCAN2_R4 - Rename Mode FullDuplex into Enable FDCAN_TXFD for pin PD9 is applicable
2026-02-12 14:53:31,558 [INFO] Rule:233 - rule FDCAN2_R4 - Alternatepin_1 - Rename Mode FullDuplex into Enable FDCAN_TXFD for pin PB7 is applicable
2026-02-12 14:53:31,558 [INFO] Rule:233 - rule FDCAN2_R4 - Alternatepin_1 - Rename Mode FullDuplex into Enable FDCAN_TXFD for pin PD6 is applicable
2026-02-12 14:53:31,558 [INFO] Rule:233 - rule USART TxPinLevelInvertParam Mode is applicable
2026-02-12 14:53:31,558 [INFO] Rule:233 - rule USART RxPinLevelInvertParam Mode is applicable
2026-02-12 14:53:31,558 [INFO] Rule:233 - rule USART DataInvertParam Mode is applicable
2026-02-12 14:53:31,558 [INFO] Rule:233 - rule USART SwapParam Mode is applicable
2026-02-12 14:53:31,559 [INFO] Rule:233 - rule USART OverrunDisableParam Mode is applicable
2026-02-12 14:53:31,559 [INFO] Rule:233 - rule USART DMADisableonRxErrorParam Mode is applicable
2026-02-12 14:53:31,559 [INFO] Rule:233 - rule USART MSBFirstParam Mode is applicable
2026-02-12 14:53:31,559 [INFO] Rule:233 - rule Update MwName for USB_DEVICE is applicable
2026-02-12 14:53:31,559 [INFO] Rule:233 - rule Change PWR_Regulator_Voltage_Scale Default Value for RCC  H7 family is applicable
2026-02-12 14:53:31,559 [INFO] Rule:233 - rule UART/USART IPParameter rename Prescaler parameter to ClockPrescaler is applicable
2026-02-12 14:53:31,559 [INFO] Rule:233 - rule UART/USART Prescaler rename Prescaler parameter to ClockPrescaler is applicable
2026-02-12 14:53:31,559 [INFO] Rule:233 - rule TIM1CLockSelection is applicable
2026-02-12 14:53:31,559 [INFO] Rule:233 - rule TIM15CLockSelection is applicable
2026-02-12 14:53:31,559 [INFO] Rule:233 - rule align RCC SDMMC3CLockSelection default value on MP1 is applicable
2026-02-12 14:53:31,560 [INFO] Rule:233 - rule align RCC SDMMC12CLockSelection default value on MP1 is applicable
2026-02-12 14:53:31,560 [INFO] Rule:233 - rule align RCC QSPICLockSelection default value on MP1 is applicable
2026-02-12 14:53:31,560 [INFO] Rule:233 - rule align RCC QSPICLockSelection default value on MP1 is applicable
2026-02-12 14:53:31,560 [INFO] Rule:233 - rule align RCC SPI6CLockSelection default value on MP1 is applicable
2026-02-12 14:53:31,560 [INFO] Rule:233 - rule align RCC LPTIM23CLockSelection default value on MP1 is applicable
2026-02-12 14:53:31,560 [INFO] Rule:233 - rule align RCC LPTIM1CLockSelection default value on MP1 is applicable
2026-02-12 14:53:31,560 [INFO] Rule:233 - rule align RCC USART1CLockSelection default value on MP1 is applicable
2026-02-12 14:53:31,560 [INFO] Rule:233 - rule align RCC USART24CLockSelection default value on MP1 is applicable
2026-02-12 14:53:31,560 [INFO] Rule:233 - rule align RCC USART6CLockSelection default value on MP1 is applicable
2026-02-12 14:53:31,560 [INFO] Rule:233 - rule align RCC UART78CLockSelection default value on MP1 is applicable
2026-02-12 14:53:31,561 [INFO] Rule:233 - rule align RCC USART35CLockSelection default value on MP1 is applicable
2026-02-12 14:53:31,561 [INFO] Rule:233 - rule align RCC SPI45CLockSelection default value on MP1 is applicable
2026-02-12 14:53:31,561 [INFO] Rule:233 - rule align RCC I2C46CLockSelection BCLK value on MP1 is applicable
2026-02-12 14:53:31,561 [INFO] Rule:233 - rule align RCC SPI45CLockSelection default value on MP1 is applicable
2026-02-12 14:53:31,561 [INFO] Rule:233 - rule align RCC I2C12CLockSelection default value on MP1 is applicable
2026-02-12 14:53:31,561 [INFO] Rule:233 - rule align RCC I2C35CLockSelection default value on MP1 is applicable
2026-02-12 14:53:31,561 [INFO] Rule:233 - rule align RCC LPTIM45CLockSelection default value on MP1 is applicable
2026-02-12 14:53:31,561 [INFO] Rule:233 - rule Rename DCMI PIXCK signal is applicable
2026-02-12 14:53:31,561 [INFO] Rule:233 - rule Change Default Value for I2C46CLockSelection MP1 family is applicable
2026-02-12 14:53:31,561 [INFO] Rule:233 - rule Change Default Value for UART for G4, G0 and WB families is applicable
2026-02-12 14:53:31,561 [INFO] Rule:233 - rule Change Default Value for USART for G4, G0 and WB families is applicable
2026-02-12 14:53:31,561 [INFO] Rule:233 - rule Change Default Value for USART for G4 family is applicable
2026-02-12 14:53:31,561 [INFO] Rule:233 - rule Change USART1CLockSelection refparam name for MP1 is applicable
2026-02-12 14:53:31,561 [INFO] Rule:233 - rule Change USART2CLockSelection refparam name for MP1 is applicable
2026-02-12 14:53:31,561 [INFO] Rule:233 - rule Change USART3CLockSelection refparam name for MP1 is applicable
2026-02-12 14:53:31,561 [INFO] Rule:233 - rule Change UART4CLockSelection refparam name for MP1 is applicable
2026-02-12 14:53:31,561 [INFO] Rule:233 - rule Change UART5CLockSelection refparam name for MP1 is applicable
2026-02-12 14:53:31,562 [INFO] Rule:233 - rule Change LPUART1CLockSelection refparam name for MP1 is applicable
2026-02-12 14:53:31,562 [INFO] Rule:233 - rule Change LPTIM1CLockSelection refparam name for MP1 is applicable
2026-02-12 14:53:31,562 [INFO] Rule:233 - rule Change LPTIM2CLockSelection refparam name for MP1 is applicable
2026-02-12 14:53:31,562 [INFO] Rule:233 - rule Change RCC_MCO1Source refparam name for MP1 is applicable
2026-02-12 14:53:31,562 [INFO] Rule:233 - rule Change LSCOSource1 refparam name for MP1 is applicable
2026-02-12 14:53:31,562 [INFO] Rule:233 - rule Change SMPSCLockSelection refparam name for MP1 is applicable
2026-02-12 14:53:31,562 [INFO] Rule:233 - rule Change LPTIM3CLockSelection refparam name for MP1 is applicable
2026-02-12 14:53:31,562 [INFO] Rule:233 - rule Change MPCBB* Default Template Mode to Parameters is applicable
2026-02-12 14:53:31,562 [INFO] Rule:233 - rule Change MPCWM* or MPCBB* Secure Mode to Parameters is applicable
2026-02-12 14:53:31,562 [INFO] Rule:233 - rule Change MPCWM* or MPCBB* No Secure Mode to Parameters is applicable
2026-02-12 14:53:31,562 [INFO] Rule:233 - rule Change TZSC IP Secure Mode to Parameters is applicable
2026-02-12 14:53:31,562 [INFO] Rule:233 - rule Change TZSC IP No Secure Mode to Parameters is applicable
2026-02-12 14:53:31,562 [INFO] Rule:233 - rule Change TZSC IP Privilege Mode to Parameters is applicable
2026-02-12 14:53:31,562 [INFO] Rule:233 - rule Change TZSC IP No Privilege Mode to Parameters is applicable
2026-02-12 14:53:31,562 [INFO] Rule:233 - rule Change TZIC IT Secure Mode to Parameters is applicable
2026-02-12 14:53:31,562 [INFO] Rule:233 - rule Change TZIC IT No Secure Mode to Parameters is applicable
2026-02-12 14:53:31,563 [INFO] Rule:233 - rule Add MPCBB1_NonSecureArea_Start_Address value with referenced to MPCBB1_NonSecureArea_Start value is applicable
2026-02-12 14:53:31,563 [INFO] Rule:233 - rule Add MPCBB2_NonSecureArea_Start_Address value with referenced to MPCBB2_NonSecureArea_Start value is applicable
2026-02-12 14:53:31,563 [INFO] Rule:233 - rule Add MPCWM1_NonSecureArea*_Start_Address value with referenced to MPCWM1_NonSecureArea*_Start value is applicable
2026-02-12 14:53:31,563 [INFO] Rule:233 - rule Add MPCWM2_NonSecureArea*_Start_Address value with referenced to MPCWM2_NonSecureArea*_Start value is applicable
2026-02-12 14:53:31,563 [INFO] Rule:233 - rule Add MPCWM3_NonSecureArea_Start_Address value with referenced to MPCWM3_NonSecureArea_Start value is applicable
2026-02-12 14:53:31,563 [INFO] Rule:233 - rule Change Default Value for PLL1UserDefinedConfig is applicable
2026-02-12 14:53:31,563 [INFO] Rule:233 - rule Change GPIO_PuPd Default Value for USART in async mode is applicable
2026-02-12 14:53:31,563 [INFO] Rule:233 - rule Change SMPSDivider Default Value is applicable
2026-02-12 14:53:31,563 [INFO] Rule:233 - rule OPAMP is applicable
2026-02-12 14:53:31,563 [INFO] Rule:233 - rule LPUART IPParameter rename Prescaler parameter to ClockPrescaler for STM32H7 is applicable
2026-02-12 14:53:31,563 [INFO] Rule:233 - rule LPUART IPParameter rename Prescaler parameter to ClockPrescaler for STM32H7 is applicable
2026-02-12 14:53:31,563 [INFO] Rule:233 - rule LPUART IPParameter rename Prescaler parameter to ClockPrescaler for STM32WB is applicable
2026-02-12 14:53:31,563 [INFO] Rule:233 - rule LPUART IPParameter rename Prescaler parameter to ClockPrescaler for STM32WB is applicable
2026-02-12 14:53:31,563 [INFO] Rule:233 - rule LPUART IPParameter rename Prescaler parameter to ClockPrescaler for STM32G4 is applicable
2026-02-12 14:53:31,563 [INFO] Rule:233 - rule LPUART IPParameter rename Prescaler parameter to ClockPrescaler for STM32G4 is applicable
2026-02-12 14:53:31,563 [INFO] Rule:233 - rule LPUART IPParameter rename Prescaler parameter to ClockPrescaler for STM32L5 is applicable
2026-02-12 14:53:31,563 [INFO] Rule:233 - rule LPUART IPParameter rename Prescaler parameter to ClockPrescaler for STM32L5 is applicable
2026-02-12 14:53:31,563 [INFO] Rule:233 - rule LPUART IPParameter rename Prescaler parameter to ClockPrescaler for STM32G4 is applicable
2026-02-12 14:53:31,564 [INFO] Rule:233 - rule LPUART IPParameter rename Prescaler parameter to ClockPrescaler for STM32G4 is applicable
2026-02-12 14:53:31,564 [INFO] Rule:233 - rule USB device lib V2.5.3 for L0 rename USBD_SUPPORT_USER_STRING parameter to USBD_SUPPORT_USER_STRING_DESC4 is applicable
2026-02-12 14:53:31,564 [INFO] Rule:233 - rule I2SCLockSelection clock entry align is applicable
2026-02-12 14:53:31,564 [INFO] Rule:233 - rule Assign TIMx context if used as SYS timebase is applicable
2026-02-12 14:53:31,564 [INFO] Rule:233 - rule Change GPIO_Pu Default Value for I2C is applicable
2026-02-12 14:53:31,564 [INFO] Rule:233 - rule Change GPIO_Pu Default Value for SMBus is applicable
2026-02-12 14:53:31,564 [INFO] Rule:233 - rule change FDCAN default value is applicable
2026-02-12 14:53:31,564 [INFO] Rule:233 - rule Change mode sai is applicable
2026-02-12 14:53:31,564 [INFO] Rule:233 - rule **Change sai mode is applicable
2026-02-12 14:53:31,564 [INFO] Rule:233 - rule Rename STM32WPAN CFG_BLE_IRK to CFG_BLE_IR is applicable
2026-02-12 14:53:31,564 [INFO] Rule:233 - rule Rename STM32WPAN CFG_BLE_ERK to CFG_BLE_ER is applicable
2026-02-12 14:53:31,564 [INFO] Rule:233 - rule Rename STM32WPAN CFG_BLE_IRK_HEX to CFG_BLE_IR_HEX is applicable
2026-02-12 14:53:31,564 [INFO] Rule:233 - rule Rename STM32WPAN CFG_BLE_ERK_HEX to CFG_BLE_ER_HEX is applicable
2026-02-12 14:53:31,564 [INFO] Rule:233 - rule Adapt Old IOC before rework replace old CORTEX_M33/CORTEX_M55 attributes by the new one. is applicable
2026-02-12 14:53:31,564 [INFO] Rule:233 - rule Rename parametre of RCC RCC_APBDBG_DIV2 to RCC_TIMPRES_DIV2 is applicable
2026-02-12 14:53:31,564 [INFO] Rule:233 - rule Rename DIE493 pin PA10 [PA12] -> PA10 is applicable
2026-02-12 14:53:31,564 [INFO] Rule:233 - rule Rename DIE493 pin PA9 [PA11] -> PA9 is applicable
2026-02-12 14:53:31,564 [INFO] Rule:233 - rule Rename DIE492 PartNumber CPN STM32WBA5MJGHx -> STM32WBA5MMGHx is applicable
2026-02-12 14:53:31,564 [INFO] Rule:233 - rule Rename DIE492 PartNumber  Name STM32WBA5MJGHx -> STM32WBA5MMGHx is applicable
2026-02-12 14:53:31,565 [INFO] Rule:233 - rule Rename DIE492 PartNumber UserName STM32WBA5MJGHx -> STM32WBA5MMGHx is applicable
2026-02-12 14:53:31,565 [INFO] Rule:233 - rule Rename DIE492 PartNumber DeviceId STM32WBA5MJGHx -> STM32WBA5MMGHx is applicable
2026-02-12 14:53:31,565 [INFO] Rule:233 - rule Adapt Old IOC CSI. is applicable
2026-02-12 14:53:31,565 [INFO] Rule:233 - rule Adapt Old IOC DCMIPP. is applicable
2026-02-12 14:53:31,565 [INFO] Rule:233 - rule Adapt Old IOC DCMIPP Mode Parallel. is applicable
2026-02-12 14:53:31,565 [INFO] Rule:233 - rule Adapt Old IOC LTDC. is applicable
2026-02-12 14:53:31,565 [INFO] Rule:233 - rule Rename STM32MP2 RIF Peripheral LTDC RIF.RISUP.LTDC_L0L1.Privilege -> RIF.RISUP.LTDC_L1L2.Privilege is applicable
2026-02-12 14:53:31,565 [INFO] Rule:233 - rule Rename STM32MP2 RIF Peripheral LTDC RIF.RISUP.LTDC_L0L1.Privilege -> RIF.RISUP.LTDC_L1L2.Privilege is applicable
2026-02-12 14:53:31,565 [INFO] Rule:233 - rule Rename STM32MP2 RIF Peripheral LTDC RIF.RISUP.LTDC_L0L1.Lock -> RIF.RISUP.LTDC_L1L2.Lock is applicable
2026-02-12 14:53:31,565 [INFO] Rule:233 - rule Rename STM32MP2 RIF Peripheral LTDC RIF.RISUP.LTDC_L2.Lock -> RIF.RISUP.LTDC_L3.Lock is applicable
2026-02-12 14:53:31,565 [INFO] Rule:233 - rule Adapt the old IOC example for updating the SYS when it is misconfigured. is applicable
2026-02-12 14:53:31,565 [INFO] Rule:233 - rule Rename STM32C09 Mcu.Package LQFP64 -> LQFP48 is applicable
2026-02-12 14:53:31,565 [INFO] Rule:233 - rule Adapt the old IOC example for updating the SYS when it is misconfigured. is applicable
2026-02-12 14:53:31,565 [INFO] Rule:233 - rule Adapt the old IOC example for updating the SYS when it is misconfigured. is applicable
2026-02-12 14:53:31,590 [INFO] DbConfProperties:307 - Apply Compatibility (53/282 Rules)
2026-02-12 14:53:31,616 [INFO] ImportTextPane:234 - (OptionalMessage_ERROR) Unable to find key (Mcu.ThirdPartyNb) in loaded IOC file
2026-02-12 14:53:31,620 [INFO] ImportTextPane:234 - (OptionalMessage_ERROR) Pin12 (VP_RIF_VS_RIF1) cannot be retrieved for this MCU
2026-02-12 14:53:31,995 [INFO] RtosManager:558 - Registered RTOS mode: class=CMSIS, group=RTOS, mode=CMSIS_V1, owner=FREERTOS
2026-02-12 14:53:31,995 [INFO] RtosManager:558 - Registered RTOS mode: class=CMSIS, group=RTOS2, mode=CMSIS_V2, owner=FREERTOS
2026-02-12 14:53:31,996 [INFO] RtosManager:558 - Registered RTOS mode: class=RTOS, group=Core, mode=CMSIS_V1, owner=FREERTOS
2026-02-12 14:53:31,996 [INFO] RtosManager:558 - Registered RTOS mode: class=RTOS, group=Core, mode=CMSIS_V2, owner=FREERTOS
2026-02-12 14:53:31,996 [WARN] ModelIntegratedComponent:184 - Missing modes for component STMicroelectronics:FreeRTOS:0.0.1:STMicroelectronics:RTOS:FreeRTOS:Core:::10.2.0:
2026-02-12 14:53:32,025 [WARN] ModelIntegratedComponent:63 - No mode defined for component null
2026-02-12 14:53:32,025 [WARN] ModelIntegratedComponent:63 - No mode defined for component null
2026-02-12 14:53:32,025 [WARN] ModelIntegratedComponent:63 - No mode defined for component null
2026-02-12 14:53:32,025 [WARN] ModelIntegratedComponent:63 - No mode defined for component null
2026-02-12 14:53:32,025 [WARN] ModelIntegratedComponent:63 - No mode defined for component null
2026-02-12 14:53:32,026 [WARN] ModelIntegratedComponent:63 - No mode defined for component null
2026-02-12 14:53:32,026 [WARN] ModelIntegratedComponent:63 - No mode defined for component null
2026-02-12 14:53:32,026 [WARN] ModelIntegratedComponent:63 - No mode defined for component null
2026-02-12 14:53:32,026 [WARN] ModelIntegratedComponent:63 - No mode defined for component null
2026-02-12 14:53:32,028 [WARN] ModelIntegratedComponent:63 - No mode defined for component null
2026-02-12 14:53:32,028 [WARN] ModelIntegratedComponent:63 - No mode defined for component null
2026-02-12 14:53:32,028 [WARN] ModelIntegratedComponent:63 - No mode defined for component null
2026-02-12 14:53:32,028 [WARN] ModelIntegratedComponent:63 - No mode defined for component null
2026-02-12 14:53:32,028 [WARN] ModelIntegratedComponent:63 - No mode defined for component null
2026-02-12 14:53:32,028 [WARN] ModelIntegratedComponent:63 - No mode defined for component null
2026-02-12 14:53:32,028 [WARN] ModelIntegratedComponent:63 - No mode defined for component null
2026-02-12 14:53:32,028 [WARN] ModelIntegratedComponent:63 - No mode defined for component null
2026-02-12 14:53:32,028 [WARN] ModelIntegratedComponent:63 - No mode defined for component null
2026-02-12 14:53:32,028 [WARN] ModelIntegratedComponent:63 - No mode defined for component null
2026-02-12 14:53:32,029 [WARN] ModelIntegratedComponent:63 - No mode defined for component null
2026-02-12 14:53:32,029 [WARN] ModelIntegratedComponent:63 - No mode defined for component null
2026-02-12 14:53:32,029 [WARN] ModelIntegratedComponent:63 - No mode defined for component null
2026-02-12 14:53:32,029 [WARN] ModelIntegratedComponent:63 - No mode defined for component null
2026-02-12 14:53:32,029 [WARN] ModelIntegratedComponent:63 - No mode defined for component null
2026-02-12 14:53:32,029 [WARN] ModelIntegratedComponent:63 - No mode defined for component null
2026-02-12 14:53:32,029 [WARN] ModelIntegratedComponent:63 - No mode defined for component null
2026-02-12 14:53:32,029 [WARN] ModelIntegratedComponent:63 - No mode defined for component null
2026-02-12 14:53:32,029 [WARN] ModelIntegratedComponent:63 - No mode defined for component null
2026-02-12 14:53:32,029 [WARN] ModelIntegratedComponent:63 - No mode defined for component null
2026-02-12 14:53:32,029 [WARN] ModelIntegratedComponent:63 - No mode defined for component null
2026-02-12 14:53:32,029 [WARN] ModelIntegratedComponent:63 - No mode defined for component null
2026-02-12 14:53:32,029 [WARN] ModelIntegratedComponent:63 - No mode defined for component null
2026-02-12 14:53:32,029 [WARN] ModelIntegratedComponent:63 - No mode defined for component null
2026-02-12 14:53:32,030 [WARN] ModelIntegratedComponent:63 - No mode defined for component null
2026-02-12 14:53:32,030 [WARN] ModelIntegratedComponent:63 - No mode defined for component null
2026-02-12 14:53:32,030 [WARN] ModelPack:524 - Component already loaded: STMicroelectronics:HAL Drivers:0.0.0:STMicroelectronics:Device:STMicro_Driver:XSPI:HAL::0.0.1:HAL_XSPI
2026-02-12 14:53:32,080 [INFO] ThirdPartyModel:298 - Start build external matchings
2026-02-12 14:53:32,872 [INFO] ThirdPartyModel:316 - End build external matchings
2026-02-12 14:53:32,894 [INFO] ImportTextPane:234 - (OptionalMessage_ERROR) IP (RCC) : Invalid parameter (FamilyName)
2026-02-12 14:53:32,898 [INFO] ImportTextPane:234 - (OptionalMessage_ERROR) IP (RCC) : Parameter (RNGFreq_Value) has invalid value (64000000)
2026-02-12 14:53:32,899 [INFO] ImportTextPane:234 - (OptionalMessage_ERROR) IP (RCC) : Parameter (SDMMCFreq_Value) has invalid value (64000000)
2026-02-12 14:53:32,899 [INFO] ImportTextPane:234 - (OptionalMessage_ERROR) IP (RCC) : Parameter (USBFreq_Value) has invalid value (64000000)
2026-02-12 14:53:33,620 [INFO] UtilMem:75 - End LoadConfig() Used Memory: 994655040 Bytes (1073741824)
2026-02-12 14:53:33,688 [WARN] ThirdParty:833 - waiting for thirdparty lock release [change project]
2026-02-12 14:53:33,689 [INFO] ThirdParty:835 - entering critical section [change project]
2026-02-12 14:53:33,689 [INFO] ThirdParty:1030 - CMSIS Pack Vendor :STMicroelectronics X-CUBE-PM33A1 1.0.0
2026-02-12 14:53:33,689 [INFO] ThirdParty:1030 - CMSIS Pack Vendor :STMicroelectronics USBPD 4.1
2026-02-12 14:53:33,689 [INFO] ThirdParty:1030 - CMSIS Pack Vendor :STMicroelectronics X-CUBE-NFC9 1.0.0
2026-02-12 14:53:33,690 [INFO] ThirdParty:1030 - CMSIS Pack Vendor :STMicroelectronics USB_HOST 2.0.0
2026-02-12 14:53:33,690 [INFO] ThirdParty:1030 - CMSIS Pack Vendor :STMicroelectronics FP-SNS-MOTENVWB1 1.4.0
2026-02-12 14:53:33,690 [INFO] ThirdParty:1030 - CMSIS Pack Vendor :STMicroelectronics X-CUBE-AZRTOS-F4 1.1.0
2026-02-12 14:53:33,690 [INFO] ThirdParty:1030 - CMSIS Pack Vendor :STMicroelectronics LIBJPEG 8.0.0
2026-02-12 14:53:33,690 [INFO] ThirdParty:1030 - CMSIS Pack Vendor :STMicroelectronics FP-ATR-ASTRA1 2.0.2
2026-02-12 14:53:33,690 [INFO] ThirdParty:1030 - CMSIS Pack Vendor :STMicroelectronics X-CUBE-BLE1 7.1.0
2026-02-12 14:53:33,690 [INFO] ThirdParty:1030 - CMSIS Pack Vendor :STMicroelectronics X-CUBE-SMBUS 2.1.0
2026-02-12 14:53:33,690 [INFO] ThirdParty:1030 - CMSIS Pack Vendor :wolfSSL I-CUBE-wolfMQTT 1.19.2
2026-02-12 14:53:33,690 [INFO] ThirdParty:1030 - CMSIS Pack Vendor :STMicroelectronics USB_DEVICE 3.0.0
2026-02-12 14:53:33,691 [INFO] ThirdParty:1030 - CMSIS Pack Vendor :STMicroelectronics X-CUBE-ISPU 2.1.0
2026-02-12 14:53:33,691 [INFO] ThirdParty:1030 - CMSIS Pack Vendor :STMicroelectronics X-CUBE-FREERTOS 1.4.0
2026-02-12 14:53:33,691 [INFO] ThirdParty:1030 - CMSIS Pack Vendor :STMicroelectronics X-CUBE-EEPRMA1 5.2.0
2026-02-12 14:53:33,691 [INFO] ThirdParty:1030 - CMSIS Pack Vendor :STMicroelectronics X-CUBE-IPS 3.2.0
2026-02-12 14:53:33,691 [INFO] ThirdParty:1030 - CMSIS Pack Vendor :STMicroelectronics X-CUBE-BLEMGR 4.1.0
2026-02-12 14:53:33,691 [INFO] ThirdParty:1030 - CMSIS Pack Vendor :STMicroelectronics X-CUBE-AZRTOS-WB 2.0.0
2026-02-12 14:53:33,691 [INFO] ThirdParty:1030 - CMSIS Pack Vendor :wolfSSL I-CUBE-wolfSSL 5.8.4
2026-02-12 14:53:33,691 [INFO] ThirdParty:1030 - CMSIS Pack Vendor :Cesanta I-CUBE-Mongoose 7.20.0
2026-02-12 14:53:33,691 [INFO] ThirdParty:1030 - CMSIS Pack Vendor :STMicroelectronics X-CUBE-NFC12 1.0.0
2026-02-12 14:53:33,692 [INFO] ThirdParty:1030 - CMSIS Pack Vendor :STMicroelectronics X-CUBE-AZRTOS-F7 1.1.0
2026-02-12 14:53:33,692 [INFO] ThirdParty:1030 - CMSIS Pack Vendor :STMicroelectronics X-CUBE-AZRTOS-L5 2.0.0
2026-02-12 14:53:33,692 [INFO] ThirdParty:1030 - CMSIS Pack Vendor :STMicroelectronics USB_DEVICE 2.0.0
2026-02-12 14:53:33,692 [INFO] ThirdParty:1030 - CMSIS Pack Vendor :quantropi X-CUBE-qispace-sdk-base 2.1.0
2026-02-12 14:53:33,692 [INFO] ThirdParty:1030 - CMSIS Pack Vendor :STMicroelectronics X-CUBE-MEMS1 12.0.0
2026-02-12 14:53:33,693 [INFO] ThirdParty:1030 - CMSIS Pack Vendor :STMicroelectronics X-CUBE-STSE01 2.0.0
2026-02-12 14:53:33,693 [INFO] ThirdParty:1030 - CMSIS Pack Vendor :STMicroelectronics FP-SNS-MOTENV1 5.1.0
2026-02-12 14:53:33,693 [INFO] ThirdParty:1030 - CMSIS Pack Vendor :STMicroelectronics FreeRTOS 0.0.1
2026-02-12 14:53:33,693 [INFO] ThirdParty:1030 - CMSIS Pack Vendor :STMicroelectronics X-CUBE-AZRTOS-G0 1.1.0
2026-02-12 14:53:33,694 [INFO] ThirdParty:1030 - CMSIS Pack Vendor :STMicroelectronics X-CUBE-NFC4 3.0.0
2026-02-12 14:53:33,694 [INFO] ThirdParty:1030 - CMSIS Pack Vendor :STMicroelectronics X-CUBE-SUBG2 5.0.0
2026-02-12 14:53:33,694 [INFO] ThirdParty:1030 - CMSIS Pack Vendor :STMicroelectronics STM32_WPAN 1.0.0
2026-02-12 14:53:33,695 [INFO] ThirdParty:1030 - CMSIS Pack Vendor :EmbeddedOffice I-CUBE-FS-RTOS 1.0.1
2026-02-12 14:53:33,695 [INFO] ThirdParty:1030 - CMSIS Pack Vendor :STMicroelectronics lwIP 2.0.3
2026-02-12 14:53:33,696 [INFO] ThirdParty:1030 - CMSIS Pack Vendor :WES I-CUBE-Cesium 1.4.0
2026-02-12 14:53:33,696 [INFO] ThirdParty:1030 - CMSIS Pack Vendor :STMicroelectronics USB_HOST 1.0.0
2026-02-12 14:53:33,696 [INFO] ThirdParty:1030 - CMSIS Pack Vendor :STMicroelectronics X-CUBE-AZRTOS-G4 2.0.0
2026-02-12 14:53:33,696 [INFO] ThirdParty:1030 - CMSIS Pack Vendor :STMicroelectronics X-CUBE-WB05N 2.0.0
2026-02-12 14:53:33,696 [INFO] ThirdParty:1030 - CMSIS Pack Vendor :STMicroelectronics PDM2PCM 3.1.0
2026-02-12 14:53:33,696 [INFO] ThirdParty:1030 - CMSIS Pack Vendor :STMicroelectronics PDM2PCM 3.3.0
2026-02-12 14:53:33,696 [INFO] ThirdParty:1030 - CMSIS Pack Vendor :wolfSSL I-CUBE-wolfTPM 3.8.0
2026-02-12 14:53:33,696 [INFO] ThirdParty:1030 - CMSIS Pack Vendor :STMicroelectronics X-CUBE-AZRTOS-H7 3.4.0
2026-02-12 14:53:33,696 [INFO] ThirdParty:1030 - CMSIS Pack Vendor :STMicroelectronics X-CUBE-DISPLAY 3.0.0
2026-02-12 14:53:33,697 [INFO] ThirdParty:1030 - CMSIS Pack Vendor :wolfSSL I-CUBE-wolfSSH 1.4.20
2026-02-12 14:53:33,697 [INFO] ThirdParty:1030 - CMSIS Pack Vendor :STMicroelectronics X-CUBE-NFC7 2.0.0
2026-02-12 14:53:33,697 [INFO] ThirdParty:1030 - CMSIS Pack Vendor :STMicroelectronics X-CUBE-TCPP 4.2.0
2026-02-12 14:53:33,697 [INFO] ThirdParty:1030 - CMSIS Pack Vendor :RealThread X-CUBE-RT-Thread_Nano 4.1.1
2026-02-12 14:53:33,697 [INFO] ThirdParty:1030 - CMSIS Pack Vendor :STMicroelectronics FP-ATR-SIGFOX1 3.2.0
2026-02-12 14:53:33,697 [INFO] ThirdParty:1030 - CMSIS Pack Vendor :STMicroelectronics X-CUBE-NFC10 1.0.0
2026-02-12 14:53:33,697 [INFO] ThirdParty:1030 - CMSIS Pack Vendor :STMicroelectronics HAL Drivers 0.0.0
2026-02-12 14:53:33,697 [INFO] ThirdParty:1030 - CMSIS Pack Vendor :STMicroelectronics MBEDTLS 2.16.2
2026-02-12 14:53:33,697 [INFO] ThirdParty:1030 - CMSIS Pack Vendor :STMicroelectronics X-CUBE-ST60 1.1.0
2026-02-12 14:53:33,698 [INFO] ThirdParty:1030 - CMSIS Pack Vendor :STMicroelectronics X-CUBE-ALS 1.0.2
2026-02-12 14:53:33,698 [INFO] ThirdParty:1030 - CMSIS Pack Vendor :emotas I-CUBE-CANOPEN 1.3.0
2026-02-12 14:53:33,698 [INFO] ThirdParty:1030 - CMSIS Pack Vendor :STMicroelectronics MBEDTLS 2.14.1
2026-02-12 14:53:33,698 [INFO] ThirdParty:1030 - CMSIS Pack Vendor :STMicroelectronics X-CUBE-GNSS1 7.1.0
2026-02-12 14:53:33,698 [INFO] ThirdParty:1030 - CMSIS Pack Vendor :ITTIA_DB I-CUBE-ITTIADB 8.9.0
2026-02-12 14:53:33,698 [INFO] ThirdParty:1030 - CMSIS Pack Vendor :STMicroelectronics X-CUBE-TOUCHGFX 4.26.0
2026-02-12 14:53:33,698 [INFO] ThirdParty:1030 - CMSIS Pack Vendor :STMicroelectronics X-CUBE-NFC6 3.2.0
2026-02-12 14:53:33,698 [INFO] ThirdParty:1030 - CMSIS Pack Vendor :STMicroelectronics FP-SNS-STBOX1 2.1.0
2026-02-12 14:53:33,698 [INFO] ThirdParty:1030 - CMSIS Pack Vendor :STMicroelectronics X-CUBE-AI 10.2.0
2026-02-12 14:53:33,699 [INFO] ThirdParty:1030 - CMSIS Pack Vendor :STMicroelectronics FP-SNS-STAIOTCFT 1.0.0
2026-02-12 14:53:33,699 [INFO] ThirdParty:1030 - CMSIS Pack Vendor :STMicroelectronics ThreadX 1.0.0
2026-02-12 14:53:33,699 [INFO] ThirdParty:1030 - CMSIS Pack Vendor :STMicroelectronics FP-SNS-SMARTAG2 1.2.0
2026-02-12 14:53:33,699 [INFO] ThirdParty:1030 - CMSIS Pack Vendor :STMicroelectronics FP-SNS-FLIGHT1 5.1.0
2026-02-12 14:53:33,699 [INFO] ThirdParty:1030 - CMSIS Pack Vendor :STMicroelectronics X-CUBE-AZRTOS-WL 2.0.0
2026-02-12 14:53:33,699 [INFO] ThirdParty:1030 - CMSIS Pack Vendor :SEGGER I-CUBE-embOS 1.3.1
2026-02-12 14:53:33,699 [INFO] ThirdParty:1030 - CMSIS Pack Vendor :STMicroelectronics X-CUBE-ALGOBUILD 1.4.0
2026-02-12 14:53:33,699 [INFO] ThirdParty:1030 - CMSIS Pack Vendor :STMicroelectronics X-CUBE-DPower 1.3.0
2026-02-12 14:53:33,700 [INFO] ThirdParty:1030 - CMSIS Pack Vendor :STMicroelectronics USB_DEVICE 1.0.0
2026-02-12 14:53:33,700 [INFO] ThirdParty:1030 - CMSIS Pack Vendor :STMicroelectronics X-CUBE-AZRTOS-H7RS 1.2.0
2026-02-12 14:53:33,700 [INFO] ThirdParty:1030 - CMSIS Pack Vendor :STMicroelectronics X-CUBE-AZRTOS-L4 2.0.0
2026-02-12 14:53:33,700 [INFO] ThirdParty:1030 - CMSIS Pack Vendor :STMicroelectronics ThreadX 0.0.2
2026-02-12 14:53:33,700 [INFO] ThirdParty:1030 - CMSIS Pack Vendor :STMicroelectronics lwIP 2.1.2
2026-02-12 14:53:33,700 [INFO] ThirdParty:1030 - CMSIS Pack Vendor :STMicroelectronics X-CUBE-SFXS2LP1 4.0.0
2026-02-12 14:53:33,701 [INFO] ThirdParty:1030 - CMSIS Pack Vendor :STMicroelectronics X-CUBE-BLE2 3.3.0
2026-02-12 14:53:33,701 [INFO] ThirdParty:1030 - CMSIS Pack Vendor :Avnet-IOTCONNECT X-CUBE-iotc-st67-sdk 1.0.0
2026-02-12 14:53:33,701 [INFO] ThirdParty:1030 - CMSIS Pack Vendor :STMicroelectronics X-CUBE-TOF1 3.4.3
2026-02-12 14:53:33,701 [INFO] ThirdParty:1030 - CMSIS Pack Vendor :Infineon AIROC-Wi-Fi-Bluetooth-STM32 1.8.0
2026-02-12 14:53:33,701 [INFO] ThirdParty:1030 - CMSIS Pack Vendor :STMicroelectronics PDM2PCM 3.2.0
2026-02-12 14:53:33,701 [INFO] ThirdParty:1030 - CMSIS Pack Vendor :STMicroelectronics X-CUBE-ST67W61 1.2.0
2026-02-12 14:53:33,702 [INFO] ThirdParty:841 - exiting critical section [change project]
2026-02-12 14:53:34,640 [INFO] PinOutPanel:1589 - setPackage(No Configuration,No Configuration)
2026-02-12 14:53:34,642 [INFO] PinOutPanel:1589 - setPackage(STM32L476RGTx,LQFP64)
2026-02-12 14:53:36,221 [INFO] UtilMem:75 - Before build in PCC Used Memory: 823016776 Bytes (1073741824)
2026-02-12 14:53:37,883 [INFO] UtilMem:75 - After build in PCC Used Memory: 985109400 Bytes (1073741824)
2026-02-12 14:53:37,924 [INFO] IPUIPlugin:80 - create IPUIPlugin
2026-02-12 14:53:37,925 [INFO] IPUIPlugin:80 - create IPUIPlugin
2026-02-12 14:53:37,925 [INFO] IPUIPlugin:80 - create IPUIPlugin
2026-02-12 14:53:37,925 [INFO] IPUIPlugin:80 - create IPUIPlugin
2026-02-12 14:53:37,925 [INFO] IPUIPlugin:80 - create IPUIPlugin
2026-02-12 14:53:37,926 [INFO] IPUIPlugin:80 - create IPUIPlugin
2026-02-12 14:53:37,926 [INFO] IPUIPlugin:80 - create IPUIPlugin
2026-02-12 14:53:37,927 [INFO] IPUIPlugin:80 - create IPUIPlugin
2026-02-12 14:53:37,927 [INFO] IPUIPlugin:80 - create IPUIPlugin
2026-02-12 14:53:37,927 [INFO] IPUIPlugin:80 - create IPUIPlugin
2026-02-12 14:53:37,927 [INFO] IPUIPlugin:80 - create IPUIPlugin
2026-02-12 14:53:37,927 [INFO] IPUIPlugin:80 - create IPUIPlugin
2026-02-12 14:53:37,928 [INFO] IPUIPlugin:80 - create IPUIPlugin
2026-02-12 14:53:37,928 [INFO] IPUIPlugin:80 - create IPUIPlugin
2026-02-12 14:53:37,928 [INFO] IPUIPlugin:80 - create IPUIPlugin
2026-02-12 14:53:37,928 [INFO] IPUIPlugin:80 - create IPUIPlugin
2026-02-12 14:53:37,928 [INFO] IPUIPlugin:80 - create IPUIPlugin
2026-02-12 14:53:37,928 [INFO] IPUIPlugin:80 - create IPUIPlugin
2026-02-12 14:53:37,929 [INFO] IPUIPlugin:80 - create IPUIPlugin
2026-02-12 14:53:37,929 [INFO] IPUIPlugin:80 - create IPUIPlugin
2026-02-12 14:53:37,929 [INFO] IPUIPlugin:80 - create IPUIPlugin
2026-02-12 14:53:37,929 [INFO] IPUIPlugin:80 - create IPUIPlugin
2026-02-12 14:53:37,929 [INFO] IPUIPlugin:80 - create IPUIPlugin
2026-02-12 14:53:37,930 [INFO] IPUIPlugin:80 - create IPUIPlugin
2026-02-12 14:53:37,930 [INFO] IPUIPlugin:80 - create IPUIPlugin
2026-02-12 14:53:37,930 [INFO] IPUIPlugin:80 - create IPUIPlugin
2026-02-12 14:53:37,930 [INFO] IPUIPlugin:80 - create IPUIPlugin
2026-02-12 14:53:37,930 [INFO] IPUIPlugin:80 - create IPUIPlugin
2026-02-12 14:53:37,931 [INFO] IPUIPlugin:80 - create IPUIPlugin
2026-02-12 14:53:37,931 [INFO] IPUIPlugin:80 - create IPUIPlugin
2026-02-12 14:53:37,931 [INFO] IPUIPlugin:80 - create IPUIPlugin
2026-02-12 14:53:37,931 [INFO] IPUIPlugin:80 - create IPUIPlugin
2026-02-12 14:53:37,931 [INFO] IPUIPlugin:80 - create IPUIPlugin
2026-02-12 14:53:37,932 [INFO] IPUIPlugin:80 - create IPUIPlugin
2026-02-12 14:53:37,932 [INFO] IPUIPlugin:80 - create IPUIPlugin
2026-02-12 14:53:37,932 [INFO] IPUIPlugin:80 - create IPUIPlugin
2026-02-12 14:53:37,932 [INFO] IPUIPlugin:80 - create IPUIPlugin
2026-02-12 14:53:37,933 [INFO] IPUIPlugin:80 - create IPUIPlugin
2026-02-12 14:53:37,933 [INFO] IPUIPlugin:80 - create IPUIPlugin
2026-02-12 14:53:37,933 [INFO] IPUIPlugin:80 - create IPUIPlugin
2026-02-12 14:53:37,933 [INFO] IPUIPlugin:80 - create IPUIPlugin
2026-02-12 14:53:37,933 [INFO] IPUIPlugin:80 - create IPUIPlugin
2026-02-12 14:53:37,934 [INFO] IPUIPlugin:80 - create IPUIPlugin
2026-02-12 14:53:37,934 [INFO] IPUIPlugin:80 - create IPUIPlugin
2026-02-12 14:53:37,935 [INFO] IPUIPlugin:80 - create IPUIPlugin
2026-02-12 14:53:37,935 [INFO] IPUIPlugin:80 - create IPUIPlugin
2026-02-12 14:53:37,935 [INFO] IPUIPlugin:80 - create IPUIPlugin
2026-02-12 14:53:37,935 [INFO] IPUIPlugin:80 - create IPUIPlugin
2026-02-12 14:53:37,936 [INFO] IPUIPlugin:80 - create IPUIPlugin
2026-02-12 14:53:37,936 [INFO] IPUIPlugin:80 - create IPUIPlugin
2026-02-12 14:53:37,937 [INFO] IPUIPlugin:80 - create IPUIPlugin
2026-02-12 14:53:37,938 [INFO] IPUIPlugin:80 - create IPUIPlugin
2026-02-12 14:53:37,938 [INFO] IPUIPlugin:80 - create IPUIPlugin
2026-02-12 14:53:37,938 [INFO] IPUIPlugin:80 - create IPUIPlugin
2026-02-12 14:53:37,939 [INFO] IPUIPlugin:80 - create IPUIPlugin
2026-02-12 14:53:37,939 [INFO] IPUIPlugin:80 - create IPUIPlugin
2026-02-12 14:53:37,939 [INFO] IPUIPlugin:80 - create IPUIPlugin
2026-02-12 14:53:37,940 [INFO] IPUIPlugin:80 - create IPUIPlugin
2026-02-12 14:53:37,940 [INFO] IPUIPlugin:80 - create IPUIPlugin
2026-02-12 14:53:38,369 [INFO] CADModel:165 - CPN selected for project levelSTM32L476RGT3
2026-02-12 14:53:38,370 [INFO] CADModel:114 - Register for checkConnection events
2026-02-12 14:53:38,423 [INFO] OpenFileManager:386 - Restore cursor
2026-02-12 14:53:39,949 [INFO] UtilMem:75 - End SaveConfig() Used Memory: 947088808 Bytes (1073741824)
2026-02-12 14:53:40,095 [INFO] UtilMem:75 - End SaveConfig() Used Memory: 972080800 Bytes (1073741824)
2026-02-12 14:53:40,987 [INFO] BlockDiagram:2775 - set Specific Code input for plugin: SYS
2026-02-12 14:53:40,987 [INFO] BlockDiagram:2775 - set Specific Code input for plugin: RCC
2026-02-12 14:53:40,987 [INFO] BlockDiagram:2775 - set Specific Code input for plugin: NVIC
2026-02-12 14:53:40,987 [INFO] BlockDiagram:2775 - set Specific Code input for plugin: USART
2026-02-12 14:53:40,988 [INFO] BlockDiagram:2775 - set Specific Code input for plugin: GPIO
2026-02-12 14:53:40,990 [INFO] CodeGenerator:892 - code generatio: config db path: D:\STM32CubeIDE_1.19.0\STM32CubeIDE\plugins\com.st.stm32cube.common.mx_6.15.0.202507011659\\db\
2026-02-12 14:53:41,336 [INFO] CodeEngine:265 - oldGeneratedFile, D:\DMA_ADC_Multiple\MXTmpFiles\license.tmp_save
2026-02-12 14:53:42,168 [INFO] CodeEngine:289 - Generated code: D:\DMA_ADC_Multiple\MXTmpFiles\license.tmp
2026-02-12 14:53:42,347 [INFO] CodeEngine:265 - oldGeneratedFile, D:\DMA_ADC_Multiple\MXTmpFiles\gpio.tmp_save
2026-02-12 14:53:42,738 [INFO] CodeEngine:289 - Generated code: D:\DMA_ADC_Multiple\MXTmpFiles\gpio.tmp
2026-02-12 14:53:43,009 [INFO] CodeEngine:265 - oldGeneratedFile, D:\DMA_ADC_Multiple\Core\Src\stm32l4xx_it.c_save
2026-02-12 14:53:43,306 [INFO] CodeEngine:289 - Generated code: D:\DMA_ADC_Multiple\Core\Src\stm32l4xx_it.c
2026-02-12 14:53:43,336 [INFO] CodeEngine:265 - oldGeneratedFile, D:\DMA_ADC_Multiple\Core\Inc\stm32l4xx_it.h_save
2026-02-12 14:53:43,449 [INFO] CodeEngine:289 - Generated code: D:\DMA_ADC_Multiple\Core\Inc\stm32l4xx_it.h
2026-02-12 14:53:43,478 [INFO] CodeEngine:265 - oldGeneratedFile, D:\DMA_ADC_Multiple\Core\Src\stm32l4xx_hal_msp.c_save
2026-02-12 14:53:43,802 [INFO] CodeEngine:289 - Generated code: D:\DMA_ADC_Multiple\Core\Src\stm32l4xx_hal_msp.c
2026-02-12 14:53:43,832 [INFO] CodeEngine:265 - oldGeneratedFile, D:\DMA_ADC_Multiple\MXTmpFiles\system.tmp_save
2026-02-12 14:53:43,976 [INFO] CodeEngine:289 - Generated code: D:\DMA_ADC_Multiple\MXTmpFiles\system.tmp
2026-02-12 14:53:44,004 [INFO] CodeEngine:321 - oldGeneratedFile, D:\DMA_ADC_Multiple\Core\Inc\stm32l4xx_hal_conf.h_save
2026-02-12 14:53:44,199 [INFO] CodeEngine:345 - Generated code: D:\DMA_ADC_Multiple\Core\Inc\stm32l4xx_hal_conf.h
2026-02-12 14:53:44,315 [INFO] ApiDbMcu:532 - Load IP Config File for USART2
2026-02-12 14:53:44,322 [INFO] ApiDbMcu:532 - Load IP Config File for RCC
2026-02-12 14:53:44,339 [INFO] CodeEngine:265 - oldGeneratedFile, D:\DMA_ADC_Multiple\Core\Inc\main.h_save
2026-02-12 14:53:44,624 [INFO] CodeEngine:289 - Generated code: D:\DMA_ADC_Multiple\Core\Inc\main.h
2026-02-12 14:53:44,654 [INFO] CodeEngine:265 - oldGeneratedFile, D:\DMA_ADC_Multiple\Core\Src\main.c_save
2026-02-12 14:53:44,937 [INFO] CodeEngine:289 - Generated code: D:\DMA_ADC_Multiple\Core\Src\main.c
2026-02-12 14:53:45,656 [INFO] ProjectBuilder:3606 - Time for Copy HAL[1] : 315mS.
2026-02-12 14:53:45,667 [INFO] ProjectBuilder:5216 - Project Generator version: 4.7.0-B52
2026-02-12 14:53:45,874 [INFO] ConfigFileManager:1595 - The Die is : DIE415
2026-02-12 14:53:45,895 [INFO] ApiDbMcu:532 - Load IP Config File for FATFS
2026-02-12 14:53:45,905 [INFO] ApiDbMcu:532 - Load IP Config File for FREERTOS
2026-02-12 14:53:45,926 [INFO] ApiDbMcu:532 - Load IP Config File for TOUCHSENSING
2026-02-12 14:53:45,940 [INFO] ApiDbMcu:532 - Load IP Config File for USB_DEVICE
2026-02-12 14:53:45,952 [INFO] ApiDbMcu:532 - Load IP Config File for USB_HOST
2026-02-12 14:53:46,967 [INFO] LogOutputStream:77 - [STDOUT_REDIRECT] 
2026-02-12 14:53:50,905 [INFO] ProjectBuilder:5496 - Time for Generating toolchain IDE Files: 5237mS.
2026-02-12 14:53:50,906 [INFO] ProjectBuilder:3463 - Time for Copy CMSIS : 1mS.
2026-02-12 14:53:50,915 [INFO] ProjectBuilder:3463 - Time for Copy CMSIS : 0mS.
2026-02-12 14:53:53,523 [INFO] McuFinderGlobals:76 - Set McuFinderConnectedMode to true
2026-02-12 14:53:53,529 [INFO] ApiDb:448 - Save user favorites file C:\Users\Hemanth Madu/.stm32cubeide/favorites.mcus.txt: 0 item(s)
2026-02-12 14:53:53,529 [INFO] ApiDb:452 - User favorites MCUs=[]
2026-02-12 14:53:53,537 [INFO] ApiDb:448 - Save user favorites file C:\Users\Hemanth Madu/.stm32cubeide/favorites.boards.txt: 0 item(s)
2026-02-12 14:53:53,537 [INFO] ApiDb:452 - User favorites Boards=[]
2026-02-12 14:54:42,101 [INFO] ParamManager:905 - [Generic UI] PropertyChangeEvent: TAB_STATUS_CHANGED , "dont care", "never mind"
2026-02-12 14:54:42,149 [INFO] ParamManager:905 - [Generic UI] PropertyChangeEvent: TAB_STATUS_CHANGED , "dont care", "never mind"
2026-02-12 14:54:42,180 [INFO] ADCParametersView:116 -                Rank 1 : false
2026-02-12 14:54:42,414 [INFO] ADCParametersView:116 -                Rank 1 : false
2026-02-12 14:54:42,414 [INFO] ADCParametersView:116 -                Rank 1 : false
2026-02-12 14:54:42,414 [INFO] ADCParametersView:116 -                Rank 1 : false
2026-02-12 14:54:42,415 [INFO] ADCParametersView:116 -                Rank 1 : false
2026-02-12 14:54:42,415 [INFO] ADCParametersView:116 -                Rank 1 : false
2026-02-12 14:54:42,416 [INFO] ADCParametersView:116 -                Rank 1 : false
2026-02-12 14:54:42,416 [INFO] ADCParametersView:116 -                Rank 1 : false
2026-02-12 14:54:42,416 [INFO] ADCParametersView:116 -                Rank 1 : false
2026-02-12 14:54:42,416 [INFO] ADCParametersView:116 -                Rank 1 : false
2026-02-12 14:54:42,416 [INFO] ADCParametersView:116 -                Rank 1 : false
2026-02-12 14:54:42,416 [INFO] ADCParametersView:116 -                Rank 1 : false
2026-02-12 14:54:42,416 [INFO] ADCParametersView:116 -                Rank 1 : false
2026-02-12 14:54:42,418 [INFO] ADCParametersView:116 -                Rank 1 : false
2026-02-12 14:54:42,419 [INFO] ADCParametersView:116 -                Rank 1 : false
2026-02-12 14:54:42,419 [INFO] ADCParametersView:116 -                Rank 1 : false
2026-02-12 14:54:42,419 [INFO] ADCParametersView:116 -                Rank 1 : false
2026-02-12 14:54:42,419 [INFO] ADCParametersView:116 -                Rank 1 : false
2026-02-12 14:54:42,419 [INFO] ADCParametersView:116 -                Rank 1 : false
2026-02-12 14:54:42,419 [INFO] ADCParametersView:116 -                Rank 1 : false
2026-02-12 14:54:42,420 [INFO] ADCParametersView:116 -                Rank 1 : false
2026-02-12 14:54:42,439 [INFO] ADCParametersView:116 -                Rank 1 : false
2026-02-12 14:54:42,711 [INFO] NvicIntPanel:101 - NVIC parent = com.st.microxplorer.plugins.ip.nvic.MultiNvicIntPanel[,0,0,0x0,invalid,layout=javax.swing.BoxLayout,alignmentX=0.0,alignmentY=0.0,border=,flags=9,maximumSize=,minimumSize=,preferredSize=]
2026-02-12 14:54:42,970 [INFO] NvicIntPanel:101 - NVIC parent = com.st.microxplorer.plugins.ip.nvic.MultiNvicIntPanel[,0,0,0x0,invalid,layout=javax.swing.BoxLayout,alignmentX=0.0,alignmentY=0.0,border=,flags=9,maximumSize=,minimumSize=,preferredSize=]
2026-02-12 14:54:43,272 [INFO] NvicIntPanel:101 - NVIC parent = com.st.microxplorer.plugins.ip.nvic.MultiNvicIntPanel[,0,0,0x0,invalid,layout=javax.swing.BoxLayout,alignmentX=0.0,alignmentY=0.0,border=,flags=9,maximumSize=,minimumSize=,preferredSize=]
2026-02-12 14:54:43,391 [INFO] ADCParametersView:116 -                Rank 1 : false
2026-02-12 14:54:43,391 [INFO] ADCParametersView:116 -                Rank 1 : false
2026-02-12 14:54:43,391 [INFO] ADCParametersView:116 -                Rank 1 : false
2026-02-12 14:54:43,392 [INFO] ADCParametersView:116 -                Rank 1 : false
2026-02-12 14:54:43,392 [INFO] ADCParametersView:116 -                Rank 1 : false
2026-02-12 14:54:43,392 [INFO] ADCParametersView:116 -                Rank 1 : false
2026-02-12 14:54:43,393 [INFO] ADCParametersView:116 -                Rank 1 : false
2026-02-12 14:54:43,393 [INFO] ADCParametersView:116 -                Rank 1 : false
2026-02-12 14:54:43,393 [INFO] ADCParametersView:116 -                Rank 1 : false
2026-02-12 14:54:43,393 [INFO] ADCParametersView:116 -                Rank 1 : false
2026-02-12 14:54:43,394 [INFO] ADCParametersView:116 -                Rank 1 : false
2026-02-12 14:54:43,394 [INFO] ADCParametersView:116 -                Rank 1 : false
2026-02-12 14:54:43,394 [INFO] ADCParametersView:116 -                Rank 1 : false
2026-02-12 14:54:43,394 [INFO] ADCParametersView:116 -                Rank 1 : false
2026-02-12 14:54:43,394 [INFO] ADCParametersView:116 -                Rank 1 : false
2026-02-12 14:54:43,395 [INFO] ADCParametersView:116 -                Rank 1 : false
2026-02-12 14:54:43,395 [INFO] ADCParametersView:116 -                Rank 1 : false
2026-02-12 14:54:43,395 [INFO] ADCParametersView:116 -                Rank 1 : false
2026-02-12 14:54:43,395 [INFO] ADCParametersView:116 -                Rank 1 : false
2026-02-12 14:54:43,395 [INFO] ADCParametersView:116 -                Rank 1 : false
2026-02-12 14:54:43,507 [INFO] ADCParametersView:116 -                Rank 1 : false
2026-02-12 14:54:43,633 [INFO] ADCParametersView:116 -                Rank 1 : false
2026-02-12 14:54:43,633 [INFO] ADCParametersView:116 -                Rank 1 : false
2026-02-12 14:54:43,634 [INFO] ADCParametersView:116 -                Rank 1 : false
2026-02-12 14:54:43,635 [INFO] ADCParametersView:116 -                Rank 1 : false
2026-02-12 14:54:43,635 [INFO] ADCParametersView:116 -                Rank 1 : false
2026-02-12 14:54:43,635 [INFO] ADCParametersView:116 -                Rank 1 : false
2026-02-12 14:54:43,636 [INFO] ADCParametersView:116 -                Rank 1 : false
2026-02-12 14:54:43,636 [INFO] ADCParametersView:116 -                Rank 1 : false
2026-02-12 14:54:43,636 [INFO] ADCParametersView:116 -                Rank 1 : false
2026-02-12 14:54:43,637 [INFO] ADCParametersView:116 -                Rank 1 : false
2026-02-12 14:54:43,637 [INFO] ADCParametersView:116 -                Rank 1 : false
2026-02-12 14:54:43,637 [INFO] ADCParametersView:116 -                Rank 1 : false
2026-02-12 14:54:43,637 [INFO] ADCParametersView:116 -                Rank 1 : false
2026-02-12 14:54:43,637 [INFO] ADCParametersView:116 -                Rank 1 : false
2026-02-12 14:54:43,637 [INFO] ADCParametersView:116 -                Rank 1 : false
2026-02-12 14:54:43,637 [INFO] ADCParametersView:116 -                Rank 1 : false
2026-02-12 14:54:43,638 [INFO] ADCParametersView:116 -                Rank 1 : false
2026-02-12 14:54:43,638 [INFO] ADCParametersView:116 -                Rank 1 : false
2026-02-12 14:54:43,638 [INFO] ADCParametersView:116 -                Rank 1 : false
2026-02-12 14:54:43,638 [INFO] ADCParametersView:116 -                Rank 1 : false
2026-02-12 14:54:43,747 [INFO] ADCParametersView:116 -                Rank 1 : false
2026-02-12 14:54:49,450 [INFO] ADCParametersView:116 -                Rank 1 : false
2026-02-12 14:54:49,451 [INFO] ADCParametersView:116 -                Rank 1 : false
2026-02-12 14:54:49,451 [INFO] ADCParametersView:116 -                Rank 1 : false
2026-02-12 14:54:49,451 [INFO] ADCParametersView:116 -                Rank 1 : false
2026-02-12 14:54:49,451 [INFO] ADCParametersView:116 -                Rank 1 : false
2026-02-12 14:54:49,452 [INFO] ADCParametersView:116 -                Rank 1 : false
2026-02-12 14:54:49,452 [INFO] ADCParametersView:116 -                Rank 1 : false
2026-02-12 14:54:49,452 [INFO] ADCParametersView:116 -                Rank 1 : false
2026-02-12 14:54:49,452 [INFO] ADCParametersView:116 -                Rank 1 : false
2026-02-12 14:54:49,452 [INFO] ADCParametersView:116 -                Rank 1 : false
2026-02-12 14:54:49,452 [INFO] ADCParametersView:116 -                Rank 1 : false
2026-02-12 14:54:49,453 [INFO] ADCParametersView:116 -                Rank 1 : false
2026-02-12 14:54:49,453 [INFO] ADCParametersView:116 -                Rank 1 : false
2026-02-12 14:54:49,453 [INFO] ADCParametersView:116 -                Rank 1 : false
2026-02-12 14:54:49,453 [INFO] ADCParametersView:116 -                Rank 1 : false
2026-02-12 14:54:49,453 [INFO] ADCParametersView:116 -                Rank 1 : false
2026-02-12 14:54:49,453 [INFO] ADCParametersView:116 -                Rank 1 : false
2026-02-12 14:54:49,453 [INFO] ADCParametersView:116 -                Rank 1 : false
2026-02-12 14:54:49,453 [INFO] ADCParametersView:116 -                Rank 1 : false
2026-02-12 14:54:49,453 [INFO] ADCParametersView:116 -                Rank 1 : false
2026-02-12 14:54:49,470 [INFO] ADCParametersView:116 -                Rank 1 : false
2026-02-12 14:54:49,511 [INFO] ADCParametersView:116 -                Rank 1 : false
2026-02-12 14:54:49,512 [INFO] ADCParametersView:116 -                Rank 1 : false
2026-02-12 14:54:49,512 [INFO] ADCParametersView:116 -                Rank 1 : false
2026-02-12 14:54:49,512 [INFO] ADCParametersView:116 -                Rank 1 : false
2026-02-12 14:54:49,512 [INFO] ADCParametersView:116 -                Rank 1 : false
2026-02-12 14:54:49,512 [INFO] ADCParametersView:116 -                Rank 1 : false
2026-02-12 14:54:49,512 [INFO] ADCParametersView:116 -                Rank 1 : false
2026-02-12 14:54:49,512 [INFO] ADCParametersView:116 -                Rank 1 : false
2026-02-12 14:54:49,512 [INFO] ADCParametersView:116 -                Rank 1 : false
2026-02-12 14:54:49,512 [INFO] ADCParametersView:116 -                Rank 1 : false
2026-02-12 14:54:49,513 [INFO] ADCParametersView:116 -                Rank 1 : false
2026-02-12 14:54:49,513 [INFO] ADCParametersView:116 -                Rank 1 : false
2026-02-12 14:54:49,513 [INFO] ADCParametersView:116 -                Rank 1 : false
2026-02-12 14:54:49,513 [INFO] ADCParametersView:116 -                Rank 1 : false
2026-02-12 14:54:49,513 [INFO] ADCParametersView:116 -                Rank 1 : false
2026-02-12 14:54:49,513 [INFO] ADCParametersView:116 -                Rank 1 : false
2026-02-12 14:54:49,513 [INFO] ADCParametersView:116 -                Rank 1 : false
2026-02-12 14:54:49,513 [INFO] ADCParametersView:116 -                Rank 1 : false
2026-02-12 14:54:49,513 [INFO] ADCParametersView:116 -                Rank 1 : false
2026-02-12 14:54:49,513 [INFO] ADCParametersView:116 -                Rank 1 : false
2026-02-12 14:54:49,527 [INFO] ADCParametersView:116 -                Rank 1 : false
2026-02-12 14:54:52,683 [INFO] ADCParametersView:116 -                Rank 1 : false
2026-02-12 14:54:52,685 [INFO] ADCParametersView:116 -                Rank 1 : false
2026-02-12 14:54:52,685 [INFO] ADCParametersView:116 -                Rank 1 : false
2026-02-12 14:54:52,686 [INFO] ADCParametersView:116 -                Rank 1 : false
2026-02-12 14:54:52,686 [INFO] ADCParametersView:116 -                Rank 1 : false
2026-02-12 14:54:52,687 [INFO] ADCParametersView:116 -                Rank 1 : false
2026-02-12 14:54:52,688 [INFO] ADCParametersView:116 -                Rank 1 : false
2026-02-12 14:54:52,688 [INFO] ADCParametersView:116 -                Rank 1 : false
2026-02-12 14:54:52,688 [INFO] ADCParametersView:116 -                Rank 1 : false
2026-02-12 14:54:52,688 [INFO] ADCParametersView:116 -                Rank 1 : false
2026-02-12 14:54:52,688 [INFO] ADCParametersView:116 -                Rank 1 : false
2026-02-12 14:54:52,689 [INFO] ADCParametersView:116 -                Rank 1 : false
2026-02-12 14:54:52,689 [INFO] ADCParametersView:116 -                Rank 1 : false
2026-02-12 14:54:52,689 [INFO] ADCParametersView:116 -                Rank 1 : false
2026-02-12 14:54:52,689 [INFO] ADCParametersView:116 -                Rank 1 : false
2026-02-12 14:54:52,690 [INFO] ADCParametersView:116 -                Rank 1 : false
2026-02-12 14:54:52,690 [INFO] ADCParametersView:116 -                Rank 1 : false
2026-02-12 14:54:52,690 [INFO] ADCParametersView:116 -                Rank 1 : false
2026-02-12 14:54:52,690 [INFO] ADCParametersView:116 -                Rank 1 : false
2026-02-12 14:54:52,691 [INFO] ADCParametersView:116 -                Rank 1 : false
2026-02-12 14:54:52,824 [INFO] ADCParametersView:116 -                Rank 1 : false
2026-02-12 14:55:13,882 [INFO] NvicIntPanel:101 - NVIC parent = com.st.microxplorer.plugins.ip.nvic.MultiNvicIntPanel[,0,0,0x0,invalid,layout=javax.swing.BoxLayout,alignmentX=0.0,alignmentY=0.0,border=,flags=9,maximumSize=,minimumSize=,preferredSize=]
2026-02-12 14:55:13,971 [INFO] ADCParametersView:116 -                Rank 1 : false
2026-02-12 14:55:13,974 [INFO] ADCParametersView:116 -                Rank 1 : false
2026-02-12 14:55:13,975 [INFO] ADCParametersView:116 -                Rank 1 : false
2026-02-12 14:55:13,975 [INFO] ADCParametersView:116 -                Rank 1 : false
2026-02-12 14:55:13,975 [INFO] ADCParametersView:116 -                Rank 1 : false
2026-02-12 14:55:13,975 [INFO] ADCParametersView:116 -                Rank 1 : false
2026-02-12 14:55:13,975 [INFO] ADCParametersView:116 -                Rank 1 : false
2026-02-12 14:55:13,975 [INFO] ADCParametersView:116 -                Rank 1 : false
2026-02-12 14:55:13,975 [INFO] ADCParametersView:116 -                Rank 1 : false
2026-02-12 14:55:13,975 [INFO] ADCParametersView:116 -                Rank 1 : false
2026-02-12 14:55:13,975 [INFO] ADCParametersView:116 -                Rank 1 : false
2026-02-12 14:55:13,976 [INFO] ADCParametersView:116 -                Rank 1 : false
2026-02-12 14:55:13,976 [INFO] ADCParametersView:116 -                Rank 1 : false
2026-02-12 14:55:13,976 [INFO] ADCParametersView:116 -                Rank 1 : false
2026-02-12 14:55:13,976 [INFO] ADCParametersView:116 -                Rank 1 : false
2026-02-12 14:55:13,976 [INFO] ADCParametersView:116 -                Rank 1 : false
2026-02-12 14:55:13,976 [INFO] ADCParametersView:116 -                Rank 1 : false
2026-02-12 14:55:13,976 [INFO] ADCParametersView:116 -                Rank 1 : false
2026-02-12 14:55:13,976 [INFO] ADCParametersView:116 -                Rank 1 : false
2026-02-12 14:55:13,976 [INFO] ADCParametersView:116 -                Rank 1 : false
2026-02-12 14:55:14,033 [INFO] ADCParametersView:116 -                Rank 1 : false
2026-02-12 14:55:20,703 [INFO] NvicIntPanel:101 - NVIC parent = com.st.microxplorer.plugins.ip.nvic.MultiNvicIntPanel[,0,0,0x0,invalid,layout=javax.swing.BoxLayout,alignmentX=0.0,alignmentY=0.0,border=,flags=9,maximumSize=,minimumSize=,preferredSize=]
2026-02-12 14:55:20,790 [INFO] ADCParametersView:116 -                Rank 1 : false
2026-02-12 14:55:20,792 [INFO] ADCParametersView:116 -                Rank 1 : false
2026-02-12 14:55:20,792 [INFO] ADCParametersView:116 -                Rank 1 : false
2026-02-12 14:55:20,792 [INFO] ADCParametersView:116 -                Rank 1 : false
2026-02-12 14:55:20,792 [INFO] ADCParametersView:116 -                Rank 1 : false
2026-02-12 14:55:20,792 [INFO] ADCParametersView:116 -                Rank 1 : false
2026-02-12 14:55:20,792 [INFO] ADCParametersView:116 -                Rank 1 : false
2026-02-12 14:55:20,792 [INFO] ADCParametersView:116 -                Rank 1 : false
2026-02-12 14:55:20,792 [INFO] ADCParametersView:116 -                Rank 1 : false
2026-02-12 14:55:20,792 [INFO] ADCParametersView:116 -                Rank 1 : false
2026-02-12 14:55:20,793 [INFO] ADCParametersView:116 -                Rank 1 : false
2026-02-12 14:55:20,793 [INFO] ADCParametersView:116 -                Rank 1 : false
2026-02-12 14:55:20,793 [INFO] ADCParametersView:116 -                Rank 1 : false
2026-02-12 14:55:20,793 [INFO] ADCParametersView:116 -                Rank 1 : false
2026-02-12 14:55:20,793 [INFO] ADCParametersView:116 -                Rank 1 : false
2026-02-12 14:55:20,793 [INFO] ADCParametersView:116 -                Rank 1 : false
2026-02-12 14:55:20,793 [INFO] ADCParametersView:116 -                Rank 1 : false
2026-02-12 14:55:20,793 [INFO] ADCParametersView:116 -                Rank 1 : false
2026-02-12 14:55:20,793 [INFO] ADCParametersView:116 -                Rank 1 : false
2026-02-12 14:55:20,793 [INFO] ADCParametersView:116 -                Rank 1 : false
2026-02-12 14:55:20,851 [INFO] ADCParametersView:116 -                Rank 1 : false
2026-02-12 14:55:33,625 [INFO] SpinnerEditorADC:65 - is string kkkk
2026-02-12 14:55:36,152 [INFO] ParamManager:905 - [Generic UI] PropertyChangeEvent: TAB_STATUS_CHANGED , "dont care", "never mind"
2026-02-12 14:55:36,187 [INFO] NvicIntPanel:101 - NVIC parent = com.st.microxplorer.plugins.ip.nvic.MultiNvicIntPanel[,0,0,0x0,invalid,layout=javax.swing.BoxLayout,alignmentX=0.0,alignmentY=0.0,border=,flags=9,maximumSize=,minimumSize=,preferredSize=]
2026-02-12 14:55:36,385 [INFO] ParamManager:905 - [Generic UI] PropertyChangeEvent: TAB_STATUS_CHANGED , "dont care", "never mind"
2026-02-12 14:55:36,418 [INFO] NvicIntPanel:101 - NVIC parent = com.st.microxplorer.plugins.ip.nvic.MultiNvicIntPanel[,0,0,0x0,invalid,layout=javax.swing.BoxLayout,alignmentX=0.0,alignmentY=0.0,border=,flags=9,maximumSize=,minimumSize=,preferredSize=]
2026-02-12 14:55:36,660 [INFO] NvicIntPanel:101 - NVIC parent = com.st.microxplorer.plugins.ip.nvic.MultiNvicIntPanel[,0,0,0x0,invalid,layout=javax.swing.BoxLayout,alignmentX=0.0,alignmentY=0.0,border=,flags=9,maximumSize=,minimumSize=,preferredSize=]
2026-02-12 14:55:36,870 [INFO] ParamManager:905 - [Generic UI] PropertyChangeEvent: TAB_STATUS_CHANGED , "dont care", "never mind"
2026-02-12 14:55:36,906 [INFO] NvicIntPanel:101 - NVIC parent = com.st.microxplorer.plugins.ip.nvic.MultiNvicIntPanel[,0,0,0x0,invalid,layout=javax.swing.BoxLayout,alignmentX=0.0,alignmentY=0.0,border=,flags=9,maximumSize=,minimumSize=,preferredSize=]
2026-02-12 14:55:37,107 [INFO] ParamManager:905 - [Generic UI] PropertyChangeEvent: TAB_STATUS_CHANGED , "dont care", "never mind"
2026-02-12 14:55:37,140 [INFO] NvicIntPanel:101 - NVIC parent = com.st.microxplorer.plugins.ip.nvic.MultiNvicIntPanel[,0,0,0x0,invalid,layout=javax.swing.BoxLayout,alignmentX=0.0,alignmentY=0.0,border=,flags=9,maximumSize=,minimumSize=,preferredSize=]
2026-02-12 14:55:37,348 [INFO] NvicIntPanel:101 - NVIC parent = com.st.microxplorer.plugins.ip.nvic.MultiNvicIntPanel[,0,0,0x0,invalid,layout=javax.swing.BoxLayout,alignmentX=0.0,alignmentY=0.0,border=,flags=9,maximumSize=,minimumSize=,preferredSize=]
2026-02-12 14:55:37,572 [INFO] NvicIntPanel:101 - NVIC parent = com.st.microxplorer.plugins.ip.nvic.MultiNvicIntPanel[,0,0,0x0,invalid,layout=javax.swing.BoxLayout,alignmentX=0.0,alignmentY=0.0,border=,flags=9,maximumSize=,minimumSize=,preferredSize=]
2026-02-12 14:55:37,662 [INFO] ADCParametersView:116 -                Rank 1 : false
2026-02-12 14:55:37,664 [INFO] ADCParametersView:116 -                Rank 1 : false
2026-02-12 14:55:37,665 [INFO] ADCParametersView:116 -                Rank 1 : false
2026-02-12 14:55:37,665 [INFO] ADCParametersView:116 -                Rank 1 : false
2026-02-12 14:55:37,665 [INFO] ADCParametersView:116 -                Rank 1 : false
2026-02-12 14:55:37,665 [INFO] ADCParametersView:116 -                Rank 1 : false
2026-02-12 14:55:37,665 [INFO] ADCParametersView:116 -                Rank 1 : false
2026-02-12 14:55:37,665 [INFO] ADCParametersView:116 -                Rank 1 : false
2026-02-12 14:55:37,665 [INFO] ADCParametersView:116 -                Rank 1 : false
2026-02-12 14:55:37,665 [INFO] ADCParametersView:116 -                Rank 1 : false
2026-02-12 14:55:37,665 [INFO] ADCParametersView:116 -                Rank 1 : false
2026-02-12 14:55:37,665 [INFO] ADCParametersView:116 -                Rank 1 : false
2026-02-12 14:55:37,665 [INFO] ADCParametersView:116 -                Rank 1 : false
2026-02-12 14:55:37,666 [INFO] ADCParametersView:116 -                Rank 1 : false
2026-02-12 14:55:37,666 [INFO] ADCParametersView:116 -                Rank 1 : false
2026-02-12 14:55:37,666 [INFO] ADCParametersView:116 -                Rank 1 : false
2026-02-12 14:55:37,666 [INFO] ADCParametersView:116 -                Rank 1 : false
2026-02-12 14:55:37,666 [INFO] ADCParametersView:116 -                Rank 1 : false
2026-02-12 14:55:37,666 [INFO] ADCParametersView:116 -                Rank 1 : false
2026-02-12 14:55:37,666 [INFO] ADCParametersView:116 -                Rank 1 : false
2026-02-12 14:55:37,753 [INFO] ADCParametersView:116 -                Rank 1 : false
2026-02-12 14:55:37,753 [INFO] ADCParametersView:116 -                Rank 1 : false
2026-02-12 14:55:37,753 [INFO] ADCParametersView:116 -        *      Rank 2 : false
2026-02-12 14:55:37,753 [INFO] ADCParametersView:116 -                Rank 1 : false
2026-02-12 14:55:37,754 [INFO] ADCParametersView:116 -        *      Rank 2 : false
2026-02-12 14:55:37,754 [INFO] ADCParametersView:116 -        *      Rank 3 : false
2026-02-12 14:55:37,761 [INFO] SpinnerEditorADC:65 - is string kkkk
2026-02-12 14:55:37,822 [INFO] ADCParametersView:116 -                Rank 1 : false
2026-02-12 14:55:37,823 [INFO] ADCParametersView:116 -        *      Rank 2 : false
2026-02-12 14:55:37,823 [INFO] ADCParametersView:116 -        *      Rank 3 : false
2026-02-12 14:55:37,825 [INFO] ADCParametersView:116 -                Rank 1 : false
2026-02-12 14:55:37,825 [INFO] ADCParametersView:116 -        *      Rank 2 : false
2026-02-12 14:55:37,825 [INFO] ADCParametersView:116 -        *      Rank 3 : false
2026-02-12 14:55:37,825 [INFO] ADCParametersView:116 -                Rank 1 : false
2026-02-12 14:55:37,825 [INFO] ADCParametersView:116 -        *      Rank 2 : false
2026-02-12 14:55:37,825 [INFO] ADCParametersView:116 -        *      Rank 3 : false
2026-02-12 14:55:37,825 [INFO] ADCParametersView:116 -                Rank 1 : false
2026-02-12 14:55:37,825 [INFO] ADCParametersView:116 -        *      Rank 2 : false
2026-02-12 14:55:37,825 [INFO] ADCParametersView:116 -        *      Rank 3 : false
2026-02-12 14:55:37,825 [INFO] ADCParametersView:116 -                Rank 1 : false
2026-02-12 14:55:37,825 [INFO] ADCParametersView:116 -        *      Rank 2 : false
2026-02-12 14:55:37,825 [INFO] ADCParametersView:116 -        *      Rank 3 : false
2026-02-12 14:55:37,826 [INFO] ADCParametersView:116 -                Rank 1 : false
2026-02-12 14:55:37,826 [INFO] ADCParametersView:116 -        *      Rank 2 : false
2026-02-12 14:55:37,826 [INFO] ADCParametersView:116 -        *      Rank 3 : false
2026-02-12 14:55:37,826 [INFO] ADCParametersView:116 -                Rank 1 : false
2026-02-12 14:55:37,826 [INFO] ADCParametersView:116 -        *      Rank 2 : false
2026-02-12 14:55:37,826 [INFO] ADCParametersView:116 -        *      Rank 3 : false
2026-02-12 14:55:37,826 [INFO] ADCParametersView:116 -                Rank 1 : false
2026-02-12 14:55:37,826 [INFO] ADCParametersView:116 -        *      Rank 2 : false
2026-02-12 14:55:37,826 [INFO] ADCParametersView:116 -        *      Rank 3 : false
2026-02-12 14:55:37,826 [INFO] ADCParametersView:116 -                Rank 1 : false
2026-02-12 14:55:37,826 [INFO] ADCParametersView:116 -        *      Rank 2 : false
2026-02-12 14:55:37,826 [INFO] ADCParametersView:116 -        *      Rank 3 : false
2026-02-12 14:55:37,827 [INFO] ADCParametersView:116 -                Rank 1 : false
2026-02-12 14:55:37,827 [INFO] ADCParametersView:116 -        *      Rank 2 : false
2026-02-12 14:55:37,827 [INFO] ADCParametersView:116 -        *      Rank 3 : false
2026-02-12 14:55:37,827 [INFO] ADCParametersView:116 -                Rank 1 : false
2026-02-12 14:55:37,827 [INFO] ADCParametersView:116 -        *      Rank 2 : false
2026-02-12 14:55:37,828 [INFO] ADCParametersView:116 -        *      Rank 3 : false
2026-02-12 14:55:37,828 [INFO] ADCParametersView:116 -                Rank 1 : false
2026-02-12 14:55:37,828 [INFO] ADCParametersView:116 -        *      Rank 2 : false
2026-02-12 14:55:37,828 [INFO] ADCParametersView:116 -        *      Rank 3 : false
2026-02-12 14:55:37,829 [INFO] ADCParametersView:116 -                Rank 1 : false
2026-02-12 14:55:37,829 [INFO] ADCParametersView:116 -        *      Rank 2 : false
2026-02-12 14:55:37,829 [INFO] ADCParametersView:116 -        *      Rank 3 : false
2026-02-12 14:55:37,829 [INFO] ADCParametersView:116 -                Rank 1 : false
2026-02-12 14:55:37,829 [INFO] ADCParametersView:116 -        *      Rank 2 : false
2026-02-12 14:55:37,829 [INFO] ADCParametersView:116 -        *      Rank 3 : false
2026-02-12 14:55:37,829 [INFO] ADCParametersView:116 -                Rank 1 : false
2026-02-12 14:55:37,829 [INFO] ADCParametersView:116 -        *      Rank 2 : false
2026-02-12 14:55:37,829 [INFO] ADCParametersView:116 -        *      Rank 3 : false
2026-02-12 14:55:37,830 [INFO] ADCParametersView:116 -                Rank 1 : false
2026-02-12 14:55:37,830 [INFO] ADCParametersView:116 -        *      Rank 2 : false
2026-02-12 14:55:37,830 [INFO] ADCParametersView:116 -        *      Rank 3 : false
2026-02-12 14:55:37,830 [INFO] ADCParametersView:116 -                Rank 1 : false
2026-02-12 14:55:37,830 [INFO] ADCParametersView:116 -        *      Rank 2 : false
2026-02-12 14:55:37,830 [INFO] ADCParametersView:116 -        *      Rank 3 : false
2026-02-12 14:55:37,830 [INFO] ADCParametersView:116 -                Rank 1 : false
2026-02-12 14:55:37,830 [INFO] ADCParametersView:116 -        *      Rank 2 : false
2026-02-12 14:55:37,830 [INFO] ADCParametersView:116 -        *      Rank 3 : false
2026-02-12 14:55:37,831 [INFO] ADCParametersView:116 -                Rank 1 : false
2026-02-12 14:55:37,831 [INFO] ADCParametersView:116 -        *      Rank 2 : false
2026-02-12 14:55:37,831 [INFO] ADCParametersView:116 -        *      Rank 3 : false
2026-02-12 14:55:37,831 [INFO] ADCParametersView:116 -                Rank 1 : false
2026-02-12 14:55:37,831 [INFO] ADCParametersView:116 -        *      Rank 2 : false
2026-02-12 14:55:37,831 [INFO] ADCParametersView:116 -        *      Rank 3 : false
2026-02-12 14:55:37,831 [INFO] ADCParametersView:116 -        *      Rank 2 : false
2026-02-12 14:55:37,831 [INFO] ADCParametersView:116 -        *      Rank 3 : false
2026-02-12 14:55:37,831 [INFO] ADCParametersView:116 -        *      Rank 3 : false
2026-02-12 14:55:37,908 [INFO] ADCParametersView:116 -                Rank 1 : false
2026-02-12 14:55:37,909 [INFO] ADCParametersView:116 -                Rank 1 : false
2026-02-12 14:55:37,909 [INFO] ADCParametersView:116 -                Rank 2 : false
2026-02-12 14:55:37,909 [INFO] ADCParametersView:116 -                Rank 1 : false
2026-02-12 14:55:37,909 [INFO] ADCParametersView:116 -                Rank 2 : false
2026-02-12 14:55:37,909 [INFO] ADCParametersView:116 -                Rank 3 : false
2026-02-12 14:55:37,916 [INFO] SpinnerEditorADC:65 - is string kkkk
2026-02-12 14:56:18,000 [INFO] NvicIntPanel:101 - NVIC parent = com.st.microxplorer.plugins.ip.nvic.MultiNvicIntPanel[,0,0,0x0,invalid,layout=javax.swing.BoxLayout,alignmentX=0.0,alignmentY=0.0,border=,flags=9,maximumSize=,minimumSize=,preferredSize=]
2026-02-12 14:56:18,125 [INFO] ADCParametersView:116 -                Rank 1 : false
2026-02-12 14:56:18,125 [INFO] ADCParametersView:116 -                Rank 2 : false
2026-02-12 14:56:18,125 [INFO] ADCParametersView:116 -                Rank 3 : false
2026-02-12 14:56:18,127 [INFO] ADCParametersView:116 -                Rank 1 : false
2026-02-12 14:56:18,128 [INFO] ADCParametersView:116 -                Rank 2 : false
2026-02-12 14:56:18,128 [INFO] ADCParametersView:116 -                Rank 3 : false
2026-02-12 14:56:18,128 [INFO] ADCParametersView:116 -                Rank 1 : false
2026-02-12 14:56:18,128 [INFO] ADCParametersView:116 -                Rank 2 : false
2026-02-12 14:56:18,128 [INFO] ADCParametersView:116 -                Rank 3 : false
2026-02-12 14:56:18,128 [INFO] ADCParametersView:116 -                Rank 1 : false
2026-02-12 14:56:18,128 [INFO] ADCParametersView:116 -                Rank 2 : false
2026-02-12 14:56:18,128 [INFO] ADCParametersView:116 -                Rank 3 : false
2026-02-12 14:56:18,128 [INFO] ADCParametersView:116 -                Rank 1 : false
2026-02-12 14:56:18,128 [INFO] ADCParametersView:116 -                Rank 2 : false
2026-02-12 14:56:18,128 [INFO] ADCParametersView:116 -                Rank 3 : false
2026-02-12 14:56:18,128 [INFO] ADCParametersView:116 -                Rank 1 : false
2026-02-12 14:56:18,128 [INFO] ADCParametersView:116 -                Rank 2 : false
2026-02-12 14:56:18,128 [INFO] ADCParametersView:116 -                Rank 3 : false
2026-02-12 14:56:18,128 [INFO] ADCParametersView:116 -                Rank 1 : false
2026-02-12 14:56:18,128 [INFO] ADCParametersView:116 -                Rank 2 : false
2026-02-12 14:56:18,128 [INFO] ADCParametersView:116 -                Rank 3 : false
2026-02-12 14:56:18,128 [INFO] ADCParametersView:116 -                Rank 1 : false
2026-02-12 14:56:18,128 [INFO] ADCParametersView:116 -                Rank 2 : false
2026-02-12 14:56:18,128 [INFO] ADCParametersView:116 -                Rank 3 : false
2026-02-12 14:56:18,128 [INFO] ADCParametersView:116 -                Rank 1 : false
2026-02-12 14:56:18,128 [INFO] ADCParametersView:116 -                Rank 2 : false
2026-02-12 14:56:18,128 [INFO] ADCParametersView:116 -                Rank 3 : false
2026-02-12 14:56:18,128 [INFO] ADCParametersView:116 -                Rank 1 : false
2026-02-12 14:56:18,128 [INFO] ADCParametersView:116 -                Rank 2 : false
2026-02-12 14:56:18,128 [INFO] ADCParametersView:116 -                Rank 3 : false
2026-02-12 14:56:18,129 [INFO] ADCParametersView:116 -                Rank 1 : false
2026-02-12 14:56:18,129 [INFO] ADCParametersView:116 -                Rank 2 : false
2026-02-12 14:56:18,129 [INFO] ADCParametersView:116 -                Rank 3 : false
2026-02-12 14:56:18,129 [INFO] ADCParametersView:116 -                Rank 1 : false
2026-02-12 14:56:18,129 [INFO] ADCParametersView:116 -                Rank 2 : false
2026-02-12 14:56:18,129 [INFO] ADCParametersView:116 -                Rank 3 : false
2026-02-12 14:56:18,129 [INFO] ADCParametersView:116 -                Rank 1 : false
2026-02-12 14:56:18,129 [INFO] ADCParametersView:116 -                Rank 2 : false
2026-02-12 14:56:18,129 [INFO] ADCParametersView:116 -                Rank 3 : false
2026-02-12 14:56:18,129 [INFO] ADCParametersView:116 -                Rank 1 : false
2026-02-12 14:56:18,129 [INFO] ADCParametersView:116 -                Rank 2 : false
2026-02-12 14:56:18,129 [INFO] ADCParametersView:116 -                Rank 3 : false
2026-02-12 14:56:18,129 [INFO] ADCParametersView:116 -                Rank 1 : false
2026-02-12 14:56:18,129 [INFO] ADCParametersView:116 -                Rank 2 : false
2026-02-12 14:56:18,129 [INFO] ADCParametersView:116 -                Rank 3 : false
2026-02-12 14:56:18,129 [INFO] ADCParametersView:116 -                Rank 1 : false
2026-02-12 14:56:18,129 [INFO] ADCParametersView:116 -                Rank 2 : false
2026-02-12 14:56:18,129 [INFO] ADCParametersView:116 -                Rank 3 : false
2026-02-12 14:56:18,129 [INFO] ADCParametersView:116 -                Rank 1 : false
2026-02-12 14:56:18,129 [INFO] ADCParametersView:116 -                Rank 2 : false
2026-02-12 14:56:18,130 [INFO] ADCParametersView:116 -                Rank 3 : false
2026-02-12 14:56:18,130 [INFO] ADCParametersView:116 -                Rank 1 : false
2026-02-12 14:56:18,130 [INFO] ADCParametersView:116 -                Rank 2 : false
2026-02-12 14:56:18,130 [INFO] ADCParametersView:116 -                Rank 3 : false
2026-02-12 14:56:18,130 [INFO] ADCParametersView:116 -                Rank 1 : false
2026-02-12 14:56:18,130 [INFO] ADCParametersView:116 -                Rank 2 : false
2026-02-12 14:56:18,130 [INFO] ADCParametersView:116 -                Rank 3 : false
2026-02-12 14:56:18,130 [INFO] ADCParametersView:116 -                Rank 1 : false
2026-02-12 14:56:18,130 [INFO] ADCParametersView:116 -                Rank 2 : false
2026-02-12 14:56:18,130 [INFO] ADCParametersView:116 -                Rank 3 : false
2026-02-12 14:56:18,130 [INFO] ADCParametersView:116 -                Rank 2 : false
2026-02-12 14:56:18,130 [INFO] ADCParametersView:116 -                Rank 3 : false
2026-02-12 14:56:18,130 [INFO] ADCParametersView:116 -                Rank 3 : false
2026-02-12 14:56:18,210 [INFO] ADCParametersView:116 -                Rank 1 : false
2026-02-12 14:56:18,211 [INFO] ADCParametersView:116 -                Rank 1 : false
2026-02-12 14:56:18,211 [INFO] ADCParametersView:116 -                Rank 2 : false
2026-02-12 14:56:18,211 [INFO] ADCParametersView:116 -                Rank 1 : false
2026-02-12 14:56:18,211 [INFO] ADCParametersView:116 -                Rank 2 : false
2026-02-12 14:56:18,211 [INFO] ADCParametersView:116 -                Rank 3 : false
2026-02-12 14:56:18,296 [INFO] ADCParametersView:116 -                Rank 1 : false
2026-02-12 14:56:18,297 [INFO] ADCParametersView:116 -                Rank 2 : false
2026-02-12 14:56:18,297 [INFO] ADCParametersView:116 -                Rank 3 : false
2026-02-12 14:56:18,298 [INFO] ADCParametersView:116 -                Rank 1 : false
2026-02-12 14:56:18,298 [INFO] ADCParametersView:116 -                Rank 2 : false
2026-02-12 14:56:18,298 [INFO] ADCParametersView:116 -                Rank 3 : false
2026-02-12 14:56:18,298 [INFO] ADCParametersView:116 -                Rank 1 : false
2026-02-12 14:56:18,298 [INFO] ADCParametersView:116 -                Rank 2 : false
2026-02-12 14:56:18,298 [INFO] ADCParametersView:116 -                Rank 3 : false
2026-02-12 14:56:18,298 [INFO] ADCParametersView:116 -                Rank 1 : false
2026-02-12 14:56:18,298 [INFO] ADCParametersView:116 -                Rank 2 : false
2026-02-12 14:56:18,298 [INFO] ADCParametersView:116 -                Rank 3 : false
2026-02-12 14:56:18,298 [INFO] ADCParametersView:116 -                Rank 1 : false
2026-02-12 14:56:18,298 [INFO] ADCParametersView:116 -                Rank 2 : false
2026-02-12 14:56:18,298 [INFO] ADCParametersView:116 -                Rank 3 : false
2026-02-12 14:56:18,298 [INFO] ADCParametersView:116 -                Rank 1 : false
2026-02-12 14:56:18,298 [INFO] ADCParametersView:116 -                Rank 2 : false
2026-02-12 14:56:18,298 [INFO] ADCParametersView:116 -                Rank 3 : false
2026-02-12 14:56:18,298 [INFO] ADCParametersView:116 -                Rank 1 : false
2026-02-12 14:56:18,298 [INFO] ADCParametersView:116 -                Rank 2 : false
2026-02-12 14:56:18,299 [INFO] ADCParametersView:116 -                Rank 3 : false
2026-02-12 14:56:18,299 [INFO] ADCParametersView:116 -                Rank 1 : false
2026-02-12 14:56:18,299 [INFO] ADCParametersView:116 -                Rank 2 : false
2026-02-12 14:56:18,299 [INFO] ADCParametersView:116 -                Rank 3 : false
2026-02-12 14:56:18,299 [INFO] ADCParametersView:116 -                Rank 1 : false
2026-02-12 14:56:18,299 [INFO] ADCParametersView:116 -                Rank 2 : false
2026-02-12 14:56:18,299 [INFO] ADCParametersView:116 -                Rank 3 : false
2026-02-12 14:56:18,299 [INFO] ADCParametersView:116 -                Rank 1 : false
2026-02-12 14:56:18,299 [INFO] ADCParametersView:116 -                Rank 2 : false
2026-02-12 14:56:18,299 [INFO] ADCParametersView:116 -                Rank 3 : false
2026-02-12 14:56:18,299 [INFO] ADCParametersView:116 -                Rank 1 : false
2026-02-12 14:56:18,299 [INFO] ADCParametersView:116 -                Rank 2 : false
2026-02-12 14:56:18,299 [INFO] ADCParametersView:116 -                Rank 3 : false
2026-02-12 14:56:18,299 [INFO] ADCParametersView:116 -                Rank 1 : false
2026-02-12 14:56:18,299 [INFO] ADCParametersView:116 -                Rank 2 : false
2026-02-12 14:56:18,299 [INFO] ADCParametersView:116 -                Rank 3 : false
2026-02-12 14:56:18,299 [INFO] ADCParametersView:116 -                Rank 1 : false
2026-02-12 14:56:18,299 [INFO] ADCParametersView:116 -                Rank 2 : false
2026-02-12 14:56:18,299 [INFO] ADCParametersView:116 -                Rank 3 : false
2026-02-12 14:56:18,299 [INFO] ADCParametersView:116 -                Rank 1 : false
2026-02-12 14:56:18,299 [INFO] ADCParametersView:116 -                Rank 2 : false
2026-02-12 14:56:18,300 [INFO] ADCParametersView:116 -                Rank 3 : false
2026-02-12 14:56:18,300 [INFO] ADCParametersView:116 -                Rank 1 : false
2026-02-12 14:56:18,300 [INFO] ADCParametersView:116 -                Rank 2 : false
2026-02-12 14:56:18,300 [INFO] ADCParametersView:116 -                Rank 3 : false
2026-02-12 14:56:18,300 [INFO] ADCParametersView:116 -                Rank 1 : false
2026-02-12 14:56:18,300 [INFO] ADCParametersView:116 -                Rank 2 : false
2026-02-12 14:56:18,300 [INFO] ADCParametersView:116 -                Rank 3 : false
2026-02-12 14:56:18,300 [INFO] ADCParametersView:116 -                Rank 1 : false
2026-02-12 14:56:18,300 [INFO] ADCParametersView:116 -                Rank 2 : false
2026-02-12 14:56:18,300 [INFO] ADCParametersView:116 -                Rank 3 : false
2026-02-12 14:56:18,300 [INFO] ADCParametersView:116 -                Rank 1 : false
2026-02-12 14:56:18,300 [INFO] ADCParametersView:116 -                Rank 2 : false
2026-02-12 14:56:18,300 [INFO] ADCParametersView:116 -                Rank 3 : false
2026-02-12 14:56:18,300 [INFO] ADCParametersView:116 -                Rank 1 : false
2026-02-12 14:56:18,300 [INFO] ADCParametersView:116 -                Rank 2 : false
2026-02-12 14:56:18,300 [INFO] ADCParametersView:116 -                Rank 3 : false
2026-02-12 14:56:18,300 [INFO] ADCParametersView:116 -                Rank 1 : false
2026-02-12 14:56:18,300 [INFO] ADCParametersView:116 -                Rank 2 : false
2026-02-12 14:56:18,300 [INFO] ADCParametersView:116 -                Rank 3 : false
2026-02-12 14:56:18,300 [INFO] ADCParametersView:116 -                Rank 2 : false
2026-02-12 14:56:18,300 [INFO] ADCParametersView:116 -                Rank 3 : false
2026-02-12 14:56:18,300 [INFO] ADCParametersView:116 -                Rank 3 : false
2026-02-12 14:56:18,360 [INFO] ADCParametersView:116 -                Rank 1 : false
2026-02-12 14:56:18,360 [INFO] ADCParametersView:116 -                Rank 1 : false
2026-02-12 14:56:18,360 [INFO] ADCParametersView:116 -                Rank 2 : false
2026-02-12 14:56:18,361 [INFO] ADCParametersView:116 -                Rank 1 : false
2026-02-12 14:56:18,361 [INFO] ADCParametersView:116 -                Rank 2 : false
2026-02-12 14:56:18,361 [INFO] ADCParametersView:116 -                Rank 3 : false
2026-02-12 14:56:18,631 [INFO] ADCParametersView:116 -                Rank 1 : false
2026-02-12 14:56:18,632 [INFO] ADCParametersView:116 -                Rank 2 : false
2026-02-12 14:56:18,632 [INFO] ADCParametersView:116 -                Rank 3 : false
2026-02-12 14:56:18,634 [INFO] ADCParametersView:116 -                Rank 1 : false
2026-02-12 14:56:18,634 [INFO] ADCParametersView:116 -                Rank 2 : false
2026-02-12 14:56:18,634 [INFO] ADCParametersView:116 -                Rank 3 : false
2026-02-12 14:56:18,634 [INFO] ADCParametersView:116 -                Rank 1 : false
2026-02-12 14:56:18,634 [INFO] ADCParametersView:116 -                Rank 2 : false
2026-02-12 14:56:18,634 [INFO] ADCParametersView:116 -                Rank 3 : false
2026-02-12 14:56:18,634 [INFO] ADCParametersView:116 -                Rank 1 : false
2026-02-12 14:56:18,634 [INFO] ADCParametersView:116 -                Rank 2 : false
2026-02-12 14:56:18,634 [INFO] ADCParametersView:116 -                Rank 3 : false
2026-02-12 14:56:18,634 [INFO] ADCParametersView:116 -                Rank 1 : false
2026-02-12 14:56:18,634 [INFO] ADCParametersView:116 -                Rank 2 : false
2026-02-12 14:56:18,634 [INFO] ADCParametersView:116 -                Rank 3 : false
2026-02-12 14:56:18,635 [INFO] ADCParametersView:116 -                Rank 1 : false
2026-02-12 14:56:18,635 [INFO] ADCParametersView:116 -                Rank 2 : false
2026-02-12 14:56:18,635 [INFO] ADCParametersView:116 -                Rank 3 : false
2026-02-12 14:56:18,635 [INFO] ADCParametersView:116 -                Rank 1 : false
2026-02-12 14:56:18,635 [INFO] ADCParametersView:116 -                Rank 2 : false
2026-02-12 14:56:18,635 [INFO] ADCParametersView:116 -                Rank 3 : false
2026-02-12 14:56:18,635 [INFO] ADCParametersView:116 -                Rank 1 : false
2026-02-12 14:56:18,635 [INFO] ADCParametersView:116 -                Rank 2 : false
2026-02-12 14:56:18,635 [INFO] ADCParametersView:116 -                Rank 3 : false
2026-02-12 14:56:18,635 [INFO] ADCParametersView:116 -                Rank 1 : false
2026-02-12 14:56:18,635 [INFO] ADCParametersView:116 -                Rank 2 : false
2026-02-12 14:56:18,635 [INFO] ADCParametersView:116 -                Rank 3 : false
2026-02-12 14:56:18,635 [INFO] ADCParametersView:116 -                Rank 1 : false
2026-02-12 14:56:18,635 [INFO] ADCParametersView:116 -                Rank 2 : false
2026-02-12 14:56:18,635 [INFO] ADCParametersView:116 -                Rank 3 : false
2026-02-12 14:56:18,635 [INFO] ADCParametersView:116 -                Rank 1 : false
2026-02-12 14:56:18,635 [INFO] ADCParametersView:116 -                Rank 2 : false
2026-02-12 14:56:18,635 [INFO] ADCParametersView:116 -                Rank 3 : false
2026-02-12 14:56:18,635 [INFO] ADCParametersView:116 -                Rank 1 : false
2026-02-12 14:56:18,636 [INFO] ADCParametersView:116 -                Rank 2 : false
2026-02-12 14:56:18,636 [INFO] ADCParametersView:116 -                Rank 3 : false
2026-02-12 14:56:18,636 [INFO] ADCParametersView:116 -                Rank 1 : false
2026-02-12 14:56:18,636 [INFO] ADCParametersView:116 -                Rank 2 : false
2026-02-12 14:56:18,636 [INFO] ADCParametersView:116 -                Rank 3 : false
2026-02-12 14:56:18,636 [INFO] ADCParametersView:116 -                Rank 1 : false
2026-02-12 14:56:18,636 [INFO] ADCParametersView:116 -                Rank 2 : false
2026-02-12 14:56:18,636 [INFO] ADCParametersView:116 -                Rank 3 : false
2026-02-12 14:56:18,636 [INFO] ADCParametersView:116 -                Rank 1 : false
2026-02-12 14:56:18,636 [INFO] ADCParametersView:116 -                Rank 2 : false
2026-02-12 14:56:18,636 [INFO] ADCParametersView:116 -                Rank 3 : false
2026-02-12 14:56:18,636 [INFO] ADCParametersView:116 -                Rank 1 : false
2026-02-12 14:56:18,637 [INFO] ADCParametersView:116 -                Rank 2 : false
2026-02-12 14:56:18,637 [INFO] ADCParametersView:116 -                Rank 3 : false
2026-02-12 14:56:18,637 [INFO] ADCParametersView:116 -                Rank 1 : false
2026-02-12 14:56:18,637 [INFO] ADCParametersView:116 -                Rank 2 : false
2026-02-12 14:56:18,637 [INFO] ADCParametersView:116 -                Rank 3 : false
2026-02-12 14:56:18,637 [INFO] ADCParametersView:116 -                Rank 1 : false
2026-02-12 14:56:18,637 [INFO] ADCParametersView:116 -                Rank 2 : false
2026-02-12 14:56:18,637 [INFO] ADCParametersView:116 -                Rank 3 : false
2026-02-12 14:56:18,637 [INFO] ADCParametersView:116 -                Rank 1 : false
2026-02-12 14:56:18,637 [INFO] ADCParametersView:116 -                Rank 2 : false
2026-02-12 14:56:18,637 [INFO] ADCParametersView:116 -                Rank 3 : false
2026-02-12 14:56:18,637 [INFO] ADCParametersView:116 -                Rank 1 : false
2026-02-12 14:56:18,638 [INFO] ADCParametersView:116 -                Rank 2 : false
2026-02-12 14:56:18,638 [INFO] ADCParametersView:116 -                Rank 3 : false
2026-02-12 14:56:18,638 [INFO] ADCParametersView:116 -                Rank 2 : false
2026-02-12 14:56:18,638 [INFO] ADCParametersView:116 -                Rank 3 : false
2026-02-12 14:56:18,638 [INFO] ADCParametersView:116 -                Rank 3 : false
2026-02-12 14:56:18,722 [INFO] ADCParametersView:116 -                Rank 1 : false
2026-02-12 14:56:18,723 [INFO] ADCParametersView:116 -                Rank 1 : false
2026-02-12 14:56:18,723 [INFO] ADCParametersView:116 -                Rank 2 : false
2026-02-12 14:56:18,723 [INFO] ADCParametersView:116 -                Rank 1 : false
2026-02-12 14:56:18,723 [INFO] ADCParametersView:116 -                Rank 2 : false
2026-02-12 14:56:18,724 [INFO] ADCParametersView:116 -                Rank 3 : false
2026-02-12 14:56:18,810 [INFO] ADCParametersView:116 -                Rank 1 : false
2026-02-12 14:56:18,810 [INFO] ADCParametersView:116 -                Rank 2 : false
2026-02-12 14:56:18,810 [INFO] ADCParametersView:116 -                Rank 3 : false
2026-02-12 14:56:18,811 [INFO] ADCParametersView:116 -                Rank 1 : false
2026-02-12 14:56:18,811 [INFO] ADCParametersView:116 -                Rank 2 : false
2026-02-12 14:56:18,811 [INFO] ADCParametersView:116 -                Rank 3 : false
2026-02-12 14:56:18,811 [INFO] ADCParametersView:116 -                Rank 1 : false
2026-02-12 14:56:18,811 [INFO] ADCParametersView:116 -                Rank 2 : false
2026-02-12 14:56:18,811 [INFO] ADCParametersView:116 -                Rank 3 : false
2026-02-12 14:56:18,811 [INFO] ADCParametersView:116 -                Rank 1 : false
2026-02-12 14:56:18,811 [INFO] ADCParametersView:116 -                Rank 2 : false
2026-02-12 14:56:18,811 [INFO] ADCParametersView:116 -                Rank 3 : false
2026-02-12 14:56:18,811 [INFO] ADCParametersView:116 -                Rank 1 : false
2026-02-12 14:56:18,811 [INFO] ADCParametersView:116 -                Rank 2 : false
2026-02-12 14:56:18,811 [INFO] ADCParametersView:116 -                Rank 3 : false
2026-02-12 14:56:18,811 [INFO] ADCParametersView:116 -                Rank 1 : false
2026-02-12 14:56:18,811 [INFO] ADCParametersView:116 -                Rank 2 : false
2026-02-12 14:56:18,811 [INFO] ADCParametersView:116 -                Rank 3 : false
2026-02-12 14:56:18,812 [INFO] ADCParametersView:116 -                Rank 1 : false
2026-02-12 14:56:18,812 [INFO] ADCParametersView:116 -                Rank 2 : false
2026-02-12 14:56:18,812 [INFO] ADCParametersView:116 -                Rank 3 : false
2026-02-12 14:56:18,812 [INFO] ADCParametersView:116 -                Rank 1 : false
2026-02-12 14:56:18,812 [INFO] ADCParametersView:116 -                Rank 2 : false
2026-02-12 14:56:18,812 [INFO] ADCParametersView:116 -                Rank 3 : false
2026-02-12 14:56:18,812 [INFO] ADCParametersView:116 -                Rank 1 : false
2026-02-12 14:56:18,812 [INFO] ADCParametersView:116 -                Rank 2 : false
2026-02-12 14:56:18,812 [INFO] ADCParametersView:116 -                Rank 3 : false
2026-02-12 14:56:18,812 [INFO] ADCParametersView:116 -                Rank 1 : false
2026-02-12 14:56:18,812 [INFO] ADCParametersView:116 -                Rank 2 : false
2026-02-12 14:56:18,812 [INFO] ADCParametersView:116 -                Rank 3 : false
2026-02-12 14:56:18,812 [INFO] ADCParametersView:116 -                Rank 1 : false
2026-02-12 14:56:18,812 [INFO] ADCParametersView:116 -                Rank 2 : false
2026-02-12 14:56:18,812 [INFO] ADCParametersView:116 -                Rank 3 : false
2026-02-12 14:56:18,812 [INFO] ADCParametersView:116 -                Rank 1 : false
2026-02-12 14:56:18,812 [INFO] ADCParametersView:116 -                Rank 2 : false
2026-02-12 14:56:18,812 [INFO] ADCParametersView:116 -                Rank 3 : false
2026-02-12 14:56:18,812 [INFO] ADCParametersView:116 -                Rank 1 : false
2026-02-12 14:56:18,812 [INFO] ADCParametersView:116 -                Rank 2 : false
2026-02-12 14:56:18,812 [INFO] ADCParametersView:116 -                Rank 3 : false
2026-02-12 14:56:18,812 [INFO] ADCParametersView:116 -                Rank 1 : false
2026-02-12 14:56:18,813 [INFO] ADCParametersView:116 -                Rank 2 : false
2026-02-12 14:56:18,813 [INFO] ADCParametersView:116 -                Rank 3 : false
2026-02-12 14:56:18,813 [INFO] ADCParametersView:116 -                Rank 1 : false
2026-02-12 14:56:18,813 [INFO] ADCParametersView:116 -                Rank 2 : false
2026-02-12 14:56:18,813 [INFO] ADCParametersView:116 -                Rank 3 : false
2026-02-12 14:56:18,813 [INFO] ADCParametersView:116 -                Rank 1 : false
2026-02-12 14:56:18,813 [INFO] ADCParametersView:116 -                Rank 2 : false
2026-02-12 14:56:18,813 [INFO] ADCParametersView:116 -                Rank 3 : false
2026-02-12 14:56:18,813 [INFO] ADCParametersView:116 -                Rank 1 : false
2026-02-12 14:56:18,813 [INFO] ADCParametersView:116 -                Rank 2 : false
2026-02-12 14:56:18,813 [INFO] ADCParametersView:116 -                Rank 3 : false
2026-02-12 14:56:18,813 [INFO] ADCParametersView:116 -                Rank 1 : false
2026-02-12 14:56:18,813 [INFO] ADCParametersView:116 -                Rank 2 : false
2026-02-12 14:56:18,813 [INFO] ADCParametersView:116 -                Rank 3 : false
2026-02-12 14:56:18,813 [INFO] ADCParametersView:116 -                Rank 1 : false
2026-02-12 14:56:18,813 [INFO] ADCParametersView:116 -                Rank 2 : false
2026-02-12 14:56:18,813 [INFO] ADCParametersView:116 -                Rank 3 : false
2026-02-12 14:56:18,814 [INFO] ADCParametersView:116 -                Rank 1 : false
2026-02-12 14:56:18,814 [INFO] ADCParametersView:116 -                Rank 2 : false
2026-02-12 14:56:18,814 [INFO] ADCParametersView:116 -                Rank 3 : false
2026-02-12 14:56:18,814 [INFO] ADCParametersView:116 -                Rank 2 : false
2026-02-12 14:56:18,814 [INFO] ADCParametersView:116 -                Rank 3 : false
2026-02-12 14:56:18,814 [INFO] ADCParametersView:116 -                Rank 3 : false
2026-02-12 14:56:18,877 [INFO] ADCParametersView:116 -                Rank 1 : false
2026-02-12 14:56:18,877 [INFO] ADCParametersView:116 -                Rank 1 : false
2026-02-12 14:56:18,878 [INFO] ADCParametersView:116 -                Rank 2 : false
2026-02-12 14:56:18,879 [INFO] ADCParametersView:116 -                Rank 1 : false
2026-02-12 14:56:18,879 [INFO] ADCParametersView:116 -                Rank 2 : false
2026-02-12 14:56:18,879 [INFO] ADCParametersView:116 -                Rank 3 : false
2026-02-12 14:56:32,614 [INFO] ADCParametersView:116 -                Rank 1 : false
2026-02-12 14:56:32,614 [INFO] ADCParametersView:116 -                Rank 2 : false
2026-02-12 14:56:32,614 [INFO] ADCParametersView:116 -                Rank 3 : false
2026-02-12 14:56:32,616 [INFO] ADCParametersView:116 -                Rank 1 : false
2026-02-12 14:56:32,616 [INFO] ADCParametersView:116 -                Rank 2 : false
2026-02-12 14:56:32,616 [INFO] ADCParametersView:116 -                Rank 3 : false
2026-02-12 14:56:32,616 [INFO] ADCParametersView:116 -                Rank 1 : false
2026-02-12 14:56:32,616 [INFO] ADCParametersView:116 -                Rank 2 : false
2026-02-12 14:56:32,616 [INFO] ADCParametersView:116 -                Rank 3 : false
2026-02-12 14:56:32,616 [INFO] ADCParametersView:116 -                Rank 1 : false
2026-02-12 14:56:32,616 [INFO] ADCParametersView:116 -                Rank 2 : false
2026-02-12 14:56:32,616 [INFO] ADCParametersView:116 -                Rank 3 : false
2026-02-12 14:56:32,616 [INFO] ADCParametersView:116 -                Rank 1 : false
2026-02-12 14:56:32,616 [INFO] ADCParametersView:116 -                Rank 2 : false
2026-02-12 14:56:32,616 [INFO] ADCParametersView:116 -                Rank 3 : false
2026-02-12 14:56:32,616 [INFO] ADCParametersView:116 -                Rank 1 : false
2026-02-12 14:56:32,616 [INFO] ADCParametersView:116 -                Rank 2 : false
2026-02-12 14:56:32,616 [INFO] ADCParametersView:116 -                Rank 3 : false
2026-02-12 14:56:32,617 [INFO] ADCParametersView:116 -                Rank 1 : false
2026-02-12 14:56:32,617 [INFO] ADCParametersView:116 -                Rank 2 : false
2026-02-12 14:56:32,617 [INFO] ADCParametersView:116 -                Rank 3 : false
2026-02-12 14:56:32,617 [INFO] ADCParametersView:116 -                Rank 1 : false
2026-02-12 14:56:32,617 [INFO] ADCParametersView:116 -                Rank 2 : false
2026-02-12 14:56:32,617 [INFO] ADCParametersView:116 -                Rank 3 : false
2026-02-12 14:56:32,617 [INFO] ADCParametersView:116 -                Rank 1 : false
2026-02-12 14:56:32,617 [INFO] ADCParametersView:116 -                Rank 2 : false
2026-02-12 14:56:32,617 [INFO] ADCParametersView:116 -                Rank 3 : false
2026-02-12 14:56:32,617 [INFO] ADCParametersView:116 -                Rank 1 : false
2026-02-12 14:56:32,617 [INFO] ADCParametersView:116 -                Rank 2 : false
2026-02-12 14:56:32,617 [INFO] ADCParametersView:116 -                Rank 3 : false
2026-02-12 14:56:32,617 [INFO] ADCParametersView:116 -                Rank 1 : false
2026-02-12 14:56:32,617 [INFO] ADCParametersView:116 -                Rank 2 : false
2026-02-12 14:56:32,617 [INFO] ADCParametersView:116 -                Rank 3 : false
2026-02-12 14:56:32,617 [INFO] ADCParametersView:116 -                Rank 1 : false
2026-02-12 14:56:32,617 [INFO] ADCParametersView:116 -                Rank 2 : false
2026-02-12 14:56:32,617 [INFO] ADCParametersView:116 -                Rank 3 : false
2026-02-12 14:56:32,618 [INFO] ADCParametersView:116 -                Rank 1 : false
2026-02-12 14:56:32,618 [INFO] ADCParametersView:116 -                Rank 2 : false
2026-02-12 14:56:32,618 [INFO] ADCParametersView:116 -                Rank 3 : false
2026-02-12 14:56:32,618 [INFO] ADCParametersView:116 -                Rank 1 : false
2026-02-12 14:56:32,618 [INFO] ADCParametersView:116 -                Rank 2 : false
2026-02-12 14:56:32,618 [INFO] ADCParametersView:116 -                Rank 3 : false
2026-02-12 14:56:32,618 [INFO] ADCParametersView:116 -                Rank 1 : false
2026-02-12 14:56:32,618 [INFO] ADCParametersView:116 -                Rank 2 : false
2026-02-12 14:56:32,618 [INFO] ADCParametersView:116 -                Rank 3 : false
2026-02-12 14:56:32,618 [INFO] ADCParametersView:116 -                Rank 1 : false
2026-02-12 14:56:32,618 [INFO] ADCParametersView:116 -                Rank 2 : false
2026-02-12 14:56:32,618 [INFO] ADCParametersView:116 -                Rank 3 : false
2026-02-12 14:56:32,618 [INFO] ADCParametersView:116 -                Rank 1 : false
2026-02-12 14:56:32,618 [INFO] ADCParametersView:116 -                Rank 2 : false
2026-02-12 14:56:32,618 [INFO] ADCParametersView:116 -                Rank 3 : false
2026-02-12 14:56:32,618 [INFO] ADCParametersView:116 -                Rank 1 : false
2026-02-12 14:56:32,618 [INFO] ADCParametersView:116 -                Rank 2 : false
2026-02-12 14:56:32,618 [INFO] ADCParametersView:116 -                Rank 3 : false
2026-02-12 14:56:32,618 [INFO] ADCParametersView:116 -                Rank 1 : false
2026-02-12 14:56:32,618 [INFO] ADCParametersView:116 -                Rank 2 : false
2026-02-12 14:56:32,618 [INFO] ADCParametersView:116 -                Rank 3 : false
2026-02-12 14:56:32,619 [INFO] ADCParametersView:116 -                Rank 1 : false
2026-02-12 14:56:32,619 [INFO] ADCParametersView:116 -                Rank 2 : false
2026-02-12 14:56:32,619 [INFO] ADCParametersView:116 -                Rank 3 : false
2026-02-12 14:56:32,619 [INFO] ADCParametersView:116 -                Rank 2 : false
2026-02-12 14:56:32,619 [INFO] ADCParametersView:116 -                Rank 3 : false
2026-02-12 14:56:32,619 [INFO] ADCParametersView:116 -                Rank 3 : false
2026-02-12 14:56:32,647 [INFO] ADCParametersView:116 -                Rank 1 : false
2026-02-12 14:56:32,648 [INFO] ADCParametersView:116 -                Rank 1 : false
2026-02-12 14:56:32,648 [INFO] ADCParametersView:116 -                Rank 2 : false
2026-02-12 14:56:32,648 [INFO] ADCParametersView:116 -                Rank 1 : false
2026-02-12 14:56:32,648 [INFO] ADCParametersView:116 -                Rank 2 : false
2026-02-12 14:56:32,648 [INFO] ADCParametersView:116 -                Rank 3 : false
2026-02-12 14:56:32,685 [INFO] ADCParametersView:116 -                Rank 1 : false
2026-02-12 14:56:32,685 [INFO] ADCParametersView:116 -                Rank 2 : false
2026-02-12 14:56:32,685 [INFO] ADCParametersView:116 -                Rank 3 : false
2026-02-12 14:56:32,687 [INFO] ADCParametersView:116 -                Rank 1 : false
2026-02-12 14:56:32,687 [INFO] ADCParametersView:116 -                Rank 2 : false
2026-02-12 14:56:32,687 [INFO] ADCParametersView:116 -                Rank 3 : false
2026-02-12 14:56:32,687 [INFO] ADCParametersView:116 -                Rank 1 : false
2026-02-12 14:56:32,687 [INFO] ADCParametersView:116 -                Rank 2 : false
2026-02-12 14:56:32,687 [INFO] ADCParametersView:116 -                Rank 3 : false
2026-02-12 14:56:32,687 [INFO] ADCParametersView:116 -                Rank 1 : false
2026-02-12 14:56:32,687 [INFO] ADCParametersView:116 -                Rank 2 : false
2026-02-12 14:56:32,688 [INFO] ADCParametersView:116 -                Rank 3 : false
2026-02-12 14:56:32,688 [INFO] ADCParametersView:116 -                Rank 1 : false
2026-02-12 14:56:32,688 [INFO] ADCParametersView:116 -                Rank 2 : false
2026-02-12 14:56:32,688 [INFO] ADCParametersView:116 -                Rank 3 : false
2026-02-12 14:56:32,688 [INFO] ADCParametersView:116 -                Rank 1 : false
2026-02-12 14:56:32,688 [INFO] ADCParametersView:116 -                Rank 2 : false
2026-02-12 14:56:32,688 [INFO] ADCParametersView:116 -                Rank 3 : false
2026-02-12 14:56:32,689 [INFO] ADCParametersView:116 -                Rank 1 : false
2026-02-12 14:56:32,689 [INFO] ADCParametersView:116 -                Rank 2 : false
2026-02-12 14:56:32,689 [INFO] ADCParametersView:116 -                Rank 3 : false
2026-02-12 14:56:32,689 [INFO] ADCParametersView:116 -                Rank 1 : false
2026-02-12 14:56:32,689 [INFO] ADCParametersView:116 -                Rank 2 : false
2026-02-12 14:56:32,689 [INFO] ADCParametersView:116 -                Rank 3 : false
2026-02-12 14:56:32,689 [INFO] ADCParametersView:116 -                Rank 1 : false
2026-02-12 14:56:32,689 [INFO] ADCParametersView:116 -                Rank 2 : false
2026-02-12 14:56:32,689 [INFO] ADCParametersView:116 -                Rank 3 : false
2026-02-12 14:56:32,689 [INFO] ADCParametersView:116 -                Rank 1 : false
2026-02-12 14:56:32,689 [INFO] ADCParametersView:116 -                Rank 2 : false
2026-02-12 14:56:32,689 [INFO] ADCParametersView:116 -                Rank 3 : false
2026-02-12 14:56:32,689 [INFO] ADCParametersView:116 -                Rank 1 : false
2026-02-12 14:56:32,689 [INFO] ADCParametersView:116 -                Rank 2 : false
2026-02-12 14:56:32,689 [INFO] ADCParametersView:116 -                Rank 3 : false
2026-02-12 14:56:32,690 [INFO] ADCParametersView:116 -                Rank 1 : false
2026-02-12 14:56:32,690 [INFO] ADCParametersView:116 -                Rank 2 : false
2026-02-12 14:56:32,690 [INFO] ADCParametersView:116 -                Rank 3 : false
2026-02-12 14:56:32,690 [INFO] ADCParametersView:116 -                Rank 1 : false
2026-02-12 14:56:32,690 [INFO] ADCParametersView:116 -                Rank 2 : false
2026-02-12 14:56:32,690 [INFO] ADCParametersView:116 -                Rank 3 : false
2026-02-12 14:56:32,690 [INFO] ADCParametersView:116 -                Rank 1 : false
2026-02-12 14:56:32,690 [INFO] ADCParametersView:116 -                Rank 2 : false
2026-02-12 14:56:32,690 [INFO] ADCParametersView:116 -                Rank 3 : false
2026-02-12 14:56:32,690 [INFO] ADCParametersView:116 -                Rank 1 : false
2026-02-12 14:56:32,690 [INFO] ADCParametersView:116 -                Rank 2 : false
2026-02-12 14:56:32,690 [INFO] ADCParametersView:116 -                Rank 3 : false
2026-02-12 14:56:32,690 [INFO] ADCParametersView:116 -                Rank 1 : false
2026-02-12 14:56:32,690 [INFO] ADCParametersView:116 -                Rank 2 : false
2026-02-12 14:56:32,690 [INFO] ADCParametersView:116 -                Rank 3 : false
2026-02-12 14:56:32,690 [INFO] ADCParametersView:116 -                Rank 1 : false
2026-02-12 14:56:32,690 [INFO] ADCParametersView:116 -                Rank 2 : false
2026-02-12 14:56:32,690 [INFO] ADCParametersView:116 -                Rank 3 : false
2026-02-12 14:56:32,690 [INFO] ADCParametersView:116 -                Rank 1 : false
2026-02-12 14:56:32,690 [INFO] ADCParametersView:116 -                Rank 2 : false
2026-02-12 14:56:32,690 [INFO] ADCParametersView:116 -                Rank 3 : false
2026-02-12 14:56:32,690 [INFO] ADCParametersView:116 -                Rank 1 : false
2026-02-12 14:56:32,690 [INFO] ADCParametersView:116 -                Rank 2 : false
2026-02-12 14:56:32,690 [INFO] ADCParametersView:116 -                Rank 3 : false
2026-02-12 14:56:32,690 [INFO] ADCParametersView:116 -                Rank 1 : false
2026-02-12 14:56:32,690 [INFO] ADCParametersView:116 -                Rank 2 : false
2026-02-12 14:56:32,690 [INFO] ADCParametersView:116 -                Rank 3 : false
2026-02-12 14:56:32,690 [INFO] ADCParametersView:116 -                Rank 2 : false
2026-02-12 14:56:32,690 [INFO] ADCParametersView:116 -                Rank 3 : false
2026-02-12 14:56:32,690 [INFO] ADCParametersView:116 -                Rank 3 : false
2026-02-12 14:56:32,708 [INFO] ADCParametersView:116 -                Rank 1 : false
2026-02-12 14:56:32,708 [INFO] ADCParametersView:116 -                Rank 1 : false
2026-02-12 14:56:32,708 [INFO] ADCParametersView:116 -                Rank 2 : false
2026-02-12 14:56:32,709 [INFO] ADCParametersView:116 -                Rank 1 : false
2026-02-12 14:56:32,709 [INFO] ADCParametersView:116 -                Rank 2 : false
2026-02-12 14:56:32,709 [INFO] ADCParametersView:116 -                Rank 3 : false
2026-02-12 14:56:32,811 [INFO] ADCParametersView:116 -                Rank 1 : false
2026-02-12 14:56:32,811 [INFO] ADCParametersView:116 -                Rank 2 : false
2026-02-12 14:56:32,811 [INFO] ADCParametersView:116 -                Rank 3 : false
2026-02-12 14:56:32,813 [INFO] ADCParametersView:116 -                Rank 1 : false
2026-02-12 14:56:32,813 [INFO] ADCParametersView:116 -                Rank 2 : false
2026-02-12 14:56:32,813 [INFO] ADCParametersView:116 -                Rank 3 : false
2026-02-12 14:56:32,813 [INFO] ADCParametersView:116 -                Rank 1 : false
2026-02-12 14:56:32,813 [INFO] ADCParametersView:116 -                Rank 2 : false
2026-02-12 14:56:32,814 [INFO] ADCParametersView:116 -                Rank 3 : false
2026-02-12 14:56:32,814 [INFO] ADCParametersView:116 -                Rank 1 : false
2026-02-12 14:56:32,814 [INFO] ADCParametersView:116 -                Rank 2 : false
2026-02-12 14:56:32,814 [INFO] ADCParametersView:116 -                Rank 3 : false
2026-02-12 14:56:32,814 [INFO] ADCParametersView:116 -                Rank 1 : false
2026-02-12 14:56:32,814 [INFO] ADCParametersView:116 -                Rank 2 : false
2026-02-12 14:56:32,814 [INFO] ADCParametersView:116 -                Rank 3 : false
2026-02-12 14:56:32,814 [INFO] ADCParametersView:116 -                Rank 1 : false
2026-02-12 14:56:32,814 [INFO] ADCParametersView:116 -                Rank 2 : false
2026-02-12 14:56:32,814 [INFO] ADCParametersView:116 -                Rank 3 : false
2026-02-12 14:56:32,814 [INFO] ADCParametersView:116 -                Rank 1 : false
2026-02-12 14:56:32,814 [INFO] ADCParametersView:116 -                Rank 2 : false
2026-02-12 14:56:32,814 [INFO] ADCParametersView:116 -                Rank 3 : false
2026-02-12 14:56:32,814 [INFO] ADCParametersView:116 -                Rank 1 : false
2026-02-12 14:56:32,814 [INFO] ADCParametersView:116 -                Rank 2 : false
2026-02-12 14:56:32,814 [INFO] ADCParametersView:116 -                Rank 3 : false
2026-02-12 14:56:32,814 [INFO] ADCParametersView:116 -                Rank 1 : false
2026-02-12 14:56:32,814 [INFO] ADCParametersView:116 -                Rank 2 : false
2026-02-12 14:56:32,814 [INFO] ADCParametersView:116 -                Rank 3 : false
2026-02-12 14:56:32,815 [INFO] ADCParametersView:116 -                Rank 1 : false
2026-02-12 14:56:32,815 [INFO] ADCParametersView:116 -                Rank 2 : false
2026-02-12 14:56:32,815 [INFO] ADCParametersView:116 -                Rank 3 : false
2026-02-12 14:56:32,815 [INFO] ADCParametersView:116 -                Rank 1 : false
2026-02-12 14:56:32,815 [INFO] ADCParametersView:116 -                Rank 2 : false
2026-02-12 14:56:32,815 [INFO] ADCParametersView:116 -                Rank 3 : false
2026-02-12 14:56:32,815 [INFO] ADCParametersView:116 -                Rank 1 : false
2026-02-12 14:56:32,815 [INFO] ADCParametersView:116 -                Rank 2 : false
2026-02-12 14:56:32,815 [INFO] ADCParametersView:116 -                Rank 3 : false
2026-02-12 14:56:32,815 [INFO] ADCParametersView:116 -                Rank 1 : false
2026-02-12 14:56:32,815 [INFO] ADCParametersView:116 -                Rank 2 : false
2026-02-12 14:56:32,815 [INFO] ADCParametersView:116 -                Rank 3 : false
2026-02-12 14:56:32,815 [INFO] ADCParametersView:116 -                Rank 1 : false
2026-02-12 14:56:32,815 [INFO] ADCParametersView:116 -                Rank 2 : false
2026-02-12 14:56:32,815 [INFO] ADCParametersView:116 -                Rank 3 : false
2026-02-12 14:56:32,815 [INFO] ADCParametersView:116 -                Rank 1 : false
2026-02-12 14:56:32,815 [INFO] ADCParametersView:116 -                Rank 2 : false
2026-02-12 14:56:32,815 [INFO] ADCParametersView:116 -                Rank 3 : false
2026-02-12 14:56:32,816 [INFO] ADCParametersView:116 -                Rank 1 : false
2026-02-12 14:56:32,816 [INFO] ADCParametersView:116 -                Rank 2 : false
2026-02-12 14:56:32,816 [INFO] ADCParametersView:116 -                Rank 3 : false
2026-02-12 14:56:32,816 [INFO] ADCParametersView:116 -                Rank 1 : false
2026-02-12 14:56:32,816 [INFO] ADCParametersView:116 -                Rank 2 : false
2026-02-12 14:56:32,816 [INFO] ADCParametersView:116 -                Rank 3 : false
2026-02-12 14:56:32,816 [INFO] ADCParametersView:116 -                Rank 1 : false
2026-02-12 14:56:32,816 [INFO] ADCParametersView:116 -                Rank 2 : false
2026-02-12 14:56:32,816 [INFO] ADCParametersView:116 -                Rank 3 : false
2026-02-12 14:56:32,816 [INFO] ADCParametersView:116 -                Rank 1 : false
2026-02-12 14:56:32,816 [INFO] ADCParametersView:116 -                Rank 2 : false
2026-02-12 14:56:32,816 [INFO] ADCParametersView:116 -                Rank 3 : false
2026-02-12 14:56:32,816 [INFO] ADCParametersView:116 -                Rank 1 : false
2026-02-12 14:56:32,816 [INFO] ADCParametersView:116 -                Rank 2 : false
2026-02-12 14:56:32,816 [INFO] ADCParametersView:116 -                Rank 3 : false
2026-02-12 14:56:32,816 [INFO] ADCParametersView:116 -                Rank 2 : false
2026-02-12 14:56:32,816 [INFO] ADCParametersView:116 -                Rank 3 : false
2026-02-12 14:56:32,816 [INFO] ADCParametersView:116 -                Rank 3 : false
2026-02-12 14:56:32,879 [INFO] ADCParametersView:116 -                Rank 1 : false
2026-02-12 14:56:32,879 [INFO] ADCParametersView:116 -                Rank 1 : false
2026-02-12 14:56:32,879 [INFO] ADCParametersView:116 -                Rank 2 : false
2026-02-12 14:56:32,879 [INFO] ADCParametersView:116 -                Rank 1 : false
2026-02-12 14:56:32,879 [INFO] ADCParametersView:116 -                Rank 2 : false
2026-02-12 14:56:32,879 [INFO] ADCParametersView:116 -                Rank 3 : false
2026-02-12 14:56:32,959 [INFO] ADCParametersView:116 -                Rank 1 : false
2026-02-12 14:56:32,959 [INFO] ADCParametersView:116 -                Rank 2 : false
2026-02-12 14:56:32,959 [INFO] ADCParametersView:116 -                Rank 3 : false
2026-02-12 14:56:32,960 [INFO] ADCParametersView:116 -                Rank 1 : false
2026-02-12 14:56:32,960 [INFO] ADCParametersView:116 -                Rank 2 : false
2026-02-12 14:56:32,960 [INFO] ADCParametersView:116 -                Rank 3 : false
2026-02-12 14:56:32,960 [INFO] ADCParametersView:116 -                Rank 1 : false
2026-02-12 14:56:32,960 [INFO] ADCParametersView:116 -                Rank 2 : false
2026-02-12 14:56:32,960 [INFO] ADCParametersView:116 -                Rank 3 : false
2026-02-12 14:56:32,960 [INFO] ADCParametersView:116 -                Rank 1 : false
2026-02-12 14:56:32,960 [INFO] ADCParametersView:116 -                Rank 2 : false
2026-02-12 14:56:32,960 [INFO] ADCParametersView:116 -                Rank 3 : false
2026-02-12 14:56:32,960 [INFO] ADCParametersView:116 -                Rank 1 : false
2026-02-12 14:56:32,960 [INFO] ADCParametersView:116 -                Rank 2 : false
2026-02-12 14:56:32,960 [INFO] ADCParametersView:116 -                Rank 3 : false
2026-02-12 14:56:32,960 [INFO] ADCParametersView:116 -                Rank 1 : false
2026-02-12 14:56:32,960 [INFO] ADCParametersView:116 -                Rank 2 : false
2026-02-12 14:56:32,961 [INFO] ADCParametersView:116 -                Rank 3 : false
2026-02-12 14:56:32,961 [INFO] ADCParametersView:116 -                Rank 1 : false
2026-02-12 14:56:32,961 [INFO] ADCParametersView:116 -                Rank 2 : false
2026-02-12 14:56:32,961 [INFO] ADCParametersView:116 -                Rank 3 : false
2026-02-12 14:56:32,961 [INFO] ADCParametersView:116 -                Rank 1 : false
2026-02-12 14:56:32,961 [INFO] ADCParametersView:116 -                Rank 2 : false
2026-02-12 14:56:32,961 [INFO] ADCParametersView:116 -                Rank 3 : false
2026-02-12 14:56:32,961 [INFO] ADCParametersView:116 -                Rank 1 : false
2026-02-12 14:56:32,961 [INFO] ADCParametersView:116 -                Rank 2 : false
2026-02-12 14:56:32,961 [INFO] ADCParametersView:116 -                Rank 3 : false
2026-02-12 14:56:32,961 [INFO] ADCParametersView:116 -                Rank 1 : false
2026-02-12 14:56:32,961 [INFO] ADCParametersView:116 -                Rank 2 : false
2026-02-12 14:56:32,961 [INFO] ADCParametersView:116 -                Rank 3 : false
2026-02-12 14:56:32,961 [INFO] ADCParametersView:116 -                Rank 1 : false
2026-02-12 14:56:32,961 [INFO] ADCParametersView:116 -                Rank 2 : false
2026-02-12 14:56:32,961 [INFO] ADCParametersView:116 -                Rank 3 : false
2026-02-12 14:56:32,961 [INFO] ADCParametersView:116 -                Rank 1 : false
2026-02-12 14:56:32,961 [INFO] ADCParametersView:116 -                Rank 2 : false
2026-02-12 14:56:32,961 [INFO] ADCParametersView:116 -                Rank 3 : false
2026-02-12 14:56:32,961 [INFO] ADCParametersView:116 -                Rank 1 : false
2026-02-12 14:56:32,961 [INFO] ADCParametersView:116 -                Rank 2 : false
2026-02-12 14:56:32,961 [INFO] ADCParametersView:116 -                Rank 3 : false
2026-02-12 14:56:32,962 [INFO] ADCParametersView:116 -                Rank 1 : false
2026-02-12 14:56:32,962 [INFO] ADCParametersView:116 -                Rank 2 : false
2026-02-12 14:56:32,962 [INFO] ADCParametersView:116 -                Rank 3 : false
2026-02-12 14:56:32,962 [INFO] ADCParametersView:116 -                Rank 1 : false
2026-02-12 14:56:32,962 [INFO] ADCParametersView:116 -                Rank 2 : false
2026-02-12 14:56:32,962 [INFO] ADCParametersView:116 -                Rank 3 : false
2026-02-12 14:56:32,962 [INFO] ADCParametersView:116 -                Rank 1 : false
2026-02-12 14:56:32,962 [INFO] ADCParametersView:116 -                Rank 2 : false
2026-02-12 14:56:32,962 [INFO] ADCParametersView:116 -                Rank 3 : false
2026-02-12 14:56:32,962 [INFO] ADCParametersView:116 -                Rank 1 : false
2026-02-12 14:56:32,962 [INFO] ADCParametersView:116 -                Rank 2 : false
2026-02-12 14:56:32,962 [INFO] ADCParametersView:116 -                Rank 3 : false
2026-02-12 14:56:32,962 [INFO] ADCParametersView:116 -                Rank 1 : false
2026-02-12 14:56:32,962 [INFO] ADCParametersView:116 -                Rank 2 : false
2026-02-12 14:56:32,962 [INFO] ADCParametersView:116 -                Rank 3 : false
2026-02-12 14:56:32,962 [INFO] ADCParametersView:116 -                Rank 1 : false
2026-02-12 14:56:32,962 [INFO] ADCParametersView:116 -                Rank 2 : false
2026-02-12 14:56:32,962 [INFO] ADCParametersView:116 -                Rank 3 : false
2026-02-12 14:56:32,962 [INFO] ADCParametersView:116 -                Rank 1 : false
2026-02-12 14:56:32,962 [INFO] ADCParametersView:116 -                Rank 2 : false
2026-02-12 14:56:32,962 [INFO] ADCParametersView:116 -                Rank 3 : false
2026-02-12 14:56:32,962 [INFO] ADCParametersView:116 -                Rank 2 : false
2026-02-12 14:56:32,962 [INFO] ADCParametersView:116 -                Rank 3 : false
2026-02-12 14:56:32,962 [INFO] ADCParametersView:116 -                Rank 3 : false
2026-02-12 14:56:33,031 [INFO] ADCParametersView:116 -                Rank 1 : false
2026-02-12 14:56:33,032 [INFO] ADCParametersView:116 -                Rank 1 : false
2026-02-12 14:56:33,032 [INFO] ADCParametersView:116 -                Rank 2 : false
2026-02-12 14:56:33,032 [INFO] ADCParametersView:116 -                Rank 1 : false
2026-02-12 14:56:33,032 [INFO] ADCParametersView:116 -                Rank 2 : false
2026-02-12 14:56:33,032 [INFO] ADCParametersView:116 -                Rank 3 : false
2026-02-12 14:56:33,258 [INFO] ADCParametersView:116 -                Rank 1 : false
2026-02-12 14:56:33,258 [INFO] ADCParametersView:116 -                Rank 2 : false
2026-02-12 14:56:33,259 [INFO] ADCParametersView:116 -                Rank 3 : false
2026-02-12 14:56:33,260 [INFO] ADCParametersView:116 -                Rank 1 : false
2026-02-12 14:56:33,261 [INFO] ADCParametersView:116 -                Rank 2 : false
2026-02-12 14:56:33,261 [INFO] ADCParametersView:116 -                Rank 3 : false
2026-02-12 14:56:33,261 [INFO] ADCParametersView:116 -                Rank 1 : false
2026-02-12 14:56:33,261 [INFO] ADCParametersView:116 -                Rank 2 : false
2026-02-12 14:56:33,261 [INFO] ADCParametersView:116 -                Rank 3 : false
2026-02-12 14:56:33,261 [INFO] ADCParametersView:116 -                Rank 1 : false
2026-02-12 14:56:33,261 [INFO] ADCParametersView:116 -                Rank 2 : false
2026-02-12 14:56:33,261 [INFO] ADCParametersView:116 -                Rank 3 : false
2026-02-12 14:56:33,261 [INFO] ADCParametersView:116 -                Rank 1 : false
2026-02-12 14:56:33,261 [INFO] ADCParametersView:116 -                Rank 2 : false
2026-02-12 14:56:33,261 [INFO] ADCParametersView:116 -                Rank 3 : false
2026-02-12 14:56:33,261 [INFO] ADCParametersView:116 -                Rank 1 : false
2026-02-12 14:56:33,261 [INFO] ADCParametersView:116 -                Rank 2 : false
2026-02-12 14:56:33,261 [INFO] ADCParametersView:116 -                Rank 3 : false
2026-02-12 14:56:33,261 [INFO] ADCParametersView:116 -                Rank 1 : false
2026-02-12 14:56:33,261 [INFO] ADCParametersView:116 -                Rank 2 : false
2026-02-12 14:56:33,261 [INFO] ADCParametersView:116 -                Rank 3 : false
2026-02-12 14:56:33,262 [INFO] ADCParametersView:116 -                Rank 1 : false
2026-02-12 14:56:33,262 [INFO] ADCParametersView:116 -                Rank 2 : false
2026-02-12 14:56:33,262 [INFO] ADCParametersView:116 -                Rank 3 : false
2026-02-12 14:56:33,262 [INFO] ADCParametersView:116 -                Rank 1 : false
2026-02-12 14:56:33,262 [INFO] ADCParametersView:116 -                Rank 2 : false
2026-02-12 14:56:33,262 [INFO] ADCParametersView:116 -                Rank 3 : false
2026-02-12 14:56:33,262 [INFO] ADCParametersView:116 -                Rank 1 : false
2026-02-12 14:56:33,262 [INFO] ADCParametersView:116 -                Rank 2 : false
2026-02-12 14:56:33,262 [INFO] ADCParametersView:116 -                Rank 3 : false
2026-02-12 14:56:33,262 [INFO] ADCParametersView:116 -                Rank 1 : false
2026-02-12 14:56:33,262 [INFO] ADCParametersView:116 -                Rank 2 : false
2026-02-12 14:56:33,262 [INFO] ADCParametersView:116 -                Rank 3 : false
2026-02-12 14:56:33,262 [INFO] ADCParametersView:116 -                Rank 1 : false
2026-02-12 14:56:33,262 [INFO] ADCParametersView:116 -                Rank 2 : false
2026-02-12 14:56:33,262 [INFO] ADCParametersView:116 -                Rank 3 : false
2026-02-12 14:56:33,262 [INFO] ADCParametersView:116 -                Rank 1 : false
2026-02-12 14:56:33,262 [INFO] ADCParametersView:116 -                Rank 2 : false
2026-02-12 14:56:33,262 [INFO] ADCParametersView:116 -                Rank 3 : false
2026-02-12 14:56:33,263 [INFO] ADCParametersView:116 -                Rank 1 : false
2026-02-12 14:56:33,263 [INFO] ADCParametersView:116 -                Rank 2 : false
2026-02-12 14:56:33,263 [INFO] ADCParametersView:116 -                Rank 3 : false
2026-02-12 14:56:33,263 [INFO] ADCParametersView:116 -                Rank 1 : false
2026-02-12 14:56:33,263 [INFO] ADCParametersView:116 -                Rank 2 : false
2026-02-12 14:56:33,263 [INFO] ADCParametersView:116 -                Rank 3 : false
2026-02-12 14:56:33,263 [INFO] ADCParametersView:116 -                Rank 1 : false
2026-02-12 14:56:33,263 [INFO] ADCParametersView:116 -                Rank 2 : false
2026-02-12 14:56:33,263 [INFO] ADCParametersView:116 -                Rank 3 : false
2026-02-12 14:56:33,263 [INFO] ADCParametersView:116 -                Rank 1 : false
2026-02-12 14:56:33,263 [INFO] ADCParametersView:116 -                Rank 2 : false
2026-02-12 14:56:33,263 [INFO] ADCParametersView:116 -                Rank 3 : false
2026-02-12 14:56:33,263 [INFO] ADCParametersView:116 -                Rank 1 : false
2026-02-12 14:56:33,263 [INFO] ADCParametersView:116 -                Rank 2 : false
2026-02-12 14:56:33,263 [INFO] ADCParametersView:116 -                Rank 3 : false
2026-02-12 14:56:33,263 [INFO] ADCParametersView:116 -                Rank 1 : false
2026-02-12 14:56:33,263 [INFO] ADCParametersView:116 -                Rank 2 : false
2026-02-12 14:56:33,263 [INFO] ADCParametersView:116 -                Rank 3 : false
2026-02-12 14:56:33,263 [INFO] ADCParametersView:116 -                Rank 1 : false
2026-02-12 14:56:33,263 [INFO] ADCParametersView:116 -                Rank 2 : false
2026-02-12 14:56:33,263 [INFO] ADCParametersView:116 -                Rank 3 : false
2026-02-12 14:56:33,263 [INFO] ADCParametersView:116 -                Rank 2 : false
2026-02-12 14:56:33,263 [INFO] ADCParametersView:116 -                Rank 3 : false
2026-02-12 14:56:33,264 [INFO] ADCParametersView:116 -                Rank 3 : false
2026-02-12 14:56:33,341 [INFO] ADCParametersView:116 -                Rank 1 : false
2026-02-12 14:56:33,342 [INFO] ADCParametersView:116 -                Rank 1 : false
2026-02-12 14:56:33,342 [INFO] ADCParametersView:116 -                Rank 2 : false
2026-02-12 14:56:33,342 [INFO] ADCParametersView:116 -                Rank 1 : false
2026-02-12 14:56:33,342 [INFO] ADCParametersView:116 -                Rank 2 : false
2026-02-12 14:56:33,342 [INFO] ADCParametersView:116 -                Rank 3 : false
2026-02-12 14:56:33,441 [INFO] ADCParametersView:116 -                Rank 1 : false
2026-02-12 14:56:33,441 [INFO] ADCParametersView:116 -                Rank 2 : false
2026-02-12 14:56:33,442 [INFO] ADCParametersView:116 -                Rank 3 : false
2026-02-12 14:56:33,443 [INFO] ADCParametersView:116 -                Rank 1 : false
2026-02-12 14:56:33,443 [INFO] ADCParametersView:116 -                Rank 2 : false
2026-02-12 14:56:33,443 [INFO] ADCParametersView:116 -                Rank 3 : false
2026-02-12 14:56:33,443 [INFO] ADCParametersView:116 -                Rank 1 : false
2026-02-12 14:56:33,443 [INFO] ADCParametersView:116 -                Rank 2 : false
2026-02-12 14:56:33,443 [INFO] ADCParametersView:116 -                Rank 3 : false
2026-02-12 14:56:33,443 [INFO] ADCParametersView:116 -                Rank 1 : false
2026-02-12 14:56:33,443 [INFO] ADCParametersView:116 -                Rank 2 : false
2026-02-12 14:56:33,443 [INFO] ADCParametersView:116 -                Rank 3 : false
2026-02-12 14:56:33,443 [INFO] ADCParametersView:116 -                Rank 1 : false
2026-02-12 14:56:33,443 [INFO] ADCParametersView:116 -                Rank 2 : false
2026-02-12 14:56:33,443 [INFO] ADCParametersView:116 -                Rank 3 : false
2026-02-12 14:56:33,443 [INFO] ADCParametersView:116 -                Rank 1 : false
2026-02-12 14:56:33,443 [INFO] ADCParametersView:116 -                Rank 2 : false
2026-02-12 14:56:33,444 [INFO] ADCParametersView:116 -                Rank 3 : false
2026-02-12 14:56:33,444 [INFO] ADCParametersView:116 -                Rank 1 : false
2026-02-12 14:56:33,444 [INFO] ADCParametersView:116 -                Rank 2 : false
2026-02-12 14:56:33,444 [INFO] ADCParametersView:116 -                Rank 3 : false
2026-02-12 14:56:33,444 [INFO] ADCParametersView:116 -                Rank 1 : false
2026-02-12 14:56:33,444 [INFO] ADCParametersView:116 -                Rank 2 : false
2026-02-12 14:56:33,444 [INFO] ADCParametersView:116 -                Rank 3 : false
2026-02-12 14:56:33,444 [INFO] ADCParametersView:116 -                Rank 1 : false
2026-02-12 14:56:33,444 [INFO] ADCParametersView:116 -                Rank 2 : false
2026-02-12 14:56:33,444 [INFO] ADCParametersView:116 -                Rank 3 : false
2026-02-12 14:56:33,444 [INFO] ADCParametersView:116 -                Rank 1 : false
2026-02-12 14:56:33,444 [INFO] ADCParametersView:116 -                Rank 2 : false
2026-02-12 14:56:33,444 [INFO] ADCParametersView:116 -                Rank 3 : false
2026-02-12 14:56:33,444 [INFO] ADCParametersView:116 -                Rank 1 : false
2026-02-12 14:56:33,444 [INFO] ADCParametersView:116 -                Rank 2 : false
2026-02-12 14:56:33,444 [INFO] ADCParametersView:116 -                Rank 3 : false
2026-02-12 14:56:33,444 [INFO] ADCParametersView:116 -                Rank 1 : false
2026-02-12 14:56:33,444 [INFO] ADCParametersView:116 -                Rank 2 : false
2026-02-12 14:56:33,444 [INFO] ADCParametersView:116 -                Rank 3 : false
2026-02-12 14:56:33,444 [INFO] ADCParametersView:116 -                Rank 1 : false
2026-02-12 14:56:33,445 [INFO] ADCParametersView:116 -                Rank 2 : false
2026-02-12 14:56:33,445 [INFO] ADCParametersView:116 -                Rank 3 : false
2026-02-12 14:56:33,445 [INFO] ADCParametersView:116 -                Rank 1 : false
2026-02-12 14:56:33,445 [INFO] ADCParametersView:116 -                Rank 2 : false
2026-02-12 14:56:33,445 [INFO] ADCParametersView:116 -                Rank 3 : false
2026-02-12 14:56:33,445 [INFO] ADCParametersView:116 -                Rank 1 : false
2026-02-12 14:56:33,445 [INFO] ADCParametersView:116 -                Rank 2 : false
2026-02-12 14:56:33,445 [INFO] ADCParametersView:116 -                Rank 3 : false
2026-02-12 14:56:33,445 [INFO] ADCParametersView:116 -                Rank 1 : false
2026-02-12 14:56:33,445 [INFO] ADCParametersView:116 -                Rank 2 : false
2026-02-12 14:56:33,445 [INFO] ADCParametersView:116 -                Rank 3 : false
2026-02-12 14:56:33,445 [INFO] ADCParametersView:116 -                Rank 1 : false
2026-02-12 14:56:33,445 [INFO] ADCParametersView:116 -                Rank 2 : false
2026-02-12 14:56:33,445 [INFO] ADCParametersView:116 -                Rank 3 : false
2026-02-12 14:56:33,445 [INFO] ADCParametersView:116 -                Rank 1 : false
2026-02-12 14:56:33,445 [INFO] ADCParametersView:116 -                Rank 2 : false
2026-02-12 14:56:33,445 [INFO] ADCParametersView:116 -                Rank 3 : false
2026-02-12 14:56:33,445 [INFO] ADCParametersView:116 -                Rank 1 : false
2026-02-12 14:56:33,445 [INFO] ADCParametersView:116 -                Rank 2 : false
2026-02-12 14:56:33,445 [INFO] ADCParametersView:116 -                Rank 3 : false
2026-02-12 14:56:33,445 [INFO] ADCParametersView:116 -                Rank 1 : false
2026-02-12 14:56:33,445 [INFO] ADCParametersView:116 -                Rank 2 : false
2026-02-12 14:56:33,445 [INFO] ADCParametersView:116 -                Rank 3 : false
2026-02-12 14:56:33,446 [INFO] ADCParametersView:116 -                Rank 2 : false
2026-02-12 14:56:33,446 [INFO] ADCParametersView:116 -                Rank 3 : false
2026-02-12 14:56:33,446 [INFO] ADCParametersView:116 -                Rank 3 : false
2026-02-12 14:56:33,521 [INFO] ADCParametersView:116 -                Rank 1 : false
2026-02-12 14:56:33,521 [INFO] ADCParametersView:116 -                Rank 1 : false
2026-02-12 14:56:33,521 [INFO] ADCParametersView:116 -                Rank 2 : false
2026-02-12 14:56:33,522 [INFO] ADCParametersView:116 -                Rank 1 : false
2026-02-12 14:56:33,522 [INFO] ADCParametersView:116 -                Rank 2 : false
2026-02-12 14:56:33,522 [INFO] ADCParametersView:116 -                Rank 3 : false
2026-02-12 14:56:43,350 [INFO] NvicIntPanel:101 - NVIC parent = com.st.microxplorer.plugins.ip.nvic.MultiNvicIntPanel[,0,0,450x161,layout=javax.swing.BoxLayout,alignmentX=0.0,alignmentY=0.0,border=,flags=9,maximumSize=,minimumSize=,preferredSize=]
2026-02-12 14:57:19,115 [INFO] ADCParametersView:116 -                Rank 1 : false
2026-02-12 14:57:19,115 [INFO] ADCParametersView:116 -                Rank 2 : false
2026-02-12 14:57:19,115 [INFO] ADCParametersView:116 -                Rank 3 : false
2026-02-12 14:57:19,117 [INFO] ADCParametersView:116 -                Rank 1 : false
2026-02-12 14:57:19,117 [INFO] ADCParametersView:116 -                Rank 2 : false
2026-02-12 14:57:19,117 [INFO] ADCParametersView:116 -                Rank 3 : false
2026-02-12 14:57:19,117 [INFO] ADCParametersView:116 -                Rank 1 : false
2026-02-12 14:57:19,117 [INFO] ADCParametersView:116 -                Rank 2 : false
2026-02-12 14:57:19,117 [INFO] ADCParametersView:116 -                Rank 3 : false
2026-02-12 14:57:19,117 [INFO] ADCParametersView:116 -                Rank 1 : false
2026-02-12 14:57:19,117 [INFO] ADCParametersView:116 -                Rank 2 : false
2026-02-12 14:57:19,117 [INFO] ADCParametersView:116 -                Rank 3 : false
2026-02-12 14:57:19,117 [INFO] ADCParametersView:116 -                Rank 1 : false
2026-02-12 14:57:19,117 [INFO] ADCParametersView:116 -                Rank 2 : false
2026-02-12 14:57:19,117 [INFO] ADCParametersView:116 -                Rank 3 : false
2026-02-12 14:57:19,117 [INFO] ADCParametersView:116 -                Rank 1 : false
2026-02-12 14:57:19,117 [INFO] ADCParametersView:116 -                Rank 2 : false
2026-02-12 14:57:19,117 [INFO] ADCParametersView:116 -                Rank 3 : false
2026-02-12 14:57:19,117 [INFO] ADCParametersView:116 -                Rank 1 : false
2026-02-12 14:57:19,118 [INFO] ADCParametersView:116 -                Rank 2 : false
2026-02-12 14:57:19,118 [INFO] ADCParametersView:116 -                Rank 3 : false
2026-02-12 14:57:19,118 [INFO] ADCParametersView:116 -                Rank 1 : false
2026-02-12 14:57:19,118 [INFO] ADCParametersView:116 -                Rank 2 : false
2026-02-12 14:57:19,118 [INFO] ADCParametersView:116 -                Rank 3 : false
2026-02-12 14:57:19,118 [INFO] ADCParametersView:116 -                Rank 1 : false
2026-02-12 14:57:19,118 [INFO] ADCParametersView:116 -                Rank 2 : false
2026-02-12 14:57:19,118 [INFO] ADCParametersView:116 -                Rank 3 : false
2026-02-12 14:57:19,118 [INFO] ADCParametersView:116 -                Rank 1 : false
2026-02-12 14:57:19,118 [INFO] ADCParametersView:116 -                Rank 2 : false
2026-02-12 14:57:19,118 [INFO] ADCParametersView:116 -                Rank 3 : false
2026-02-12 14:57:19,118 [INFO] ADCParametersView:116 -                Rank 1 : false
2026-02-12 14:57:19,118 [INFO] ADCParametersView:116 -                Rank 2 : false
2026-02-12 14:57:19,118 [INFO] ADCParametersView:116 -                Rank 3 : false
2026-02-12 14:57:19,118 [INFO] ADCParametersView:116 -                Rank 1 : false
2026-02-12 14:57:19,118 [INFO] ADCParametersView:116 -                Rank 2 : false
2026-02-12 14:57:19,118 [INFO] ADCParametersView:116 -                Rank 3 : false
2026-02-12 14:57:19,118 [INFO] ADCParametersView:116 -                Rank 1 : false
2026-02-12 14:57:19,118 [INFO] ADCParametersView:116 -                Rank 2 : false
2026-02-12 14:57:19,118 [INFO] ADCParametersView:116 -                Rank 3 : false
2026-02-12 14:57:19,118 [INFO] ADCParametersView:116 -                Rank 1 : false
2026-02-12 14:57:19,118 [INFO] ADCParametersView:116 -                Rank 2 : false
2026-02-12 14:57:19,118 [INFO] ADCParametersView:116 -                Rank 3 : false
2026-02-12 14:57:19,118 [INFO] ADCParametersView:116 -                Rank 1 : false
2026-02-12 14:57:19,118 [INFO] ADCParametersView:116 -                Rank 2 : false
2026-02-12 14:57:19,118 [INFO] ADCParametersView:116 -                Rank 3 : false
2026-02-12 14:57:19,118 [INFO] ADCParametersView:116 -                Rank 1 : false
2026-02-12 14:57:19,118 [INFO] ADCParametersView:116 -                Rank 2 : false
2026-02-12 14:57:19,118 [INFO] ADCParametersView:116 -                Rank 3 : false
2026-02-12 14:57:19,118 [INFO] ADCParametersView:116 -                Rank 1 : false
2026-02-12 14:57:19,118 [INFO] ADCParametersView:116 -                Rank 2 : false
2026-02-12 14:57:19,118 [INFO] ADCParametersView:116 -                Rank 3 : false
2026-02-12 14:57:19,118 [INFO] ADCParametersView:116 -                Rank 1 : false
2026-02-12 14:57:19,118 [INFO] ADCParametersView:116 -                Rank 2 : false
2026-02-12 14:57:19,118 [INFO] ADCParametersView:116 -                Rank 3 : false
2026-02-12 14:57:19,118 [INFO] ADCParametersView:116 -                Rank 1 : false
2026-02-12 14:57:19,118 [INFO] ADCParametersView:116 -                Rank 2 : false
2026-02-12 14:57:19,118 [INFO] ADCParametersView:116 -                Rank 3 : false
2026-02-12 14:57:19,118 [INFO] ADCParametersView:116 -                Rank 1 : false
2026-02-12 14:57:19,118 [INFO] ADCParametersView:116 -                Rank 2 : false
2026-02-12 14:57:19,118 [INFO] ADCParametersView:116 -                Rank 3 : false
2026-02-12 14:57:19,118 [INFO] ADCParametersView:116 -                Rank 2 : false
2026-02-12 14:57:19,118 [INFO] ADCParametersView:116 -                Rank 3 : false
2026-02-12 14:57:19,118 [INFO] ADCParametersView:116 -                Rank 3 : false
2026-02-12 14:57:19,145 [INFO] ADCParametersView:116 -                Rank 1 : false
2026-02-12 14:57:19,145 [INFO] ADCParametersView:116 -                Rank 1 : false
2026-02-12 14:57:19,145 [INFO] ADCParametersView:116 -                Rank 2 : false
2026-02-12 14:57:19,145 [INFO] ADCParametersView:116 -                Rank 1 : false
2026-02-12 14:57:19,145 [INFO] ADCParametersView:116 -                Rank 2 : false
2026-02-12 14:57:19,145 [INFO] ADCParametersView:116 -                Rank 3 : false
2026-02-12 14:57:19,182 [INFO] ADCParametersView:116 -                Rank 1 : false
2026-02-12 14:57:19,182 [INFO] ADCParametersView:116 -                Rank 2 : false
2026-02-12 14:57:19,182 [INFO] ADCParametersView:116 -                Rank 3 : false
2026-02-12 14:57:19,183 [INFO] ADCParametersView:116 -                Rank 1 : false
2026-02-12 14:57:19,183 [INFO] ADCParametersView:116 -                Rank 2 : false
2026-02-12 14:57:19,183 [INFO] ADCParametersView:116 -                Rank 3 : false
2026-02-12 14:57:19,183 [INFO] ADCParametersView:116 -                Rank 1 : false
2026-02-12 14:57:19,183 [INFO] ADCParametersView:116 -                Rank 2 : false
2026-02-12 14:57:19,183 [INFO] ADCParametersView:116 -                Rank 3 : false
2026-02-12 14:57:19,183 [INFO] ADCParametersView:116 -                Rank 1 : false
2026-02-12 14:57:19,183 [INFO] ADCParametersView:116 -                Rank 2 : false
2026-02-12 14:57:19,183 [INFO] ADCParametersView:116 -                Rank 3 : false
2026-02-12 14:57:19,183 [INFO] ADCParametersView:116 -                Rank 1 : false
2026-02-12 14:57:19,183 [INFO] ADCParametersView:116 -                Rank 2 : false
2026-02-12 14:57:19,184 [INFO] ADCParametersView:116 -                Rank 3 : false
2026-02-12 14:57:19,184 [INFO] ADCParametersView:116 -                Rank 1 : false
2026-02-12 14:57:19,184 [INFO] ADCParametersView:116 -                Rank 2 : false
2026-02-12 14:57:19,184 [INFO] ADCParametersView:116 -                Rank 3 : false
2026-02-12 14:57:19,184 [INFO] ADCParametersView:116 -                Rank 1 : false
2026-02-12 14:57:19,184 [INFO] ADCParametersView:116 -                Rank 2 : false
2026-02-12 14:57:19,184 [INFO] ADCParametersView:116 -                Rank 3 : false
2026-02-12 14:57:19,184 [INFO] ADCParametersView:116 -                Rank 1 : false
2026-02-12 14:57:19,184 [INFO] ADCParametersView:116 -                Rank 2 : false
2026-02-12 14:57:19,184 [INFO] ADCParametersView:116 -                Rank 3 : false
2026-02-12 14:57:19,184 [INFO] ADCParametersView:116 -                Rank 1 : false
2026-02-12 14:57:19,184 [INFO] ADCParametersView:116 -                Rank 2 : false
2026-02-12 14:57:19,184 [INFO] ADCParametersView:116 -                Rank 3 : false
2026-02-12 14:57:19,184 [INFO] ADCParametersView:116 -                Rank 1 : false
2026-02-12 14:57:19,184 [INFO] ADCParametersView:116 -                Rank 2 : false
2026-02-12 14:57:19,184 [INFO] ADCParametersView:116 -                Rank 3 : false
2026-02-12 14:57:19,184 [INFO] ADCParametersView:116 -                Rank 1 : false
2026-02-12 14:57:19,184 [INFO] ADCParametersView:116 -                Rank 2 : false
2026-02-12 14:57:19,184 [INFO] ADCParametersView:116 -                Rank 3 : false
2026-02-12 14:57:19,184 [INFO] ADCParametersView:116 -                Rank 1 : false
2026-02-12 14:57:19,184 [INFO] ADCParametersView:116 -                Rank 2 : false
2026-02-12 14:57:19,184 [INFO] ADCParametersView:116 -                Rank 3 : false
2026-02-12 14:57:19,184 [INFO] ADCParametersView:116 -                Rank 1 : false
2026-02-12 14:57:19,184 [INFO] ADCParametersView:116 -                Rank 2 : false
2026-02-12 14:57:19,184 [INFO] ADCParametersView:116 -                Rank 3 : false
2026-02-12 14:57:19,184 [INFO] ADCParametersView:116 -                Rank 1 : false
2026-02-12 14:57:19,184 [INFO] ADCParametersView:116 -                Rank 2 : false
2026-02-12 14:57:19,184 [INFO] ADCParametersView:116 -                Rank 3 : false
2026-02-12 14:57:19,184 [INFO] ADCParametersView:116 -                Rank 1 : false
2026-02-12 14:57:19,184 [INFO] ADCParametersView:116 -                Rank 2 : false
2026-02-12 14:57:19,184 [INFO] ADCParametersView:116 -                Rank 3 : false
2026-02-12 14:57:19,184 [INFO] ADCParametersView:116 -                Rank 1 : false
2026-02-12 14:57:19,184 [INFO] ADCParametersView:116 -                Rank 2 : false
2026-02-12 14:57:19,184 [INFO] ADCParametersView:116 -                Rank 3 : false
2026-02-12 14:57:19,184 [INFO] ADCParametersView:116 -                Rank 1 : false
2026-02-12 14:57:19,184 [INFO] ADCParametersView:116 -                Rank 2 : false
2026-02-12 14:57:19,184 [INFO] ADCParametersView:116 -                Rank 3 : false
2026-02-12 14:57:19,184 [INFO] ADCParametersView:116 -                Rank 1 : false
2026-02-12 14:57:19,184 [INFO] ADCParametersView:116 -                Rank 2 : false
2026-02-12 14:57:19,184 [INFO] ADCParametersView:116 -                Rank 3 : false
2026-02-12 14:57:19,184 [INFO] ADCParametersView:116 -                Rank 1 : false
2026-02-12 14:57:19,184 [INFO] ADCParametersView:116 -                Rank 2 : false
2026-02-12 14:57:19,184 [INFO] ADCParametersView:116 -                Rank 3 : false
2026-02-12 14:57:19,184 [INFO] ADCParametersView:116 -                Rank 1 : false
2026-02-12 14:57:19,184 [INFO] ADCParametersView:116 -                Rank 2 : false
2026-02-12 14:57:19,184 [INFO] ADCParametersView:116 -                Rank 3 : false
2026-02-12 14:57:19,184 [INFO] ADCParametersView:116 -                Rank 2 : false
2026-02-12 14:57:19,184 [INFO] ADCParametersView:116 -                Rank 3 : false
2026-02-12 14:57:19,184 [INFO] ADCParametersView:116 -                Rank 3 : false
2026-02-12 14:57:19,203 [INFO] ADCParametersView:116 -                Rank 1 : false
2026-02-12 14:57:19,203 [INFO] ADCParametersView:116 -                Rank 1 : false
2026-02-12 14:57:19,204 [INFO] ADCParametersView:116 -                Rank 2 : false
2026-02-12 14:57:19,204 [INFO] ADCParametersView:116 -                Rank 1 : false
2026-02-12 14:57:19,204 [INFO] ADCParametersView:116 -                Rank 2 : false
2026-02-12 14:57:19,204 [INFO] ADCParametersView:116 -                Rank 3 : false
2026-02-12 14:57:19,299 [INFO] ADCParametersView:116 -                Rank 1 : false
2026-02-12 14:57:19,299 [INFO] ADCParametersView:116 -                Rank 2 : false
2026-02-12 14:57:19,299 [INFO] ADCParametersView:116 -                Rank 3 : false
2026-02-12 14:57:19,303 [INFO] ADCParametersView:116 -                Rank 1 : false
2026-02-12 14:57:19,303 [INFO] ADCParametersView:116 -                Rank 2 : false
2026-02-12 14:57:19,303 [INFO] ADCParametersView:116 -                Rank 3 : false
2026-02-12 14:57:19,303 [INFO] ADCParametersView:116 -                Rank 1 : false
2026-02-12 14:57:19,303 [INFO] ADCParametersView:116 -                Rank 2 : false
2026-02-12 14:57:19,303 [INFO] ADCParametersView:116 -                Rank 3 : false
2026-02-12 14:57:19,303 [INFO] ADCParametersView:116 -                Rank 1 : false
2026-02-12 14:57:19,303 [INFO] ADCParametersView:116 -                Rank 2 : false
2026-02-12 14:57:19,303 [INFO] ADCParametersView:116 -                Rank 3 : false
2026-02-12 14:57:19,303 [INFO] ADCParametersView:116 -                Rank 1 : false
2026-02-12 14:57:19,303 [INFO] ADCParametersView:116 -                Rank 2 : false
2026-02-12 14:57:19,303 [INFO] ADCParametersView:116 -                Rank 3 : false
2026-02-12 14:57:19,303 [INFO] ADCParametersView:116 -                Rank 1 : false
2026-02-12 14:57:19,304 [INFO] ADCParametersView:116 -                Rank 2 : false
2026-02-12 14:57:19,304 [INFO] ADCParametersView:116 -                Rank 3 : false
2026-02-12 14:57:19,304 [INFO] ADCParametersView:116 -                Rank 1 : false
2026-02-12 14:57:19,304 [INFO] ADCParametersView:116 -                Rank 2 : false
2026-02-12 14:57:19,304 [INFO] ADCParametersView:116 -                Rank 3 : false
2026-02-12 14:57:19,304 [INFO] ADCParametersView:116 -                Rank 1 : false
2026-02-12 14:57:19,304 [INFO] ADCParametersView:116 -                Rank 2 : false
2026-02-12 14:57:19,304 [INFO] ADCParametersView:116 -                Rank 3 : false
2026-02-12 14:57:19,304 [INFO] ADCParametersView:116 -                Rank 1 : false
2026-02-12 14:57:19,304 [INFO] ADCParametersView:116 -                Rank 2 : false
2026-02-12 14:57:19,304 [INFO] ADCParametersView:116 -                Rank 3 : false
2026-02-12 14:57:19,304 [INFO] ADCParametersView:116 -                Rank 1 : false
2026-02-12 14:57:19,304 [INFO] ADCParametersView:116 -                Rank 2 : false
2026-02-12 14:57:19,304 [INFO] ADCParametersView:116 -                Rank 3 : false
2026-02-12 14:57:19,304 [INFO] ADCParametersView:116 -                Rank 1 : false
2026-02-12 14:57:19,304 [INFO] ADCParametersView:116 -                Rank 2 : false
2026-02-12 14:57:19,304 [INFO] ADCParametersView:116 -                Rank 3 : false
2026-02-12 14:57:19,304 [INFO] ADCParametersView:116 -                Rank 1 : false
2026-02-12 14:57:19,304 [INFO] ADCParametersView:116 -                Rank 2 : false
2026-02-12 14:57:19,304 [INFO] ADCParametersView:116 -                Rank 3 : false
2026-02-12 14:57:19,304 [INFO] ADCParametersView:116 -                Rank 1 : false
2026-02-12 14:57:19,304 [INFO] ADCParametersView:116 -                Rank 2 : false
2026-02-12 14:57:19,304 [INFO] ADCParametersView:116 -                Rank 3 : false
2026-02-12 14:57:19,304 [INFO] ADCParametersView:116 -                Rank 1 : false
2026-02-12 14:57:19,304 [INFO] ADCParametersView:116 -                Rank 2 : false
2026-02-12 14:57:19,304 [INFO] ADCParametersView:116 -                Rank 3 : false
2026-02-12 14:57:19,305 [INFO] ADCParametersView:116 -                Rank 1 : false
2026-02-12 14:57:19,305 [INFO] ADCParametersView:116 -                Rank 2 : false
2026-02-12 14:57:19,305 [INFO] ADCParametersView:116 -                Rank 3 : false
2026-02-12 14:57:19,305 [INFO] ADCParametersView:116 -                Rank 1 : false
2026-02-12 14:57:19,305 [INFO] ADCParametersView:116 -                Rank 2 : false
2026-02-12 14:57:19,305 [INFO] ADCParametersView:116 -                Rank 3 : false
2026-02-12 14:57:19,305 [INFO] ADCParametersView:116 -                Rank 1 : false
2026-02-12 14:57:19,305 [INFO] ADCParametersView:116 -                Rank 2 : false
2026-02-12 14:57:19,305 [INFO] ADCParametersView:116 -                Rank 3 : false
2026-02-12 14:57:19,305 [INFO] ADCParametersView:116 -                Rank 1 : false
2026-02-12 14:57:19,305 [INFO] ADCParametersView:116 -                Rank 2 : false
2026-02-12 14:57:19,305 [INFO] ADCParametersView:116 -                Rank 3 : false
2026-02-12 14:57:19,305 [INFO] ADCParametersView:116 -                Rank 1 : false
2026-02-12 14:57:19,305 [INFO] ADCParametersView:116 -                Rank 2 : false
2026-02-12 14:57:19,305 [INFO] ADCParametersView:116 -                Rank 3 : false
2026-02-12 14:57:19,305 [INFO] ADCParametersView:116 -                Rank 1 : false
2026-02-12 14:57:19,305 [INFO] ADCParametersView:116 -                Rank 2 : false
2026-02-12 14:57:19,305 [INFO] ADCParametersView:116 -                Rank 3 : false
2026-02-12 14:57:19,305 [INFO] ADCParametersView:116 -                Rank 2 : false
2026-02-12 14:57:19,305 [INFO] ADCParametersView:116 -                Rank 3 : false
2026-02-12 14:57:19,305 [INFO] ADCParametersView:116 -                Rank 3 : false
2026-02-12 14:57:19,359 [INFO] ADCParametersView:116 -                Rank 1 : false
2026-02-12 14:57:19,359 [INFO] ADCParametersView:116 -                Rank 1 : false
2026-02-12 14:57:19,360 [INFO] ADCParametersView:116 -                Rank 2 : false
2026-02-12 14:57:19,360 [INFO] ADCParametersView:116 -                Rank 1 : false
2026-02-12 14:57:19,360 [INFO] ADCParametersView:116 -                Rank 2 : false
2026-02-12 14:57:19,360 [INFO] ADCParametersView:116 -                Rank 3 : false
2026-02-12 14:57:19,435 [INFO] ADCParametersView:116 -                Rank 1 : false
2026-02-12 14:57:19,435 [INFO] ADCParametersView:116 -                Rank 2 : false
2026-02-12 14:57:19,435 [INFO] ADCParametersView:116 -                Rank 3 : false
2026-02-12 14:57:19,435 [INFO] ADCParametersView:116 -                Rank 1 : false
2026-02-12 14:57:19,435 [INFO] ADCParametersView:116 -                Rank 2 : false
2026-02-12 14:57:19,440 [INFO] ADCParametersView:116 -                Rank 3 : false
2026-02-12 14:57:19,440 [INFO] ADCParametersView:116 -                Rank 1 : false
2026-02-12 14:57:19,440 [INFO] ADCParametersView:116 -                Rank 2 : false
2026-02-12 14:57:19,440 [INFO] ADCParametersView:116 -                Rank 3 : false
2026-02-12 14:57:19,440 [INFO] ADCParametersView:116 -                Rank 1 : false
2026-02-12 14:57:19,440 [INFO] ADCParametersView:116 -                Rank 2 : false
2026-02-12 14:57:19,440 [INFO] ADCParametersView:116 -                Rank 3 : false
2026-02-12 14:57:19,440 [INFO] ADCParametersView:116 -                Rank 1 : false
2026-02-12 14:57:19,440 [INFO] ADCParametersView:116 -                Rank 2 : false
2026-02-12 14:57:19,440 [INFO] ADCParametersView:116 -                Rank 3 : false
2026-02-12 14:57:19,440 [INFO] ADCParametersView:116 -                Rank 1 : false
2026-02-12 14:57:19,440 [INFO] ADCParametersView:116 -                Rank 2 : false
2026-02-12 14:57:19,440 [INFO] ADCParametersView:116 -                Rank 3 : false
2026-02-12 14:57:19,440 [INFO] ADCParametersView:116 -                Rank 1 : false
2026-02-12 14:57:19,440 [INFO] ADCParametersView:116 -                Rank 2 : false
2026-02-12 14:57:19,440 [INFO] ADCParametersView:116 -                Rank 3 : false
2026-02-12 14:57:19,440 [INFO] ADCParametersView:116 -                Rank 1 : false
2026-02-12 14:57:19,440 [INFO] ADCParametersView:116 -                Rank 2 : false
2026-02-12 14:57:19,440 [INFO] ADCParametersView:116 -                Rank 3 : false
2026-02-12 14:57:19,440 [INFO] ADCParametersView:116 -                Rank 1 : false
2026-02-12 14:57:19,440 [INFO] ADCParametersView:116 -                Rank 2 : false
2026-02-12 14:57:19,440 [INFO] ADCParametersView:116 -                Rank 3 : false
2026-02-12 14:57:19,441 [INFO] ADCParametersView:116 -                Rank 1 : false
2026-02-12 14:57:19,441 [INFO] ADCParametersView:116 -                Rank 2 : false
2026-02-12 14:57:19,441 [INFO] ADCParametersView:116 -                Rank 3 : false
2026-02-12 14:57:19,441 [INFO] ADCParametersView:116 -                Rank 1 : false
2026-02-12 14:57:19,441 [INFO] ADCParametersView:116 -                Rank 2 : false
2026-02-12 14:57:19,441 [INFO] ADCParametersView:116 -                Rank 3 : false
2026-02-12 14:57:19,441 [INFO] ADCParametersView:116 -                Rank 1 : false
2026-02-12 14:57:19,441 [INFO] ADCParametersView:116 -                Rank 2 : false
2026-02-12 14:57:19,441 [INFO] ADCParametersView:116 -                Rank 3 : false
2026-02-12 14:57:19,441 [INFO] ADCParametersView:116 -                Rank 1 : false
2026-02-12 14:57:19,441 [INFO] ADCParametersView:116 -                Rank 2 : false
2026-02-12 14:57:19,441 [INFO] ADCParametersView:116 -                Rank 3 : false
2026-02-12 14:57:19,441 [INFO] ADCParametersView:116 -                Rank 1 : false
2026-02-12 14:57:19,441 [INFO] ADCParametersView:116 -                Rank 2 : false
2026-02-12 14:57:19,441 [INFO] ADCParametersView:116 -                Rank 3 : false
2026-02-12 14:57:19,441 [INFO] ADCParametersView:116 -                Rank 1 : false
2026-02-12 14:57:19,441 [INFO] ADCParametersView:116 -                Rank 2 : false
2026-02-12 14:57:19,441 [INFO] ADCParametersView:116 -                Rank 3 : false
2026-02-12 14:57:19,441 [INFO] ADCParametersView:116 -                Rank 1 : false
2026-02-12 14:57:19,441 [INFO] ADCParametersView:116 -                Rank 2 : false
2026-02-12 14:57:19,441 [INFO] ADCParametersView:116 -                Rank 3 : false
2026-02-12 14:57:19,441 [INFO] ADCParametersView:116 -                Rank 1 : false
2026-02-12 14:57:19,441 [INFO] ADCParametersView:116 -                Rank 2 : false
2026-02-12 14:57:19,441 [INFO] ADCParametersView:116 -                Rank 3 : false
2026-02-12 14:57:19,441 [INFO] ADCParametersView:116 -                Rank 1 : false
2026-02-12 14:57:19,441 [INFO] ADCParametersView:116 -                Rank 2 : false
2026-02-12 14:57:19,441 [INFO] ADCParametersView:116 -                Rank 3 : false
2026-02-12 14:57:19,441 [INFO] ADCParametersView:116 -                Rank 1 : false
2026-02-12 14:57:19,441 [INFO] ADCParametersView:116 -                Rank 2 : false
2026-02-12 14:57:19,441 [INFO] ADCParametersView:116 -                Rank 3 : false
2026-02-12 14:57:19,441 [INFO] ADCParametersView:116 -                Rank 1 : false
2026-02-12 14:57:19,442 [INFO] ADCParametersView:116 -                Rank 2 : false
2026-02-12 14:57:19,442 [INFO] ADCParametersView:116 -                Rank 3 : false
2026-02-12 14:57:19,442 [INFO] ADCParametersView:116 -                Rank 2 : false
2026-02-12 14:57:19,442 [INFO] ADCParametersView:116 -                Rank 3 : false
2026-02-12 14:57:19,442 [INFO] ADCParametersView:116 -                Rank 3 : false
2026-02-12 14:57:19,504 [INFO] ADCParametersView:116 -                Rank 1 : false
2026-02-12 14:57:19,505 [INFO] ADCParametersView:116 -                Rank 1 : false
2026-02-12 14:57:19,505 [INFO] ADCParametersView:116 -                Rank 2 : false
2026-02-12 14:57:19,505 [INFO] ADCParametersView:116 -                Rank 1 : false
2026-02-12 14:57:19,505 [INFO] ADCParametersView:116 -                Rank 2 : false
2026-02-12 14:57:19,505 [INFO] ADCParametersView:116 -                Rank 3 : false
2026-02-12 14:57:19,736 [INFO] ADCParametersView:116 -                Rank 1 : false
2026-02-12 14:57:19,736 [INFO] ADCParametersView:116 -                Rank 2 : false
2026-02-12 14:57:19,736 [INFO] ADCParametersView:116 -                Rank 3 : false
2026-02-12 14:57:19,737 [INFO] ADCParametersView:116 -                Rank 1 : false
2026-02-12 14:57:19,737 [INFO] ADCParametersView:116 -                Rank 2 : false
2026-02-12 14:57:19,737 [INFO] ADCParametersView:116 -                Rank 3 : false
2026-02-12 14:57:19,737 [INFO] ADCParametersView:116 -                Rank 1 : false
2026-02-12 14:57:19,737 [INFO] ADCParametersView:116 -                Rank 2 : false
2026-02-12 14:57:19,737 [INFO] ADCParametersView:116 -                Rank 3 : false
2026-02-12 14:57:19,737 [INFO] ADCParametersView:116 -                Rank 1 : false
2026-02-12 14:57:19,737 [INFO] ADCParametersView:116 -                Rank 2 : false
2026-02-12 14:57:19,737 [INFO] ADCParametersView:116 -                Rank 3 : false
2026-02-12 14:57:19,737 [INFO] ADCParametersView:116 -                Rank 1 : false
2026-02-12 14:57:19,737 [INFO] ADCParametersView:116 -                Rank 2 : false
2026-02-12 14:57:19,737 [INFO] ADCParametersView:116 -                Rank 3 : false
2026-02-12 14:57:19,737 [INFO] ADCParametersView:116 -                Rank 1 : false
2026-02-12 14:57:19,737 [INFO] ADCParametersView:116 -                Rank 2 : false
2026-02-12 14:57:19,737 [INFO] ADCParametersView:116 -                Rank 3 : false
2026-02-12 14:57:19,737 [INFO] ADCParametersView:116 -                Rank 1 : false
2026-02-12 14:57:19,737 [INFO] ADCParametersView:116 -                Rank 2 : false
2026-02-12 14:57:19,737 [INFO] ADCParametersView:116 -                Rank 3 : false
2026-02-12 14:57:19,737 [INFO] ADCParametersView:116 -                Rank 1 : false
2026-02-12 14:57:19,737 [INFO] ADCParametersView:116 -                Rank 2 : false
2026-02-12 14:57:19,737 [INFO] ADCParametersView:116 -                Rank 3 : false
2026-02-12 14:57:19,737 [INFO] ADCParametersView:116 -                Rank 1 : false
2026-02-12 14:57:19,737 [INFO] ADCParametersView:116 -                Rank 2 : false
2026-02-12 14:57:19,737 [INFO] ADCParametersView:116 -                Rank 3 : false
2026-02-12 14:57:19,737 [INFO] ADCParametersView:116 -                Rank 1 : false
2026-02-12 14:57:19,737 [INFO] ADCParametersView:116 -                Rank 2 : false
2026-02-12 14:57:19,737 [INFO] ADCParametersView:116 -                Rank 3 : false
2026-02-12 14:57:19,737 [INFO] ADCParametersView:116 -                Rank 1 : false
2026-02-12 14:57:19,737 [INFO] ADCParametersView:116 -                Rank 2 : false
2026-02-12 14:57:19,737 [INFO] ADCParametersView:116 -                Rank 3 : false
2026-02-12 14:57:19,737 [INFO] ADCParametersView:116 -                Rank 1 : false
2026-02-12 14:57:19,737 [INFO] ADCParametersView:116 -                Rank 2 : false
2026-02-12 14:57:19,737 [INFO] ADCParametersView:116 -                Rank 3 : false
2026-02-12 14:57:19,737 [INFO] ADCParametersView:116 -                Rank 1 : false
2026-02-12 14:57:19,737 [INFO] ADCParametersView:116 -                Rank 2 : false
2026-02-12 14:57:19,737 [INFO] ADCParametersView:116 -                Rank 3 : false
2026-02-12 14:57:19,737 [INFO] ADCParametersView:116 -                Rank 1 : false
2026-02-12 14:57:19,737 [INFO] ADCParametersView:116 -                Rank 2 : false
2026-02-12 14:57:19,737 [INFO] ADCParametersView:116 -                Rank 3 : false
2026-02-12 14:57:19,737 [INFO] ADCParametersView:116 -                Rank 1 : false
2026-02-12 14:57:19,737 [INFO] ADCParametersView:116 -                Rank 2 : false
2026-02-12 14:57:19,737 [INFO] ADCParametersView:116 -                Rank 3 : false
2026-02-12 14:57:19,737 [INFO] ADCParametersView:116 -                Rank 1 : false
2026-02-12 14:57:19,737 [INFO] ADCParametersView:116 -                Rank 2 : false
2026-02-12 14:57:19,737 [INFO] ADCParametersView:116 -                Rank 3 : false
2026-02-12 14:57:19,737 [INFO] ADCParametersView:116 -                Rank 1 : false
2026-02-12 14:57:19,737 [INFO] ADCParametersView:116 -                Rank 2 : false
2026-02-12 14:57:19,737 [INFO] ADCParametersView:116 -                Rank 3 : false
2026-02-12 14:57:19,737 [INFO] ADCParametersView:116 -                Rank 1 : false
2026-02-12 14:57:19,737 [INFO] ADCParametersView:116 -                Rank 2 : false
2026-02-12 14:57:19,737 [INFO] ADCParametersView:116 -                Rank 3 : false
2026-02-12 14:57:19,737 [INFO] ADCParametersView:116 -                Rank 1 : false
2026-02-12 14:57:19,737 [INFO] ADCParametersView:116 -                Rank 2 : false
2026-02-12 14:57:19,737 [INFO] ADCParametersView:116 -                Rank 3 : false
2026-02-12 14:57:19,737 [INFO] ADCParametersView:116 -                Rank 1 : false
2026-02-12 14:57:19,737 [INFO] ADCParametersView:116 -                Rank 2 : false
2026-02-12 14:57:19,737 [INFO] ADCParametersView:116 -                Rank 3 : false
2026-02-12 14:57:19,737 [INFO] ADCParametersView:116 -                Rank 2 : false
2026-02-12 14:57:19,737 [INFO] ADCParametersView:116 -                Rank 3 : false
2026-02-12 14:57:19,737 [INFO] ADCParametersView:116 -                Rank 3 : false
2026-02-12 14:57:19,803 [INFO] ADCParametersView:116 -                Rank 1 : false
2026-02-12 14:57:19,803 [INFO] ADCParametersView:116 -                Rank 1 : false
2026-02-12 14:57:19,803 [INFO] ADCParametersView:116 -                Rank 2 : false
2026-02-12 14:57:19,804 [INFO] ADCParametersView:116 -                Rank 1 : false
2026-02-12 14:57:19,804 [INFO] ADCParametersView:116 -                Rank 2 : false
2026-02-12 14:57:19,804 [INFO] ADCParametersView:116 -                Rank 3 : false
2026-02-12 14:57:19,886 [INFO] ADCParametersView:116 -                Rank 1 : false
2026-02-12 14:57:19,886 [INFO] ADCParametersView:116 -                Rank 2 : false
2026-02-12 14:57:19,886 [INFO] ADCParametersView:116 -                Rank 3 : false
2026-02-12 14:57:19,887 [INFO] ADCParametersView:116 -                Rank 1 : false
2026-02-12 14:57:19,887 [INFO] ADCParametersView:116 -                Rank 2 : false
2026-02-12 14:57:19,887 [INFO] ADCParametersView:116 -                Rank 3 : false
2026-02-12 14:57:19,887 [INFO] ADCParametersView:116 -                Rank 1 : false
2026-02-12 14:57:19,887 [INFO] ADCParametersView:116 -                Rank 2 : false
2026-02-12 14:57:19,887 [INFO] ADCParametersView:116 -                Rank 3 : false
2026-02-12 14:57:19,887 [INFO] ADCParametersView:116 -                Rank 1 : false
2026-02-12 14:57:19,887 [INFO] ADCParametersView:116 -                Rank 2 : false
2026-02-12 14:57:19,887 [INFO] ADCParametersView:116 -                Rank 3 : false
2026-02-12 14:57:19,887 [INFO] ADCParametersView:116 -                Rank 1 : false
2026-02-12 14:57:19,887 [INFO] ADCParametersView:116 -                Rank 2 : false
2026-02-12 14:57:19,887 [INFO] ADCParametersView:116 -                Rank 3 : false
2026-02-12 14:57:19,887 [INFO] ADCParametersView:116 -                Rank 1 : false
2026-02-12 14:57:19,887 [INFO] ADCParametersView:116 -                Rank 2 : false
2026-02-12 14:57:19,887 [INFO] ADCParametersView:116 -                Rank 3 : false
2026-02-12 14:57:19,887 [INFO] ADCParametersView:116 -                Rank 1 : false
2026-02-12 14:57:19,887 [INFO] ADCParametersView:116 -                Rank 2 : false
2026-02-12 14:57:19,887 [INFO] ADCParametersView:116 -                Rank 3 : false
2026-02-12 14:57:19,888 [INFO] ADCParametersView:116 -                Rank 1 : false
2026-02-12 14:57:19,888 [INFO] ADCParametersView:116 -                Rank 2 : false
2026-02-12 14:57:19,888 [INFO] ADCParametersView:116 -                Rank 3 : false
2026-02-12 14:57:19,888 [INFO] ADCParametersView:116 -                Rank 1 : false
2026-02-12 14:57:19,888 [INFO] ADCParametersView:116 -                Rank 2 : false
2026-02-12 14:57:19,888 [INFO] ADCParametersView:116 -                Rank 3 : false
2026-02-12 14:57:19,888 [INFO] ADCParametersView:116 -                Rank 1 : false
2026-02-12 14:57:19,888 [INFO] ADCParametersView:116 -                Rank 2 : false
2026-02-12 14:57:19,888 [INFO] ADCParametersView:116 -                Rank 3 : false
2026-02-12 14:57:19,888 [INFO] ADCParametersView:116 -                Rank 1 : false
2026-02-12 14:57:19,888 [INFO] ADCParametersView:116 -                Rank 2 : false
2026-02-12 14:57:19,888 [INFO] ADCParametersView:116 -                Rank 3 : false
2026-02-12 14:57:19,889 [INFO] ADCParametersView:116 -                Rank 1 : false
2026-02-12 14:57:19,889 [INFO] ADCParametersView:116 -                Rank 2 : false
2026-02-12 14:57:19,889 [INFO] ADCParametersView:116 -                Rank 3 : false
2026-02-12 14:57:19,889 [INFO] ADCParametersView:116 -                Rank 1 : false
2026-02-12 14:57:19,889 [INFO] ADCParametersView:116 -                Rank 2 : false
2026-02-12 14:57:19,889 [INFO] ADCParametersView:116 -                Rank 3 : false
2026-02-12 14:57:19,889 [INFO] ADCParametersView:116 -                Rank 1 : false
2026-02-12 14:57:19,889 [INFO] ADCParametersView:116 -                Rank 2 : false
2026-02-12 14:57:19,889 [INFO] ADCParametersView:116 -                Rank 3 : false
2026-02-12 14:57:19,890 [INFO] ADCParametersView:116 -                Rank 1 : false
2026-02-12 14:57:19,890 [INFO] ADCParametersView:116 -                Rank 2 : false
2026-02-12 14:57:19,890 [INFO] ADCParametersView:116 -                Rank 3 : false
2026-02-12 14:57:19,890 [INFO] ADCParametersView:116 -                Rank 1 : false
2026-02-12 14:57:19,890 [INFO] ADCParametersView:116 -                Rank 2 : false
2026-02-12 14:57:19,890 [INFO] ADCParametersView:116 -                Rank 3 : false
2026-02-12 14:57:19,890 [INFO] ADCParametersView:116 -                Rank 1 : false
2026-02-12 14:57:19,890 [INFO] ADCParametersView:116 -                Rank 2 : false
2026-02-12 14:57:19,890 [INFO] ADCParametersView:116 -                Rank 3 : false
2026-02-12 14:57:19,890 [INFO] ADCParametersView:116 -                Rank 1 : false
2026-02-12 14:57:19,890 [INFO] ADCParametersView:116 -                Rank 2 : false
2026-02-12 14:57:19,890 [INFO] ADCParametersView:116 -                Rank 3 : false
2026-02-12 14:57:19,890 [INFO] ADCParametersView:116 -                Rank 1 : false
2026-02-12 14:57:19,890 [INFO] ADCParametersView:116 -                Rank 2 : false
2026-02-12 14:57:19,890 [INFO] ADCParametersView:116 -                Rank 3 : false
2026-02-12 14:57:19,890 [INFO] ADCParametersView:116 -                Rank 1 : false
2026-02-12 14:57:19,890 [INFO] ADCParametersView:116 -                Rank 2 : false
2026-02-12 14:57:19,890 [INFO] ADCParametersView:116 -                Rank 3 : false
2026-02-12 14:57:19,890 [INFO] ADCParametersView:116 -                Rank 2 : false
2026-02-12 14:57:19,890 [INFO] ADCParametersView:116 -                Rank 3 : false
2026-02-12 14:57:19,890 [INFO] ADCParametersView:116 -                Rank 3 : false
2026-02-12 14:57:19,952 [INFO] ADCParametersView:116 -                Rank 1 : false
2026-02-12 14:57:19,952 [INFO] ADCParametersView:116 -                Rank 1 : false
2026-02-12 14:57:19,952 [INFO] ADCParametersView:116 -                Rank 2 : false
2026-02-12 14:57:19,952 [INFO] ADCParametersView:116 -                Rank 1 : false
2026-02-12 14:57:19,952 [INFO] ADCParametersView:116 -                Rank 2 : false
2026-02-12 14:57:19,952 [INFO] ADCParametersView:116 -                Rank 3 : false
2026-02-12 14:57:48,720 [INFO] UtilMem:75 - End SaveConfig() Used Memory: 847830672 Bytes (1073741824)
2026-02-12 14:57:51,982 [INFO] UtilMem:75 - End SaveConfig() Used Memory: 941153936 Bytes (1073741824)
2026-02-12 14:57:52,795 [INFO] BlockDiagram:2775 - set Specific Code input for plugin: SYS
2026-02-12 14:57:52,796 [INFO] BlockDiagram:2775 - set Specific Code input for plugin: ADC
2026-02-12 14:57:52,796 [INFO] BlockDiagram:2775 - set Specific Code input for plugin: RCC
2026-02-12 14:57:52,796 [INFO] BlockDiagram:2775 - set Specific Code input for plugin: NVIC
2026-02-12 14:57:52,796 [INFO] BlockDiagram:2775 - set Specific Code input for plugin: USART
2026-02-12 14:57:52,796 [INFO] BlockDiagram:2775 - set Specific Code input for plugin: DMA
2026-02-12 14:57:52,798 [INFO] BlockDiagram:2775 - set Specific Code input for plugin: GPIO
2026-02-12 14:57:52,799 [INFO] CodeGenerator:892 - code generatio: config db path: D:\STM32CubeIDE_1.19.0\STM32CubeIDE\plugins\com.st.stm32cube.common.mx_6.15.0.202507011659\\db\
2026-02-12 14:57:52,951 [INFO] CodeEngine:265 - oldGeneratedFile, D:\DMA_ADC_Multiple\MXTmpFiles\license.tmp_save
2026-02-12 14:57:53,246 [INFO] CodeEngine:289 - Generated code: D:\DMA_ADC_Multiple\MXTmpFiles\license.tmp
2026-02-12 14:57:53,333 [INFO] CodeEngine:265 - oldGeneratedFile, D:\DMA_ADC_Multiple\MXTmpFiles\gpio.tmp_save
2026-02-12 14:57:53,564 [INFO] CodeEngine:289 - Generated code: D:\DMA_ADC_Multiple\MXTmpFiles\gpio.tmp
2026-02-12 14:57:53,971 [INFO] CodeEngine:265 - oldGeneratedFile, D:\DMA_ADC_Multiple\MXTmpFiles\dma.tmp_save
2026-02-12 14:57:54,193 [INFO] CodeEngine:289 - Generated code: D:\DMA_ADC_Multiple\MXTmpFiles\dma.tmp
2026-02-12 14:57:54,201 [INFO] CodeEngine:265 - oldGeneratedFile, D:\DMA_ADC_Multiple\MXTmpFiles\dma_GV.tmp_save
2026-02-12 14:57:54,320 [INFO] CodeEngine:289 - Generated code: D:\DMA_ADC_Multiple\MXTmpFiles\dma_GV.tmp
2026-02-12 14:57:54,335 [INFO] CodeEngine:265 - oldGeneratedFile, D:\DMA_ADC_Multiple\Core\Src\stm32l4xx_it.c_save
2026-02-12 14:57:54,584 [INFO] CodeEngine:289 - Generated code: D:\DMA_ADC_Multiple\Core\Src\stm32l4xx_it.c
2026-02-12 14:57:54,590 [INFO] CodeEngine:265 - oldGeneratedFile, D:\DMA_ADC_Multiple\Core\Inc\stm32l4xx_it.h_save
2026-02-12 14:57:54,715 [INFO] CodeEngine:289 - Generated code: D:\DMA_ADC_Multiple\Core\Inc\stm32l4xx_it.h
2026-02-12 14:57:54,731 [INFO] CodeEngine:265 - oldGeneratedFile, D:\DMA_ADC_Multiple\Core\Src\stm32l4xx_hal_msp.c_save
2026-02-12 14:57:55,022 [INFO] CodeEngine:289 - Generated code: D:\DMA_ADC_Multiple\Core\Src\stm32l4xx_hal_msp.c
2026-02-12 14:57:55,028 [INFO] CodeEngine:265 - oldGeneratedFile, D:\DMA_ADC_Multiple\MXTmpFiles\system.tmp_save
2026-02-12 14:57:55,111 [INFO] CodeEngine:289 - Generated code: D:\DMA_ADC_Multiple\MXTmpFiles\system.tmp
2026-02-12 14:57:55,124 [INFO] CodeEngine:321 - oldGeneratedFile, D:\DMA_ADC_Multiple\Core\Inc\stm32l4xx_hal_conf.h_save
2026-02-12 14:57:55,351 [INFO] CodeEngine:345 - Generated code: D:\DMA_ADC_Multiple\Core\Inc\stm32l4xx_hal_conf.h
2026-02-12 14:57:55,419 [INFO] ApiDbMcu:532 - Load IP Config File for ADC1
2026-02-12 14:57:55,431 [INFO] CodeEngine:265 - oldGeneratedFile, D:\DMA_ADC_Multiple\Core\Inc\main.h_save
2026-02-12 14:57:55,603 [INFO] CodeEngine:289 - Generated code: D:\DMA_ADC_Multiple\Core\Inc\main.h
2026-02-12 14:57:55,607 [INFO] CodeEngine:265 - oldGeneratedFile, D:\DMA_ADC_Multiple\Core\Src\main.c_save
2026-02-12 14:57:55,833 [INFO] CodeEngine:289 - Generated code: D:\DMA_ADC_Multiple\Core\Src\main.c
2026-02-12 14:57:56,385 [INFO] ProjectBuilder:3606 - Time for Copy HAL[1] : 229mS.
2026-02-12 14:57:56,390 [INFO] ProjectBuilder:5216 - Project Generator version: 4.7.0-B52
2026-02-12 14:57:56,549 [INFO] ConfigFileManager:1595 - The Die is : DIE415
2026-02-12 14:57:58,442 [INFO] ProjectBuilder:5496 - Time for Generating toolchain IDE Files: 2052mS.
2026-02-12 14:57:58,444 [INFO] ProjectBuilder:3463 - Time for Copy CMSIS : 0mS.
2026-02-12 14:57:58,447 [INFO] ProjectBuilder:3463 - Time for Copy CMSIS : 0mS.
2026-02-12 15:09:53,324 [INFO] MainUpdater:2872 - connection check result : 10
2026-02-12 15:09:53,324 [INFO] MainUpdater:2872 - connection check result : 10
2026-02-12 15:09:53,420 [INFO] MicroXplorer:468 - Change Database Path : 
2026-02-12 15:09:53,420 [INFO] MicroXplorer:498 - Change Database Version : DB.6.0.150
2026-02-12 15:09:53,461 [ERROR] ProjectManagerView:395 - 
java.lang.NullPointerException: Cannot invoke "javax.swing.JTextField.getText()" because the return value of "java.util.List.get(int)" is null
	at com.st.microxplorer.plugins.projectmanager.gui.ProjectChoiceTab$9.caretUpdate(ProjectChoiceTab.java:2706) ~[filemanager.jar:?]
	at javax.swing.text.JTextComponent.fireCaretUpdate(JTextComponent.java:408) ~[?:?]
	at javax.swing.text.JTextComponent$MutableCaretEvent.fire(JTextComponent.java:4484) ~[?:?]
	at javax.swing.text.JTextComponent$MutableCaretEvent.stateChanged(JTextComponent.java:4506) ~[?:?]
	at javax.swing.text.DefaultCaret.fireStateChanged(DefaultCaret.java:857) ~[?:?]
	at javax.swing.text.DefaultCaret.changeCaretPosition(DefaultCaret.java:1343) ~[?:?]
	at javax.swing.text.DefaultCaret.handleSetDot(DefaultCaret.java:1242) ~[?:?]
	at javax.swing.text.DefaultCaret.setDot(DefaultCaret.java:1223) ~[?:?]
	at javax.swing.text.DefaultCaret$Handler.insertUpdate(DefaultCaret.java:1819) ~[?:?]
	at javax.swing.text.AbstractDocument.fireInsertUpdate(AbstractDocument.java:227) ~[?:?]
	at javax.swing.text.AbstractDocument.handleInsertString(AbstractDocument.java:781) ~[?:?]
	at javax.swing.text.AbstractDocument.insertString(AbstractDocument.java:740) ~[?:?]
	at javax.swing.text.PlainDocument.insertString(PlainDocument.java:131) ~[?:?]
	at javax.swing.text.AbstractDocument.replace(AbstractDocument.java:699) ~[?:?]
	at javax.swing.text.JTextComponent.setText(JTextComponent.java:1725) ~[?:?]
	at com.st.microxplorer.plugins.projectmanager.gui.ProjectChoiceTab.createHeapStackFields(ProjectChoiceTab.java:993) ~[filemanager.jar:?]
	at com.st.microxplorer.plugins.projectmanager.gui.ProjectChoiceTab.buildLinkSettingsPanel(ProjectChoiceTab.java:3813) ~[filemanager.jar:?]
	at com.st.microxplorer.plugins.projectmanager.gui.ProjectChoiceTab.defineWindowsFields(ProjectChoiceTab.java:1987) ~[filemanager.jar:?]
	at com.st.microxplorer.plugins.projectmanager.gui.ProjectChoiceTab.updateSettings(ProjectChoiceTab.java:558) ~[filemanager.jar:?]
	at com.st.microxplorer.plugins.projectmanager.gui.ProjectSettingsPanel.UpdateDialog(ProjectSettingsPanel.java:247) ~[filemanager.jar:?]
	at com.st.microxplorer.plugins.projectmanager.ProjectManagerView.propertyChange(ProjectManagerView.java:392) ~[filemanager.jar:?]
	at java.beans.PropertyChangeSupport.fire(PropertyChangeSupport.java:343) ~[?:?]
	at java.beans.PropertyChangeSupport.firePropertyChange(PropertyChangeSupport.java:335) ~[?:?]
	at java.beans.PropertyChangeSupport.firePropertyChange(PropertyChangeSupport.java:268) ~[?:?]
	at com.st.microxplorer.util.MXPropertyChangeSupport.firePropertyChange(MXPropertyChangeSupport.java:54) ~[STM32CubeMX.jar:?]
	at com.st.microxplorer.mxsystem.MxSystem.closeConfig(MxSystem.java:899) ~[STM32CubeMX.jar:?]
	at com.st.microxplorer.maingui.MainPanel.closeConfig(MainPanel.java:792) ~[STM32CubeMX.jar:?]
	at com.st.microxplorer.plugins.filemanager.engine.OpenFileManager.loadConfigurationFile(OpenFileManager.java:288) ~[filemanager.jar:?]
	at com.st.microxplorer.plugins.filemanager.engine.MainFileManager.userLoadConfig(MainFileManager.java:364) ~[filemanager.jar:?]
	at com.st.microxplorer.plugins.filemanager.engine.MainFileManager.userLoadConfig(MainFileManager.java:342) ~[filemanager.jar:?]
	at com.st.microxplorer.plugins.filemanager.FileManagerView.getSpecificTask(FileManagerView.java:264) ~[filemanager.jar:?]
	at com.st.stm32cube.common.mx.editor.CubeMxEditor.getMxTabbedPaneInstance(CubeMxEditor.java:1198) ~[com.st.stm32cube.common.mx_6.15.0.202507011659/:?]
	at com.st.stm32cube.common.mx.editor.CubeMxEditor$12$1.createSwingComponent(CubeMxEditor.java:1068) ~[com.st.stm32cube.common.mx_6.15.0.202507011659/:?]
	at com.st.stm32cube.common.mx.oss.core.awtswtbridge.EmbeddedSwingComposite.doComponentCreation(EmbeddedSwingComposite.java:492) ~[com.st.stm32cube.common.mx.oss_6.15.0.202507011659/:?]
	at com.st.stm32cube.common.mx.oss.core.awtswtbridge.EmbeddedSwingComposite$4.run(EmbeddedSwingComposite.java:291) ~[com.st.stm32cube.common.mx.oss_6.15.0.202507011659/:?]
	at com.st.stm32cube.common.mx.oss.core.awtswtbridge.AwtEnvironment$2.run(AwtEnvironment.java:166) ~[com.st.stm32cube.common.mx.oss_6.15.0.202507011659/:?]
	at java.awt.event.InvocationEvent.dispatch(InvocationEvent.java:318) ~[?:?]
	at java.awt.EventQueue.dispatchEventImpl(EventQueue.java:773) ~[?:?]
	at java.awt.EventQueue$4.run(EventQueue.java:720) ~[?:?]
	at java.awt.EventQueue$4.run(EventQueue.java:714) ~[?:?]
	at java.security.AccessController.doPrivileged(AccessController.java:400) ~[?:?]
	at java.security.ProtectionDomain$JavaSecurityAccessImpl.doIntersectionPrivilege(ProtectionDomain.java:87) ~[?:?]
	at java.awt.EventQueue.dispatchEvent(EventQueue.java:742) ~[?:?]
	at java.awt.EventDispatchThread.pumpOneEventForFilters(EventDispatchThread.java:203) ~[?:?]
	at java.awt.EventDispatchThread.pumpEventsForFilter(EventDispatchThread.java:124) ~[?:?]
	at java.awt.EventDispatchThread.pumpEventsForHierarchy(EventDispatchThread.java:113) ~[?:?]
	at java.awt.EventDispatchThread.pumpEvents(EventDispatchThread.java:109) ~[?:?]
	at java.awt.EventDispatchThread.pumpEvents(EventDispatchThread.java:101) ~[?:?]
	at java.awt.EventDispatchThread.run(EventDispatchThread.java:90) ~[?:?]
2026-02-12 15:09:53,509 [WARN] ThirdParty:871 - waiting for thirdparty lock release [close project]
2026-02-12 15:09:53,509 [INFO] ThirdParty:873 - entering critical section [close project]
2026-02-12 15:09:53,509 [INFO] ThirdParty:883 - exiting critical section [close project]
2026-02-12 15:09:53,512 [INFO] PinOutPanel:1589 - setPackage(No Configuration,No Configuration)
2026-02-12 15:09:53,541 [INFO] UtilMem:75 - Begin LoadConfig() Used Memory: 921021536 Bytes (1073741824)
2026-02-12 15:09:53,542 [INFO] MicroXplorer:468 - Change Database Path : 
2026-02-12 15:09:53,542 [INFO] MicroXplorer:498 - Change Database Version : DB.6.0.150
2026-02-12 15:09:53,542 [INFO] OpenFileManager:355 - Change cursor
2026-02-12 15:09:53,584 [INFO] RulesReader:64 - Compatibility file has been processed (317 Rules)
2026-02-12 15:09:53,599 [INFO] Mcu:2029 - Initializing MCU STM32L476R(C-E-G)Tx STM32L476RGTx STM32L476RGT3
2026-02-12 15:09:56,671 [INFO] Context:786 - Trying to add GPIOservice into a context  which must be forbidden
2026-02-12 15:09:57,889 [INFO] ImportTextPane:234 - (OptionalMessage_ERROR) Pin15 (VP_RIF_VS_RIF1) cannot be retrieved for this MCU
2026-02-12 15:09:58,060 [INFO] RtosManager:558 - Registered RTOS mode: class=CMSIS, group=RTOS, mode=CMSIS_V1, owner=FREERTOS
2026-02-12 15:09:58,060 [INFO] RtosManager:558 - Registered RTOS mode: class=CMSIS, group=RTOS2, mode=CMSIS_V2, owner=FREERTOS
2026-02-12 15:09:58,061 [INFO] RtosManager:558 - Registered RTOS mode: class=RTOS, group=Core, mode=CMSIS_V1, owner=FREERTOS
2026-02-12 15:09:58,061 [INFO] RtosManager:558 - Registered RTOS mode: class=RTOS, group=Core, mode=CMSIS_V2, owner=FREERTOS
2026-02-12 15:09:58,061 [WARN] ModelIntegratedComponent:184 - Missing modes for component STMicroelectronics:FreeRTOS:0.0.1:STMicroelectronics:RTOS:FreeRTOS:Core:::10.2.0:
2026-02-12 15:09:58,071 [WARN] ModelIntegratedComponent:63 - No mode defined for component null
2026-02-12 15:09:58,071 [WARN] ModelIntegratedComponent:63 - No mode defined for component null
2026-02-12 15:09:58,071 [WARN] ModelIntegratedComponent:63 - No mode defined for component null
2026-02-12 15:09:58,071 [WARN] ModelIntegratedComponent:63 - No mode defined for component null
2026-02-12 15:09:58,071 [WARN] ModelIntegratedComponent:63 - No mode defined for component null
2026-02-12 15:09:58,071 [WARN] ModelIntegratedComponent:63 - No mode defined for component null
2026-02-12 15:09:58,071 [WARN] ModelIntegratedComponent:63 - No mode defined for component null
2026-02-12 15:09:58,071 [WARN] ModelIntegratedComponent:63 - No mode defined for component null
2026-02-12 15:09:58,071 [WARN] ModelIntegratedComponent:63 - No mode defined for component null
2026-02-12 15:09:58,071 [WARN] ModelIntegratedComponent:63 - No mode defined for component null
2026-02-12 15:09:58,071 [WARN] ModelIntegratedComponent:63 - No mode defined for component null
2026-02-12 15:09:58,071 [WARN] ModelIntegratedComponent:63 - No mode defined for component null
2026-02-12 15:09:58,071 [WARN] ModelIntegratedComponent:63 - No mode defined for component null
2026-02-12 15:09:58,071 [WARN] ModelIntegratedComponent:63 - No mode defined for component null
2026-02-12 15:09:58,071 [WARN] ModelIntegratedComponent:63 - No mode defined for component null
2026-02-12 15:09:58,071 [WARN] ModelIntegratedComponent:63 - No mode defined for component null
2026-02-12 15:09:58,071 [WARN] ModelIntegratedComponent:63 - No mode defined for component null
2026-02-12 15:09:58,071 [WARN] ModelIntegratedComponent:63 - No mode defined for component null
2026-02-12 15:09:58,071 [WARN] ModelIntegratedComponent:63 - No mode defined for component null
2026-02-12 15:09:58,071 [WARN] ModelIntegratedComponent:63 - No mode defined for component null
2026-02-12 15:09:58,072 [WARN] ModelIntegratedComponent:63 - No mode defined for component null
2026-02-12 15:09:58,072 [WARN] ModelIntegratedComponent:63 - No mode defined for component null
2026-02-12 15:09:58,072 [WARN] ModelIntegratedComponent:63 - No mode defined for component null
2026-02-12 15:09:58,072 [WARN] ModelIntegratedComponent:63 - No mode defined for component null
2026-02-12 15:09:58,072 [WARN] ModelIntegratedComponent:63 - No mode defined for component null
2026-02-12 15:09:58,072 [WARN] ModelIntegratedComponent:63 - No mode defined for component null
2026-02-12 15:09:58,072 [WARN] ModelIntegratedComponent:63 - No mode defined for component null
2026-02-12 15:09:58,072 [WARN] ModelIntegratedComponent:63 - No mode defined for component null
2026-02-12 15:09:58,072 [WARN] ModelIntegratedComponent:63 - No mode defined for component null
2026-02-12 15:09:58,072 [WARN] ModelIntegratedComponent:63 - No mode defined for component null
2026-02-12 15:09:58,072 [WARN] ModelIntegratedComponent:63 - No mode defined for component null
2026-02-12 15:09:58,072 [WARN] ModelIntegratedComponent:63 - No mode defined for component null
2026-02-12 15:09:58,072 [WARN] ModelIntegratedComponent:63 - No mode defined for component null
2026-02-12 15:09:58,072 [WARN] ModelIntegratedComponent:63 - No mode defined for component null
2026-02-12 15:09:58,072 [WARN] ModelIntegratedComponent:63 - No mode defined for component null
2026-02-12 15:09:58,072 [WARN] ModelPack:524 - Component already loaded: STMicroelectronics:HAL Drivers:0.0.0:STMicroelectronics:Device:STMicro_Driver:XSPI:HAL::0.0.1:HAL_XSPI
2026-02-12 15:09:58,102 [INFO] ThirdPartyModel:298 - Start build external matchings
2026-02-12 15:09:58,842 [INFO] ThirdPartyModel:316 - End build external matchings
2026-02-12 15:09:58,868 [INFO] ImportTextPane:234 - (OptionalMessage_ERROR) IP (ADC1) : Parameter (CommonPathInternal) has invalid value (null|null|null|null)
2026-02-12 15:09:58,869 [INFO] ImportTextPane:234 - (OptionalMessage_ERROR) IP (DMA) : Parameter (Instance) has Id (ADC1) currently not set
2026-02-12 15:09:58,869 [INFO] ImportTextPane:234 - (OptionalMessage_ERROR) IP (DMA) : Parameter (Request) has Id (ADC1) currently not set
2026-02-12 15:09:58,869 [INFO] ImportTextPane:234 - (OptionalMessage_ERROR) IP (DMA) : Parameter (Direction) has Id (ADC1) currently not set
2026-02-12 15:09:58,870 [INFO] ImportTextPane:234 - (OptionalMessage_ERROR) IP (DMA) : Parameter (PeriphInc) has Id (ADC1) currently not set
2026-02-12 15:09:58,870 [INFO] ImportTextPane:234 - (OptionalMessage_ERROR) IP (DMA) : Parameter (MemInc) has Id (ADC1) currently not set
2026-02-12 15:09:58,870 [INFO] ImportTextPane:234 - (OptionalMessage_ERROR) IP (DMA) : Parameter (PeriphDataAlignment) has Id (ADC1) currently not set
2026-02-12 15:09:58,870 [INFO] ImportTextPane:234 - (OptionalMessage_ERROR) IP (DMA) : Parameter (MemDataAlignment) has Id (ADC1) currently not set
2026-02-12 15:09:58,870 [INFO] ImportTextPane:234 - (OptionalMessage_ERROR) IP (DMA) : Parameter (Mode) has Id (ADC1) currently not set
2026-02-12 15:09:58,870 [INFO] ImportTextPane:234 - (OptionalMessage_ERROR) IP (DMA) : Parameter (Priority) has Id (ADC1) currently not set
2026-02-12 15:09:58,872 [INFO] ImportTextPane:234 - (OptionalMessage_ERROR) IP (RCC) : Invalid parameter (FamilyName)
2026-02-12 15:09:58,874 [INFO] ImportTextPane:234 - (OptionalMessage_ERROR) IP (RCC) : Parameter (RNGFreq_Value) has invalid value (64000000)
2026-02-12 15:09:58,874 [INFO] ImportTextPane:234 - (OptionalMessage_ERROR) IP (RCC) : Parameter (SDMMCFreq_Value) has invalid value (64000000)
2026-02-12 15:09:58,875 [INFO] ImportTextPane:234 - (OptionalMessage_ERROR) IP (RCC) : Parameter (USBFreq_Value) has invalid value (64000000)
2026-02-12 15:09:59,443 [INFO] UtilMem:75 - End LoadConfig() Used Memory: 918370136 Bytes (1073741824)
2026-02-12 15:09:59,512 [WARN] ThirdParty:833 - waiting for thirdparty lock release [change project]
2026-02-12 15:09:59,512 [INFO] ThirdParty:835 - entering critical section [change project]
2026-02-12 15:09:59,512 [INFO] ThirdParty:1030 - CMSIS Pack Vendor :STMicroelectronics X-CUBE-PM33A1 1.0.0
2026-02-12 15:09:59,512 [INFO] ThirdParty:1030 - CMSIS Pack Vendor :STMicroelectronics USBPD 4.1
2026-02-12 15:09:59,512 [INFO] ThirdParty:1030 - CMSIS Pack Vendor :STMicroelectronics X-CUBE-NFC9 1.0.0
2026-02-12 15:09:59,512 [INFO] ThirdParty:1030 - CMSIS Pack Vendor :STMicroelectronics USB_HOST 2.0.0
2026-02-12 15:09:59,512 [INFO] ThirdParty:1030 - CMSIS Pack Vendor :STMicroelectronics FP-SNS-MOTENVWB1 1.4.0
2026-02-12 15:09:59,512 [INFO] ThirdParty:1030 - CMSIS Pack Vendor :STMicroelectronics X-CUBE-AZRTOS-F4 1.1.0
2026-02-12 15:09:59,512 [INFO] ThirdParty:1030 - CMSIS Pack Vendor :STMicroelectronics LIBJPEG 8.0.0
2026-02-12 15:09:59,512 [INFO] ThirdParty:1030 - CMSIS Pack Vendor :STMicroelectronics FP-ATR-ASTRA1 2.0.2
2026-02-12 15:09:59,512 [INFO] ThirdParty:1030 - CMSIS Pack Vendor :STMicroelectronics X-CUBE-BLE1 7.1.0
2026-02-12 15:09:59,512 [INFO] ThirdParty:1030 - CMSIS Pack Vendor :STMicroelectronics X-CUBE-SMBUS 2.1.0
2026-02-12 15:09:59,512 [INFO] ThirdParty:1030 - CMSIS Pack Vendor :wolfSSL I-CUBE-wolfMQTT 1.19.2
2026-02-12 15:09:59,512 [INFO] ThirdParty:1030 - CMSIS Pack Vendor :STMicroelectronics USB_DEVICE 3.0.0
2026-02-12 15:09:59,512 [INFO] ThirdParty:1030 - CMSIS Pack Vendor :STMicroelectronics X-CUBE-ISPU 2.1.0
2026-02-12 15:09:59,512 [INFO] ThirdParty:1030 - CMSIS Pack Vendor :STMicroelectronics X-CUBE-FREERTOS 1.4.0
2026-02-12 15:09:59,512 [INFO] ThirdParty:1030 - CMSIS Pack Vendor :STMicroelectronics X-CUBE-EEPRMA1 5.2.0
2026-02-12 15:09:59,512 [INFO] ThirdParty:1030 - CMSIS Pack Vendor :STMicroelectronics X-CUBE-IPS 3.2.0
2026-02-12 15:09:59,512 [INFO] ThirdParty:1030 - CMSIS Pack Vendor :STMicroelectronics X-CUBE-BLEMGR 4.1.0
2026-02-12 15:09:59,512 [INFO] ThirdParty:1030 - CMSIS Pack Vendor :STMicroelectronics X-CUBE-AZRTOS-WB 2.0.0
2026-02-12 15:09:59,512 [INFO] ThirdParty:1030 - CMSIS Pack Vendor :wolfSSL I-CUBE-wolfSSL 5.8.4
2026-02-12 15:09:59,512 [INFO] ThirdParty:1030 - CMSIS Pack Vendor :Cesanta I-CUBE-Mongoose 7.20.0
2026-02-12 15:09:59,512 [INFO] ThirdParty:1030 - CMSIS Pack Vendor :STMicroelectronics X-CUBE-NFC12 1.0.0
2026-02-12 15:09:59,512 [INFO] ThirdParty:1030 - CMSIS Pack Vendor :STMicroelectronics X-CUBE-AZRTOS-F7 1.1.0
2026-02-12 15:09:59,512 [INFO] ThirdParty:1030 - CMSIS Pack Vendor :STMicroelectronics X-CUBE-AZRTOS-L5 2.0.0
2026-02-12 15:09:59,513 [INFO] ThirdParty:1030 - CMSIS Pack Vendor :STMicroelectronics USB_DEVICE 2.0.0
2026-02-12 15:09:59,513 [INFO] ThirdParty:1030 - CMSIS Pack Vendor :quantropi X-CUBE-qispace-sdk-base 2.1.0
2026-02-12 15:09:59,513 [INFO] ThirdParty:1030 - CMSIS Pack Vendor :STMicroelectronics X-CUBE-MEMS1 12.0.0
2026-02-12 15:09:59,513 [INFO] ThirdParty:1030 - CMSIS Pack Vendor :STMicroelectronics X-CUBE-STSE01 2.0.0
2026-02-12 15:09:59,513 [INFO] ThirdParty:1030 - CMSIS Pack Vendor :STMicroelectronics FP-SNS-MOTENV1 5.1.0
2026-02-12 15:09:59,513 [INFO] ThirdParty:1030 - CMSIS Pack Vendor :STMicroelectronics FreeRTOS 0.0.1
2026-02-12 15:09:59,513 [INFO] ThirdParty:1030 - CMSIS Pack Vendor :STMicroelectronics X-CUBE-AZRTOS-G0 1.1.0
2026-02-12 15:09:59,513 [INFO] ThirdParty:1030 - CMSIS Pack Vendor :STMicroelectronics X-CUBE-NFC4 3.0.0
2026-02-12 15:09:59,513 [INFO] ThirdParty:1030 - CMSIS Pack Vendor :STMicroelectronics X-CUBE-SUBG2 5.0.0
2026-02-12 15:09:59,513 [INFO] ThirdParty:1030 - CMSIS Pack Vendor :STMicroelectronics STM32_WPAN 1.0.0
2026-02-12 15:09:59,513 [INFO] ThirdParty:1030 - CMSIS Pack Vendor :EmbeddedOffice I-CUBE-FS-RTOS 1.0.1
2026-02-12 15:09:59,513 [INFO] ThirdParty:1030 - CMSIS Pack Vendor :STMicroelectronics lwIP 2.0.3
2026-02-12 15:09:59,513 [INFO] ThirdParty:1030 - CMSIS Pack Vendor :WES I-CUBE-Cesium 1.4.0
2026-02-12 15:09:59,513 [INFO] ThirdParty:1030 - CMSIS Pack Vendor :STMicroelectronics USB_HOST 1.0.0
2026-02-12 15:09:59,513 [INFO] ThirdParty:1030 - CMSIS Pack Vendor :STMicroelectronics X-CUBE-AZRTOS-G4 2.0.0
2026-02-12 15:09:59,513 [INFO] ThirdParty:1030 - CMSIS Pack Vendor :STMicroelectronics X-CUBE-WB05N 2.0.0
2026-02-12 15:09:59,513 [INFO] ThirdParty:1030 - CMSIS Pack Vendor :STMicroelectronics PDM2PCM 3.1.0
2026-02-12 15:09:59,513 [INFO] ThirdParty:1030 - CMSIS Pack Vendor :STMicroelectronics PDM2PCM 3.3.0
2026-02-12 15:09:59,513 [INFO] ThirdParty:1030 - CMSIS Pack Vendor :wolfSSL I-CUBE-wolfTPM 3.8.0
2026-02-12 15:09:59,513 [INFO] ThirdParty:1030 - CMSIS Pack Vendor :STMicroelectronics X-CUBE-AZRTOS-H7 3.4.0
2026-02-12 15:09:59,513 [INFO] ThirdParty:1030 - CMSIS Pack Vendor :STMicroelectronics X-CUBE-DISPLAY 3.0.0
2026-02-12 15:09:59,513 [INFO] ThirdParty:1030 - CMSIS Pack Vendor :wolfSSL I-CUBE-wolfSSH 1.4.20
2026-02-12 15:09:59,513 [INFO] ThirdParty:1030 - CMSIS Pack Vendor :STMicroelectronics X-CUBE-NFC7 2.0.0
2026-02-12 15:09:59,513 [INFO] ThirdParty:1030 - CMSIS Pack Vendor :STMicroelectronics X-CUBE-TCPP 4.2.0
2026-02-12 15:09:59,513 [INFO] ThirdParty:1030 - CMSIS Pack Vendor :RealThread X-CUBE-RT-Thread_Nano 4.1.1
2026-02-12 15:09:59,513 [INFO] ThirdParty:1030 - CMSIS Pack Vendor :STMicroelectronics FP-ATR-SIGFOX1 3.2.0
2026-02-12 15:09:59,513 [INFO] ThirdParty:1030 - CMSIS Pack Vendor :STMicroelectronics X-CUBE-NFC10 1.0.0
2026-02-12 15:09:59,513 [INFO] ThirdParty:1030 - CMSIS Pack Vendor :STMicroelectronics HAL Drivers 0.0.0
2026-02-12 15:09:59,513 [INFO] ThirdParty:1030 - CMSIS Pack Vendor :STMicroelectronics MBEDTLS 2.16.2
2026-02-12 15:09:59,513 [INFO] ThirdParty:1030 - CMSIS Pack Vendor :STMicroelectronics X-CUBE-ST60 1.1.0
2026-02-12 15:09:59,513 [INFO] ThirdParty:1030 - CMSIS Pack Vendor :STMicroelectronics X-CUBE-ALS 1.0.2
2026-02-12 15:09:59,513 [INFO] ThirdParty:1030 - CMSIS Pack Vendor :emotas I-CUBE-CANOPEN 1.3.0
2026-02-12 15:09:59,513 [INFO] ThirdParty:1030 - CMSIS Pack Vendor :STMicroelectronics MBEDTLS 2.14.1
2026-02-12 15:09:59,513 [INFO] ThirdParty:1030 - CMSIS Pack Vendor :STMicroelectronics X-CUBE-GNSS1 7.1.0
2026-02-12 15:09:59,513 [INFO] ThirdParty:1030 - CMSIS Pack Vendor :ITTIA_DB I-CUBE-ITTIADB 8.9.0
2026-02-12 15:09:59,513 [INFO] ThirdParty:1030 - CMSIS Pack Vendor :STMicroelectronics X-CUBE-TOUCHGFX 4.26.0
2026-02-12 15:09:59,513 [INFO] ThirdParty:1030 - CMSIS Pack Vendor :STMicroelectronics X-CUBE-NFC6 3.2.0
2026-02-12 15:09:59,514 [INFO] ThirdParty:1030 - CMSIS Pack Vendor :STMicroelectronics FP-SNS-STBOX1 2.1.0
2026-02-12 15:09:59,515 [INFO] ThirdParty:1030 - CMSIS Pack Vendor :STMicroelectronics X-CUBE-AI 10.2.0
2026-02-12 15:09:59,515 [INFO] ThirdParty:1030 - CMSIS Pack Vendor :STMicroelectronics FP-SNS-STAIOTCFT 1.0.0
2026-02-12 15:09:59,515 [INFO] ThirdParty:1030 - CMSIS Pack Vendor :STMicroelectronics ThreadX 1.0.0
2026-02-12 15:09:59,515 [INFO] ThirdParty:1030 - CMSIS Pack Vendor :STMicroelectronics FP-SNS-SMARTAG2 1.2.0
2026-02-12 15:09:59,515 [INFO] ThirdParty:1030 - CMSIS Pack Vendor :STMicroelectronics FP-SNS-FLIGHT1 5.1.0
2026-02-12 15:09:59,515 [INFO] ThirdParty:1030 - CMSIS Pack Vendor :STMicroelectronics X-CUBE-AZRTOS-WL 2.0.0
2026-02-12 15:09:59,515 [INFO] ThirdParty:1030 - CMSIS Pack Vendor :SEGGER I-CUBE-embOS 1.3.1
2026-02-12 15:09:59,515 [INFO] ThirdParty:1030 - CMSIS Pack Vendor :STMicroelectronics X-CUBE-ALGOBUILD 1.4.0
2026-02-12 15:09:59,515 [INFO] ThirdParty:1030 - CMSIS Pack Vendor :STMicroelectronics X-CUBE-DPower 1.3.0
2026-02-12 15:09:59,515 [INFO] ThirdParty:1030 - CMSIS Pack Vendor :STMicroelectronics USB_DEVICE 1.0.0
2026-02-12 15:09:59,515 [INFO] ThirdParty:1030 - CMSIS Pack Vendor :STMicroelectronics X-CUBE-AZRTOS-H7RS 1.2.0
2026-02-12 15:09:59,515 [INFO] ThirdParty:1030 - CMSIS Pack Vendor :STMicroelectronics X-CUBE-AZRTOS-L4 2.0.0
2026-02-12 15:09:59,515 [INFO] ThirdParty:1030 - CMSIS Pack Vendor :STMicroelectronics ThreadX 0.0.2
2026-02-12 15:09:59,515 [INFO] ThirdParty:1030 - CMSIS Pack Vendor :STMicroelectronics lwIP 2.1.2
2026-02-12 15:09:59,515 [INFO] ThirdParty:1030 - CMSIS Pack Vendor :STMicroelectronics X-CUBE-SFXS2LP1 4.0.0
2026-02-12 15:09:59,515 [INFO] ThirdParty:1030 - CMSIS Pack Vendor :STMicroelectronics X-CUBE-BLE2 3.3.0
2026-02-12 15:09:59,515 [INFO] ThirdParty:1030 - CMSIS Pack Vendor :Avnet-IOTCONNECT X-CUBE-iotc-st67-sdk 1.0.0
2026-02-12 15:09:59,515 [INFO] ThirdParty:1030 - CMSIS Pack Vendor :STMicroelectronics X-CUBE-TOF1 3.4.3
2026-02-12 15:09:59,515 [INFO] ThirdParty:1030 - CMSIS Pack Vendor :Infineon AIROC-Wi-Fi-Bluetooth-STM32 1.8.0
2026-02-12 15:09:59,515 [INFO] ThirdParty:1030 - CMSIS Pack Vendor :STMicroelectronics PDM2PCM 3.2.0
2026-02-12 15:09:59,515 [INFO] ThirdParty:1030 - CMSIS Pack Vendor :STMicroelectronics X-CUBE-ST67W61 1.2.0
2026-02-12 15:09:59,515 [INFO] ThirdParty:841 - exiting critical section [change project]
2026-02-12 15:10:00,126 [INFO] PinOutPanel:1589 - setPackage(No Configuration,No Configuration)
2026-02-12 15:10:00,127 [INFO] PinOutPanel:1589 - setPackage(STM32L476RGTx,LQFP64)
2026-02-12 15:10:00,824 [INFO] UtilMem:75 - Before build in PCC Used Memory: 795309200 Bytes (1073741824)
2026-02-12 15:10:01,507 [INFO] UtilMem:75 - After build in PCC Used Memory: 877098128 Bytes (1073741824)
2026-02-12 15:10:01,567 [INFO] IPUIPlugin:80 - create IPUIPlugin
2026-02-12 15:10:01,567 [INFO] IPUIPlugin:80 - create IPUIPlugin
2026-02-12 15:10:01,567 [INFO] IPUIPlugin:80 - create IPUIPlugin
2026-02-12 15:10:01,567 [INFO] IPUIPlugin:80 - create IPUIPlugin
2026-02-12 15:10:01,568 [INFO] IPUIPlugin:80 - create IPUIPlugin
2026-02-12 15:10:01,568 [INFO] IPUIPlugin:80 - create IPUIPlugin
2026-02-12 15:10:01,568 [INFO] IPUIPlugin:80 - create IPUIPlugin
2026-02-12 15:10:01,568 [INFO] IPUIPlugin:80 - create IPUIPlugin
2026-02-12 15:10:01,569 [INFO] IPUIPlugin:80 - create IPUIPlugin
2026-02-12 15:10:01,569 [INFO] IPUIPlugin:80 - create IPUIPlugin
2026-02-12 15:10:01,569 [INFO] IPUIPlugin:80 - create IPUIPlugin
2026-02-12 15:10:01,569 [INFO] IPUIPlugin:80 - create IPUIPlugin
2026-02-12 15:10:01,570 [INFO] IPUIPlugin:80 - create IPUIPlugin
2026-02-12 15:10:01,570 [INFO] IPUIPlugin:80 - create IPUIPlugin
2026-02-12 15:10:01,570 [INFO] IPUIPlugin:80 - create IPUIPlugin
2026-02-12 15:10:01,570 [INFO] IPUIPlugin:80 - create IPUIPlugin
2026-02-12 15:10:01,571 [INFO] IPUIPlugin:80 - create IPUIPlugin
2026-02-12 15:10:01,571 [INFO] IPUIPlugin:80 - create IPUIPlugin
2026-02-12 15:10:01,572 [INFO] IPUIPlugin:80 - create IPUIPlugin
2026-02-12 15:10:01,572 [INFO] IPUIPlugin:80 - create IPUIPlugin
2026-02-12 15:10:01,573 [INFO] IPUIPlugin:80 - create IPUIPlugin
2026-02-12 15:10:01,573 [INFO] IPUIPlugin:80 - create IPUIPlugin
2026-02-12 15:10:01,573 [INFO] IPUIPlugin:80 - create IPUIPlugin
2026-02-12 15:10:01,573 [INFO] IPUIPlugin:80 - create IPUIPlugin
2026-02-12 15:10:01,574 [INFO] IPUIPlugin:80 - create IPUIPlugin
2026-02-12 15:10:01,574 [INFO] IPUIPlugin:80 - create IPUIPlugin
2026-02-12 15:10:01,574 [INFO] IPUIPlugin:80 - create IPUIPlugin
2026-02-12 15:10:01,575 [INFO] IPUIPlugin:80 - create IPUIPlugin
2026-02-12 15:10:01,575 [INFO] IPUIPlugin:80 - create IPUIPlugin
2026-02-12 15:10:01,575 [INFO] IPUIPlugin:80 - create IPUIPlugin
2026-02-12 15:10:01,575 [INFO] IPUIPlugin:80 - create IPUIPlugin
2026-02-12 15:10:01,576 [INFO] IPUIPlugin:80 - create IPUIPlugin
2026-02-12 15:10:01,576 [INFO] IPUIPlugin:80 - create IPUIPlugin
2026-02-12 15:10:01,576 [INFO] IPUIPlugin:80 - create IPUIPlugin
2026-02-12 15:10:01,577 [INFO] IPUIPlugin:80 - create IPUIPlugin
2026-02-12 15:10:01,577 [INFO] IPUIPlugin:80 - create IPUIPlugin
2026-02-12 15:10:01,577 [INFO] IPUIPlugin:80 - create IPUIPlugin
2026-02-12 15:10:01,578 [INFO] IPUIPlugin:80 - create IPUIPlugin
2026-02-12 15:10:01,578 [INFO] IPUIPlugin:80 - create IPUIPlugin
2026-02-12 15:10:01,578 [INFO] IPUIPlugin:80 - create IPUIPlugin
2026-02-12 15:10:01,579 [INFO] IPUIPlugin:80 - create IPUIPlugin
2026-02-12 15:10:01,579 [INFO] IPUIPlugin:80 - create IPUIPlugin
2026-02-12 15:10:01,579 [INFO] IPUIPlugin:80 - create IPUIPlugin
2026-02-12 15:10:01,580 [INFO] IPUIPlugin:80 - create IPUIPlugin
2026-02-12 15:10:01,580 [INFO] IPUIPlugin:80 - create IPUIPlugin
2026-02-12 15:10:01,581 [INFO] IPUIPlugin:80 - create IPUIPlugin
2026-02-12 15:10:01,582 [INFO] IPUIPlugin:80 - create IPUIPlugin
2026-02-12 15:10:01,584 [INFO] IPUIPlugin:80 - create IPUIPlugin
2026-02-12 15:10:01,585 [INFO] IPUIPlugin:80 - create IPUIPlugin
2026-02-12 15:10:01,585 [INFO] IPUIPlugin:80 - create IPUIPlugin
2026-02-12 15:10:01,586 [INFO] IPUIPlugin:80 - create IPUIPlugin
2026-02-12 15:10:01,586 [INFO] IPUIPlugin:80 - create IPUIPlugin
2026-02-12 15:10:01,587 [INFO] IPUIPlugin:80 - create IPUIPlugin
2026-02-12 15:10:01,587 [INFO] IPUIPlugin:80 - create IPUIPlugin
2026-02-12 15:10:01,588 [INFO] IPUIPlugin:80 - create IPUIPlugin
2026-02-12 15:10:01,588 [INFO] IPUIPlugin:80 - create IPUIPlugin
2026-02-12 15:10:01,589 [INFO] IPUIPlugin:80 - create IPUIPlugin
2026-02-12 15:10:01,589 [INFO] IPUIPlugin:80 - create IPUIPlugin
2026-02-12 15:10:01,590 [INFO] IPUIPlugin:80 - create IPUIPlugin
2026-02-12 15:10:01,688 [INFO] CADModel:165 - CPN selected for project levelSTM32L476RGT3
2026-02-12 15:10:01,688 [INFO] CADModel:114 - Register for checkConnection events
2026-02-12 15:10:01,761 [INFO] OpenFileManager:386 - Restore cursor
2026-02-12 15:10:11,481 [INFO] UtilMem:75 - End SaveConfig() Used Memory: 820705224 Bytes (1073741824)
2026-02-12 15:10:14,097 [INFO] UtilMem:75 - End SaveConfig() Used Memory: 686624176 Bytes (1073741824)
2026-02-12 15:10:17,257 [INFO] UtilMem:75 - End SaveConfig() Used Memory: 799826192 Bytes (1073741824)
2026-02-12 15:10:17,893 [INFO] BlockDiagram:2775 - set Specific Code input for plugin: SYS
2026-02-12 15:10:17,893 [INFO] BlockDiagram:2775 - set Specific Code input for plugin: ADC
2026-02-12 15:10:17,893 [INFO] BlockDiagram:2775 - set Specific Code input for plugin: RCC
2026-02-12 15:10:17,893 [INFO] BlockDiagram:2775 - set Specific Code input for plugin: NVIC
2026-02-12 15:10:17,893 [INFO] BlockDiagram:2775 - set Specific Code input for plugin: USART
2026-02-12 15:10:17,893 [INFO] BlockDiagram:2775 - set Specific Code input for plugin: DMA
2026-02-12 15:10:17,894 [INFO] BlockDiagram:2775 - set Specific Code input for plugin: GPIO
2026-02-12 15:10:17,894 [INFO] CodeGenerator:892 - code generatio: config db path: D:\STM32CubeIDE_1.19.0\STM32CubeIDE\plugins\com.st.stm32cube.common.mx_6.15.0.202507011659\\db\
2026-02-12 15:10:17,908 [INFO] Argument:325 - Argument : hdmavalue: null
2026-02-12 15:10:17,908 [INFO] Argument:327 - 	 sub Args: 
2026-02-12 15:10:17,908 [INFO] Argument:325 - Argument : Instancevalue: DMA1_Channel1
2026-02-12 15:10:17,908 [INFO] Argument:335 - Argument : Instancevalue: DMA1_Channel1
2026-02-12 15:10:17,909 [INFO] Argument:325 - Argument : Initvalue: null
2026-02-12 15:10:17,909 [INFO] Argument:327 - 	 sub Args: 
2026-02-12 15:10:17,909 [INFO] Argument:325 - Argument : Requestvalue: DMA_REQUEST_0
2026-02-12 15:10:17,909 [INFO] Argument:335 - Argument : Requestvalue: DMA_REQUEST_0
2026-02-12 15:10:17,909 [INFO] Argument:325 - Argument : Directionvalue: DMA_PERIPH_TO_MEMORY
2026-02-12 15:10:17,909 [INFO] Argument:335 - Argument : Directionvalue: DMA_PERIPH_TO_MEMORY
2026-02-12 15:10:17,909 [INFO] Argument:325 - Argument : PeriphIncvalue: DMA_PINC_DISABLE
2026-02-12 15:10:17,909 [INFO] Argument:335 - Argument : PeriphIncvalue: DMA_PINC_DISABLE
2026-02-12 15:10:17,910 [INFO] Argument:325 - Argument : MemIncvalue: DMA_MINC_ENABLE
2026-02-12 15:10:17,910 [INFO] Argument:335 - Argument : MemIncvalue: DMA_MINC_ENABLE
2026-02-12 15:10:17,910 [INFO] Argument:325 - Argument : PeriphDataAlignmentvalue: DMA_PDATAALIGN_HALFWORD
2026-02-12 15:10:17,910 [INFO] Argument:335 - Argument : PeriphDataAlignmentvalue: DMA_PDATAALIGN_HALFWORD
2026-02-12 15:10:17,910 [INFO] Argument:325 - Argument : MemDataAlignmentvalue: DMA_MDATAALIGN_HALFWORD
2026-02-12 15:10:17,910 [INFO] Argument:335 - Argument : MemDataAlignmentvalue: DMA_MDATAALIGN_HALFWORD
2026-02-12 15:10:17,910 [INFO] Argument:325 - Argument : Modevalue: DMA_NORMAL
2026-02-12 15:10:17,910 [INFO] Argument:335 - Argument : Modevalue: DMA_NORMAL
2026-02-12 15:10:17,910 [INFO] Argument:325 - Argument : Priorityvalue: DMA_PRIORITY_LOW
2026-02-12 15:10:17,910 [INFO] Argument:335 - Argument : Priorityvalue: DMA_PRIORITY_LOW
2026-02-12 15:10:17,911 [INFO] Argument:325 - Argument : Lockvalue: null
2026-02-12 15:10:17,911 [INFO] Argument:335 - Argument : Lockvalue: null
2026-02-12 15:10:17,911 [INFO] Argument:325 - Argument : Statevalue: null
2026-02-12 15:10:17,911 [INFO] Argument:335 - Argument : Statevalue: null
2026-02-12 15:10:17,911 [INFO] Argument:325 - Argument : Parentvalue: null
2026-02-12 15:10:17,911 [INFO] Argument:335 - Argument : Parentvalue: null
2026-02-12 15:10:17,911 [INFO] Argument:325 - Argument : XferCpltCallbackvalue: null
2026-02-12 15:10:17,911 [INFO] Argument:335 - Argument : XferCpltCallbackvalue: null
2026-02-12 15:10:17,911 [INFO] Argument:325 - Argument : XferHalfCpltCallbackvalue: null
2026-02-12 15:10:17,911 [INFO] Argument:335 - Argument : XferHalfCpltCallbackvalue: null
2026-02-12 15:10:17,911 [INFO] Argument:325 - Argument : XferErrorCallbackvalue: null
2026-02-12 15:10:17,911 [INFO] Argument:335 - Argument : XferErrorCallbackvalue: null
2026-02-12 15:10:17,911 [INFO] Argument:325 - Argument : XferAbortCallbackvalue: null
2026-02-12 15:10:17,912 [INFO] Argument:335 - Argument : XferAbortCallbackvalue: null
2026-02-12 15:10:17,912 [INFO] Argument:325 - Argument : ErrorCodevalue: null
2026-02-12 15:10:17,912 [INFO] Argument:335 - Argument : ErrorCodevalue: null
2026-02-12 15:10:17,912 [INFO] Argument:325 - Argument : DmaBaseAddressvalue: null
2026-02-12 15:10:17,912 [INFO] Argument:335 - Argument : DmaBaseAddressvalue: null
2026-02-12 15:10:17,912 [INFO] Argument:325 - Argument : ChannelIndexvalue: null
2026-02-12 15:10:17,912 [INFO] Argument:335 - Argument : ChannelIndexvalue: null
2026-02-12 15:10:17,913 [INFO] Argument:325 - Argument : hdmavalue: null
2026-02-12 15:10:17,913 [INFO] Argument:327 - 	 sub Args: 
2026-02-12 15:10:17,913 [INFO] Argument:325 - Argument : Instancevalue: DMA1_Channel1
2026-02-12 15:10:17,913 [INFO] Argument:335 - Argument : Instancevalue: DMA1_Channel1
2026-02-12 15:10:17,913 [INFO] Argument:325 - Argument : Initvalue: null
2026-02-12 15:10:17,913 [INFO] Argument:327 - 	 sub Args: 
2026-02-12 15:10:17,914 [INFO] Argument:325 - Argument : Requestvalue: DMA_REQUEST_0
2026-02-12 15:10:17,914 [INFO] Argument:335 - Argument : Requestvalue: DMA_REQUEST_0
2026-02-12 15:10:17,914 [INFO] Argument:325 - Argument : Directionvalue: DMA_PERIPH_TO_MEMORY
2026-02-12 15:10:17,914 [INFO] Argument:335 - Argument : Directionvalue: DMA_PERIPH_TO_MEMORY
2026-02-12 15:10:17,914 [INFO] Argument:325 - Argument : PeriphIncvalue: DMA_PINC_DISABLE
2026-02-12 15:10:17,915 [INFO] Argument:335 - Argument : PeriphIncvalue: DMA_PINC_DISABLE
2026-02-12 15:10:17,915 [INFO] Argument:325 - Argument : MemIncvalue: DMA_MINC_ENABLE
2026-02-12 15:10:17,915 [INFO] Argument:335 - Argument : MemIncvalue: DMA_MINC_ENABLE
2026-02-12 15:10:17,915 [INFO] Argument:325 - Argument : PeriphDataAlignmentvalue: DMA_PDATAALIGN_HALFWORD
2026-02-12 15:10:17,915 [INFO] Argument:335 - Argument : PeriphDataAlignmentvalue: DMA_PDATAALIGN_HALFWORD
2026-02-12 15:10:17,915 [INFO] Argument:325 - Argument : MemDataAlignmentvalue: DMA_MDATAALIGN_HALFWORD
2026-02-12 15:10:17,915 [INFO] Argument:335 - Argument : MemDataAlignmentvalue: DMA_MDATAALIGN_HALFWORD
2026-02-12 15:10:17,915 [INFO] Argument:325 - Argument : Modevalue: DMA_NORMAL
2026-02-12 15:10:17,916 [INFO] Argument:335 - Argument : Modevalue: DMA_NORMAL
2026-02-12 15:10:17,916 [INFO] Argument:325 - Argument : Priorityvalue: DMA_PRIORITY_LOW
2026-02-12 15:10:17,916 [INFO] Argument:335 - Argument : Priorityvalue: DMA_PRIORITY_LOW
2026-02-12 15:10:17,916 [INFO] Argument:325 - Argument : Lockvalue: null
2026-02-12 15:10:17,916 [INFO] Argument:335 - Argument : Lockvalue: null
2026-02-12 15:10:17,916 [INFO] Argument:325 - Argument : Statevalue: null
2026-02-12 15:10:17,917 [INFO] Argument:335 - Argument : Statevalue: null
2026-02-12 15:10:17,917 [INFO] Argument:325 - Argument : Parentvalue: null
2026-02-12 15:10:17,917 [INFO] Argument:335 - Argument : Parentvalue: null
2026-02-12 15:10:17,917 [INFO] Argument:325 - Argument : XferCpltCallbackvalue: null
2026-02-12 15:10:17,917 [INFO] Argument:335 - Argument : XferCpltCallbackvalue: null
2026-02-12 15:10:17,917 [INFO] Argument:325 - Argument : XferHalfCpltCallbackvalue: null
2026-02-12 15:10:17,917 [INFO] Argument:335 - Argument : XferHalfCpltCallbackvalue: null
2026-02-12 15:10:17,918 [INFO] Argument:325 - Argument : XferErrorCallbackvalue: null
2026-02-12 15:10:17,918 [INFO] Argument:335 - Argument : XferErrorCallbackvalue: null
2026-02-12 15:10:17,918 [INFO] Argument:325 - Argument : XferAbortCallbackvalue: null
2026-02-12 15:10:17,918 [INFO] Argument:335 - Argument : XferAbortCallbackvalue: null
2026-02-12 15:10:17,918 [INFO] Argument:325 - Argument : ErrorCodevalue: null
2026-02-12 15:10:17,918 [INFO] Argument:335 - Argument : ErrorCodevalue: null
2026-02-12 15:10:17,918 [INFO] Argument:325 - Argument : DmaBaseAddressvalue: null
2026-02-12 15:10:17,918 [INFO] Argument:335 - Argument : DmaBaseAddressvalue: null
2026-02-12 15:10:17,919 [INFO] Argument:325 - Argument : ChannelIndexvalue: null
2026-02-12 15:10:17,919 [INFO] Argument:335 - Argument : ChannelIndexvalue: null
2026-02-12 15:10:17,919 [INFO] Argument:325 - Argument : pSyncConfigvalue: null
2026-02-12 15:10:17,919 [INFO] Argument:327 - 	 sub Args: 
2026-02-12 15:10:17,919 [INFO] Argument:325 - Argument : SyncSignalIDvalue: null
2026-02-12 15:10:17,920 [INFO] Argument:335 - Argument : SyncSignalIDvalue: null
2026-02-12 15:10:17,920 [INFO] Argument:325 - Argument : SyncPolarityvalue: null
2026-02-12 15:10:17,920 [INFO] Argument:335 - Argument : SyncPolarityvalue: null
2026-02-12 15:10:17,920 [INFO] Argument:325 - Argument : SyncEnablevalue: null
2026-02-12 15:10:17,920 [INFO] Argument:335 - Argument : SyncEnablevalue: null
2026-02-12 15:10:17,920 [INFO] Argument:325 - Argument : EventEnablevalue: null
2026-02-12 15:10:17,920 [INFO] Argument:335 - Argument : EventEnablevalue: null
2026-02-12 15:10:17,920 [INFO] Argument:325 - Argument : RequestNumbervalue: null
2026-02-12 15:10:17,920 [INFO] Argument:335 - Argument : RequestNumbervalue: null
2026-02-12 15:10:18,088 [INFO] CodeEngine:265 - oldGeneratedFile, D:\DMA_ADC_Multiple\MXTmpFiles\license.tmp_save
2026-02-12 15:10:18,570 [INFO] CodeEngine:289 - Generated code: D:\DMA_ADC_Multiple\MXTmpFiles\license.tmp
2026-02-12 15:10:18,706 [INFO] CodeEngine:265 - oldGeneratedFile, D:\DMA_ADC_Multiple\MXTmpFiles\gpio.tmp_save
2026-02-12 15:10:18,969 [INFO] CodeEngine:289 - Generated code: D:\DMA_ADC_Multiple\MXTmpFiles\gpio.tmp
2026-02-12 15:10:19,506 [INFO] CodeEngine:265 - oldGeneratedFile, D:\DMA_ADC_Multiple\MXTmpFiles\dma.tmp_save
2026-02-12 15:10:19,701 [INFO] CodeEngine:289 - Generated code: D:\DMA_ADC_Multiple\MXTmpFiles\dma.tmp
2026-02-12 15:10:19,708 [INFO] CodeEngine:265 - oldGeneratedFile, D:\DMA_ADC_Multiple\MXTmpFiles\dma_GV.tmp_save
2026-02-12 15:10:19,835 [INFO] CodeEngine:289 - Generated code: D:\DMA_ADC_Multiple\MXTmpFiles\dma_GV.tmp
2026-02-12 15:10:19,857 [INFO] CodeEngine:265 - oldGeneratedFile, D:\DMA_ADC_Multiple\Core\Src\stm32l4xx_it.c_save
2026-02-12 15:10:20,297 [INFO] CodeEngine:289 - Generated code: D:\DMA_ADC_Multiple\Core\Src\stm32l4xx_it.c
2026-02-12 15:10:20,308 [INFO] CodeEngine:265 - oldGeneratedFile, D:\DMA_ADC_Multiple\Core\Inc\stm32l4xx_it.h_save
2026-02-12 15:10:20,398 [INFO] CodeEngine:289 - Generated code: D:\DMA_ADC_Multiple\Core\Inc\stm32l4xx_it.h
2026-02-12 15:10:20,419 [INFO] CodeEngine:265 - oldGeneratedFile, D:\DMA_ADC_Multiple\Core\Src\stm32l4xx_hal_msp.c_save
2026-02-12 15:10:20,701 [INFO] CodeEngine:289 - Generated code: D:\DMA_ADC_Multiple\Core\Src\stm32l4xx_hal_msp.c
2026-02-12 15:10:20,711 [INFO] CodeEngine:265 - oldGeneratedFile, D:\DMA_ADC_Multiple\MXTmpFiles\system.tmp_save
2026-02-12 15:10:20,793 [INFO] CodeEngine:289 - Generated code: D:\DMA_ADC_Multiple\MXTmpFiles\system.tmp
2026-02-12 15:10:20,811 [INFO] CodeEngine:321 - oldGeneratedFile, D:\DMA_ADC_Multiple\Core\Inc\stm32l4xx_hal_conf.h_save
2026-02-12 15:10:21,058 [INFO] CodeEngine:345 - Generated code: D:\DMA_ADC_Multiple\Core\Inc\stm32l4xx_hal_conf.h
2026-02-12 15:10:21,118 [INFO] ApiDbMcu:532 - Load IP Config File for ADC1
2026-02-12 15:10:21,137 [INFO] ApiDbMcu:532 - Load IP Config File for USART2
2026-02-12 15:10:21,142 [INFO] ApiDbMcu:532 - Load IP Config File for RCC
2026-02-12 15:10:21,161 [INFO] CodeEngine:265 - oldGeneratedFile, D:\DMA_ADC_Multiple\Core\Inc\main.h_save
2026-02-12 15:10:21,426 [INFO] CodeEngine:289 - Generated code: D:\DMA_ADC_Multiple\Core\Inc\main.h
2026-02-12 15:10:21,440 [INFO] CodeEngine:265 - oldGeneratedFile, D:\DMA_ADC_Multiple\Core\Src\main.c_save
2026-02-12 15:10:21,660 [INFO] CodeEngine:289 - Generated code: D:\DMA_ADC_Multiple\Core\Src\main.c
2026-02-12 15:10:22,433 [INFO] ProjectBuilder:3606 - Time for Copy HAL[1] : 431mS.
2026-02-12 15:10:22,437 [INFO] ProjectBuilder:5216 - Project Generator version: 4.7.0-B52
2026-02-12 15:10:22,590 [INFO] ConfigFileManager:1595 - The Die is : DIE415
2026-02-12 15:10:22,600 [INFO] ApiDbMcu:532 - Load IP Config File for FATFS
2026-02-12 15:10:22,629 [INFO] ApiDbMcu:532 - Load IP Config File for FREERTOS
2026-02-12 15:10:22,659 [INFO] ApiDbMcu:532 - Load IP Config File for TOUCHSENSING
2026-02-12 15:10:22,674 [INFO] ApiDbMcu:532 - Load IP Config File for USB_DEVICE
2026-02-12 15:10:22,683 [INFO] ApiDbMcu:532 - Load IP Config File for USB_HOST
2026-02-12 15:10:24,760 [INFO] ProjectBuilder:5496 - Time for Generating toolchain IDE Files: 2323mS.
2026-02-12 15:10:24,764 [INFO] ProjectBuilder:3463 - Time for Copy CMSIS : 1mS.
2026-02-12 15:10:24,768 [INFO] ProjectBuilder:3463 - Time for Copy CMSIS : 0mS.
2026-02-12 15:49:39,301 [INFO] WebApp:194 - Connection lost
2026-02-12 15:49:40,478 [INFO] WebApp:191 - Connection restablished
2026-02-12 16:23:56,000 [INFO] MainUpdater:2872 - connection check result : 10
2026-02-12 16:23:59,176 [INFO] McuFinderGlobals:76 - Set McuFinderConnectedMode to true
2026-02-12 16:23:59,184 [INFO] MultiScanPanel:200 - Auto-refresh data requested => check proxy status ongoing
2026-02-12 16:23:59,187 [INFO] FinderPluginLoader:96 - Searching for filters in installed packs
2026-02-12 16:24:02,548 [INFO] LoadUrlFilesThread:185 - End of LoadServerUrlFiles without Thread
2026-02-12 16:24:02,550 [INFO] DetailPanel:341 - Set advertising image to C:/Users/Hemanth Madu/STM32Cube/Repository/\en.prom-stm32c0-entry-level-graphic-0226.png
2026-02-12 16:25:58,129 [INFO] McuFinderGlobals:76 - Set McuFinderConnectedMode to true
2026-02-12 16:25:58,544 [INFO] ApiDb:448 - Save user favorites file C:\Users\Hemanth Madu/.stm32cubeide/favorites.mcus.txt: 0 item(s)
2026-02-12 16:25:58,545 [INFO] ApiDb:452 - User favorites MCUs=[]
2026-02-12 16:26:05,011 [INFO] MainUpdater:2872 - connection check result : 10
2026-02-12 16:26:07,987 [INFO] McuFinderGlobals:76 - Set McuFinderConnectedMode to true
2026-02-12 16:26:07,989 [INFO] MultiScanPanel:200 - Auto-refresh data requested => check proxy status ongoing
2026-02-12 16:26:07,989 [INFO] FinderPluginLoader:96 - Searching for filters in installed packs
2026-02-12 16:26:09,444 [INFO] LoadUrlFilesThread:185 - End of LoadServerUrlFiles without Thread
2026-02-12 16:26:09,444 [INFO] DetailPanel:341 - Set advertising image to C:/Users/Hemanth Madu/STM32Cube/Repository/\en.prom-stm32c0-entry-level-graphic-0226.png
2026-02-12 16:26:10,158 [INFO] MultiScanPanel:728 - adjusting invalid saved split location: -0.11
2026-02-12 16:26:10,358 [INFO] MultiScanPanel:728 - adjusting invalid saved split location: -0.11
2026-02-12 16:26:40,140 [INFO] McuFinderGlobals:76 - Set McuFinderConnectedMode to true
2026-02-12 16:26:40,364 [INFO] ApiDb:448 - Save user favorites file C:\Users\Hemanth Madu/.stm32cubeide/favorites.mcus.txt: 0 item(s)
2026-02-12 16:26:40,365 [INFO] ApiDb:452 - User favorites MCUs=[]
2026-02-12 16:27:07,511 [ERROR] LogOutputStream:75 - [STDERR_REDIRECT] 
2026-02-12 16:27:21,055 [INFO] Activator:176 - 


2026-02-12 16:27:21,065 [INFO] Activator:177 - !SESSION log4j initialized
2026-02-12 16:27:30,124 [INFO] LogOutputStream:77 - [STDOUT_REDIRECT] 
2026-02-12 16:27:31,863 [INFO] ApplicationProperties:184 - Using Application install path: D:\STM32CubeIDE_1.19.0\STM32CubeIDE\plugins\com.st.stm32cube.common.mx_6.15.0.202507011659
2026-02-12 16:27:31,900 [INFO] DbMcusXml:78 - Set database path to: D:\STM32CubeIDE_1.19.0\STM32CubeIDE\plugins\com.st.stm32cube.common.mx_6.15.0.202507011659\\db\/mcu/
2026-02-12 16:27:31,901 [INFO] ApiDb:274 - Set plugin database path to: D:\STM32CubeIDE_1.19.0\STM32CubeIDE\plugins\com.st.stm32cube.common.mx_6.15.0.202507011659\\db\/plugins/boardmanager/
2026-02-12 16:27:31,901 [WARN] ApiDb:259 - Overriding images path with different value:  => D:\STM32CubeIDE_1.19.0\STM32CubeIDE\plugins\com.st.stm32cube.common.mx_6.15.0.202507011659\\db\/plugins/mcufinder/images/
2026-02-12 16:27:31,917 [INFO] ApiDb:250 - Set database path to: C:\Users\Hemanth Madu\.stmcufinder\plugins\mcufinder//mcu/
2026-02-12 16:27:31,918 [INFO] DbMcusAds:125 - Set database path to: C:\Users\Hemanth Madu\.stmcufinder\plugins\mcufinder//mcu/
2026-02-12 16:27:31,920 [INFO] CrossReferenceDbSqlite:203 - Set database path to: C:\Users\Hemanth Madu\.stmcufinder\plugins\mcufinder//mcu/cs/
2026-02-12 16:27:32,111 [INFO] RulesReader:64 - Compatibility file has been processed (317 Rules)
2026-02-12 16:27:32,422 [INFO] DbMcusXml:78 - Set database path to: D:\STM32CubeIDE_1.19.0\STM32CubeIDE\plugins\com.st.stm32cube.common.mx_6.15.0.202507011659\\db\/mcu/
2026-02-12 16:27:32,422 [INFO] ApiDb:274 - Set plugin database path to: D:\STM32CubeIDE_1.19.0\STM32CubeIDE\plugins\com.st.stm32cube.common.mx_6.15.0.202507011659\\db\/plugins/boardmanager/
2026-02-12 16:27:32,422 [INFO] ApiDb:261 - Set plugin images path to: D:\STM32CubeIDE_1.19.0\STM32CubeIDE\plugins\com.st.stm32cube.common.mx_6.15.0.202507011659\\db\/plugins/mcufinder/images/
2026-02-12 16:27:32,423 [WARN] DbFile:41 - Overriding database path with different value: C:\Users\Hemanth Madu\.stmcufinder\plugins\mcufinder/ => C:\Users\Hemanth Madu\.stmcufinder\plugins\mcufinder
2026-02-12 16:27:32,423 [INFO] ApiDb:250 - Set database path to: C:\Users\Hemanth Madu\.stmcufinder\plugins\mcufinder//mcu/
2026-02-12 16:27:32,423 [WARN] DbFile:41 - Overriding database path with different value: C:\Users\Hemanth Madu\.stmcufinder\plugins\mcufinder/ => C:\Users\Hemanth Madu\.stmcufinder\plugins\mcufinder
2026-02-12 16:27:32,423 [INFO] DbMcusAds:125 - Set database path to: C:\Users\Hemanth Madu\.stmcufinder\plugins\mcufinder//mcu/
2026-02-12 16:27:32,423 [WARN] DbFile:41 - Overriding database path with different value: C:\Users\Hemanth Madu\.stmcufinder\plugins\mcufinder/ => C:\Users\Hemanth Madu\.stmcufinder\plugins\mcufinder
2026-02-12 16:27:32,423 [WARN] DbFile:41 - Overriding database path with different value: C:\Users\Hemanth Madu\.stmcufinder\plugins\mcufinder/ => C:\Users\Hemanth Madu\.stmcufinder\plugins\mcufinder
2026-02-12 16:27:32,423 [INFO] CrossReferenceDbSqlite:203 - Set database path to: C:\Users\Hemanth Madu\.stmcufinder\plugins\mcufinder//mcu/cs/
2026-02-12 16:27:32,662 [INFO] MainPanel:274 - HeapMemory: 268435456
2026-02-12 16:27:33,058 [INFO] DbMcusXml:78 - Set database path to: D:\STM32CubeIDE_1.19.0\STM32CubeIDE\plugins\com.st.stm32cube.common.mx_6.15.0.202507011659\\db\/mcu/
2026-02-12 16:27:33,058 [INFO] ApiDb:274 - Set plugin database path to: D:\STM32CubeIDE_1.19.0\STM32CubeIDE\plugins\com.st.stm32cube.common.mx_6.15.0.202507011659\\db\/plugins/boardmanager/
2026-02-12 16:27:33,059 [INFO] ApiDb:261 - Set plugin images path to: D:\STM32CubeIDE_1.19.0\STM32CubeIDE\plugins\com.st.stm32cube.common.mx_6.15.0.202507011659\\db\/plugins/mcufinder/images/
2026-02-12 16:27:33,059 [WARN] DbFile:41 - Overriding database path with different value: C:\Users\Hemanth Madu\.stmcufinder\plugins\mcufinder/ => C:\Users\Hemanth Madu\.stmcufinder\plugins\mcufinder
2026-02-12 16:27:33,059 [INFO] ApiDb:250 - Set database path to: C:\Users\Hemanth Madu\.stmcufinder\plugins\mcufinder//mcu/
2026-02-12 16:27:33,059 [WARN] DbFile:41 - Overriding database path with different value: C:\Users\Hemanth Madu\.stmcufinder\plugins\mcufinder/ => C:\Users\Hemanth Madu\.stmcufinder\plugins\mcufinder
2026-02-12 16:27:33,059 [INFO] DbMcusAds:125 - Set database path to: C:\Users\Hemanth Madu\.stmcufinder\plugins\mcufinder//mcu/
2026-02-12 16:27:33,059 [WARN] DbFile:41 - Overriding database path with different value: C:\Users\Hemanth Madu\.stmcufinder\plugins\mcufinder/ => C:\Users\Hemanth Madu\.stmcufinder\plugins\mcufinder
2026-02-12 16:27:33,059 [WARN] DbFile:41 - Overriding database path with different value: C:\Users\Hemanth Madu\.stmcufinder\plugins\mcufinder/ => C:\Users\Hemanth Madu\.stmcufinder\plugins\mcufinder
2026-02-12 16:27:33,060 [INFO] CrossReferenceDbSqlite:203 - Set database path to: C:\Users\Hemanth Madu\.stmcufinder\plugins\mcufinder//mcu/cs/
2026-02-12 16:27:33,098 [INFO] ApplicationProperties:184 - Using Application install path: D:\STM32CubeIDE_1.19.0\STM32CubeIDE\plugins\com.st.stm32cube.common.mx_6.15.0.202507011659
2026-02-12 16:27:33,102 [INFO] PluginManage:196 - Search for loadable plugins [exclusion list=, ]
2026-02-12 16:27:33,103 [INFO] PluginManage:310 - Check plugin analytics
2026-02-12 16:27:33,414 [INFO] AnalyticsPlugin:253 - Accepted Software Licenses: 
2026-02-12 16:27:33,414 [INFO] AnalyticsPlugin:255 - Accepted CMSIS Pack Licenses: 
2026-02-12 16:27:33,414 [INFO] AnalyticsPlugin:257 - Accepted Firmware Licenses: FW.L4.1.18.0
2026-02-12 16:27:33,417 [INFO] PluginManage:359 - Loaded plugin analytics (category:tool,tabindex:-1)
2026-02-12 16:27:33,418 [INFO] PluginManage:310 - Check plugin cadmodel
2026-02-12 16:27:33,430 [INFO] CADModel:105 - Init CAD model plugin
2026-02-12 16:27:33,430 [INFO] PluginManage:359 - Loaded plugin cadmodel (category:power,tabindex:5)
2026-02-12 16:27:33,431 [INFO] PluginManage:310 - Check plugin clock
2026-02-12 16:27:33,444 [INFO] PluginManage:359 - Loaded plugin clock (category:base,tabindex:2)
2026-02-12 16:27:33,444 [INFO] PluginManage:310 - Check plugin ddr
2026-02-12 16:27:33,452 [INFO] PluginManage:359 - Loaded plugin ddr (category:tool,tabindex:6)
2026-02-12 16:27:33,452 [INFO] PluginManage:310 - Check plugin filemanager
2026-02-12 16:27:33,732 [INFO] PluginManage:359 - Loaded plugin filemanager (category:base,tabindex:10)
2026-02-12 16:27:33,732 [INFO] PluginManage:310 - Check plugin ipmanager
2026-02-12 16:27:33,740 [INFO] PluginManage:359 - Loaded plugin ipmanager (category:base,tabindex:5)
2026-02-12 16:27:33,740 [INFO] PluginManage:310 - Check plugin lpbam
2026-02-12 16:27:33,750 [INFO] PluginManage:359 - Loaded plugin lpbam (category:base,tabindex:0)
2026-02-12 16:27:33,750 [INFO] PluginManage:310 - Check plugin memorymap
2026-02-12 16:27:33,798 [INFO] PluginManage:359 - Loaded plugin memorymap (category:base,tabindex:4)
2026-02-12 16:27:33,798 [INFO] PluginManage:310 - Check plugin pinoutandconfiguration
2026-02-12 16:27:33,808 [INFO] PluginManage:359 - Loaded plugin pinoutandconfiguration (category:base,tabindex:1)
2026-02-12 16:27:33,809 [INFO] PluginManage:310 - Check plugin pinoutconfig
2026-02-12 16:27:34,002 [WARN] SupportedApi:132 - Cannot load RTOS API schema: s4s-elt-must-match.1: The content of 'definitions' must match (annotation?, (simpleType | complexType)?, (unique | key | keyref)*)). A problem was found starting at: attribute.
2026-02-12 16:27:34,433 [INFO] PluginManage:359 - Loaded plugin pinoutconfig (category:base,tabindex:0)
2026-02-12 16:27:34,434 [INFO] PluginManage:310 - Check plugin power
2026-02-12 16:27:34,453 [INFO] PluginManage:359 - Loaded plugin power (category:power,tabindex:4)
2026-02-12 16:27:34,454 [INFO] PluginManage:310 - Check plugin projectmanager
2026-02-12 16:27:34,472 [INFO] PluginManage:359 - Loaded plugin projectmanager (category:projectmanager,tabindex:4)
2026-02-12 16:27:34,472 [INFO] PluginManage:310 - Check plugin rif
2026-02-12 16:27:34,486 [INFO] PluginManage:359 - Loaded plugin rif (category:base,tabindex:3)
2026-02-12 16:27:34,487 [INFO] PluginManage:310 - Check plugin thirdparty
2026-02-12 16:27:34,782 [INFO] PluginManage:359 - Loaded plugin thirdparty (category:base,tabindex:-1)
2026-02-12 16:27:34,783 [INFO] PluginManage:310 - Check plugin tools
2026-02-12 16:27:34,782 [WARN] IntegrityCheckThread:84 - waiting for thirdparty lock release [integrity check]
2026-02-12 16:27:34,783 [INFO] IntegrityCheckThread:86 - entering critical section [integrity check]
2026-02-12 16:27:34,783 [INFO] ThirdPartyUpdaterWithRetryManager:70 - Updater plugin not ready yet. [1/15]
2026-02-12 16:27:34,785 [INFO] PluginManage:359 - Loaded plugin tools (category:base,tabindex:7)
2026-02-12 16:27:34,785 [INFO] PluginManage:310 - Check plugin tutovideos
2026-02-12 16:27:35,392 [INFO] PluginManage:359 - Loaded plugin tutovideos (category:base,tabindex:-1)
2026-02-12 16:27:35,392 [INFO] PluginManage:310 - Check plugin updater
2026-02-12 16:27:35,413 [INFO] PluginManage:359 - Loaded plugin updater (category:base,tabindex:12)
2026-02-12 16:27:35,413 [INFO] PluginManage:310 - Check plugin userauth
2026-02-12 16:27:35,422 [INFO] UserAuth:118 - Init User Auth plugin
2026-02-12 16:27:35,423 [INFO] PluginManage:359 - Loaded plugin userauth (category:base,tabindex:14)
2026-02-12 16:27:35,423 [INFO] PluginManage:283 - PluginManage : Loaded plugins [18]
2026-02-12 16:27:35,915 [INFO] PinOutPanel:1589 - setPackage(No Configuration,No Configuration)
2026-02-12 16:27:36,079 [INFO] CADModel:165 - CPN selected for project level
2026-02-12 16:27:36,080 [INFO] CADModel:114 - Register for checkConnection events
2026-02-12 16:27:36,080 [INFO] McuFinderGlobals:63 - Set McuFinder mode to 2 (CubeIDE integrated)
2026-02-12 16:27:36,102 [INFO] IPUIPlugin:80 - create IPUIPlugin
2026-02-12 16:27:36,102 [INFO] PluginManager:220 - loadIPPluginJar : add adc
2026-02-12 16:27:36,105 [INFO] IPUIPlugin:80 - create IPUIPlugin
2026-02-12 16:27:36,105 [INFO] PluginManager:220 - loadIPPluginJar : add aes
2026-02-12 16:27:36,107 [INFO] IPUIPlugin:80 - create IPUIPlugin
2026-02-12 16:27:36,108 [INFO] PluginManager:220 - loadIPPluginJar : add can
2026-02-12 16:27:36,109 [INFO] IPUIPlugin:80 - create IPUIPlugin
2026-02-12 16:27:36,109 [INFO] PluginManager:220 - loadIPPluginJar : add comp
2026-02-12 16:27:36,112 [INFO] IPUIPlugin:80 - create IPUIPlugin
2026-02-12 16:27:36,113 [INFO] PluginManager:220 - loadIPPluginJar : add cryp
2026-02-12 16:27:36,121 [INFO] IPUIPlugin:80 - create IPUIPlugin
2026-02-12 16:27:36,121 [INFO] PluginManager:220 - loadIPPluginJar : add ddr_ctrl_phy
2026-02-12 16:27:36,125 [INFO] IPUIPlugin:80 - create IPUIPlugin
2026-02-12 16:27:36,125 [INFO] PluginManager:220 - loadIPPluginJar : add dfsdm
2026-02-12 16:27:36,131 [INFO] IPUIPlugin:80 - create IPUIPlugin
2026-02-12 16:27:36,132 [INFO] PluginManager:220 - loadIPPluginJar : add dma
2026-02-12 16:27:36,134 [INFO] IPUIPlugin:80 - create IPUIPlugin
2026-02-12 16:27:36,134 [INFO] PluginManager:220 - loadIPPluginJar : add dma3
2026-02-12 16:27:36,137 [INFO] IPUIPlugin:80 - create IPUIPlugin
2026-02-12 16:27:36,137 [INFO] PluginManager:220 - loadIPPluginJar : add extmemmanager
2026-02-12 16:27:36,138 [INFO] IPUIPlugin:80 - create IPUIPlugin
2026-02-12 16:27:36,139 [INFO] PluginManager:220 - loadIPPluginJar : add fatfs
2026-02-12 16:27:36,142 [INFO] IPUIPlugin:80 - create IPUIPlugin
2026-02-12 16:27:36,142 [INFO] PluginManager:220 - loadIPPluginJar : add fmc
2026-02-12 16:27:36,147 [INFO] IPUIPlugin:80 - create IPUIPlugin
2026-02-12 16:27:36,147 [INFO] PluginManager:220 - loadIPPluginJar : add freertos
2026-02-12 16:27:36,149 [INFO] IPUIPlugin:80 - create IPUIPlugin
2026-02-12 16:27:36,149 [INFO] PluginManager:220 - loadIPPluginJar : add genericplugin
2026-02-12 16:27:36,150 [INFO] IPUIPlugin:80 - create IPUIPlugin
2026-02-12 16:27:36,150 [INFO] PluginManager:220 - loadIPPluginJar : add gfxmmu
2026-02-12 16:27:36,154 [INFO] IPUIPlugin:80 - create IPUIPlugin
2026-02-12 16:27:36,155 [INFO] PluginManager:220 - loadIPPluginJar : add gic
2026-02-12 16:27:36,158 [INFO] IPUIPlugin:80 - create IPUIPlugin
2026-02-12 16:27:36,158 [INFO] PluginManager:220 - loadIPPluginJar : add gpio
2026-02-12 16:27:36,170 [INFO] IPUIPlugin:80 - create IPUIPlugin
2026-02-12 16:27:36,171 [INFO] PluginManager:220 - loadIPPluginJar : add gtzc
2026-02-12 16:27:36,174 [INFO] IPUIPlugin:80 - create IPUIPlugin
2026-02-12 16:27:36,174 [INFO] PluginManager:220 - loadIPPluginJar : add hash
2026-02-12 16:27:36,179 [INFO] IPUIPlugin:80 - create IPUIPlugin
2026-02-12 16:27:36,179 [INFO] PluginManager:220 - loadIPPluginJar : add i2c
2026-02-12 16:27:36,183 [INFO] IPUIPlugin:80 - create IPUIPlugin
2026-02-12 16:27:36,183 [INFO] PluginManager:220 - loadIPPluginJar : add i2s
2026-02-12 16:27:36,186 [INFO] IPUIPlugin:80 - create IPUIPlugin
2026-02-12 16:27:36,186 [INFO] PluginManager:220 - loadIPPluginJar : add i3c
2026-02-12 16:27:36,195 [INFO] IPUIPlugin:80 - create IPUIPlugin
2026-02-12 16:27:36,195 [INFO] PluginManager:220 - loadIPPluginJar : add ipddr
2026-02-12 16:27:36,206 [INFO] IPUIPlugin:80 - create IPUIPlugin
2026-02-12 16:27:36,206 [INFO] PluginManager:220 - loadIPPluginJar : add linkedlist
2026-02-12 16:27:36,210 [INFO] IPUIPlugin:80 - create IPUIPlugin
2026-02-12 16:27:36,210 [INFO] PluginManager:220 - loadIPPluginJar : add lorawan
2026-02-12 16:27:36,212 [INFO] IPUIPlugin:80 - create IPUIPlugin
2026-02-12 16:27:36,212 [INFO] PluginManager:220 - loadIPPluginJar : add ltdc
2026-02-12 16:27:36,222 [INFO] IPUIPlugin:80 - create IPUIPlugin
2026-02-12 16:27:36,223 [INFO] PluginManager:220 - loadIPPluginJar : add mdma
2026-02-12 16:27:36,225 [INFO] IPUIPlugin:80 - create IPUIPlugin
2026-02-12 16:27:36,225 [INFO] PluginManager:220 - loadIPPluginJar : add nvic
2026-02-12 16:27:36,228 [INFO] IPUIPlugin:80 - create IPUIPlugin
2026-02-12 16:27:36,228 [INFO] PluginManager:220 - loadIPPluginJar : add opamp
2026-02-12 16:27:36,231 [INFO] IPUIPlugin:80 - create IPUIPlugin
2026-02-12 16:27:36,231 [INFO] PluginManager:220 - loadIPPluginJar : add openamp
2026-02-12 16:27:36,240 [INFO] IPUIPlugin:80 - create IPUIPlugin
2026-02-12 16:27:36,240 [INFO] PluginManager:220 - loadIPPluginJar : add pdm2pcm
2026-02-12 16:27:36,251 [INFO] IPUIPlugin:80 - create IPUIPlugin
2026-02-12 16:27:36,253 [INFO] PluginManager:220 - loadIPPluginJar : add plateformsettings
2026-02-12 16:27:36,254 [INFO] IPUIPlugin:80 - create IPUIPlugin
2026-02-12 16:27:36,254 [INFO] PluginManager:220 - loadIPPluginJar : add quadspi
2026-02-12 16:27:36,256 [INFO] IPUIPlugin:80 - create IPUIPlugin
2026-02-12 16:27:36,256 [INFO] PluginManager:220 - loadIPPluginJar : add radio
2026-02-12 16:27:36,258 [INFO] IPUIPlugin:80 - create IPUIPlugin
2026-02-12 16:27:36,258 [INFO] PluginManager:220 - loadIPPluginJar : add resmgrutility
2026-02-12 16:27:36,261 [INFO] IPUIPlugin:80 - create IPUIPlugin
2026-02-12 16:27:36,261 [INFO] PluginManager:220 - loadIPPluginJar : add sai
2026-02-12 16:27:36,263 [INFO] IPUIPlugin:80 - create IPUIPlugin
2026-02-12 16:27:36,263 [INFO] PluginManager:220 - loadIPPluginJar : add spi
2026-02-12 16:27:36,269 [INFO] IPUIPlugin:80 - create IPUIPlugin
2026-02-12 16:27:36,269 [INFO] PluginManager:220 - loadIPPluginJar : add stm32_wpan
2026-02-12 16:27:36,270 [INFO] IPUIPlugin:80 - create IPUIPlugin
2026-02-12 16:27:36,271 [INFO] PluginManager:220 - loadIPPluginJar : add tim
2026-02-12 16:27:36,274 [INFO] IPUIPlugin:80 - create IPUIPlugin
2026-02-12 16:27:36,274 [INFO] PluginManager:220 - loadIPPluginJar : add touchsensing
2026-02-12 16:27:36,276 [INFO] IPUIPlugin:80 - create IPUIPlugin
2026-02-12 16:27:36,276 [INFO] PluginManager:220 - loadIPPluginJar : add tracer_emb
2026-02-12 16:27:36,278 [INFO] IPUIPlugin:80 - create IPUIPlugin
2026-02-12 16:27:36,278 [INFO] PluginManager:220 - loadIPPluginJar : add ts
2026-02-12 16:27:36,280 [INFO] IPUIPlugin:80 - create IPUIPlugin
2026-02-12 16:27:36,280 [INFO] PluginManager:220 - loadIPPluginJar : add tsc
2026-02-12 16:27:36,286 [INFO] IPUIPlugin:80 - create IPUIPlugin
2026-02-12 16:27:36,287 [INFO] PluginManager:220 - loadIPPluginJar : add ucpd
2026-02-12 16:27:36,289 [INFO] IPUIPlugin:80 - create IPUIPlugin
2026-02-12 16:27:36,289 [INFO] PluginManager:220 - loadIPPluginJar : add usart
2026-02-12 16:27:36,291 [INFO] IPUIPlugin:80 - create IPUIPlugin
2026-02-12 16:27:36,292 [INFO] PluginManager:220 - loadIPPluginJar : add usbx
2026-02-12 16:27:36,454 [FATAL] Updater:351 - Updater called before beeing initialized
2026-02-12 16:27:36,529 [INFO] RulesReader:64 - Compatibility file has been processed (317 Rules)
2026-02-12 16:27:36,541 [INFO] RulesReader:64 - Compatibility file has been processed (317 Rules)
2026-02-12 16:27:36,555 [INFO] CADModel:165 - CPN selected for project level
2026-02-12 16:27:36,556 [INFO] CADModel:114 - Register for checkConnection events
2026-02-12 16:27:36,556 [FATAL] Updater:351 - Updater called before beeing initialized
2026-02-12 16:27:36,556 [ERROR] CADModel:125 - Updater not yet initialized, retry later 
2026-02-12 16:27:36,976 [FATAL] Updater:351 - Updater called before beeing initialized
2026-02-12 16:27:36,983 [INFO] CADModel:165 - CPN selected for project level
2026-02-12 16:27:36,983 [INFO] CADModel:114 - Register for checkConnection events
2026-02-12 16:27:36,983 [FATAL] Updater:351 - Updater called before beeing initialized
2026-02-12 16:27:36,983 [ERROR] CADModel:125 - Updater not yet initialized, retry later 
2026-02-12 16:27:36,986 [FATAL] Updater:351 - Updater called before beeing initialized
2026-02-12 16:27:37,171 [FATAL] Updater:351 - Updater called before beeing initialized
2026-02-12 16:27:37,177 [INFO] DbMcusAds:53 - JSON generation date=Tue Feb 10 17:46:36 IST 2026 (1770725796209)
2026-02-12 16:27:37,178 [FATAL] Updater:351 - Updater called before beeing initialized
2026-02-12 16:27:37,252 [WARN] DetailPanel:346 - Failed to get advertising image, set to default
2026-02-12 16:27:37,360 [FATAL] Updater:351 - Updater called before beeing initialized
2026-02-12 16:27:37,368 [FATAL] Updater:351 - Updater called before beeing initialized
2026-02-12 16:27:37,368 [FATAL] Updater:351 - Updater called before beeing initialized
2026-02-12 16:27:37,368 [WARN] DetailPanel:346 - Failed to get advertising image, set to default
2026-02-12 16:27:37,369 [FATAL] Updater:351 - Updater called before beeing initialized
2026-02-12 16:27:37,450 [ERROR] Updater:1198 - MainUpdater not yet initialized. External WinMGr cannot be set.
2026-02-12 16:27:37,454 [INFO] Updater:1134 - Updater Version found : 6.15.0
2026-02-12 16:27:37,471 [INFO] ApplicationProperties:184 - Using Application install path: D:\STM32CubeIDE_1.19.0\STM32CubeIDE\plugins\com.st.stm32cube.common.mx_6.15.0.202507011659
2026-02-12 16:27:37,784 [INFO] ThirdPartyUpdaterWithRetryManager:70 - Updater plugin not ready yet. [2/15]
2026-02-12 16:27:39,063 [ERROR] LogOutputStream:75 - [STDERR_REDIRECT] Feb 12, 2026 4:27:39 PM java.util.prefs.WindowsPreferences <init>
2026-02-12 16:27:39,064 [ERROR] LogOutputStream:75 - [STDERR_REDIRECT] WARNING: Could not open/create prefs root node Software\JavaSoft\Prefs at root 0xffffffff80000002. Windows RegCreateKeyEx(...) returned error code 5.
2026-02-12 16:27:39,064 [ERROR] LogOutputStream:75 - [STDERR_REDIRECT] 
2026-02-12 16:27:39,476 [INFO] MainUpdater:2872 - connection check result : 10
2026-02-12 16:27:39,477 [INFO] MainUpdater:289 - Updater Check For Update Now.
2026-02-12 16:27:39,477 [INFO] MicroXplorer:498 - Change Database Version : DB.6.0.150
2026-02-12 16:27:39,490 [INFO] McuFinderGlobals:63 - Set McuFinder mode to 2 (CubeIDE integrated)
2026-02-12 16:27:39,491 [INFO] UserAuth:487 - Internet connection configuration mode: 1
2026-02-12 16:27:39,573 [INFO] JxBrowserEngine:152 - Initiate JxBrowser Engine with user profile folder
2026-02-12 16:27:39,717 [INFO] CheckServerUpdateThread:120 - End of CheckServer Thread
2026-02-12 16:27:39,902 [INFO] MainUpdater:2872 - connection check result : 10
2026-02-12 16:27:41,073 [WARN] PackLoader:240 - Cannot read IP mode file for STMicroelectronics.FP-SNS-MOTENVWB1.1.4.0
2026-02-12 16:27:41,090 [WARN] PackLoader:240 - Cannot read IP mode file for STMicroelectronics.FP-ATR-ASTRA1.2.0.2
2026-02-12 16:27:41,110 [WARN] PackLoader:240 - Cannot read IP mode file for STMicroelectronics.X-CUBE-SMBUS.2.1.0
2026-02-12 16:27:41,162 [INFO] ApiDb:581 - Connected to CubeFinder SQLite database (C:\Users\Hemanth Madu\.stmcufinder\plugins\mcufinder\mcu\cube-finder-db.db)
2026-02-12 16:27:41,174 [WARN] PackLoader:240 - Cannot read IP mode file for STMicroelectronics.X-CUBE-AZRTOS-F7.1.1.0
2026-02-12 16:27:41,192 [WARN] PackLoader:240 - Cannot read IP mode file for STMicroelectronics.FP-SNS-MOTENV1.5.1.0
2026-02-12 16:27:41,195 [INFO] WebApp:169 - Instantiating new browser for Auth
2026-02-12 16:27:41,207 [WARN] PackLoader:240 - Cannot read IP mode file for WES.I-CUBE-Cesium.1.4.0
2026-02-12 16:27:41,257 [WARN] PackLoader:240 - Cannot read IP mode file for STMicroelectronics.X-CUBE-AZRTOS-H7.3.4.0
2026-02-12 16:27:41,283 [WARN] PackLoader:240 - Cannot read IP mode file for STMicroelectronics.X-CUBE-DISPLAY.3.0.0
2026-02-12 16:27:41,306 [WARN] PackLoader:240 - Cannot read IP mode file for STMicroelectronics.X-CUBE-NFC10.1.0.0
2026-02-12 16:27:41,324 [WARN] PackLoader:240 - Cannot read IP mode file for STMicroelectronics.X-CUBE-ST60.1.1.0
2026-02-12 16:27:41,339 [WARN] PackLoader:240 - Cannot read IP mode file for emotas.I-CUBE-CANOPEN.1.3.0
2026-02-12 16:27:41,350 [WARN] PackLoader:240 - Cannot read IP mode file for STMicroelectronics.X-CUBE-GNSS1.7.1.0
2026-02-12 16:27:41,404 [WARN] PackLoader:240 - Cannot read IP mode file for STMicroelectronics.FP-SNS-STBOX1.2.1.0
2026-02-12 16:27:41,439 [WARN] PackLoader:240 - Cannot read IP mode file for STMicroelectronics.FP-SNS-SMARTAG2.1.2.0
2026-02-12 16:27:41,473 [WARN] PackLoader:240 - Cannot read IP mode file for STMicroelectronics.FP-SNS-FLIGHT1.5.1.0
2026-02-12 16:27:41,515 [INFO] LogOutputStream:77 - [STDOUT_REDIRECT] 1 : Invalid condition id : UX_CORESTACK_Condition cause : null
2026-02-12 16:27:41,518 [INFO] LogOutputStream:77 - [STDOUT_REDIRECT] 1 : Invalid condition id : UX_CORESTACK_Condition cause : null
2026-02-12 16:27:41,521 [INFO] LogOutputStream:77 - [STDOUT_REDIRECT] 1 : Invalid condition id : UX_CORESTACK_Condition cause : null
2026-02-12 16:27:41,523 [INFO] LogOutputStream:77 - [STDOUT_REDIRECT] 1 : Invalid condition id : UX_CORESTACK_Condition cause : null
2026-02-12 16:27:41,524 [INFO] LogOutputStream:77 - [STDOUT_REDIRECT] 1 : Invalid condition id : UX_CORESTACK_Condition cause : null
2026-02-12 16:27:41,530 [WARN] PackLoader:240 - Cannot read IP mode file for STMicroelectronics.X-CUBE-AZRTOS-WL.2.0.0
2026-02-12 16:27:41,599 [WARN] PackLoader:240 - Cannot read IP mode file for STMicroelectronics.X-CUBE-AZRTOS-H7RS.1.2.0
2026-02-12 16:27:41,619 [WARN] PackLoader:240 - Cannot read IP mode file for STMicroelectronics.X-CUBE-BLE2.3.3.0
2026-02-12 16:27:41,685 [WARN] PackLoader:240 - Cannot read IP mode file for Infineon.AIROC-Wi-Fi-Bluetooth-STM32.1.8.0
2026-02-12 16:27:41,702 [INFO] ApiDb:668 - CubeFinder database Data Model version=2.1
2026-02-12 16:27:41,702 [INFO] ApiDb:669 - CubeFinder database Configuration version=3.0.39
2026-02-12 16:27:41,702 [INFO] ApiDb:670 - CubeFinder database generation date=2025-12-22 (1766407740)
2026-02-12 16:27:41,702 [INFO] ApiDb:671 - CubeFinder database FW Pack versions=[FP-ATR-ASTRA1_V2.0.0, FP-SNS-FLIGHT1_V5.1.0, FP-SNS-MOTENV1_V5.1.0, FP-SNS-MOTENVWB1_V1.4.0, FP-SNS-SMARTAG2_V1.2.0, FP-SNS-STBOX1_V2.1.0, STM32Cube_FW_C0_V1.4.0, STM32Cube_FW_F4_V1.28.3, STM32Cube_FW_F7_V1.17.4, STM32Cube_FW_G0_V1.6.2, STM32Cube_FW_G4_V1.6.1, STM32Cube_FW_H5_V1.5.1, STM32Cube_FW_H7RS_V1.3.0, STM32Cube_FW_H7_V1.12.1, STM32Cube_FW_L0_V1.12.2, STM32Cube_FW_L4_V1.18.1, STM32Cube_FW_L5_V1.6.0, STM32Cube_FW_N6_V1.3.0, STM32Cube_FW_U0_V1.3.0, STM32Cube_FW_U3_V1.2.1, STM32Cube_FW_U5_V1.8.0, STM32Cube_FW_WB0_V1.4.0, STM32Cube_FW_WBA_V1.8.0, STM32Cube_FW_WB_V1.24.0, STM32Cube_FW_WL3_V1.3.0, STM32Cube_FW_WL_V1.4.0, X-CUBE-ALGOBUILD_V1.4.0, X-CUBE-ALS_V1.0.2, X-CUBE-AZRTOS-F4_V1.1.0, X-CUBE-AZRTOS-F7_V1.1.0, X-CUBE-AZRTOS-G0_V1.1.0, X-CUBE-AZRTOS-G4_V2.0.0, X-CUBE-AZRTOS-H7RS_V1.1.0, X-CUBE-AZRTOS-H7_V3.4.0, X-CUBE-AZRTOS-L4_V2.0.0, X-CUBE-AZRTOS-L5_V2.0.0, X-CUBE-AZRTOS-WB_V2.0.0, X-CUBE-AZRTOS-WL_V2.0.0, X-CUBE-BLE1_V7.1.0, X-CUBE-BLE2_V3.3.0, X-CUBE-BLEMGR_V4.1.0, X-CUBE-EEPRMA1_V5.2.0, X-CUBE-FREERTOS_V1.3.1, X-CUBE-GNSS1_V6.0.0, X-CUBE-MEMS1_V12.0.0, X-CUBE-NFC4_V3.0.0, X-CUBE-NFC7_V2.0.0, X-CUBE-SFXS2LP1_V4.0.0, X-CUBE-ST67W61_V1.1.0, X-CUBE-SUBG2_V5.0.0, X-CUBE-TOF1_V3.4.3]
2026-02-12 16:27:41,703 [WARN] PackLoader:240 - Cannot read IP mode file for STMicroelectronics.X-CUBE-NFC9.1.0.0
2026-02-12 16:27:41,712 [WARN] PackLoader:240 - Cannot read IP mode file for STMicroelectronics.X-CUBE-BLE1.7.1.0
2026-02-12 16:27:41,718 [WARN] PackLoader:240 - Cannot read IP mode file for wolfSSL.I-CUBE-wolfMQTT.1.19.2
2026-02-12 16:27:41,728 [WARN] PackLoader:240 - Cannot read IP mode file for STMicroelectronics.X-CUBE-FREERTOS.1.4.0
2026-02-12 16:27:41,737 [WARN] PackLoader:240 - Cannot read IP mode file for STMicroelectronics.X-CUBE-EEPRMA1.5.2.0
2026-02-12 16:27:41,745 [WARN] PackLoader:240 - Cannot read IP mode file for wolfSSL.I-CUBE-wolfSSL.5.8.4
2026-02-12 16:27:41,754 [WARN] PackLoader:240 - Cannot read IP mode file for Cesanta.I-CUBE-Mongoose.7.20.0
2026-02-12 16:27:41,808 [WARN] PackLoader:240 - Cannot read IP mode file for STMicroelectronics.X-CUBE-MEMS1.12.0.0
2026-02-12 16:27:41,935 [WARN] PackLoader:240 - Cannot read IP mode file for STMicroelectronics.X-CUBE-AZRTOS-G0.1.1.0
2026-02-12 16:27:41,944 [WARN] PackLoader:240 - Cannot read IP mode file for STMicroelectronics.X-CUBE-NFC4.3.0.0
2026-02-12 16:27:41,959 [WARN] PackLoader:240 - Cannot read IP mode file for EmbeddedOffice.I-CUBE-FS-RTOS.1.0.1
2026-02-12 16:27:41,967 [WARN] PackLoader:240 - Cannot read IP mode file for STMicroelectronics.X-CUBE-WB05N.2.0.0
2026-02-12 16:27:41,972 [WARN] PackLoader:240 - Cannot read IP mode file for wolfSSL.I-CUBE-wolfTPM.3.8.0
2026-02-12 16:27:41,979 [WARN] PackLoader:240 - Cannot read IP mode file for STMicroelectronics.X-CUBE-TCPP.4.2.0
2026-02-12 16:27:42,033 [WARN] PackLoader:240 - Cannot read IP mode file for RealThread.X-CUBE-RT-Thread_Nano.4.1.1
2026-02-12 16:27:42,043 [WARN] PackLoader:240 - Cannot read IP mode file for STMicroelectronics.FP-ATR-SIGFOX1.3.2.0
2026-02-12 16:27:42,050 [WARN] PackLoader:240 - Cannot read IP mode file for ITTIA_DB.I-CUBE-ITTIADB.8.9.0
2026-02-12 16:27:42,058 [WARN] PackLoader:240 - Cannot read IP mode file for STMicroelectronics.X-CUBE-NFC6.3.2.0
2026-02-12 16:27:42,067 [WARN] PackLoader:240 - Cannot read IP mode file for STMicroelectronics.X-CUBE-AI.10.2.0
2026-02-12 16:27:42,097 [WARN] PackLoader:240 - Cannot read IP mode file for SEGGER.I-CUBE-embOS.1.3.1
2026-02-12 16:27:42,142 [WARN] PackLoader:240 - Cannot read IP mode file for STMicroelectronics.X-CUBE-ALGOBUILD.1.4.0
2026-02-12 16:27:42,151 [WARN] PackLoader:240 - Cannot read IP mode file for STMicroelectronics.X-CUBE-PM33A1.1.0.0
2026-02-12 16:27:42,170 [WARN] PackLoader:240 - Cannot read IP mode file for STMicroelectronics.X-CUBE-AZRTOS-F4.1.1.0
2026-02-12 16:27:42,182 [WARN] PackLoader:240 - Cannot read IP mode file for STMicroelectronics.X-CUBE-ISPU.2.1.0
2026-02-12 16:27:42,200 [WARN] PackLoader:240 - Cannot read IP mode file for STMicroelectronics.X-CUBE-IPS.3.2.0
2026-02-12 16:27:42,220 [WARN] PackLoader:240 - Cannot read IP mode file for STMicroelectronics.X-CUBE-NFC12.1.0.0
2026-02-12 16:27:42,239 [WARN] PackLoader:240 - Cannot read IP mode file for STMicroelectronics.X-CUBE-AZRTOS-L5.2.0.0
2026-02-12 16:27:42,247 [WARN] PackLoader:240 - Cannot read IP mode file for STMicroelectronics.X-CUBE-TOUCHGFX.4.26.0
2026-02-12 16:27:42,256 [WARN] PackLoader:240 - Cannot read IP mode file for STMicroelectronics.FP-SNS-STAIOTCFT.1.0.0
2026-02-12 16:27:42,266 [WARN] PackLoader:240 - Cannot read IP mode file for STMicroelectronics.X-CUBE-DPower.1.3.0
2026-02-12 16:27:42,289 [WARN] ConditionMgr:438 - getConditionDescription Invalid condition id : LAN8742 Phy interface Condition cause : null
2026-02-12 16:27:42,289 [WARN] PackLoader:240 - Cannot read IP mode file for STMicroelectronics.X-CUBE-AZRTOS-L4.2.0.0
2026-02-12 16:27:42,290 [WARN] ConditionMgr:1044 - genDependencies : Invalid condition id : LAN8742 Phy interface Condition cause : null
2026-02-12 16:27:42,291 [WARN] ConditionMgr:1044 - genDependencies : Invalid condition id : LAN8742 Phy interface Condition cause : null
2026-02-12 16:27:42,291 [WARN] ConditionMgr:1044 - genDependencies : Invalid condition id : LAN8742 Phy interface Condition cause : null
2026-02-12 16:27:42,299 [WARN] PackLoader:240 - Cannot read IP mode file for STMicroelectronics.X-CUBE-SFXS2LP1.4.0.0
2026-02-12 16:27:42,308 [WARN] PackLoader:240 - Cannot read IP mode file for STMicroelectronics.X-CUBE-ST67W61.1.2.0
2026-02-12 16:27:42,321 [WARN] PackLoader:240 - Cannot read IP mode file for STMicroelectronics.X-CUBE-BLEMGR.4.1.0
2026-02-12 16:27:42,355 [WARN] ConditionMgr:438 - getConditionDescription Invalid condition id : UX DEVICE CLASS RTOS Condition cause : null
2026-02-12 16:27:42,356 [WARN] ConditionMgr:438 - getConditionDescription Invalid condition id : UX DEVICE CLASS RTOS Condition cause : null
2026-02-12 16:27:42,358 [WARN] PackLoader:240 - Cannot read IP mode file for STMicroelectronics.X-CUBE-AZRTOS-WB.2.0.0
2026-02-12 16:27:42,359 [WARN] ConditionMgr:1044 - genDependencies : Invalid condition id : UX DEVICE CLASS RTOS Condition cause : null
2026-02-12 16:27:42,359 [WARN] ConditionMgr:1044 - genDependencies : Invalid condition id : UX DEVICE CLASS RTOS Condition cause : null
2026-02-12 16:27:42,360 [WARN] ConditionMgr:1044 - genDependencies : Invalid condition id : UX DEVICE CLASS RTOS Condition cause : null
2026-02-12 16:27:42,360 [WARN] ConditionMgr:1044 - genDependencies : Invalid condition id : UX DEVICE CLASS RTOS Condition cause : null
2026-02-12 16:27:42,360 [WARN] ConditionMgr:1044 - genDependencies : Invalid condition id : UX DEVICE CLASS RTOS Condition cause : null
2026-02-12 16:27:42,367 [WARN] ConditionMgr:438 - getConditionDescription Invalid condition id : Cortex-A Device cause : null
2026-02-12 16:27:42,413 [WARN] ConditionMgr:1044 - genDependencies : Invalid condition id : Cortex-A Device cause : null
2026-02-12 16:27:42,413 [WARN] ConditionMgr:1044 - genDependencies : Invalid condition id : Cortex-A Device cause : null
2026-02-12 16:27:42,413 [WARN] ConditionMgr:1044 - genDependencies : Invalid condition id : Cortex-A Device cause : null
2026-02-12 16:27:42,428 [WARN] PackLoader:240 - Cannot read IP mode file for STMicroelectronics.X-CUBE-STSE01.2.0.0
2026-02-12 16:27:42,450 [WARN] PackLoader:240 - Cannot read IP mode file for STMicroelectronics.X-CUBE-SUBG2.5.0.0
2026-02-12 16:27:42,476 [WARN] PackLoader:240 - Cannot read IP mode file for STMicroelectronics.X-CUBE-AZRTOS-G4.2.0.0
2026-02-12 16:27:42,515 [WARN] PackLoader:240 - Cannot read IP mode file for wolfSSL.I-CUBE-wolfSSH.1.4.20
2026-02-12 16:27:42,527 [WARN] PackLoader:240 - Cannot read IP mode file for STMicroelectronics.X-CUBE-NFC7.2.0.0
2026-02-12 16:27:42,536 [WARN] PackLoader:240 - Cannot read IP mode file for STMicroelectronics.X-CUBE-ALS.1.0.2
2026-02-12 16:27:42,555 [WARN] PackLoader:240 - Cannot read IP mode file for STMicroelectronics.X-CUBE-TOF1.3.4.3
2026-02-12 16:27:42,573 [INFO] ThirdParty:978 - Integrity check success = true
2026-02-12 16:27:42,573 [INFO] IntegrityCheckThread:100 - exiting critical section [integrity check]
2026-02-12 16:27:42,573 [INFO] IntegrityCheckThread:103 - End integrity checks thread
2026-02-12 16:27:43,190 [INFO] WebApp:463 - Apply proxy settings
2026-02-12 16:27:43,191 [INFO] WebApp:548 - Chromium requires no authentication
2026-02-12 16:27:43,220 [INFO] WebApp:491 - Direct internet connection detected
2026-02-12 16:27:43,261 [INFO] WebApp:900 - Register for checkConnection events
2026-02-12 16:27:43,261 [INFO] WebApp:463 - Apply proxy settings
2026-02-12 16:27:43,261 [INFO] WebApp:548 - Chromium requires no authentication
2026-02-12 16:27:43,262 [INFO] WebApp:491 - Direct internet connection detected
2026-02-12 16:27:43,483 [INFO] WebApp:191 - Connection restablished
2026-02-12 16:27:43,807 [INFO] WebApp:225 - Starting web application
2026-02-12 16:27:43,807 [INFO] WebApp:593 - Web application path used D:\STM32CubeIDE_1.19.0\STM32CubeIDE\plugins\com.st.stm32cube.common.mx_6.15.0.202507011659\db\plugins\mcufinder\reactClient1\index.html
2026-02-12 16:27:44,038 [INFO] UserAuth:487 - Internet connection configuration mode: 1
2026-02-12 16:27:51,650 [INFO] ApiDb:240 - Found 880 in-development CPN: [B-G473E-ZEST1S, B-WB1M-WPAN1, B-WBA5M-WPAN, B-WL5M-SUBG1, NUCLEO-C031C6, NUCLEO-C051C8, NUCLEO-C071RB, NUCLEO-C092RC, NUCLEO-H503RB, NUCLEO-H533RE, NUCLEO-H563ZI, NUCLEO-H7S3L8, NUCLEO-N657X0-Q, NUCLEO-U031R8, NUCLEO-U083RC, NUCLEO-U385RG-Q, NUCLEO-U545RE-Q, NUCLEO-U5A5ZJ-Q, NUCLEO-WB05KZ, NUCLEO-WB07CC, NUCLEO-WB09KE, NUCLEO-WBA52CG, NUCLEO-WBA55CG, NUCLEO-WL33CC1, NUCLEO-WL33CC2, STEVAL-PROTEUS1, STEVAL-SMARTAG2, STEVAL-STWINBX1, STM320518-EVAL, STM32C0116-DK, STM32C011D6Y3TR, STM32C011D6Y6TR, STM32C011F4P3, STM32C011F4P6, STM32C011F4U3, STM32C011F4U6TR, STM32C011F6P3, STM32C011F6P6, STM32C011F6U3, STM32C011F6U6TR, STM32C011J4M3, STM32C011J4M6, STM32C011J6M3, STM32C011J6M6, STM32C0316-DK, STM32C031C4T3, STM32C031C4T6, STM32C031C4U3, STM32C031C4U6, STM32C031C6T3, STM32C031C6T6, STM32C031C6U3, STM32C031C6U6, STM32C031F4P3, STM32C031F4P6, STM32C031F6P3, STM32C031F6P6, STM32C031G4U3, STM32C031G4U6, STM32C031G6U3, STM32C031G6U6, STM32C031K4T3, STM32C031K4T6, STM32C031K4U3, STM32C031K4U6, STM32C031K6T3, STM32C031K6T6, STM32C031K6U3, STM32C031K6U6, STM32C051C6T6, STM32C051C6U6, STM32C051C8T6, STM32C051C8U6, STM32C051D8Y6TR, STM32C051F6P6, STM32C051F8P6, STM32C051G6U6, STM32C051G8U6, STM32C051K6T6, STM32C051K6U6, STM32C051K8T6, STM32C071C8T6, STM32C071C8T6N, STM32C071C8U6, STM32C071C8U6N, STM32C071CBT6, STM32C071CBT6N, STM32C071CBU6, STM32C071CBU6N, STM32C071F8P6, STM32C071F8P6N, STM32C071FBP6, STM32C071FBP6N, STM32C071FBY6TR, STM32C071G8U6, STM32C071G8U6N, STM32C071GBU6, STM32C071GBU6N, STM32C071K8T6, STM32C071K8T6N, STM32C071K8U6, STM32C071K8U6N, STM32C071KBT6, STM32C071KBT6N, STM32C071KBU6, STM32C071KBU6N, STM32C071R8T6, STM32C071R8T6N, STM32C071RBI6N, STM32C071RBT6, STM32C071RBT6N, STM32C091CBT6, STM32C091CBU6, STM32C091CCT6, STM32C091CCU6, STM32C091ECY6TR, STM32C091FBP6, STM32C091FCP6, STM32C091GBU6, STM32C091GCU6, STM32C091KBT6, STM32C091KBU6, STM32C091KCT6, STM32C091KCU6, STM32C091RBT6, STM32C091RCI6, STM32C091RCT6, STM32C092CBT6, STM32C092CBU6, STM32C092CCT6, STM32C092CCU6, STM32C092ECY6TR, STM32C092FBP6, STM32C092FCP6, STM32C092GBU6, STM32C092GCU6, STM32C092KBT6, STM32C092KBU6, STM32C092KCT6, STM32C092KCU6, STM32C092RBT6, STM32C092RCI6, STM32C092RCT6, STM32G071K8TXN, STM32G071K8UXN, STM32G081GBU6N, STM32G081KBT6N, STM32G081KBUXN, STM32G0B1CCT6N, STM32G0B1KCT6, STM32G0B1NEY6TR, STM32G0B1RCT6N, STM32G0C1CCT6, STM32G0C1CCT6N, STM32G0C1CCU6N, STM32G0C1CET6N, STM32G0C1CEU6N, STM32G0C1KCT6, STM32G0C1NEY6TR, STM32G0C1RCI6N, STM32G0C1RCT6N, STM32G0C1REI6N, STM32G0C1RET6N, STM32G0C1VCI6, STM32G0C1VEI6, STM32G411C6T3, STM32G411C6T6, STM32G411C6U3, STM32G411C6U6, STM32G411C8T3, STM32G411C8T6, STM32G411C8U3, STM32G411C8U6, STM32G411CBT3, STM32G411CBT6, STM32G411CBU3, STM32G411CBU6, STM32G411K6T3, STM32G411K6T6, STM32G411K6U3, STM32G411K6U6, STM32G411K8T3, STM32G411K8T6, STM32G411K8U3, STM32G411K8U6, STM32G411KBT3, STM32G411KBT6, STM32G411KBU3, STM32G411KBU6, STM32G411M6T3, STM32G411M6T6, STM32G411M8T3, STM32G411M8T6, STM32G411MBT3, STM32G411MBT6, STM32G411R6T3, STM32G411R6T6, STM32G411R8T3, STM32G411R8T6, STM32G411RBT3, STM32G411RBT6, STM32G414CBT3, STM32G414CBT6, STM32G414CBU3, STM32G414CBU6, STM32G414CCT3, STM32G414CCT6, STM32G414CCU3, STM32G414CCU6, STM32G414MBT3, STM32G414MBT6, STM32G414MCT3, STM32G414MCT6, STM32G414RBT3, STM32G414RBT6, STM32G414RCT3, STM32G414RCT6, STM32G414VBT3, STM32G414VBT6, STM32G414VCT3, STM32G414VCT6, STM32G431CBT3Z, STM32G431RBT3Z, STM32G471CCT6, STM32G471CCU6, STM32G471CET3, STM32G471CET6, STM32G471CEU3, STM32G471CEU6, STM32G471MCT6, STM32G471MET3, STM32G471MET6, STM32G471MEY6TR, STM32G471QCT6, STM32G471QET3, STM32G471RCT6, STM32G471RET3, STM32G471RET6, STM32G471VCH6, STM32G471VCI6, STM32G471VCT6, STM32G471VEH3, STM32G471VEH6, STM32G471VEI3, STM32G471VEI6, STM32G471VET3, STM32G471VET6, STM32G473QET3Z, STM32G473RET3Z, STM32G474CCT6, STM32G491RET3Z, STM32H503CBT6, STM32H503CBU6, STM32H503EBY6TR, STM32H503KBU6, STM32H503RBT6, STM32H523CCT6, STM32H523CCU6, STM32H523CET6, STM32H523CEU6, STM32H523HEY6TR, STM32H523RCT6, STM32H523RET6, STM32H523VCI6, STM32H523VCT6, STM32H523VEI6, STM32H523VET6, STM32H523ZCJ6, STM32H523ZCT6, STM32H523ZEJ6, STM32H523ZET6, STM32H533CET6, STM32H533CEU6, STM32H533HEY6TR, STM32H533RET6, STM32H533VEI6, STM32H533VET6, STM32H533ZEJ6, STM32H533ZET6, STM32H562AGI6, STM32H562AII6, STM32H562IGK6, STM32H562IGT6, STM32H562IIK6, STM32H562IIT6, STM32H562RGT6, STM32H562RGV6, STM32H562RIT6, STM32H562RIV6, STM32H562VGT6, STM32H562VIT6, STM32H562ZGT6, STM32H562ZIT6, STM32H563AGI6, STM32H563AII3Q, STM32H563AII6, STM32H563IGK6, STM32H563IGT6, STM32H563IIK3Q, STM32H563IIK6, STM32H563IIT3Q, STM32H563IIT6, STM32H563MIY3QTR, STM32H563RGT6, STM32H563RGV6, STM32H563RIT6, STM32H563RIV6, STM32H563VGT6, STM32H563VIT3Q, STM32H563VIT6, STM32H563ZGT6, STM32H563ZIT3Q, STM32H563ZIT6, STM32H573AII3Q, STM32H573AII6, STM32H573I-DK, STM32H573IIK3Q, STM32H573IIK6, STM32H573IIT3Q, STM32H573IIT6, STM32H573MIY3QTR, STM32H573RIT6, STM32H573RIV6, STM32H573VIT3Q, STM32H573VIT6, STM32H573ZIT3Q, STM32H573ZIT6, STM32H7R3A8I6, STM32H7R3I8K6, STM32H7R3I8T6, STM32H7R3L8H6, STM32H7R3L8H6H, STM32H7R3R8V6, STM32H7R3V8H6, STM32H7R3V8T6, STM32H7R3V8Y6TR, STM32H7R3Z8J6, STM32H7R3Z8T6, STM32H7R7A8I6, STM32H7R7I8K6, STM32H7R7I8T6, STM32H7R7L8H6, STM32H7R7L8H6H, STM32H7R7Z8J6, STM32H7S3A8I6, STM32H7S3I8K6, STM32H7S3I8T6, STM32H7S3L8H6, STM32H7S3L8H6H, STM32H7S3R8V6, STM32H7S3V8H6, STM32H7S3V8T6, STM32H7S3V8Y6TR, STM32H7S3Z8J6, STM32H7S3Z8T6, STM32H7S78-DK, STM32H7S7A8I6, STM32H7S7I8K6, STM32H7S7I8T6, STM32H7S7L8H6, STM32H7S7L8H6H, STM32H7S7Z8J6, STM32L4R5QGI6STR, STM32MP131AAE3, STM32MP131AAF3, STM32MP131AAG3, STM32MP131CAE3, STM32MP131CAF3, STM32MP131CAG3, STM32MP131DAE7, STM32MP131DAF7, STM32MP131DAG7, STM32MP131FAE7, STM32MP131FAF7, STM32MP131FAG7, STM32MP133AAE3, STM32MP133AAF3, STM32MP133AAG3, STM32MP133CAE3, STM32MP133CAF3, STM32MP133CAG3, STM32MP133DAE7, STM32MP133DAF7, STM32MP133DAG7, STM32MP133FAE7, STM32MP133FAF7, STM32MP133FAG7, STM32MP135AAE3, STM32MP135AAF3, STM32MP135AAG3, STM32MP135CAE3, STM32MP135CAF3, STM32MP135CAG3, STM32MP135DAE7, STM32MP135DAF7, STM32MP135DAG7, STM32MP135F-DK, STM32MP135FAE7, STM32MP135FAF7, STM32MP135FAF7T, STM32MP135FAF7U, STM32MP135FAG7, STM32MP211AAL3, STM32MP211AAM3, STM32MP211AAN3, STM32MP211AAO3, STM32MP211CAL3, STM32MP211CAM3, STM32MP211CAN3, STM32MP211CAO3, STM32MP211DAL3, STM32MP211DAM3, STM32MP211DAN3, STM32MP211DAO3, STM32MP211FAL3, STM32MP211FAM3, STM32MP211FAN3, STM32MP211FAO3, STM32MP213AAL3, STM32MP213AAM3, STM32MP213AAN3, STM32MP213AAO3, STM32MP213CAL3, STM32MP213CAM3, STM32MP213CAN3, STM32MP213CAO3, STM32MP213DAL3, STM32MP213DAM3, STM32MP213DAN3, STM32MP213DAO3, STM32MP213FAL3, STM32MP213FAM3, STM32MP213FAN3, STM32MP213FAO3, STM32MP215AAL3, STM32MP215AAM3, STM32MP215AAN3, STM32MP215AAO3, STM32MP215CAL3, STM32MP215CAM3, STM32MP215CAN3, STM32MP215CAO3, STM32MP215DAL3, STM32MP215DAM3, STM32MP215DAN3, STM32MP215DAO3, STM32MP215F-DK, STM32MP215FAL3, STM32MP215FAM3, STM32MP215FAN3, STM32MP215FAO3, STM32MP231AAJ3, STM32MP231AAK3, STM32MP231AAL3, STM32MP231CAJ3, STM32MP231CAK3, STM32MP231CAL3, STM32MP231DAJ3, STM32MP231DAK3, STM32MP231DAL3, STM32MP231FAJ3, STM32MP231FAK3, STM32MP231FAL3, STM32MP233AAJ3, STM32MP233AAK3, STM32MP233AAL3, STM32MP233CAJ3, STM32MP233CAK3, STM32MP233CAL3, STM32MP233DAJ3, STM32MP233DAK3, STM32MP233DAL3, STM32MP233FAJ3, STM32MP233FAK3, STM32MP233FAL3, STM32MP235AAJ3, STM32MP235AAK3, STM32MP235AAL3, STM32MP235CAJ3, STM32MP235CAK3, STM32MP235CAL3, STM32MP235DAJ3, STM32MP235DAK3, STM32MP235DAL3, STM32MP235FAJ3, STM32MP235FAK3, STM32MP235FAL3, STM32MP251AAI3, STM32MP251AAK3, STM32MP251AAL3, STM32MP251CAI3, STM32MP251CAK3, STM32MP251CAL3, STM32MP251DAI3, STM32MP251DAK3, STM32MP251DAL3, STM32MP251FAI3, STM32MP251FAK3, STM32MP251FAL3, STM32MP253AAI3, STM32MP253AAK3, STM32MP253AAL3, STM32MP253CAI3, STM32MP253CAK3, STM32MP253CAL3, STM32MP253DAI3, STM32MP253DAK3, STM32MP253DAL3, STM32MP253FAI3, STM32MP253FAK3, STM32MP253FAL3, STM32MP255AAI3, STM32MP255AAK3, STM32MP255AAL3, STM32MP255CAI3, STM32MP255CAK3, STM32MP255CAL3, STM32MP255DAI3, STM32MP255DAK3, STM32MP255DAL3, STM32MP255FAI3, STM32MP255FAK3, STM32MP255FAL3, STM32MP257AAI3, STM32MP257AAK3, STM32MP257AAL3, STM32MP257CAI3, STM32MP257CAK3, STM32MP257CAL3, STM32MP257DAI3, STM32MP257DAK3, STM32MP257DAL3, STM32MP257F-DK, STM32MP257F-EV1, STM32MP257FAI3, STM32MP257FAK3, STM32MP257FAL3, STM32N645A0H3Q, STM32N645B0H3Q, STM32N645I0H3Q, STM32N645L0H3Q, STM32N645X0H3Q, STM32N645Z0H3Q, STM32N647A0H3Q, STM32N647B0H3Q, STM32N647I0H3Q, STM32N647L0H3Q, STM32N647X0H3Q, STM32N647Z0H3Q, STM32N655A0H3Q, STM32N655B0H3Q, STM32N655I0H3Q, STM32N655L0H3Q, STM32N655X0H3Q, STM32N655Z0H3Q, STM32N6570-DK, STM32N657A0H3Q, STM32N657B0H3Q, STM32N657I0H3Q, STM32N657L0H3Q, STM32N657X0H3Q, STM32N657Z0H3Q, STM32U031C6T6, STM32U031C6U6, STM32U031C8T6, STM32U031C8U6, STM32U031F4P6, STM32U031F6P6, STM32U031F8P6, STM32U031G6Y6TR, STM32U031G8Y6TR, STM32U031K4U6, STM32U031K6U6, STM32U031K8U6, STM32U031R6I6, STM32U031R6T6, STM32U031R8I6, STM32U031R8T6, STM32U073C8T6, STM32U073C8U6, STM32U073CBT6, STM32U073CBU6, STM32U073CCT6, STM32U073CCU6, STM32U073H8Y6TR, STM32U073HBY6TR, STM32U073HCY6TR, STM32U073K8U6, STM32U073KBU6, STM32U073KCU6, STM32U073M8I6, STM32U073M8T6, STM32U073MBI6, STM32U073MBT6, STM32U073MCI6, STM32U073MCT6, STM32U073R8I6, STM32U073R8T6, STM32U073RBI6, STM32U073RBT6, STM32U073RCI6, STM32U073RCT6, STM32U083C-DK, STM32U083CCT6, STM32U083CCU6, STM32U083HCY6TR, STM32U083KCU6, STM32U083MCI6, STM32U083MCT6, STM32U083RCI6, STM32U083RCT6, STM32U375CET6, STM32U375CET6Q, STM32U375CEU6, STM32U375CEU6Q, STM32U375CEY6QTR, STM32U375CGT6, STM32U375CGT6Q, STM32U375CGU6, STM32U375CGU6Q, STM32U375CGY6QTR, STM32U375KEU6, STM32U375KGU6, STM32U375REI6, STM32U375REI6Q, STM32U375RET6, STM32U375RET6Q, STM32U375REY6GTR, STM32U375REY6QTR, STM32U375RGI6, STM32U375RGI6Q, STM32U375RGT6, STM32U375RGT6Q, STM32U375RGY6GTR, STM32U375RGY6QTR, STM32U375VEI6, STM32U375VEI6Q, STM32U375VET6, STM32U375VET6Q, STM32U375VGI6, STM32U375VGI6Q, STM32U375VGT6, STM32U375VGT6Q, STM32U385CGT6, STM32U385CGT6Q, STM32U385CGU6, STM32U385CGU6Q, STM32U385CGY6QTR, STM32U385KGU6, STM32U385RGI6, STM32U385RGI6Q, STM32U385RGT6, STM32U385RGT6Q, STM32U385RGY6GTR, STM32U385RGY6QTR, STM32U385VGI6, STM32U385VGI6Q, STM32U385VGT6, STM32U385VGT6Q, STM32U535CBT6, STM32U535CBT6Q, STM32U535CBU6, STM32U535CBU6Q, STM32U535CCT6, STM32U535CCT6Q, STM32U535CCU6, STM32U535CCU6Q, STM32U535CET6, STM32U535CET6Q, STM32U535CEU6, STM32U535CEU6Q, STM32U535JEY6QTR, STM32U535NCY6QTR, STM32U535NEY6QTR, STM32U535RBI6, STM32U535RBI6Q, STM32U535RBT6, STM32U535RBT6Q, STM32U535RCI6, STM32U535RCI6Q, STM32U535RCT6, STM32U535RCT6Q, STM32U535REI6, STM32U535REI6Q, STM32U535RET6, STM32U535RET6Q, STM32U535VCI6, STM32U535VCI6Q, STM32U535VCT6, STM32U535VCT6Q, STM32U535VEI6, STM32U535VEI6Q, STM32U535VET6, STM32U535VET6Q, STM32U545CET6, STM32U545CET6Q, STM32U545CEU6, STM32U545CEU6Q, STM32U545JEY6QTR, STM32U545NEY6QTR, STM32U545REI6, STM32U545REI6Q, STM32U545RET6, STM32U545RET6Q, STM32U545VEI6, STM32U545VEI6Q, STM32U545VET6, STM32U545VET6Q, STM32U595AIH6, STM32U595AIH6Q, STM32U595AJH6, STM32U595AJH6Q, STM32U595QII6, STM32U595QII6Q, STM32U595QJI6, STM32U595QJI6Q, STM32U595RIT6, STM32U595RIT6Q, STM32U595RJT6, STM32U595RJT6Q, STM32U595VIT6, STM32U595VIT6Q, STM32U595VJT6, STM32U595VJT6Q, STM32U595ZIT6, STM32U595ZIT6Q, STM32U595ZIY6QTR, STM32U595ZJT6, STM32U595ZJT6Q, STM32U595ZJY6QTR, STM32U599BJY6QTR, STM32U599NIH6Q, STM32U599NJH6Q, STM32U599VIT6Q, STM32U599VJT6, STM32U599VJT6Q, STM32U599ZIT6Q, STM32U599ZIY6QTR, STM32U599ZJT6Q, STM32U599ZJY6QTR, STM32U5A5AJH6, STM32U5A5AJH6Q, STM32U5A5QII3Q , STM32U5A5QJI6, STM32U5A5QJI6Q, STM32U5A5RJT6, STM32U5A5RJT6Q, STM32U5A5VJT6, STM32U5A5VJT6Q, STM32U5A5ZJT6, STM32U5A5ZJT6Q, STM32U5A5ZJY6QTR, STM32U5A9BJY6QTR, STM32U5A9J-DK, STM32U5A9NJH6Q, STM32U5A9VJT6Q, STM32U5A9ZJT6Q, STM32U5A9ZJY6QTR, STM32U5F7VIT6, STM32U5F7VIT6Q, STM32U5F7VJT6, STM32U5F7VJT6Q, STM32U5F9BJY6QTR, STM32U5F9NJH6Q, STM32U5F9VIT6Q, STM32U5F9VJT6Q, STM32U5F9ZIJ6QTR, STM32U5F9ZIT6Q, STM32U5F9ZJJ6QTR, STM32U5F9ZJT6Q, STM32U5G7VJT6, STM32U5G7VJT6Q, STM32U5G9BJY6QTR, STM32U5G9J-DK1, STM32U5G9J-DK2, STM32U5G9NJH6Q, STM32U5G9VJT6Q, STM32U5G9ZJJ6QTR, STM32U5G9ZJT6Q, STM32WB05KZV6TR, STM32WB05KZV7TR, STM32WB05TZF6TR, STM32WB05TZF7TR, STM32WB06CCF6TR, STM32WB06CCF7TR, STM32WB06CCV6TR, STM32WB06CCV7TR, STM32WB06KCV6TR, STM32WB06KCV7TR, STM32WB07CCF6TR, STM32WB07CCF7TR, STM32WB07CCV6TR, STM32WB07CCV7TR, STM32WB07KCV6TR, STM32WB07KCV7TR, STM32WB09KEV6TR, STM32WB09KEV7TR, STM32WB09TEF6TR, STM32WB09TEF7TR, STM32WB1MMCH6, STM32WBA50KGU6, STM32WBA50KGU6TR, STM32WBA52CEU6, STM32WBA52CEU6TR, STM32WBA52CEU7, STM32WBA52CEU7TR, STM32WBA52CGU6, STM32WBA52CGU6TR, STM32WBA52CGU6U, STM32WBA52CGU7, STM32WBA52CGU7TR, STM32WBA52KEU6, STM32WBA52KEU6TR, STM32WBA52KGU6, STM32WBA52KGU6TR, STM32WBA54CEU6, STM32WBA54CEU6TR, STM32WBA54CEU7, STM32WBA54CEU7TR, STM32WBA54CGU6, STM32WBA54CGU6TR, STM32WBA54CGU7, STM32WBA54CGU7TR, STM32WBA54KEU6, STM32WBA54KEU6TR, STM32WBA54KEU7, STM32WBA54KEU7TR, STM32WBA54KGU6, STM32WBA54KGU6TR, STM32WBA54KGU7, STM32WBA54KGU7TR, STM32WBA55CEU6, STM32WBA55CEU6TR, STM32WBA55CEU7, STM32WBA55CEU7TR, STM32WBA55CGU6, STM32WBA55CGU6TR, STM32WBA55CGU6U, STM32WBA55CGU7, STM32WBA55CGU7TR, STM32WBA55G-DK1, STM32WBA55HEF6, STM32WBA55HEF7, STM32WBA55HGF6, STM32WBA55HGF7, STM32WBA55UEI6, STM32WBA55UEI6TR, STM32WBA55UEI7, STM32WBA55UEI7TR, STM32WBA55UGI6, STM32WBA55UGI6TR, STM32WBA55UGI7, STM32WBA55UGI7TR, STM32WBA5MMGH6TR, STM32WBA62MGF6, STM32WBA62MIF6, STM32WBA65MGF7, STM32WBA65MIF6, STM32WBA65MIF7, STM32WL30K8V6, STM32WL30KBV6, STM32WL31C8V6, STM32WL31CBV6, STM32WL31K8V6, STM32WL31KBV6, STM32WL33C8V6, STM32WL33C8V6X, STM32WL33CBV6, STM32WL33CBV6X, STM32WL33CCV6, STM32WL33CCV6A, STM32WL33CCV6X, STM32WL33K8V7, STM32WL33K8V7X, STM32WL33KBV7 , STM32WL33KBV7X, STM32WL33KCV7, STM32WL33KCV7X, STM32WL5MOCH6, STM32WL5MOCH6TR]
2026-02-12 16:27:51,656 [INFO] DbMcus:218 - Found 4876 MCUs, 4876 are supported
2026-02-12 16:27:51,657 [INFO] ApiDb:423 - Load user favorites file C:\Users\Hemanth Madu/.stm32cubeide/favorites.mcus.txt: 0 item(s)
2026-02-12 16:27:51,657 [INFO] ApiDb:427 - User favorites MCUs=[]
2026-02-12 16:27:51,657 [INFO] DbMcus:224 - Set 0 / 0 favorites MCUs
2026-02-12 16:27:52,233 [INFO] ApiDb:668 - CubeFinder database Data Model version=2.1
2026-02-12 16:27:52,233 [INFO] ApiDb:669 - CubeFinder database Configuration version=3.0.39
2026-02-12 16:27:52,233 [INFO] ApiDb:670 - CubeFinder database generation date=2025-12-22 (1766407740)
2026-02-12 16:27:52,233 [INFO] ApiDb:671 - CubeFinder database FW Pack versions=[FP-ATR-ASTRA1_V2.0.0, FP-SNS-FLIGHT1_V5.1.0, FP-SNS-MOTENV1_V5.1.0, FP-SNS-MOTENVWB1_V1.4.0, FP-SNS-SMARTAG2_V1.2.0, FP-SNS-STBOX1_V2.1.0, STM32Cube_FW_C0_V1.4.0, STM32Cube_FW_F4_V1.28.3, STM32Cube_FW_F7_V1.17.4, STM32Cube_FW_G0_V1.6.2, STM32Cube_FW_G4_V1.6.1, STM32Cube_FW_H5_V1.5.1, STM32Cube_FW_H7RS_V1.3.0, STM32Cube_FW_H7_V1.12.1, STM32Cube_FW_L0_V1.12.2, STM32Cube_FW_L4_V1.18.1, STM32Cube_FW_L5_V1.6.0, STM32Cube_FW_N6_V1.3.0, STM32Cube_FW_U0_V1.3.0, STM32Cube_FW_U3_V1.2.1, STM32Cube_FW_U5_V1.8.0, STM32Cube_FW_WB0_V1.4.0, STM32Cube_FW_WBA_V1.8.0, STM32Cube_FW_WB_V1.24.0, STM32Cube_FW_WL3_V1.3.0, STM32Cube_FW_WL_V1.4.0, X-CUBE-ALGOBUILD_V1.4.0, X-CUBE-ALS_V1.0.2, X-CUBE-AZRTOS-F4_V1.1.0, X-CUBE-AZRTOS-F7_V1.1.0, X-CUBE-AZRTOS-G0_V1.1.0, X-CUBE-AZRTOS-G4_V2.0.0, X-CUBE-AZRTOS-H7RS_V1.1.0, X-CUBE-AZRTOS-H7_V3.4.0, X-CUBE-AZRTOS-L4_V2.0.0, X-CUBE-AZRTOS-L5_V2.0.0, X-CUBE-AZRTOS-WB_V2.0.0, X-CUBE-AZRTOS-WL_V2.0.0, X-CUBE-BLE1_V7.1.0, X-CUBE-BLE2_V3.3.0, X-CUBE-BLEMGR_V4.1.0, X-CUBE-EEPRMA1_V5.2.0, X-CUBE-FREERTOS_V1.3.1, X-CUBE-GNSS1_V6.0.0, X-CUBE-MEMS1_V12.0.0, X-CUBE-NFC4_V3.0.0, X-CUBE-NFC7_V2.0.0, X-CUBE-SFXS2LP1_V4.0.0, X-CUBE-ST67W61_V1.1.0, X-CUBE-SUBG2_V5.0.0, X-CUBE-TOF1_V3.4.3]
2026-02-12 16:27:52,439 [INFO] DbBoardsSqlite:226 - include board P-NUCLEO-WB55-NUCLEO as a kit item of type 'Nucleo-64'
2026-02-12 16:27:52,439 [INFO] DbBoardsSqlite:226 - include board P-NUCLEO-WB55-USBDONGLE as a kit item of type 'Nucleo USB Dongle'
2026-02-12 16:27:52,444 [INFO] DbBoardsSqlite:226 - include board STEVAL-IDP005V1 as a kit item of type 'Evaluation Board'
2026-02-12 16:27:52,445 [INFO] DbBoardsSqlite:226 - include board STEVAL-IDP005V2 as a kit item of type 'Evaluation Board'
2026-02-12 16:27:52,631 [INFO] ApiDb:240 - Found 880 in-development CPN: [B-G473E-ZEST1S, B-WB1M-WPAN1, B-WBA5M-WPAN, B-WL5M-SUBG1, NUCLEO-C031C6, NUCLEO-C051C8, NUCLEO-C071RB, NUCLEO-C092RC, NUCLEO-H503RB, NUCLEO-H533RE, NUCLEO-H563ZI, NUCLEO-H7S3L8, NUCLEO-N657X0-Q, NUCLEO-U031R8, NUCLEO-U083RC, NUCLEO-U385RG-Q, NUCLEO-U545RE-Q, NUCLEO-U5A5ZJ-Q, NUCLEO-WB05KZ, NUCLEO-WB07CC, NUCLEO-WB09KE, NUCLEO-WBA52CG, NUCLEO-WBA55CG, NUCLEO-WL33CC1, NUCLEO-WL33CC2, STEVAL-PROTEUS1, STEVAL-SMARTAG2, STEVAL-STWINBX1, STM320518-EVAL, STM32C0116-DK, STM32C011D6Y3TR, STM32C011D6Y6TR, STM32C011F4P3, STM32C011F4P6, STM32C011F4U3, STM32C011F4U6TR, STM32C011F6P3, STM32C011F6P6, STM32C011F6U3, STM32C011F6U6TR, STM32C011J4M3, STM32C011J4M6, STM32C011J6M3, STM32C011J6M6, STM32C0316-DK, STM32C031C4T3, STM32C031C4T6, STM32C031C4U3, STM32C031C4U6, STM32C031C6T3, STM32C031C6T6, STM32C031C6U3, STM32C031C6U6, STM32C031F4P3, STM32C031F4P6, STM32C031F6P3, STM32C031F6P6, STM32C031G4U3, STM32C031G4U6, STM32C031G6U3, STM32C031G6U6, STM32C031K4T3, STM32C031K4T6, STM32C031K4U3, STM32C031K4U6, STM32C031K6T3, STM32C031K6T6, STM32C031K6U3, STM32C031K6U6, STM32C051C6T6, STM32C051C6U6, STM32C051C8T6, STM32C051C8U6, STM32C051D8Y6TR, STM32C051F6P6, STM32C051F8P6, STM32C051G6U6, STM32C051G8U6, STM32C051K6T6, STM32C051K6U6, STM32C051K8T6, STM32C071C8T6, STM32C071C8T6N, STM32C071C8U6, STM32C071C8U6N, STM32C071CBT6, STM32C071CBT6N, STM32C071CBU6, STM32C071CBU6N, STM32C071F8P6, STM32C071F8P6N, STM32C071FBP6, STM32C071FBP6N, STM32C071FBY6TR, STM32C071G8U6, STM32C071G8U6N, STM32C071GBU6, STM32C071GBU6N, STM32C071K8T6, STM32C071K8T6N, STM32C071K8U6, STM32C071K8U6N, STM32C071KBT6, STM32C071KBT6N, STM32C071KBU6, STM32C071KBU6N, STM32C071R8T6, STM32C071R8T6N, STM32C071RBI6N, STM32C071RBT6, STM32C071RBT6N, STM32C091CBT6, STM32C091CBU6, STM32C091CCT6, STM32C091CCU6, STM32C091ECY6TR, STM32C091FBP6, STM32C091FCP6, STM32C091GBU6, STM32C091GCU6, STM32C091KBT6, STM32C091KBU6, STM32C091KCT6, STM32C091KCU6, STM32C091RBT6, STM32C091RCI6, STM32C091RCT6, STM32C092CBT6, STM32C092CBU6, STM32C092CCT6, STM32C092CCU6, STM32C092ECY6TR, STM32C092FBP6, STM32C092FCP6, STM32C092GBU6, STM32C092GCU6, STM32C092KBT6, STM32C092KBU6, STM32C092KCT6, STM32C092KCU6, STM32C092RBT6, STM32C092RCI6, STM32C092RCT6, STM32G071K8TXN, STM32G071K8UXN, STM32G081GBU6N, STM32G081KBT6N, STM32G081KBUXN, STM32G0B1CCT6N, STM32G0B1KCT6, STM32G0B1NEY6TR, STM32G0B1RCT6N, STM32G0C1CCT6, STM32G0C1CCT6N, STM32G0C1CCU6N, STM32G0C1CET6N, STM32G0C1CEU6N, STM32G0C1KCT6, STM32G0C1NEY6TR, STM32G0C1RCI6N, STM32G0C1RCT6N, STM32G0C1REI6N, STM32G0C1RET6N, STM32G0C1VCI6, STM32G0C1VEI6, STM32G411C6T3, STM32G411C6T6, STM32G411C6U3, STM32G411C6U6, STM32G411C8T3, STM32G411C8T6, STM32G411C8U3, STM32G411C8U6, STM32G411CBT3, STM32G411CBT6, STM32G411CBU3, STM32G411CBU6, STM32G411K6T3, STM32G411K6T6, STM32G411K6U3, STM32G411K6U6, STM32G411K8T3, STM32G411K8T6, STM32G411K8U3, STM32G411K8U6, STM32G411KBT3, STM32G411KBT6, STM32G411KBU3, STM32G411KBU6, STM32G411M6T3, STM32G411M6T6, STM32G411M8T3, STM32G411M8T6, STM32G411MBT3, STM32G411MBT6, STM32G411R6T3, STM32G411R6T6, STM32G411R8T3, STM32G411R8T6, STM32G411RBT3, STM32G411RBT6, STM32G414CBT3, STM32G414CBT6, STM32G414CBU3, STM32G414CBU6, STM32G414CCT3, STM32G414CCT6, STM32G414CCU3, STM32G414CCU6, STM32G414MBT3, STM32G414MBT6, STM32G414MCT3, STM32G414MCT6, STM32G414RBT3, STM32G414RBT6, STM32G414RCT3, STM32G414RCT6, STM32G414VBT3, STM32G414VBT6, STM32G414VCT3, STM32G414VCT6, STM32G431CBT3Z, STM32G431RBT3Z, STM32G471CCT6, STM32G471CCU6, STM32G471CET3, STM32G471CET6, STM32G471CEU3, STM32G471CEU6, STM32G471MCT6, STM32G471MET3, STM32G471MET6, STM32G471MEY6TR, STM32G471QCT6, STM32G471QET3, STM32G471RCT6, STM32G471RET3, STM32G471RET6, STM32G471VCH6, STM32G471VCI6, STM32G471VCT6, STM32G471VEH3, STM32G471VEH6, STM32G471VEI3, STM32G471VEI6, STM32G471VET3, STM32G471VET6, STM32G473QET3Z, STM32G473RET3Z, STM32G474CCT6, STM32G491RET3Z, STM32H503CBT6, STM32H503CBU6, STM32H503EBY6TR, STM32H503KBU6, STM32H503RBT6, STM32H523CCT6, STM32H523CCU6, STM32H523CET6, STM32H523CEU6, STM32H523HEY6TR, STM32H523RCT6, STM32H523RET6, STM32H523VCI6, STM32H523VCT6, STM32H523VEI6, STM32H523VET6, STM32H523ZCJ6, STM32H523ZCT6, STM32H523ZEJ6, STM32H523ZET6, STM32H533CET6, STM32H533CEU6, STM32H533HEY6TR, STM32H533RET6, STM32H533VEI6, STM32H533VET6, STM32H533ZEJ6, STM32H533ZET6, STM32H562AGI6, STM32H562AII6, STM32H562IGK6, STM32H562IGT6, STM32H562IIK6, STM32H562IIT6, STM32H562RGT6, STM32H562RGV6, STM32H562RIT6, STM32H562RIV6, STM32H562VGT6, STM32H562VIT6, STM32H562ZGT6, STM32H562ZIT6, STM32H563AGI6, STM32H563AII3Q, STM32H563AII6, STM32H563IGK6, STM32H563IGT6, STM32H563IIK3Q, STM32H563IIK6, STM32H563IIT3Q, STM32H563IIT6, STM32H563MIY3QTR, STM32H563RGT6, STM32H563RGV6, STM32H563RIT6, STM32H563RIV6, STM32H563VGT6, STM32H563VIT3Q, STM32H563VIT6, STM32H563ZGT6, STM32H563ZIT3Q, STM32H563ZIT6, STM32H573AII3Q, STM32H573AII6, STM32H573I-DK, STM32H573IIK3Q, STM32H573IIK6, STM32H573IIT3Q, STM32H573IIT6, STM32H573MIY3QTR, STM32H573RIT6, STM32H573RIV6, STM32H573VIT3Q, STM32H573VIT6, STM32H573ZIT3Q, STM32H573ZIT6, STM32H7R3A8I6, STM32H7R3I8K6, STM32H7R3I8T6, STM32H7R3L8H6, STM32H7R3L8H6H, STM32H7R3R8V6, STM32H7R3V8H6, STM32H7R3V8T6, STM32H7R3V8Y6TR, STM32H7R3Z8J6, STM32H7R3Z8T6, STM32H7R7A8I6, STM32H7R7I8K6, STM32H7R7I8T6, STM32H7R7L8H6, STM32H7R7L8H6H, STM32H7R7Z8J6, STM32H7S3A8I6, STM32H7S3I8K6, STM32H7S3I8T6, STM32H7S3L8H6, STM32H7S3L8H6H, STM32H7S3R8V6, STM32H7S3V8H6, STM32H7S3V8T6, STM32H7S3V8Y6TR, STM32H7S3Z8J6, STM32H7S3Z8T6, STM32H7S78-DK, STM32H7S7A8I6, STM32H7S7I8K6, STM32H7S7I8T6, STM32H7S7L8H6, STM32H7S7L8H6H, STM32H7S7Z8J6, STM32L4R5QGI6STR, STM32MP131AAE3, STM32MP131AAF3, STM32MP131AAG3, STM32MP131CAE3, STM32MP131CAF3, STM32MP131CAG3, STM32MP131DAE7, STM32MP131DAF7, STM32MP131DAG7, STM32MP131FAE7, STM32MP131FAF7, STM32MP131FAG7, STM32MP133AAE3, STM32MP133AAF3, STM32MP133AAG3, STM32MP133CAE3, STM32MP133CAF3, STM32MP133CAG3, STM32MP133DAE7, STM32MP133DAF7, STM32MP133DAG7, STM32MP133FAE7, STM32MP133FAF7, STM32MP133FAG7, STM32MP135AAE3, STM32MP135AAF3, STM32MP135AAG3, STM32MP135CAE3, STM32MP135CAF3, STM32MP135CAG3, STM32MP135DAE7, STM32MP135DAF7, STM32MP135DAG7, STM32MP135F-DK, STM32MP135FAE7, STM32MP135FAF7, STM32MP135FAF7T, STM32MP135FAF7U, STM32MP135FAG7, STM32MP211AAL3, STM32MP211AAM3, STM32MP211AAN3, STM32MP211AAO3, STM32MP211CAL3, STM32MP211CAM3, STM32MP211CAN3, STM32MP211CAO3, STM32MP211DAL3, STM32MP211DAM3, STM32MP211DAN3, STM32MP211DAO3, STM32MP211FAL3, STM32MP211FAM3, STM32MP211FAN3, STM32MP211FAO3, STM32MP213AAL3, STM32MP213AAM3, STM32MP213AAN3, STM32MP213AAO3, STM32MP213CAL3, STM32MP213CAM3, STM32MP213CAN3, STM32MP213CAO3, STM32MP213DAL3, STM32MP213DAM3, STM32MP213DAN3, STM32MP213DAO3, STM32MP213FAL3, STM32MP213FAM3, STM32MP213FAN3, STM32MP213FAO3, STM32MP215AAL3, STM32MP215AAM3, STM32MP215AAN3, STM32MP215AAO3, STM32MP215CAL3, STM32MP215CAM3, STM32MP215CAN3, STM32MP215CAO3, STM32MP215DAL3, STM32MP215DAM3, STM32MP215DAN3, STM32MP215DAO3, STM32MP215F-DK, STM32MP215FAL3, STM32MP215FAM3, STM32MP215FAN3, STM32MP215FAO3, STM32MP231AAJ3, STM32MP231AAK3, STM32MP231AAL3, STM32MP231CAJ3, STM32MP231CAK3, STM32MP231CAL3, STM32MP231DAJ3, STM32MP231DAK3, STM32MP231DAL3, STM32MP231FAJ3, STM32MP231FAK3, STM32MP231FAL3, STM32MP233AAJ3, STM32MP233AAK3, STM32MP233AAL3, STM32MP233CAJ3, STM32MP233CAK3, STM32MP233CAL3, STM32MP233DAJ3, STM32MP233DAK3, STM32MP233DAL3, STM32MP233FAJ3, STM32MP233FAK3, STM32MP233FAL3, STM32MP235AAJ3, STM32MP235AAK3, STM32MP235AAL3, STM32MP235CAJ3, STM32MP235CAK3, STM32MP235CAL3, STM32MP235DAJ3, STM32MP235DAK3, STM32MP235DAL3, STM32MP235FAJ3, STM32MP235FAK3, STM32MP235FAL3, STM32MP251AAI3, STM32MP251AAK3, STM32MP251AAL3, STM32MP251CAI3, STM32MP251CAK3, STM32MP251CAL3, STM32MP251DAI3, STM32MP251DAK3, STM32MP251DAL3, STM32MP251FAI3, STM32MP251FAK3, STM32MP251FAL3, STM32MP253AAI3, STM32MP253AAK3, STM32MP253AAL3, STM32MP253CAI3, STM32MP253CAK3, STM32MP253CAL3, STM32MP253DAI3, STM32MP253DAK3, STM32MP253DAL3, STM32MP253FAI3, STM32MP253FAK3, STM32MP253FAL3, STM32MP255AAI3, STM32MP255AAK3, STM32MP255AAL3, STM32MP255CAI3, STM32MP255CAK3, STM32MP255CAL3, STM32MP255DAI3, STM32MP255DAK3, STM32MP255DAL3, STM32MP255FAI3, STM32MP255FAK3, STM32MP255FAL3, STM32MP257AAI3, STM32MP257AAK3, STM32MP257AAL3, STM32MP257CAI3, STM32MP257CAK3, STM32MP257CAL3, STM32MP257DAI3, STM32MP257DAK3, STM32MP257DAL3, STM32MP257F-DK, STM32MP257F-EV1, STM32MP257FAI3, STM32MP257FAK3, STM32MP257FAL3, STM32N645A0H3Q, STM32N645B0H3Q, STM32N645I0H3Q, STM32N645L0H3Q, STM32N645X0H3Q, STM32N645Z0H3Q, STM32N647A0H3Q, STM32N647B0H3Q, STM32N647I0H3Q, STM32N647L0H3Q, STM32N647X0H3Q, STM32N647Z0H3Q, STM32N655A0H3Q, STM32N655B0H3Q, STM32N655I0H3Q, STM32N655L0H3Q, STM32N655X0H3Q, STM32N655Z0H3Q, STM32N6570-DK, STM32N657A0H3Q, STM32N657B0H3Q, STM32N657I0H3Q, STM32N657L0H3Q, STM32N657X0H3Q, STM32N657Z0H3Q, STM32U031C6T6, STM32U031C6U6, STM32U031C8T6, STM32U031C8U6, STM32U031F4P6, STM32U031F6P6, STM32U031F8P6, STM32U031G6Y6TR, STM32U031G8Y6TR, STM32U031K4U6, STM32U031K6U6, STM32U031K8U6, STM32U031R6I6, STM32U031R6T6, STM32U031R8I6, STM32U031R8T6, STM32U073C8T6, STM32U073C8U6, STM32U073CBT6, STM32U073CBU6, STM32U073CCT6, STM32U073CCU6, STM32U073H8Y6TR, STM32U073HBY6TR, STM32U073HCY6TR, STM32U073K8U6, STM32U073KBU6, STM32U073KCU6, STM32U073M8I6, STM32U073M8T6, STM32U073MBI6, STM32U073MBT6, STM32U073MCI6, STM32U073MCT6, STM32U073R8I6, STM32U073R8T6, STM32U073RBI6, STM32U073RBT6, STM32U073RCI6, STM32U073RCT6, STM32U083C-DK, STM32U083CCT6, STM32U083CCU6, STM32U083HCY6TR, STM32U083KCU6, STM32U083MCI6, STM32U083MCT6, STM32U083RCI6, STM32U083RCT6, STM32U375CET6, STM32U375CET6Q, STM32U375CEU6, STM32U375CEU6Q, STM32U375CEY6QTR, STM32U375CGT6, STM32U375CGT6Q, STM32U375CGU6, STM32U375CGU6Q, STM32U375CGY6QTR, STM32U375KEU6, STM32U375KGU6, STM32U375REI6, STM32U375REI6Q, STM32U375RET6, STM32U375RET6Q, STM32U375REY6GTR, STM32U375REY6QTR, STM32U375RGI6, STM32U375RGI6Q, STM32U375RGT6, STM32U375RGT6Q, STM32U375RGY6GTR, STM32U375RGY6QTR, STM32U375VEI6, STM32U375VEI6Q, STM32U375VET6, STM32U375VET6Q, STM32U375VGI6, STM32U375VGI6Q, STM32U375VGT6, STM32U375VGT6Q, STM32U385CGT6, STM32U385CGT6Q, STM32U385CGU6, STM32U385CGU6Q, STM32U385CGY6QTR, STM32U385KGU6, STM32U385RGI6, STM32U385RGI6Q, STM32U385RGT6, STM32U385RGT6Q, STM32U385RGY6GTR, STM32U385RGY6QTR, STM32U385VGI6, STM32U385VGI6Q, STM32U385VGT6, STM32U385VGT6Q, STM32U535CBT6, STM32U535CBT6Q, STM32U535CBU6, STM32U535CBU6Q, STM32U535CCT6, STM32U535CCT6Q, STM32U535CCU6, STM32U535CCU6Q, STM32U535CET6, STM32U535CET6Q, STM32U535CEU6, STM32U535CEU6Q, STM32U535JEY6QTR, STM32U535NCY6QTR, STM32U535NEY6QTR, STM32U535RBI6, STM32U535RBI6Q, STM32U535RBT6, STM32U535RBT6Q, STM32U535RCI6, STM32U535RCI6Q, STM32U535RCT6, STM32U535RCT6Q, STM32U535REI6, STM32U535REI6Q, STM32U535RET6, STM32U535RET6Q, STM32U535VCI6, STM32U535VCI6Q, STM32U535VCT6, STM32U535VCT6Q, STM32U535VEI6, STM32U535VEI6Q, STM32U535VET6, STM32U535VET6Q, STM32U545CET6, STM32U545CET6Q, STM32U545CEU6, STM32U545CEU6Q, STM32U545JEY6QTR, STM32U545NEY6QTR, STM32U545REI6, STM32U545REI6Q, STM32U545RET6, STM32U545RET6Q, STM32U545VEI6, STM32U545VEI6Q, STM32U545VET6, STM32U545VET6Q, STM32U595AIH6, STM32U595AIH6Q, STM32U595AJH6, STM32U595AJH6Q, STM32U595QII6, STM32U595QII6Q, STM32U595QJI6, STM32U595QJI6Q, STM32U595RIT6, STM32U595RIT6Q, STM32U595RJT6, STM32U595RJT6Q, STM32U595VIT6, STM32U595VIT6Q, STM32U595VJT6, STM32U595VJT6Q, STM32U595ZIT6, STM32U595ZIT6Q, STM32U595ZIY6QTR, STM32U595ZJT6, STM32U595ZJT6Q, STM32U595ZJY6QTR, STM32U599BJY6QTR, STM32U599NIH6Q, STM32U599NJH6Q, STM32U599VIT6Q, STM32U599VJT6, STM32U599VJT6Q, STM32U599ZIT6Q, STM32U599ZIY6QTR, STM32U599ZJT6Q, STM32U599ZJY6QTR, STM32U5A5AJH6, STM32U5A5AJH6Q, STM32U5A5QII3Q , STM32U5A5QJI6, STM32U5A5QJI6Q, STM32U5A5RJT6, STM32U5A5RJT6Q, STM32U5A5VJT6, STM32U5A5VJT6Q, STM32U5A5ZJT6, STM32U5A5ZJT6Q, STM32U5A5ZJY6QTR, STM32U5A9BJY6QTR, STM32U5A9J-DK, STM32U5A9NJH6Q, STM32U5A9VJT6Q, STM32U5A9ZJT6Q, STM32U5A9ZJY6QTR, STM32U5F7VIT6, STM32U5F7VIT6Q, STM32U5F7VJT6, STM32U5F7VJT6Q, STM32U5F9BJY6QTR, STM32U5F9NJH6Q, STM32U5F9VIT6Q, STM32U5F9VJT6Q, STM32U5F9ZIJ6QTR, STM32U5F9ZIT6Q, STM32U5F9ZJJ6QTR, STM32U5F9ZJT6Q, STM32U5G7VJT6, STM32U5G7VJT6Q, STM32U5G9BJY6QTR, STM32U5G9J-DK1, STM32U5G9J-DK2, STM32U5G9NJH6Q, STM32U5G9VJT6Q, STM32U5G9ZJJ6QTR, STM32U5G9ZJT6Q, STM32WB05KZV6TR, STM32WB05KZV7TR, STM32WB05TZF6TR, STM32WB05TZF7TR, STM32WB06CCF6TR, STM32WB06CCF7TR, STM32WB06CCV6TR, STM32WB06CCV7TR, STM32WB06KCV6TR, STM32WB06KCV7TR, STM32WB07CCF6TR, STM32WB07CCF7TR, STM32WB07CCV6TR, STM32WB07CCV7TR, STM32WB07KCV6TR, STM32WB07KCV7TR, STM32WB09KEV6TR, STM32WB09KEV7TR, STM32WB09TEF6TR, STM32WB09TEF7TR, STM32WB1MMCH6, STM32WBA50KGU6, STM32WBA50KGU6TR, STM32WBA52CEU6, STM32WBA52CEU6TR, STM32WBA52CEU7, STM32WBA52CEU7TR, STM32WBA52CGU6, STM32WBA52CGU6TR, STM32WBA52CGU6U, STM32WBA52CGU7, STM32WBA52CGU7TR, STM32WBA52KEU6, STM32WBA52KEU6TR, STM32WBA52KGU6, STM32WBA52KGU6TR, STM32WBA54CEU6, STM32WBA54CEU6TR, STM32WBA54CEU7, STM32WBA54CEU7TR, STM32WBA54CGU6, STM32WBA54CGU6TR, STM32WBA54CGU7, STM32WBA54CGU7TR, STM32WBA54KEU6, STM32WBA54KEU6TR, STM32WBA54KEU7, STM32WBA54KEU7TR, STM32WBA54KGU6, STM32WBA54KGU6TR, STM32WBA54KGU7, STM32WBA54KGU7TR, STM32WBA55CEU6, STM32WBA55CEU6TR, STM32WBA55CEU7, STM32WBA55CEU7TR, STM32WBA55CGU6, STM32WBA55CGU6TR, STM32WBA55CGU6U, STM32WBA55CGU7, STM32WBA55CGU7TR, STM32WBA55G-DK1, STM32WBA55HEF6, STM32WBA55HEF7, STM32WBA55HGF6, STM32WBA55HGF7, STM32WBA55UEI6, STM32WBA55UEI6TR, STM32WBA55UEI7, STM32WBA55UEI7TR, STM32WBA55UGI6, STM32WBA55UGI6TR, STM32WBA55UGI7, STM32WBA55UGI7TR, STM32WBA5MMGH6TR, STM32WBA62MGF6, STM32WBA62MIF6, STM32WBA65MGF7, STM32WBA65MIF6, STM32WBA65MIF7, STM32WL30K8V6, STM32WL30KBV6, STM32WL31C8V6, STM32WL31CBV6, STM32WL31K8V6, STM32WL31KBV6, STM32WL33C8V6, STM32WL33C8V6X, STM32WL33CBV6, STM32WL33CBV6X, STM32WL33CCV6, STM32WL33CCV6A, STM32WL33CCV6X, STM32WL33K8V7, STM32WL33K8V7X, STM32WL33KBV7 , STM32WL33KBV7X, STM32WL33KCV7, STM32WL33KCV7X, STM32WL5MOCH6, STM32WL5MOCH6TR]
2026-02-12 16:27:52,788 [INFO] BoardInfo:889 - No configuration file found for board P-NUCLEO-WB55
2026-02-12 16:27:52,789 [INFO] DbBoards:161 - Kit is not supported: P-NUCLEO-WB55
2026-02-12 16:27:52,793 [INFO] BoardInfo:889 - No configuration file found for board STEVAL-BFA001V1B
2026-02-12 16:27:52,793 [INFO] DbBoards:161 - Kit is not supported: STEVAL-BFA001V1B
2026-02-12 16:27:52,794 [INFO] BoardInfo:889 - No configuration file found for board STEVAL-BFA001V2B
2026-02-12 16:27:52,794 [INFO] DbBoards:161 - Kit is not supported: STEVAL-BFA001V2B
2026-02-12 16:27:52,971 [INFO] DbBoards:168 - Found 212 boards, 209 are supported
2026-02-12 16:27:52,971 [INFO] DbBoards:169 - Found 212 boards, 43 of them is supported for  Bsp
2026-02-12 16:27:52,974 [INFO] ApiDb:423 - Load user favorites file C:\Users\Hemanth Madu/.stm32cubeide/favorites.boards.txt: 0 item(s)
2026-02-12 16:27:52,975 [INFO] ApiDb:427 - User favorites Boards=[]
2026-02-12 16:27:52,975 [INFO] DbBoards:198 - Set 0 / 0 favorites Boards
2026-02-12 16:27:52,975 [INFO] McuFinderGlobals:76 - Set McuFinderConnectedMode to true
2026-02-12 16:27:52,994 [INFO] MultiScanPanel:200 - Auto-refresh data requested => check proxy status ongoing
2026-02-12 16:27:53,001 [INFO] FinderPluginLoader:96 - Searching for filters in installed packs
2026-02-12 16:27:54,598 [INFO] LoadUrlFilesThread:185 - End of LoadServerUrlFiles without Thread
2026-02-12 16:27:54,616 [INFO] DetailPanel:341 - Set advertising image to C:/Users/Hemanth Madu/STM32Cube/Repository/\en.prom-stm32c0-entry-level-graphic-0226.png
2026-02-12 16:27:55,151 [INFO] MultiScanPanel:728 - adjusting invalid saved split location: -0.1
2026-02-12 16:27:55,627 [INFO] MultiScanPanel:728 - adjusting invalid saved split location: -0.1
2026-02-12 16:28:07,299 [INFO] MultiScanPanel:200 - Auto-refresh data requested => check proxy status ongoing
2026-02-12 16:28:07,518 [INFO] LoadUrlFilesThread:185 - End of LoadServerUrlFiles without Thread
2026-02-12 16:28:07,519 [INFO] DetailPanel:341 - Set advertising image to C:/Users/Hemanth Madu/STM32Cube/Repository/\en.prom-stm32c0-entry-level-graphic-0226.png
2026-02-12 16:28:07,535 [INFO] DbBoards:642 - Loading board mini-images...
2026-02-12 16:28:11,561 [ERROR] DbBoards:659 - Image file not found for board STM32MP215F-DK: C:\Users\Hemanth Madu\.stmcufinder\plugins\mcufinder//mcu//boards_images/STM32MP215F-DK.jpg
2026-02-12 16:28:11,844 [INFO] DbBoards:665 - Loaded 211 board mini-images
2026-02-12 16:28:41,477 [INFO] MainUpdater:2872 - connection check result : 10
2026-02-12 16:28:41,477 [INFO] MainUpdater:2872 - connection check result : 10
2026-02-12 16:28:41,500 [INFO] MicroXplorer:468 - Change Database Path : 
2026-02-12 16:28:41,501 [INFO] MicroXplorer:498 - Change Database Version : DB.6.0.150
2026-02-12 16:28:41,511 [WARN] ThirdParty:871 - waiting for thirdparty lock release [close project]
2026-02-12 16:28:41,512 [INFO] ThirdParty:873 - entering critical section [close project]
2026-02-12 16:28:41,513 [INFO] ThirdParty:883 - exiting critical section [close project]
2026-02-12 16:28:41,517 [INFO] PinOutPanel:1589 - setPackage(No Configuration,No Configuration)
2026-02-12 16:28:41,518 [INFO] UtilMem:75 - Begin LoadConfig() Used Memory: 779477648 Bytes (1027604480)
2026-02-12 16:28:41,523 [INFO] OpenFileManager:355 - Change cursor
2026-02-12 16:28:41,608 [INFO] ProjectFactory:514 - No CPN specified for board NUCLEO-L476RG => set CPN to STM32L476RGT3
2026-02-12 16:28:41,610 [INFO] Mcu:2029 - Initializing MCU STM32L476R(C-E-G)Tx STM32L476RGTx STM32L476RGT3
2026-02-12 16:28:44,540 [INFO] Context:786 - Trying to add GPIOservice into a context  which must be forbidden
2026-02-12 16:28:45,278 [INFO] Rule:233 - rule 117617 - U5Cobra4M][GTZC] default value MPCBB3 and MPCBB5 - Not Secured memory - MPCBB1 is applicable
2026-02-12 16:28:45,279 [INFO] Rule:233 - rule 117617 - U5Cobra4M][GTZC] default value MPCBB3 and MPCBB5 - Not Secured memory - MPCBB1 is applicable
2026-02-12 16:28:45,279 [INFO] Rule:233 - rule 117617 - U5Cobra4M][GTZC] default value MPCBB3 and MPCBB5 - Not Secured memory - MPCBB2 is applicable
2026-02-12 16:28:45,279 [INFO] Rule:233 - rule 117617 - U5Cobra4M][GTZC] default value MPCBB3 and MPCBB5 - Not Secured memory - MPCBB2 is applicable
2026-02-12 16:28:45,279 [INFO] Rule:233 - rule 117617 - U5Cobra4M][GTZC] default value MPCBB3 and MPCBB5 - Not Secured memory - MPCBB3 is applicable
2026-02-12 16:28:45,280 [INFO] Rule:233 - rule 117617 - U5Cobra4M][GTZC] default value MPCBB3 and MPCBB5 - Not Secured memory - MPCBB3 is applicable
2026-02-12 16:28:45,280 [INFO] Rule:233 - rule 117617 - U5Cobra4M][GTZC] default value MPCBB3 and MPCBB5 - Not Secured memory - MPCBB4 is applicable
2026-02-12 16:28:45,280 [INFO] Rule:233 - rule 117617 - U5Cobra4M][GTZC] default value MPCBB3 and MPCBB5 - Not Secured memory - MPCBB4 is applicable
2026-02-12 16:28:45,280 [INFO] Rule:233 - rule 117617 - U5Cobra4M][GTZC] default value MPCBB3 and MPCBB5 - Secured memory - MPCBB1 is applicable
2026-02-12 16:28:45,280 [INFO] Rule:233 - rule 117617 - U5Cobra4M][GTZC] default value MPCBB3 and MPCBB5 - Secured memory - MPCBB2 is applicable
2026-02-12 16:28:45,280 [INFO] Rule:233 - rule 117617 - U5Cobra4M][GTZC] default value MPCBB3 and MPCBB5 - Secured memory - MPCBB3 is applicable
2026-02-12 16:28:45,281 [INFO] Rule:233 - rule 117617 - U5Cobra4M][GTZC] default value MPCBB3 and MPCBB5 - Secured memory - MPCBB4 is applicable
2026-02-12 16:28:45,281 [INFO] Rule:233 - rule 117617 - U5Cobra4M][GTZC] default value MPCBB3 and MPCBB5 - Privileged memory - MPCBB1 is applicable
2026-02-12 16:28:45,281 [INFO] Rule:233 - rule 117617 - U5Cobra4M][GTZC] default value MPCBB3 and MPCBB5 - Privileged memory - MPCBB2 is applicable
2026-02-12 16:28:45,281 [INFO] Rule:233 - rule 117617 - U5Cobra4M][GTZC] default value MPCBB3 and MPCBB5 - Privileged memory - MPCBB3 is applicable
2026-02-12 16:28:45,281 [INFO] Rule:233 - rule 117617 - U5Cobra4M][GTZC] default value MPCBB3 and MPCBB5 - Privileged memory - MPCBB4 is applicable
2026-02-12 16:28:45,282 [INFO] Rule:233 - rule 117617 - U5Cobra4M][GTZC] default value MPCBB3 and MPCBB5 - Not Privileged memory - MPCBB1 is applicable
2026-02-12 16:28:45,282 [INFO] Rule:233 - rule 117617 - U5Cobra4M][GTZC] default value MPCBB3 and MPCBB5 - Not Privileged memory - MPCBB2 is applicable
2026-02-12 16:28:45,282 [INFO] Rule:233 - rule 117617 - U5Cobra4M][GTZC] default value MPCBB3 and MPCBB5 - Not Privileged memory - MPCBB3 is applicable
2026-02-12 16:28:45,282 [INFO] Rule:233 - rule 117617 - U5Cobra4M][GTZC] default value MPCBB3 and MPCBB5 - Not Privileged memory - MPCBB4 is applicable
2026-02-12 16:28:45,282 [INFO] Rule:233 - rule 117617 - U5Cobra4M][GTZC] default value MPCBB3 and MPCBB5 - Privileged memory - MPCBB1 is applicable
2026-02-12 16:28:45,282 [INFO] Rule:233 - rule 117617 - U5Cobra4M][GTZC] default value MPCBB3 and MPCBB5 - Privileged memory - MPCBB2 is applicable
2026-02-12 16:28:45,282 [INFO] Rule:233 - rule 117617 - U5Cobra4M][GTZC] default value MPCBB3 and MPCBB5 - Privileged memory - MPCBB3 is applicable
2026-02-12 16:28:45,282 [INFO] Rule:233 - rule 117617 - U5Cobra4M][GTZC] default value MPCBB3 and MPCBB5 - Privileged memory - MPCBB4 is applicable
2026-02-12 16:28:45,282 [INFO] Rule:233 - rule 117617 - U5Cobra4M][GTZC] default value MPCBB3 and MPCBB5 - Privileged memory - MPCBB1 is applicable
2026-02-12 16:28:45,282 [INFO] Rule:233 - rule 117617 - U5Cobra4M][GTZC] default value MPCBB3 and MPCBB5 - Privileged memory - MPCBB2 is applicable
2026-02-12 16:28:45,283 [INFO] Rule:233 - rule 117617 - U5Cobra4M][GTZC] default value MPCBB3 and MPCBB5 - Privileged memory - MPCBB3 is applicable
2026-02-12 16:28:45,283 [INFO] Rule:233 - rule 117617 - U5Cobra4M][GTZC] default value MPCBB3 and MPCBB5 - Privileged memory - MPCBB4 is applicable
2026-02-12 16:28:45,283 [INFO] Rule:233 - rule 117617 - U5Cobra4M][GTZC] default value MPCBB3 and MPCBB5 - Not Privileged memory - MPCBB1 is applicable
2026-02-12 16:28:45,283 [INFO] Rule:233 - rule 117617 - U5Cobra4M][GTZC] default value MPCBB3 and MPCBB5 - Not Privileged memory - MPCBB2 is applicable
2026-02-12 16:28:45,283 [INFO] Rule:233 - rule 117617 - U5Cobra4M][GTZC] default value MPCBB3 and MPCBB5 - Not Privileged memory - MPCBB3 is applicable
2026-02-12 16:28:45,283 [INFO] Rule:233 - rule 117617 - U5Cobra4M][GTZC] default value MPCBB3 and MPCBB5 - Not Privileged memory - MPCBB4 is applicable
2026-02-12 16:28:45,283 [INFO] Rule:233 - rule 117617 - U5Cobra4M][GTZC] default value MPCBB3 and MPCBB5 - Privileged memory - MPCBB1 is applicable
2026-02-12 16:28:45,283 [INFO] Rule:233 - rule 117617 - U5Cobra4M][GTZC] default value MPCBB3 and MPCBB5 - Privileged memory - MPCBB2 is applicable
2026-02-12 16:28:45,284 [INFO] Rule:233 - rule 117617 - U5Cobra4M][GTZC] default value MPCBB3 and MPCBB5 - Privileged memory - MPCBB3 is applicable
2026-02-12 16:28:45,284 [INFO] Rule:233 - rule 117617 - U5Cobra4M][GTZC] default value MPCBB3 and MPCBB5 - Privileged memory - MPCBB4 is applicable
2026-02-12 16:28:45,284 [INFO] Rule:233 - rule Rename SubGHz_Phy SUBGHZ_APPLICATION SUBGHZ_PINGPONG to SUBGHZ_ADV_APPLICATION is applicable
2026-02-12 16:28:45,284 [INFO] Rule:233 - rule Rename Enabled to IBEACON is applicable
2026-02-12 16:28:45,284 [INFO] Rule:233 - rule GTZC_S instance for project manager is applicable
2026-02-12 16:28:45,284 [INFO] Rule:233 - rule GTZC_S instance for context M33S is applicable
2026-02-12 16:28:45,284 [INFO] Rule:233 - rule GTZC_S instance value for IP GTZC is applicable
2026-02-12 16:28:45,284 [INFO] Rule:233 - rule GTZC_S instance for mcu.IP is applicable
2026-02-12 16:28:45,284 [INFO] Rule:233 - rule GTZC_S instance for VP is applicable
2026-02-12 16:28:45,284 [INFO] Rule:233 - rule GTZC_S instance for signal is applicable
2026-02-12 16:28:45,285 [INFO] Rule:233 - rule GTZC_S instance for mcu.Pin is applicable
2026-02-12 16:28:45,285 [INFO] Rule:233 - rule GTZC_S instance for VP is applicable
2026-02-12 16:28:45,285 [INFO] Rule:233 - rule GTZC_S instance for signal is applicable
2026-02-12 16:28:45,285 [INFO] Rule:233 - rule GTZC_S instance for mcu is applicable
2026-02-12 16:28:45,285 [INFO] Rule:233 - rule GTZC_S instance for mcu.Pin is applicable
2026-02-12 16:28:45,285 [INFO] Rule:233 - rule GTZC_S instance value for IP GTZC is applicable
2026-02-12 16:28:45,285 [INFO] Rule:233 - rule GTZC_S instance for project manager is applicable
2026-02-12 16:28:45,285 [INFO] Rule:233 - rule GTZC_S instance for context M33S is applicable
2026-02-12 16:28:45,285 [INFO] Rule:233 - rule GTZC_S instance for VP is applicable
2026-02-12 16:28:45,285 [INFO] Rule:233 - rule GTZC_S instance for signal is applicable
2026-02-12 16:28:45,286 [INFO] Rule:233 - rule SPDIFRX instance for mcu is applicable
2026-02-12 16:28:45,286 [INFO] Rule:233 - rule Rename Tracer Mode is applicable
2026-02-12 16:28:45,286 [INFO] Rule:233 - rule SPDIFRX instance value for IP SPDIFRX is applicable
2026-02-12 16:28:45,286 [INFO] Rule:233 - rule SPDIFRX instance for signal is applicable
2026-02-12 16:28:45,286 [INFO] Rule:233 - rule SPDIFRX instance for project manager is applicable
2026-02-12 16:28:45,286 [INFO] Rule:233 - rule SPDIFRX instance for project manager is applicable
2026-02-12 16:28:45,286 [INFO] Rule:233 - rule ADC Scan  fix with FW F7 is applicable
2026-02-12 16:28:45,286 [INFO] Rule:233 - rule ADC Scan  fix with FW F7 is applicable
2026-02-12 16:28:45,286 [INFO] Rule:233 - rule WakeUp0 Mode is applicable
2026-02-12 16:28:45,286 [INFO] Rule:233 - rule WakeUp0 SIGNAL is applicable
2026-02-12 16:28:45,287 [INFO] Rule:233 - rule WakeUp1 Mode is applicable
2026-02-12 16:28:45,287 [INFO] Rule:233 - rule WakeUp1 SIGNAL is applicable
2026-02-12 16:28:45,287 [INFO] Rule:233 - rule WakeUp2 Mode is applicable
2026-02-12 16:28:45,287 [INFO] Rule:233 - rule WakeUp2 SIGNAL is applicable
2026-02-12 16:28:45,287 [INFO] Rule:233 - rule WakeUp4 Mode is applicable
2026-02-12 16:28:45,287 [INFO] Rule:233 - rule WakeUp4 SIGNAL is applicable
2026-02-12 16:28:45,287 [INFO] Rule:233 - rule WakeUp5 Mode is applicable
2026-02-12 16:28:45,287 [INFO] Rule:233 - rule WakeUp5 SIGNAL is applicable
2026-02-12 16:28:45,287 [INFO] Rule:233 - rule Add RTC Activate Clock Source is applicable
2026-02-12 16:28:45,287 [INFO] Rule:233 - rule Add RTC Activate Calendar 1 is applicable
2026-02-12 16:28:45,287 [INFO] Rule:233 - rule Add RTC Activate Calendar 2 is applicable
2026-02-12 16:28:45,288 [INFO] Rule:233 - rule Add RTC Activate Calendar 3 is applicable
2026-02-12 16:28:45,288 [INFO] Rule:233 - rule UART/USART TX Mode is applicable
2026-02-12 16:28:45,288 [INFO] Rule:233 - rule UART/USART RX Mode is applicable
2026-02-12 16:28:45,288 [INFO] Rule:233 - rule UART/USART RX TX Mode is applicable
2026-02-12 16:28:45,288 [INFO] Rule:233 - rule UART/USART PARITY NONE is applicable
2026-02-12 16:28:45,288 [INFO] Rule:233 - rule UART/USART PARITY EVEN is applicable
2026-02-12 16:28:45,288 [INFO] Rule:233 - rule UART/USART PARITY ODD is applicable
2026-02-12 16:28:45,288 [INFO] Rule:233 - rule USART StopBits 1 is applicable
2026-02-12 16:28:45,288 [INFO] Rule:233 - rule USART StopBits 2 is applicable
2026-02-12 16:28:45,288 [INFO] Rule:233 - rule USART StopBits 1.5 is applicable
2026-02-12 16:28:45,288 [INFO] Rule:233 - rule USART StopBits 0.5 is applicable
2026-02-12 16:28:45,288 [INFO] Rule:233 - rule UART/USART WORD LENGTH 7 is applicable
2026-02-12 16:28:45,289 [INFO] Rule:233 - rule UART/USART WORD LENGTH 8 is applicable
2026-02-12 16:28:45,289 [INFO] Rule:233 - rule UART/USART WORD LENGTH 9 is applicable
2026-02-12 16:28:45,289 [INFO] Rule:233 - rule Rename FMC NAND NCE signal is applicable
2026-02-12 16:28:45,289 [INFO] Rule:233 - rule Rename FMC NAND INT signal is applicable
2026-02-12 16:28:45,289 [INFO] Rule:233 - rule Change Default Value for LSE Drive Capability for WB family is applicable
2026-02-12 16:28:45,289 [INFO] Rule:233 - rule Change Default Value for ADC Clock Prescaler G0 family is applicable
2026-02-12 16:28:45,289 [INFO] Rule:233 - rule Change Default Value for ADC ExternalTrigConv L4 family is applicable
2026-02-12 16:28:45,289 [INFO] Rule:233 - rule Change Default Value for ADC ExternalTrigInjecConv L4 family is applicable
2026-02-12 16:28:45,290 [INFO] Rule:233 - rule Change Default Value for ADC ExternalTrigConv F3 family is applicable
2026-02-12 16:28:45,290 [INFO] Rule:233 - rule Change Default Value for ADC ExternalTrigInjecConv F3 family is applicable
2026-02-12 16:28:45,290 [INFO] Rule:233 - rule Change Default Value for ADC ExternalTrigConv Goldfish serie is applicable
2026-02-12 16:28:45,290 [INFO] Rule:233 - rule Change Default Value for ADC ExternalTrigInjecConv Goldfish serie is applicable
2026-02-12 16:28:45,290 [INFO] Rule:233 - rule Change Default Value for ADC ExternalTrigConv L0 family is applicable
2026-02-12 16:28:45,290 [INFO] Rule:233 - rule Change Default Value for ADC ExternalTrigConv F0 family is applicable
2026-02-12 16:28:45,290 [INFO] Rule:233 - rule Change Default Value for ADC ExternalTrigConvn L1 family is applicable
2026-02-12 16:28:45,290 [INFO] Rule:233 - rule Change Default Value for ADC ExternalTrigInjecConv L1 family is applicable
2026-02-12 16:28:45,290 [INFO] Rule:233 - rule Change Default Value for ADC ExternalTrigConv F1 family is applicable
2026-02-12 16:28:45,290 [INFO] Rule:233 - rule Change Default Value for ADC ExternalTrigInjecConv F1 family is applicable
2026-02-12 16:28:45,290 [INFO] Rule:233 - rule Change Default Value for ADC ExternalTrigConv F7 family is applicable
2026-02-12 16:28:45,290 [INFO] Rule:233 - rule Change Default Value for ADC ExternalTrigInjecConv F7 family is applicable
2026-02-12 16:28:45,290 [INFO] Rule:233 - rule Change Default Value for ADC ExternalTrigConv F4 and F2 family is applicable
2026-02-12 16:28:45,291 [INFO] Rule:233 - rule Change Default Value for ADC ExternalTrigInjecConv F4 and F2 family is applicable
2026-02-12 16:28:45,291 [INFO] Rule:233 - rule ADC SamplingTime fix with FW L0  is applicable
2026-02-12 16:28:45,291 [INFO] Rule:233 - rule ADC SamplingTime fix with FW L0  is applicable
2026-02-12 16:28:45,291 [INFO] Rule:233 - rule ADC SamplingTime fix with FW L0 is applicable
2026-02-12 16:28:45,291 [INFO] Rule:233 - rule ADC SamplingTime fix with FW L0 is applicable
2026-02-12 16:28:45,291 [INFO] Rule:233 - rule ADC SamplingTime fix with FW L0  is applicable
2026-02-12 16:28:45,291 [INFO] Rule:233 - rule ADC SamplingTime fix with FW L0 is applicable
2026-02-12 16:28:45,291 [INFO] Rule:233 - rule Rename USB_OE Signal is applicable
2026-02-12 16:28:45,291 [INFO] Rule:233 - rule Rename Activate_OE Mode is applicable
2026-02-12 16:28:45,291 [INFO] Rule:233 - rule Rename DIE462/DIE415 pin PC14/OSC32_IN -> PC14-OSC32_IN (PC14) is applicable
2026-02-12 16:28:45,291 [INFO] Rule:233 - rule Rename DIE462/DIE415 pin PC15/OSC32_OUT -> PC15-OSC32_OUT (PC15) is applicable
2026-02-12 16:28:45,291 [INFO] Rule:233 - rule Rename DIE462/DIE415 pin PH0/OSC_IN -> PH0-OSC_IN (PH0) is applicable
2026-02-12 16:28:45,291 [INFO] Rule:233 - rule Rename DIE462/DIE415 pin PH1/OSC_OUT -> PH1-OSC_OUT (PH1) is applicable
2026-02-12 16:28:45,292 [INFO] Rule:233 - rule Rename DIE462 pin PA13 -> PA13 (JTMS/SWDIO) is applicable
2026-02-12 16:28:45,292 [INFO] Rule:233 - rule Rename DIE415 pin PA13 -> PA13 (JTMS/SWDIO) is applicable
2026-02-12 16:28:45,292 [INFO] Rule:233 - rule Rename DIE462 pin PA14 -> PA14 (JTCK/SWCLK) is applicable
2026-02-12 16:28:45,292 [INFO] Rule:233 - rule Rename DIE415 pin PA14 -> PA14 (JTCK/SWCLK) is applicable
2026-02-12 16:28:45,292 [INFO] Rule:233 - rule Rename DIE462/DIE415 pin PA15 -> PA15 (JTDI) is applicable
2026-02-12 16:28:45,292 [INFO] Rule:233 - rule Rename DIE462 pin PB3 -> PB3 (JTD0/TRACESWO) is applicable
2026-02-12 16:28:45,292 [INFO] Rule:233 - rule Rename DIE415 pin PB3 -> PB3 (JTD0-TRACESWO) is applicable
2026-02-12 16:28:45,292 [INFO] Rule:233 - rule Rename DIE462/DIE415 pin PB4 -> PB4 (NJTRST) is applicable
2026-02-12 16:28:45,292 [INFO] Rule:233 - rule Rename DIE462 pin PH3/BOOT0 -> PH3-BOOT0 (BOOT0) is applicable
2026-02-12 16:28:45,292 [INFO] Rule:233 - rule Rename CRYP DataEncryptionTypesList to Algorithm is applicable
2026-02-12 16:28:45,292 [INFO] Rule:233 - rule Rename AES DataEncryptionTypesList to Algorithm is applicable
2026-02-12 16:28:45,292 [INFO] Rule:233 - rule Rename TDESECB to CRYP_TDES_ECB is applicable
2026-02-12 16:28:45,292 [INFO] Rule:233 - rule Rename TDESCBC to CRYP_TDES_CBC is applicable
2026-02-12 16:28:45,293 [INFO] Rule:233 - rule Rename DESECB to CRYP_DES_ECB is applicable
2026-02-12 16:28:45,293 [INFO] Rule:233 - rule Rename DESCBC to CRYP_DES_CBC is applicable
2026-02-12 16:28:45,293 [INFO] Rule:233 - rule Rename AESECB to CRYP_AES_ECB is applicable
2026-02-12 16:28:45,293 [INFO] Rule:233 - rule Rename AESCBC to CRYP_AES_CBC is applicable
2026-02-12 16:28:45,293 [INFO] Rule:233 - rule Rename AESCTR to CRYP_AES_CTR is applicable
2026-02-12 16:28:45,293 [INFO] Rule:233 - rule Rename AESGCM to CRYP_AES_GCM is applicable
2026-02-12 16:28:45,293 [INFO] Rule:233 - rule Rename AESCCM to CRYP_AES_CCM is applicable
2026-02-12 16:28:45,293 [INFO] Rule:233 - rule Rename CAN TimeSeg1 to BS1 is applicable
2026-02-12 16:28:45,293 [INFO] Rule:233 - rule Rename CAN TimeSeg2 to BS2 is applicable
2026-02-12 16:28:45,293 [INFO] Rule:233 - rule Rename CAN SyncJumpWidth to SJW is applicable
2026-02-12 16:28:45,293 [INFO] Rule:233 - rule TimeTriggeredMode to TTCM is applicable
2026-02-12 16:28:45,293 [INFO] Rule:233 - rule Rename CAN AutoBusOff to ABOM is applicable
2026-02-12 16:28:45,294 [INFO] Rule:233 - rule Rename CAN AutoWakeUp to AWUM is applicable
2026-02-12 16:28:45,294 [INFO] Rule:233 - rule Rename CAN AutoRetransmission to NART is applicable
2026-02-12 16:28:45,294 [INFO] Rule:233 - rule Rename CAN ReceiveFifoLocked to RFLM is applicable
2026-02-12 16:28:45,294 [INFO] Rule:233 - rule Rename CAN TransmitFifoPriority to TXFP is applicable
2026-02-12 16:28:45,294 [INFO] Rule:233 - rule Rename HRTIMER HRTIM_OUTPUTFAULTLEVEL_HIGH in HRTIMER HRTIM_OUTPUTFAULTLEVEL_HIGHZ is applicable
2026-02-12 16:28:45,294 [INFO] Rule:233 - rule Rename TIMER TIM_CLEARINPUTSOURCE_OCREFCLR in  TIMER TIM_CLEARINPUTSOURCE_NONE for F7 family is applicable
2026-02-12 16:28:45,294 [INFO] Rule:233 - rule FDCAN_R1 - Rename FDCAN mode Master into Classic is applicable
2026-02-12 16:28:45,294 [INFO] Rule:233 - rule FDCAN_R2 - Rename FDCAN mode Slave into Classic is applicable
2026-02-12 16:28:45,294 [INFO] Rule:233 - rule FDCAN1_R3 - if PA10.Mode=FullDuplex, add Pin PA12 is applicable
2026-02-12 16:28:45,294 [INFO] Rule:233 - rule FDCAN1_R3 - if PA9.Mode=FullDuplex, add Pin PA11 is applicable
2026-02-12 16:28:45,294 [INFO] Rule:233 - rule FDCAN1_R3 - Alternatepin_1 - if PE1.Mode=FullDuplex, add Pin PB9 is applicable
2026-02-12 16:28:45,294 [INFO] Rule:233 - rule FDCAN1_R3 - Alternatepin_1 - if PE0.Mode=FullDuplex, add Pin PB8 is applicable
2026-02-12 16:28:45,295 [INFO] Rule:233 - rule FDCAN1_R3 - Alternatepin_2 - if PD5.Mode=FullDuplex, add Pin PD1 is applicable
2026-02-12 16:28:45,295 [INFO] Rule:233 - rule FDCAN1_R3 - Alternatepin_2 - if PD4.Mode=FullDuplex, add Pin PD0 is applicable
2026-02-12 16:28:45,295 [INFO] Rule:233 - rule FDCAN1_R4 - Rename Mode FullDuplex into Enable FDCAN_TXFD for pin PA10 is applicable
2026-02-12 16:28:45,295 [INFO] Rule:233 - rule FDCAN1_R4 - Rename Mode FullDuplex into Enable FDCAN_TXFD for pin PA9 is applicable
2026-02-12 16:28:45,295 [INFO] Rule:233 - rule FDCAN1_R4 - Alternatepin_1 - Rename Mode FullDuplex into Enable FDCAN_TXFD for pin PE1 is applicable
2026-02-12 16:28:45,295 [INFO] Rule:233 - rule FDCAN1_R4 - Alternatepin_1 - Rename Mode FullDuplex into Enable FDCAN_TXFD for pin PE0 is applicable
2026-02-12 16:28:45,295 [INFO] Rule:233 - rule FDCAN1_R4 - Alternatepin_2 - Rename Mode FullDuplex into Enable FDCAN_TXFD for pin PD5 is applicable
2026-02-12 16:28:45,296 [INFO] Rule:233 - rule FDCAN1_R4 - Alternatepin_2 - Rename Mode FullDuplex into Enable FDCAN_TXFD for pin PD4 is applicable
2026-02-12 16:28:45,296 [INFO] Rule:233 - rule FDCAN2_R3 - if PD10.Mode=FullDuplex, add Pin PB13 is applicable
2026-02-12 16:28:45,296 [INFO] Rule:233 - rule FDCAN2_R3 - if PD9.Mode=FullDuplex, add Pin PB12 is applicable
2026-02-12 16:28:45,296 [INFO] Rule:233 - rule FDCAN2_R3 - Alternatepin_1 - if PB7.Mode=FullDuplex, add Pin PB6 is applicable
2026-02-12 16:28:45,296 [INFO] Rule:233 - rule FDCAN2_R3 - Alternatepin_1 - if PD9.Mode=FullDuplex, add Pin PB12 is applicable
2026-02-12 16:28:45,296 [INFO] Rule:233 - rule FDCAN2_R4 - Rename Mode FullDuplex into Enable FDCAN_TXFD for pin PD10 is applicable
2026-02-12 16:28:45,296 [INFO] Rule:233 - rule FDCAN2_R4 - Rename Mode FullDuplex into Enable FDCAN_TXFD for pin PD9 is applicable
2026-02-12 16:28:45,296 [INFO] Rule:233 - rule FDCAN2_R4 - Alternatepin_1 - Rename Mode FullDuplex into Enable FDCAN_TXFD for pin PB7 is applicable
2026-02-12 16:28:45,296 [INFO] Rule:233 - rule FDCAN2_R4 - Alternatepin_1 - Rename Mode FullDuplex into Enable FDCAN_TXFD for pin PD6 is applicable
2026-02-12 16:28:45,296 [INFO] Rule:233 - rule USART TxPinLevelInvertParam Mode is applicable
2026-02-12 16:28:45,296 [INFO] Rule:233 - rule USART RxPinLevelInvertParam Mode is applicable
2026-02-12 16:28:45,296 [INFO] Rule:233 - rule USART DataInvertParam Mode is applicable
2026-02-12 16:28:45,297 [INFO] Rule:233 - rule USART SwapParam Mode is applicable
2026-02-12 16:28:45,297 [INFO] Rule:233 - rule USART OverrunDisableParam Mode is applicable
2026-02-12 16:28:45,297 [INFO] Rule:233 - rule USART DMADisableonRxErrorParam Mode is applicable
2026-02-12 16:28:45,297 [INFO] Rule:233 - rule USART MSBFirstParam Mode is applicable
2026-02-12 16:28:45,297 [INFO] Rule:233 - rule Update MwName for USB_DEVICE is applicable
2026-02-12 16:28:45,297 [INFO] Rule:233 - rule Change PWR_Regulator_Voltage_Scale Default Value for RCC  H7 family is applicable
2026-02-12 16:28:45,297 [INFO] Rule:233 - rule UART/USART IPParameter rename Prescaler parameter to ClockPrescaler is applicable
2026-02-12 16:28:45,297 [INFO] Rule:233 - rule UART/USART Prescaler rename Prescaler parameter to ClockPrescaler is applicable
2026-02-12 16:28:45,297 [INFO] Rule:233 - rule TIM1CLockSelection is applicable
2026-02-12 16:28:45,297 [INFO] Rule:233 - rule TIM15CLockSelection is applicable
2026-02-12 16:28:45,297 [INFO] Rule:233 - rule align RCC SDMMC3CLockSelection default value on MP1 is applicable
2026-02-12 16:28:45,297 [INFO] Rule:233 - rule align RCC SDMMC12CLockSelection default value on MP1 is applicable
2026-02-12 16:28:45,297 [INFO] Rule:233 - rule align RCC QSPICLockSelection default value on MP1 is applicable
2026-02-12 16:28:45,298 [INFO] Rule:233 - rule align RCC QSPICLockSelection default value on MP1 is applicable
2026-02-12 16:28:45,298 [INFO] Rule:233 - rule align RCC SPI6CLockSelection default value on MP1 is applicable
2026-02-12 16:28:45,298 [INFO] Rule:233 - rule align RCC LPTIM23CLockSelection default value on MP1 is applicable
2026-02-12 16:28:45,298 [INFO] Rule:233 - rule align RCC LPTIM1CLockSelection default value on MP1 is applicable
2026-02-12 16:28:45,298 [INFO] Rule:233 - rule align RCC USART1CLockSelection default value on MP1 is applicable
2026-02-12 16:28:45,298 [INFO] Rule:233 - rule align RCC USART24CLockSelection default value on MP1 is applicable
2026-02-12 16:28:45,298 [INFO] Rule:233 - rule align RCC USART6CLockSelection default value on MP1 is applicable
2026-02-12 16:28:45,298 [INFO] Rule:233 - rule align RCC UART78CLockSelection default value on MP1 is applicable
2026-02-12 16:28:45,298 [INFO] Rule:233 - rule align RCC USART35CLockSelection default value on MP1 is applicable
2026-02-12 16:28:45,298 [INFO] Rule:233 - rule align RCC SPI45CLockSelection default value on MP1 is applicable
2026-02-12 16:28:45,298 [INFO] Rule:233 - rule align RCC I2C46CLockSelection BCLK value on MP1 is applicable
2026-02-12 16:28:45,298 [INFO] Rule:233 - rule align RCC SPI45CLockSelection default value on MP1 is applicable
2026-02-12 16:28:45,298 [INFO] Rule:233 - rule align RCC I2C12CLockSelection default value on MP1 is applicable
2026-02-12 16:28:45,299 [INFO] Rule:233 - rule align RCC I2C35CLockSelection default value on MP1 is applicable
2026-02-12 16:28:45,299 [INFO] Rule:233 - rule align RCC LPTIM45CLockSelection default value on MP1 is applicable
2026-02-12 16:28:45,299 [INFO] Rule:233 - rule Rename DCMI PIXCK signal is applicable
2026-02-12 16:28:45,299 [INFO] Rule:233 - rule Change Default Value for I2C46CLockSelection MP1 family is applicable
2026-02-12 16:28:45,299 [INFO] Rule:233 - rule Change Default Value for UART for G4, G0 and WB families is applicable
2026-02-12 16:28:45,299 [INFO] Rule:233 - rule Change Default Value for USART for G4, G0 and WB families is applicable
2026-02-12 16:28:45,299 [INFO] Rule:233 - rule Change Default Value for USART for G4 family is applicable
2026-02-12 16:28:45,299 [INFO] Rule:233 - rule Change USART1CLockSelection refparam name for MP1 is applicable
2026-02-12 16:28:45,299 [INFO] Rule:233 - rule Change USART2CLockSelection refparam name for MP1 is applicable
2026-02-12 16:28:45,299 [INFO] Rule:233 - rule Change USART3CLockSelection refparam name for MP1 is applicable
2026-02-12 16:28:45,299 [INFO] Rule:233 - rule Change UART4CLockSelection refparam name for MP1 is applicable
2026-02-12 16:28:45,299 [INFO] Rule:233 - rule Change UART5CLockSelection refparam name for MP1 is applicable
2026-02-12 16:28:45,299 [INFO] Rule:233 - rule Change LPUART1CLockSelection refparam name for MP1 is applicable
2026-02-12 16:28:45,299 [INFO] Rule:233 - rule Change LPTIM1CLockSelection refparam name for MP1 is applicable
2026-02-12 16:28:45,300 [INFO] Rule:233 - rule Change LPTIM2CLockSelection refparam name for MP1 is applicable
2026-02-12 16:28:45,300 [INFO] Rule:233 - rule Change RCC_MCO1Source refparam name for MP1 is applicable
2026-02-12 16:28:45,300 [INFO] Rule:233 - rule Change LSCOSource1 refparam name for MP1 is applicable
2026-02-12 16:28:45,300 [INFO] Rule:233 - rule Change SMPSCLockSelection refparam name for MP1 is applicable
2026-02-12 16:28:45,300 [INFO] Rule:233 - rule Change LPTIM3CLockSelection refparam name for MP1 is applicable
2026-02-12 16:28:45,300 [INFO] Rule:233 - rule Change MPCBB* Default Template Mode to Parameters is applicable
2026-02-12 16:28:45,300 [INFO] Rule:233 - rule Change MPCWM* or MPCBB* Secure Mode to Parameters is applicable
2026-02-12 16:28:45,300 [INFO] Rule:233 - rule Change MPCWM* or MPCBB* No Secure Mode to Parameters is applicable
2026-02-12 16:28:45,300 [INFO] Rule:233 - rule Change TZSC IP Secure Mode to Parameters is applicable
2026-02-12 16:28:45,300 [INFO] Rule:233 - rule Change TZSC IP No Secure Mode to Parameters is applicable
2026-02-12 16:28:45,300 [INFO] Rule:233 - rule Change TZSC IP Privilege Mode to Parameters is applicable
2026-02-12 16:28:45,300 [INFO] Rule:233 - rule Change TZSC IP No Privilege Mode to Parameters is applicable
2026-02-12 16:28:45,300 [INFO] Rule:233 - rule Change TZIC IT Secure Mode to Parameters is applicable
2026-02-12 16:28:45,300 [INFO] Rule:233 - rule Change TZIC IT No Secure Mode to Parameters is applicable
2026-02-12 16:28:45,301 [INFO] Rule:233 - rule Add MPCBB1_NonSecureArea_Start_Address value with referenced to MPCBB1_NonSecureArea_Start value is applicable
2026-02-12 16:28:45,301 [INFO] Rule:233 - rule Add MPCBB2_NonSecureArea_Start_Address value with referenced to MPCBB2_NonSecureArea_Start value is applicable
2026-02-12 16:28:45,301 [INFO] Rule:233 - rule Add MPCWM1_NonSecureArea*_Start_Address value with referenced to MPCWM1_NonSecureArea*_Start value is applicable
2026-02-12 16:28:45,301 [INFO] Rule:233 - rule Add MPCWM2_NonSecureArea*_Start_Address value with referenced to MPCWM2_NonSecureArea*_Start value is applicable
2026-02-12 16:28:45,301 [INFO] Rule:233 - rule Add MPCWM3_NonSecureArea_Start_Address value with referenced to MPCWM3_NonSecureArea_Start value is applicable
2026-02-12 16:28:45,301 [INFO] Rule:233 - rule Change Default Value for PLL1UserDefinedConfig is applicable
2026-02-12 16:28:45,301 [INFO] Rule:233 - rule Change GPIO_PuPd Default Value for USART in async mode is applicable
2026-02-12 16:28:45,301 [INFO] Rule:233 - rule Change SMPSDivider Default Value is applicable
2026-02-12 16:28:45,301 [INFO] Rule:233 - rule OPAMP is applicable
2026-02-12 16:28:45,301 [INFO] Rule:233 - rule LPUART IPParameter rename Prescaler parameter to ClockPrescaler for STM32H7 is applicable
2026-02-12 16:28:45,301 [INFO] Rule:233 - rule LPUART IPParameter rename Prescaler parameter to ClockPrescaler for STM32H7 is applicable
2026-02-12 16:28:45,301 [INFO] Rule:233 - rule LPUART IPParameter rename Prescaler parameter to ClockPrescaler for STM32WB is applicable
2026-02-12 16:28:45,301 [INFO] Rule:233 - rule LPUART IPParameter rename Prescaler parameter to ClockPrescaler for STM32WB is applicable
2026-02-12 16:28:45,301 [INFO] Rule:233 - rule LPUART IPParameter rename Prescaler parameter to ClockPrescaler for STM32G4 is applicable
2026-02-12 16:28:45,302 [INFO] Rule:233 - rule LPUART IPParameter rename Prescaler parameter to ClockPrescaler for STM32G4 is applicable
2026-02-12 16:28:45,302 [INFO] Rule:233 - rule LPUART IPParameter rename Prescaler parameter to ClockPrescaler for STM32L5 is applicable
2026-02-12 16:28:45,302 [INFO] Rule:233 - rule LPUART IPParameter rename Prescaler parameter to ClockPrescaler for STM32L5 is applicable
2026-02-12 16:28:45,302 [INFO] Rule:233 - rule LPUART IPParameter rename Prescaler parameter to ClockPrescaler for STM32G4 is applicable
2026-02-12 16:28:45,302 [INFO] Rule:233 - rule LPUART IPParameter rename Prescaler parameter to ClockPrescaler for STM32G4 is applicable
2026-02-12 16:28:45,302 [INFO] Rule:233 - rule USB device lib V2.5.3 for L0 rename USBD_SUPPORT_USER_STRING parameter to USBD_SUPPORT_USER_STRING_DESC4 is applicable
2026-02-12 16:28:45,302 [INFO] Rule:233 - rule I2SCLockSelection clock entry align is applicable
2026-02-12 16:28:45,302 [INFO] Rule:233 - rule Assign TIMx context if used as SYS timebase is applicable
2026-02-12 16:28:45,302 [INFO] Rule:233 - rule Change GPIO_Pu Default Value for I2C is applicable
2026-02-12 16:28:45,302 [INFO] Rule:233 - rule Change GPIO_Pu Default Value for SMBus is applicable
2026-02-12 16:28:45,302 [INFO] Rule:233 - rule change FDCAN default value is applicable
2026-02-12 16:28:45,302 [INFO] Rule:233 - rule Change mode sai is applicable
2026-02-12 16:28:45,302 [INFO] Rule:233 - rule **Change sai mode is applicable
2026-02-12 16:28:45,302 [INFO] Rule:233 - rule Rename STM32WPAN CFG_BLE_IRK to CFG_BLE_IR is applicable
2026-02-12 16:28:45,302 [INFO] Rule:233 - rule Rename STM32WPAN CFG_BLE_ERK to CFG_BLE_ER is applicable
2026-02-12 16:28:45,303 [INFO] Rule:233 - rule Rename STM32WPAN CFG_BLE_IRK_HEX to CFG_BLE_IR_HEX is applicable
2026-02-12 16:28:45,303 [INFO] Rule:233 - rule Rename STM32WPAN CFG_BLE_ERK_HEX to CFG_BLE_ER_HEX is applicable
2026-02-12 16:28:45,303 [INFO] Rule:233 - rule Adapt Old IOC before rework replace old CORTEX_M33/CORTEX_M55 attributes by the new one. is applicable
2026-02-12 16:28:45,303 [INFO] Rule:233 - rule Rename parametre of RCC RCC_APBDBG_DIV2 to RCC_TIMPRES_DIV2 is applicable
2026-02-12 16:28:45,303 [INFO] Rule:233 - rule Rename DIE493 pin PA10 [PA12] -> PA10 is applicable
2026-02-12 16:28:45,303 [INFO] Rule:233 - rule Rename DIE493 pin PA9 [PA11] -> PA9 is applicable
2026-02-12 16:28:45,303 [INFO] Rule:233 - rule Rename DIE492 PartNumber CPN STM32WBA5MJGHx -> STM32WBA5MMGHx is applicable
2026-02-12 16:28:45,303 [INFO] Rule:233 - rule Rename DIE492 PartNumber  Name STM32WBA5MJGHx -> STM32WBA5MMGHx is applicable
2026-02-12 16:28:45,303 [INFO] Rule:233 - rule Rename DIE492 PartNumber UserName STM32WBA5MJGHx -> STM32WBA5MMGHx is applicable
2026-02-12 16:28:45,303 [INFO] Rule:233 - rule Rename DIE492 PartNumber DeviceId STM32WBA5MJGHx -> STM32WBA5MMGHx is applicable
2026-02-12 16:28:45,303 [INFO] Rule:233 - rule Adapt Old IOC CSI. is applicable
2026-02-12 16:28:45,303 [INFO] Rule:233 - rule Adapt Old IOC DCMIPP. is applicable
2026-02-12 16:28:45,303 [INFO] Rule:233 - rule Adapt Old IOC DCMIPP Mode Parallel. is applicable
2026-02-12 16:28:45,303 [INFO] Rule:233 - rule Adapt Old IOC LTDC. is applicable
2026-02-12 16:28:45,303 [INFO] Rule:233 - rule Rename STM32MP2 RIF Peripheral LTDC RIF.RISUP.LTDC_L0L1.Privilege -> RIF.RISUP.LTDC_L1L2.Privilege is applicable
2026-02-12 16:28:45,304 [INFO] Rule:233 - rule Rename STM32MP2 RIF Peripheral LTDC RIF.RISUP.LTDC_L0L1.Privilege -> RIF.RISUP.LTDC_L1L2.Privilege is applicable
2026-02-12 16:28:45,304 [INFO] Rule:233 - rule Rename STM32MP2 RIF Peripheral LTDC RIF.RISUP.LTDC_L0L1.Lock -> RIF.RISUP.LTDC_L1L2.Lock is applicable
2026-02-12 16:28:45,304 [INFO] Rule:233 - rule Rename STM32MP2 RIF Peripheral LTDC RIF.RISUP.LTDC_L2.Lock -> RIF.RISUP.LTDC_L3.Lock is applicable
2026-02-12 16:28:45,304 [INFO] Rule:233 - rule Adapt the old IOC example for updating the SYS when it is misconfigured. is applicable
2026-02-12 16:28:45,304 [INFO] Rule:233 - rule Rename STM32C09 Mcu.Package LQFP64 -> LQFP48 is applicable
2026-02-12 16:28:45,304 [INFO] Rule:233 - rule Adapt the old IOC example for updating the SYS when it is misconfigured. is applicable
2026-02-12 16:28:45,304 [INFO] Rule:233 - rule Adapt the old IOC example for updating the SYS when it is misconfigured. is applicable
2026-02-12 16:28:45,330 [INFO] DbConfProperties:307 - Apply Compatibility (53/282 Rules)
2026-02-12 16:28:45,361 [INFO] ImportTextPane:234 - (OptionalMessage_ERROR) Unable to find key (Mcu.ThirdPartyNb) in loaded IOC file
2026-02-12 16:28:45,365 [INFO] ImportTextPane:234 - (OptionalMessage_ERROR) Pin12 (VP_RIF_VS_RIF1) cannot be retrieved for this MCU
2026-02-12 16:28:45,709 [INFO] RtosManager:558 - Registered RTOS mode: class=CMSIS, group=RTOS, mode=CMSIS_V1, owner=FREERTOS
2026-02-12 16:28:45,710 [INFO] RtosManager:558 - Registered RTOS mode: class=CMSIS, group=RTOS2, mode=CMSIS_V2, owner=FREERTOS
2026-02-12 16:28:45,710 [INFO] RtosManager:558 - Registered RTOS mode: class=RTOS, group=Core, mode=CMSIS_V1, owner=FREERTOS
2026-02-12 16:28:45,710 [INFO] RtosManager:558 - Registered RTOS mode: class=RTOS, group=Core, mode=CMSIS_V2, owner=FREERTOS
2026-02-12 16:28:45,710 [WARN] ModelIntegratedComponent:184 - Missing modes for component STMicroelectronics:FreeRTOS:0.0.1:STMicroelectronics:RTOS:FreeRTOS:Core:::10.2.0:
2026-02-12 16:28:45,745 [WARN] ModelIntegratedComponent:63 - No mode defined for component null
2026-02-12 16:28:45,745 [WARN] ModelIntegratedComponent:63 - No mode defined for component null
2026-02-12 16:28:45,746 [WARN] ModelIntegratedComponent:63 - No mode defined for component null
2026-02-12 16:28:45,746 [WARN] ModelIntegratedComponent:63 - No mode defined for component null
2026-02-12 16:28:45,746 [WARN] ModelIntegratedComponent:63 - No mode defined for component null
2026-02-12 16:28:45,746 [WARN] ModelIntegratedComponent:63 - No mode defined for component null
2026-02-12 16:28:45,746 [WARN] ModelIntegratedComponent:63 - No mode defined for component null
2026-02-12 16:28:45,746 [WARN] ModelIntegratedComponent:63 - No mode defined for component null
2026-02-12 16:28:45,746 [WARN] ModelIntegratedComponent:63 - No mode defined for component null
2026-02-12 16:28:45,746 [WARN] ModelIntegratedComponent:63 - No mode defined for component null
2026-02-12 16:28:45,746 [WARN] ModelIntegratedComponent:63 - No mode defined for component null
2026-02-12 16:28:45,746 [WARN] ModelIntegratedComponent:63 - No mode defined for component null
2026-02-12 16:28:45,746 [WARN] ModelIntegratedComponent:63 - No mode defined for component null
2026-02-12 16:28:45,746 [WARN] ModelIntegratedComponent:63 - No mode defined for component null
2026-02-12 16:28:45,746 [WARN] ModelIntegratedComponent:63 - No mode defined for component null
2026-02-12 16:28:45,746 [WARN] ModelIntegratedComponent:63 - No mode defined for component null
2026-02-12 16:28:45,746 [WARN] ModelIntegratedComponent:63 - No mode defined for component null
2026-02-12 16:28:45,746 [WARN] ModelIntegratedComponent:63 - No mode defined for component null
2026-02-12 16:28:45,746 [WARN] ModelIntegratedComponent:63 - No mode defined for component null
2026-02-12 16:28:45,746 [WARN] ModelIntegratedComponent:63 - No mode defined for component null
2026-02-12 16:28:45,746 [WARN] ModelIntegratedComponent:63 - No mode defined for component null
2026-02-12 16:28:45,746 [WARN] ModelIntegratedComponent:63 - No mode defined for component null
2026-02-12 16:28:45,746 [WARN] ModelIntegratedComponent:63 - No mode defined for component null
2026-02-12 16:28:45,746 [WARN] ModelIntegratedComponent:63 - No mode defined for component null
2026-02-12 16:28:45,746 [WARN] ModelIntegratedComponent:63 - No mode defined for component null
2026-02-12 16:28:45,746 [WARN] ModelIntegratedComponent:63 - No mode defined for component null
2026-02-12 16:28:45,746 [WARN] ModelIntegratedComponent:63 - No mode defined for component null
2026-02-12 16:28:45,746 [WARN] ModelIntegratedComponent:63 - No mode defined for component null
2026-02-12 16:28:45,746 [WARN] ModelIntegratedComponent:63 - No mode defined for component null
2026-02-12 16:28:45,746 [WARN] ModelIntegratedComponent:63 - No mode defined for component null
2026-02-12 16:28:45,746 [WARN] ModelIntegratedComponent:63 - No mode defined for component null
2026-02-12 16:28:45,746 [WARN] ModelIntegratedComponent:63 - No mode defined for component null
2026-02-12 16:28:45,746 [WARN] ModelIntegratedComponent:63 - No mode defined for component null
2026-02-12 16:28:45,746 [WARN] ModelIntegratedComponent:63 - No mode defined for component null
2026-02-12 16:28:45,747 [WARN] ModelIntegratedComponent:63 - No mode defined for component null
2026-02-12 16:28:45,747 [WARN] ModelPack:524 - Component already loaded: STMicroelectronics:HAL Drivers:0.0.0:STMicroelectronics:Device:STMicro_Driver:XSPI:HAL::0.0.1:HAL_XSPI
2026-02-12 16:28:45,794 [INFO] ThirdPartyModel:298 - Start build external matchings
2026-02-12 16:28:46,408 [INFO] ThirdPartyModel:316 - End build external matchings
2026-02-12 16:28:46,425 [INFO] ImportTextPane:234 - (OptionalMessage_ERROR) IP (RCC) : Invalid parameter (FamilyName)
2026-02-12 16:28:46,428 [INFO] ImportTextPane:234 - (OptionalMessage_ERROR) IP (RCC) : Parameter (RNGFreq_Value) has invalid value (64000000)
2026-02-12 16:28:46,428 [INFO] ImportTextPane:234 - (OptionalMessage_ERROR) IP (RCC) : Parameter (SDMMCFreq_Value) has invalid value (64000000)
2026-02-12 16:28:46,429 [INFO] ImportTextPane:234 - (OptionalMessage_ERROR) IP (RCC) : Parameter (USBFreq_Value) has invalid value (64000000)
2026-02-12 16:28:46,930 [INFO] UtilMem:75 - End LoadConfig() Used Memory: 853300872 Bytes (1073741824)
2026-02-12 16:28:46,981 [WARN] ThirdParty:833 - waiting for thirdparty lock release [change project]
2026-02-12 16:28:46,981 [INFO] ThirdParty:835 - entering critical section [change project]
2026-02-12 16:28:46,981 [INFO] ThirdParty:1030 - CMSIS Pack Vendor :STMicroelectronics X-CUBE-PM33A1 1.0.0
2026-02-12 16:28:46,981 [INFO] ThirdParty:1030 - CMSIS Pack Vendor :STMicroelectronics USBPD 4.1
2026-02-12 16:28:46,981 [INFO] ThirdParty:1030 - CMSIS Pack Vendor :STMicroelectronics X-CUBE-NFC9 1.0.0
2026-02-12 16:28:46,981 [INFO] ThirdParty:1030 - CMSIS Pack Vendor :STMicroelectronics USB_HOST 2.0.0
2026-02-12 16:28:46,981 [INFO] ThirdParty:1030 - CMSIS Pack Vendor :STMicroelectronics FP-SNS-MOTENVWB1 1.4.0
2026-02-12 16:28:46,981 [INFO] ThirdParty:1030 - CMSIS Pack Vendor :STMicroelectronics X-CUBE-AZRTOS-F4 1.1.0
2026-02-12 16:28:46,981 [INFO] ThirdParty:1030 - CMSIS Pack Vendor :STMicroelectronics LIBJPEG 8.0.0
2026-02-12 16:28:46,981 [INFO] ThirdParty:1030 - CMSIS Pack Vendor :STMicroelectronics FP-ATR-ASTRA1 2.0.2
2026-02-12 16:28:46,981 [INFO] ThirdParty:1030 - CMSIS Pack Vendor :STMicroelectronics X-CUBE-BLE1 7.1.0
2026-02-12 16:28:46,982 [INFO] ThirdParty:1030 - CMSIS Pack Vendor :STMicroelectronics X-CUBE-SMBUS 2.1.0
2026-02-12 16:28:46,982 [INFO] ThirdParty:1030 - CMSIS Pack Vendor :wolfSSL I-CUBE-wolfMQTT 1.19.2
2026-02-12 16:28:46,982 [INFO] ThirdParty:1030 - CMSIS Pack Vendor :STMicroelectronics USB_DEVICE 3.0.0
2026-02-12 16:28:46,982 [INFO] ThirdParty:1030 - CMSIS Pack Vendor :STMicroelectronics X-CUBE-ISPU 2.1.0
2026-02-12 16:28:46,982 [INFO] ThirdParty:1030 - CMSIS Pack Vendor :STMicroelectronics X-CUBE-FREERTOS 1.4.0
2026-02-12 16:28:46,982 [INFO] ThirdParty:1030 - CMSIS Pack Vendor :STMicroelectronics X-CUBE-EEPRMA1 5.2.0
2026-02-12 16:28:46,982 [INFO] ThirdParty:1030 - CMSIS Pack Vendor :STMicroelectronics X-CUBE-IPS 3.2.0
2026-02-12 16:28:46,982 [INFO] ThirdParty:1030 - CMSIS Pack Vendor :STMicroelectronics X-CUBE-BLEMGR 4.1.0
2026-02-12 16:28:46,982 [INFO] ThirdParty:1030 - CMSIS Pack Vendor :STMicroelectronics X-CUBE-AZRTOS-WB 2.0.0
2026-02-12 16:28:46,982 [INFO] ThirdParty:1030 - CMSIS Pack Vendor :wolfSSL I-CUBE-wolfSSL 5.8.4
2026-02-12 16:28:46,982 [INFO] ThirdParty:1030 - CMSIS Pack Vendor :Cesanta I-CUBE-Mongoose 7.20.0
2026-02-12 16:28:46,982 [INFO] ThirdParty:1030 - CMSIS Pack Vendor :STMicroelectronics X-CUBE-NFC12 1.0.0
2026-02-12 16:28:46,982 [INFO] ThirdParty:1030 - CMSIS Pack Vendor :STMicroelectronics X-CUBE-AZRTOS-F7 1.1.0
2026-02-12 16:28:46,982 [INFO] ThirdParty:1030 - CMSIS Pack Vendor :STMicroelectronics X-CUBE-AZRTOS-L5 2.0.0
2026-02-12 16:28:46,982 [INFO] ThirdParty:1030 - CMSIS Pack Vendor :STMicroelectronics USB_DEVICE 2.0.0
2026-02-12 16:28:46,982 [INFO] ThirdParty:1030 - CMSIS Pack Vendor :quantropi X-CUBE-qispace-sdk-base 2.1.0
2026-02-12 16:28:46,982 [INFO] ThirdParty:1030 - CMSIS Pack Vendor :STMicroelectronics X-CUBE-MEMS1 12.0.0
2026-02-12 16:28:46,982 [INFO] ThirdParty:1030 - CMSIS Pack Vendor :STMicroelectronics X-CUBE-STSE01 2.0.0
2026-02-12 16:28:46,982 [INFO] ThirdParty:1030 - CMSIS Pack Vendor :STMicroelectronics FP-SNS-MOTENV1 5.1.0
2026-02-12 16:28:46,982 [INFO] ThirdParty:1030 - CMSIS Pack Vendor :STMicroelectronics FreeRTOS 0.0.1
2026-02-12 16:28:46,982 [INFO] ThirdParty:1030 - CMSIS Pack Vendor :STMicroelectronics X-CUBE-AZRTOS-G0 1.1.0
2026-02-12 16:28:46,983 [INFO] ThirdParty:1030 - CMSIS Pack Vendor :STMicroelectronics X-CUBE-NFC4 3.0.0
2026-02-12 16:28:46,983 [INFO] ThirdParty:1030 - CMSIS Pack Vendor :STMicroelectronics X-CUBE-SUBG2 5.0.0
2026-02-12 16:28:46,983 [INFO] ThirdParty:1030 - CMSIS Pack Vendor :STMicroelectronics STM32_WPAN 1.0.0
2026-02-12 16:28:46,983 [INFO] ThirdParty:1030 - CMSIS Pack Vendor :EmbeddedOffice I-CUBE-FS-RTOS 1.0.1
2026-02-12 16:28:46,983 [INFO] ThirdParty:1030 - CMSIS Pack Vendor :STMicroelectronics lwIP 2.0.3
2026-02-12 16:28:46,983 [INFO] ThirdParty:1030 - CMSIS Pack Vendor :WES I-CUBE-Cesium 1.4.0
2026-02-12 16:28:46,983 [INFO] ThirdParty:1030 - CMSIS Pack Vendor :STMicroelectronics USB_HOST 1.0.0
2026-02-12 16:28:46,983 [INFO] ThirdParty:1030 - CMSIS Pack Vendor :STMicroelectronics X-CUBE-AZRTOS-G4 2.0.0
2026-02-12 16:28:46,983 [INFO] ThirdParty:1030 - CMSIS Pack Vendor :STMicroelectronics X-CUBE-WB05N 2.0.0
2026-02-12 16:28:46,983 [INFO] ThirdParty:1030 - CMSIS Pack Vendor :STMicroelectronics PDM2PCM 3.1.0
2026-02-12 16:28:46,983 [INFO] ThirdParty:1030 - CMSIS Pack Vendor :STMicroelectronics PDM2PCM 3.3.0
2026-02-12 16:28:46,983 [INFO] ThirdParty:1030 - CMSIS Pack Vendor :wolfSSL I-CUBE-wolfTPM 3.8.0
2026-02-12 16:28:46,983 [INFO] ThirdParty:1030 - CMSIS Pack Vendor :STMicroelectronics X-CUBE-AZRTOS-H7 3.4.0
2026-02-12 16:28:46,983 [INFO] ThirdParty:1030 - CMSIS Pack Vendor :STMicroelectronics X-CUBE-DISPLAY 3.0.0
2026-02-12 16:28:46,983 [INFO] ThirdParty:1030 - CMSIS Pack Vendor :wolfSSL I-CUBE-wolfSSH 1.4.20
2026-02-12 16:28:46,983 [INFO] ThirdParty:1030 - CMSIS Pack Vendor :STMicroelectronics X-CUBE-NFC7 2.0.0
2026-02-12 16:28:46,983 [INFO] ThirdParty:1030 - CMSIS Pack Vendor :STMicroelectronics X-CUBE-TCPP 4.2.0
2026-02-12 16:28:46,984 [INFO] ThirdParty:1030 - CMSIS Pack Vendor :RealThread X-CUBE-RT-Thread_Nano 4.1.1
2026-02-12 16:28:46,984 [INFO] ThirdParty:1030 - CMSIS Pack Vendor :STMicroelectronics FP-ATR-SIGFOX1 3.2.0
2026-02-12 16:28:46,984 [INFO] ThirdParty:1030 - CMSIS Pack Vendor :STMicroelectronics X-CUBE-NFC10 1.0.0
2026-02-12 16:28:46,984 [INFO] ThirdParty:1030 - CMSIS Pack Vendor :STMicroelectronics HAL Drivers 0.0.0
2026-02-12 16:28:46,984 [INFO] ThirdParty:1030 - CMSIS Pack Vendor :STMicroelectronics MBEDTLS 2.16.2
2026-02-12 16:28:46,984 [INFO] ThirdParty:1030 - CMSIS Pack Vendor :STMicroelectronics X-CUBE-ST60 1.1.0
2026-02-12 16:28:46,984 [INFO] ThirdParty:1030 - CMSIS Pack Vendor :STMicroelectronics X-CUBE-ALS 1.0.2
2026-02-12 16:28:46,984 [INFO] ThirdParty:1030 - CMSIS Pack Vendor :emotas I-CUBE-CANOPEN 1.3.0
2026-02-12 16:28:46,984 [INFO] ThirdParty:1030 - CMSIS Pack Vendor :STMicroelectronics MBEDTLS 2.14.1
2026-02-12 16:28:46,984 [INFO] ThirdParty:1030 - CMSIS Pack Vendor :STMicroelectronics X-CUBE-GNSS1 7.1.0
2026-02-12 16:28:46,984 [INFO] ThirdParty:1030 - CMSIS Pack Vendor :ITTIA_DB I-CUBE-ITTIADB 8.9.0
2026-02-12 16:28:46,984 [INFO] ThirdParty:1030 - CMSIS Pack Vendor :STMicroelectronics X-CUBE-TOUCHGFX 4.26.0
2026-02-12 16:28:46,984 [INFO] ThirdParty:1030 - CMSIS Pack Vendor :STMicroelectronics X-CUBE-NFC6 3.2.0
2026-02-12 16:28:46,984 [INFO] ThirdParty:1030 - CMSIS Pack Vendor :STMicroelectronics FP-SNS-STBOX1 2.1.0
2026-02-12 16:28:46,985 [INFO] ThirdParty:1030 - CMSIS Pack Vendor :STMicroelectronics X-CUBE-AI 10.2.0
2026-02-12 16:28:46,985 [INFO] ThirdParty:1030 - CMSIS Pack Vendor :STMicroelectronics FP-SNS-STAIOTCFT 1.0.0
2026-02-12 16:28:46,985 [INFO] ThirdParty:1030 - CMSIS Pack Vendor :STMicroelectronics ThreadX 1.0.0
2026-02-12 16:28:46,985 [INFO] ThirdParty:1030 - CMSIS Pack Vendor :STMicroelectronics FP-SNS-SMARTAG2 1.2.0
2026-02-12 16:28:46,985 [INFO] ThirdParty:1030 - CMSIS Pack Vendor :STMicroelectronics FP-SNS-FLIGHT1 5.1.0
2026-02-12 16:28:46,985 [INFO] ThirdParty:1030 - CMSIS Pack Vendor :STMicroelectronics X-CUBE-AZRTOS-WL 2.0.0
2026-02-12 16:28:46,985 [INFO] ThirdParty:1030 - CMSIS Pack Vendor :SEGGER I-CUBE-embOS 1.3.1
2026-02-12 16:28:46,985 [INFO] ThirdParty:1030 - CMSIS Pack Vendor :STMicroelectronics X-CUBE-ALGOBUILD 1.4.0
2026-02-12 16:28:46,985 [INFO] ThirdParty:1030 - CMSIS Pack Vendor :STMicroelectronics X-CUBE-DPower 1.3.0
2026-02-12 16:28:46,985 [INFO] ThirdParty:1030 - CMSIS Pack Vendor :STMicroelectronics USB_DEVICE 1.0.0
2026-02-12 16:28:46,986 [INFO] ThirdParty:1030 - CMSIS Pack Vendor :STMicroelectronics X-CUBE-AZRTOS-H7RS 1.2.0
2026-02-12 16:28:46,986 [INFO] ThirdParty:1030 - CMSIS Pack Vendor :STMicroelectronics X-CUBE-AZRTOS-L4 2.0.0
2026-02-12 16:28:46,986 [INFO] ThirdParty:1030 - CMSIS Pack Vendor :STMicroelectronics ThreadX 0.0.2
2026-02-12 16:28:46,986 [INFO] ThirdParty:1030 - CMSIS Pack Vendor :STMicroelectronics lwIP 2.1.2
2026-02-12 16:28:46,986 [INFO] ThirdParty:1030 - CMSIS Pack Vendor :STMicroelectronics X-CUBE-SFXS2LP1 4.0.0
2026-02-12 16:28:46,986 [INFO] ThirdParty:1030 - CMSIS Pack Vendor :STMicroelectronics X-CUBE-BLE2 3.3.0
2026-02-12 16:28:46,986 [INFO] ThirdParty:1030 - CMSIS Pack Vendor :Avnet-IOTCONNECT X-CUBE-iotc-st67-sdk 1.0.0
2026-02-12 16:28:46,986 [INFO] ThirdParty:1030 - CMSIS Pack Vendor :STMicroelectronics X-CUBE-TOF1 3.4.3
2026-02-12 16:28:46,986 [INFO] ThirdParty:1030 - CMSIS Pack Vendor :Infineon AIROC-Wi-Fi-Bluetooth-STM32 1.8.0
2026-02-12 16:28:46,987 [INFO] ThirdParty:1030 - CMSIS Pack Vendor :STMicroelectronics PDM2PCM 3.2.0
2026-02-12 16:28:46,987 [INFO] ThirdParty:1030 - CMSIS Pack Vendor :STMicroelectronics X-CUBE-ST67W61 1.2.0
2026-02-12 16:28:46,987 [INFO] ThirdParty:841 - exiting critical section [change project]
2026-02-12 16:28:47,692 [INFO] PinOutPanel:1589 - setPackage(No Configuration,No Configuration)
2026-02-12 16:28:47,694 [INFO] PinOutPanel:1589 - setPackage(STM32L476RGTx,LQFP64)
2026-02-12 16:28:49,354 [INFO] UtilMem:75 - Before build in PCC Used Memory: 947067152 Bytes (1073741824)
2026-02-12 16:28:50,862 [INFO] UtilMem:75 - After build in PCC Used Memory: 901279032 Bytes (1073741824)
2026-02-12 16:28:50,916 [INFO] IPUIPlugin:80 - create IPUIPlugin
2026-02-12 16:28:50,917 [INFO] IPUIPlugin:80 - create IPUIPlugin
2026-02-12 16:28:50,917 [INFO] IPUIPlugin:80 - create IPUIPlugin
2026-02-12 16:28:50,917 [INFO] IPUIPlugin:80 - create IPUIPlugin
2026-02-12 16:28:50,917 [INFO] IPUIPlugin:80 - create IPUIPlugin
2026-02-12 16:28:50,917 [INFO] IPUIPlugin:80 - create IPUIPlugin
2026-02-12 16:28:50,917 [INFO] IPUIPlugin:80 - create IPUIPlugin
2026-02-12 16:28:50,918 [INFO] IPUIPlugin:80 - create IPUIPlugin
2026-02-12 16:28:50,918 [INFO] IPUIPlugin:80 - create IPUIPlugin
2026-02-12 16:28:50,918 [INFO] IPUIPlugin:80 - create IPUIPlugin
2026-02-12 16:28:50,918 [INFO] IPUIPlugin:80 - create IPUIPlugin
2026-02-12 16:28:50,918 [INFO] IPUIPlugin:80 - create IPUIPlugin
2026-02-12 16:28:50,919 [INFO] IPUIPlugin:80 - create IPUIPlugin
2026-02-12 16:28:50,919 [INFO] IPUIPlugin:80 - create IPUIPlugin
2026-02-12 16:28:50,919 [INFO] IPUIPlugin:80 - create IPUIPlugin
2026-02-12 16:28:50,919 [INFO] IPUIPlugin:80 - create IPUIPlugin
2026-02-12 16:28:50,920 [INFO] IPUIPlugin:80 - create IPUIPlugin
2026-02-12 16:28:50,920 [INFO] IPUIPlugin:80 - create IPUIPlugin
2026-02-12 16:28:50,921 [INFO] IPUIPlugin:80 - create IPUIPlugin
2026-02-12 16:28:50,921 [INFO] IPUIPlugin:80 - create IPUIPlugin
2026-02-12 16:28:50,922 [INFO] IPUIPlugin:80 - create IPUIPlugin
2026-02-12 16:28:50,923 [INFO] IPUIPlugin:80 - create IPUIPlugin
2026-02-12 16:28:50,924 [INFO] IPUIPlugin:80 - create IPUIPlugin
2026-02-12 16:28:50,924 [INFO] IPUIPlugin:80 - create IPUIPlugin
2026-02-12 16:28:50,925 [INFO] IPUIPlugin:80 - create IPUIPlugin
2026-02-12 16:28:50,926 [INFO] IPUIPlugin:80 - create IPUIPlugin
2026-02-12 16:28:50,926 [INFO] IPUIPlugin:80 - create IPUIPlugin
2026-02-12 16:28:50,927 [INFO] IPUIPlugin:80 - create IPUIPlugin
2026-02-12 16:28:50,927 [INFO] IPUIPlugin:80 - create IPUIPlugin
2026-02-12 16:28:50,927 [INFO] IPUIPlugin:80 - create IPUIPlugin
2026-02-12 16:28:50,928 [INFO] IPUIPlugin:80 - create IPUIPlugin
2026-02-12 16:28:50,928 [INFO] IPUIPlugin:80 - create IPUIPlugin
2026-02-12 16:28:50,929 [INFO] IPUIPlugin:80 - create IPUIPlugin
2026-02-12 16:28:50,929 [INFO] IPUIPlugin:80 - create IPUIPlugin
2026-02-12 16:28:50,930 [INFO] IPUIPlugin:80 - create IPUIPlugin
2026-02-12 16:28:50,930 [INFO] IPUIPlugin:80 - create IPUIPlugin
2026-02-12 16:28:50,931 [INFO] IPUIPlugin:80 - create IPUIPlugin
2026-02-12 16:28:50,932 [INFO] IPUIPlugin:80 - create IPUIPlugin
2026-02-12 16:28:50,932 [INFO] IPUIPlugin:80 - create IPUIPlugin
2026-02-12 16:28:50,932 [INFO] IPUIPlugin:80 - create IPUIPlugin
2026-02-12 16:28:50,933 [INFO] IPUIPlugin:80 - create IPUIPlugin
2026-02-12 16:28:50,933 [INFO] IPUIPlugin:80 - create IPUIPlugin
2026-02-12 16:28:50,933 [INFO] IPUIPlugin:80 - create IPUIPlugin
2026-02-12 16:28:50,933 [INFO] IPUIPlugin:80 - create IPUIPlugin
2026-02-12 16:28:50,934 [INFO] IPUIPlugin:80 - create IPUIPlugin
2026-02-12 16:28:50,934 [INFO] IPUIPlugin:80 - create IPUIPlugin
2026-02-12 16:28:50,934 [INFO] IPUIPlugin:80 - create IPUIPlugin
2026-02-12 16:28:50,935 [INFO] IPUIPlugin:80 - create IPUIPlugin
2026-02-12 16:28:50,935 [INFO] IPUIPlugin:80 - create IPUIPlugin
2026-02-12 16:28:50,936 [INFO] IPUIPlugin:80 - create IPUIPlugin
2026-02-12 16:28:50,936 [INFO] IPUIPlugin:80 - create IPUIPlugin
2026-02-12 16:28:50,937 [INFO] IPUIPlugin:80 - create IPUIPlugin
2026-02-12 16:28:50,937 [INFO] IPUIPlugin:80 - create IPUIPlugin
2026-02-12 16:28:50,937 [INFO] IPUIPlugin:80 - create IPUIPlugin
2026-02-12 16:28:50,938 [INFO] IPUIPlugin:80 - create IPUIPlugin
2026-02-12 16:28:50,940 [INFO] IPUIPlugin:80 - create IPUIPlugin
2026-02-12 16:28:50,940 [INFO] IPUIPlugin:80 - create IPUIPlugin
2026-02-12 16:28:50,941 [INFO] IPUIPlugin:80 - create IPUIPlugin
2026-02-12 16:28:50,942 [INFO] IPUIPlugin:80 - create IPUIPlugin
2026-02-12 16:28:51,235 [INFO] CADModel:165 - CPN selected for project levelSTM32L476RGT3
2026-02-12 16:28:51,235 [INFO] CADModel:114 - Register for checkConnection events
2026-02-12 16:28:51,322 [INFO] OpenFileManager:386 - Restore cursor
2026-02-12 16:28:52,546 [INFO] UtilMem:75 - End SaveConfig() Used Memory: 842249096 Bytes (1073741824)
2026-02-12 16:28:52,674 [INFO] UtilMem:75 - End SaveConfig() Used Memory: 868749912 Bytes (1073741824)
2026-02-12 16:28:53,375 [INFO] BlockDiagram:2775 - set Specific Code input for plugin: SYS
2026-02-12 16:28:53,375 [INFO] BlockDiagram:2775 - set Specific Code input for plugin: RCC
2026-02-12 16:28:53,375 [INFO] BlockDiagram:2775 - set Specific Code input for plugin: NVIC
2026-02-12 16:28:53,376 [INFO] BlockDiagram:2775 - set Specific Code input for plugin: USART
2026-02-12 16:28:53,376 [INFO] BlockDiagram:2775 - set Specific Code input for plugin: GPIO
2026-02-12 16:28:53,378 [INFO] CodeGenerator:892 - code generatio: config db path: D:\STM32CubeIDE_1.19.0\STM32CubeIDE\plugins\com.st.stm32cube.common.mx_6.15.0.202507011659\\db\
2026-02-12 16:28:53,840 [INFO] CodeEngine:265 - oldGeneratedFile, D:\SPI_Polling\MXTmpFiles\license.tmp_save
2026-02-12 16:28:54,685 [INFO] CodeEngine:289 - Generated code: D:\SPI_Polling\MXTmpFiles\license.tmp
2026-02-12 16:28:54,907 [INFO] CodeEngine:265 - oldGeneratedFile, D:\SPI_Polling\MXTmpFiles\gpio.tmp_save
2026-02-12 16:28:55,270 [INFO] CodeEngine:289 - Generated code: D:\SPI_Polling\MXTmpFiles\gpio.tmp
2026-02-12 16:28:55,571 [INFO] CodeEngine:265 - oldGeneratedFile, D:\SPI_Polling\Core\Src\stm32l4xx_it.c_save
2026-02-12 16:28:55,867 [INFO] CodeEngine:289 - Generated code: D:\SPI_Polling\Core\Src\stm32l4xx_it.c
2026-02-12 16:28:55,878 [INFO] CodeEngine:265 - oldGeneratedFile, D:\SPI_Polling\Core\Inc\stm32l4xx_it.h_save
2026-02-12 16:28:56,044 [INFO] CodeEngine:289 - Generated code: D:\SPI_Polling\Core\Inc\stm32l4xx_it.h
2026-02-12 16:28:56,065 [INFO] CodeEngine:265 - oldGeneratedFile, D:\SPI_Polling\Core\Src\stm32l4xx_hal_msp.c_save
2026-02-12 16:28:56,348 [INFO] CodeEngine:289 - Generated code: D:\SPI_Polling\Core\Src\stm32l4xx_hal_msp.c
2026-02-12 16:28:56,358 [INFO] CodeEngine:265 - oldGeneratedFile, D:\SPI_Polling\MXTmpFiles\system.tmp_save
2026-02-12 16:28:56,442 [INFO] CodeEngine:289 - Generated code: D:\SPI_Polling\MXTmpFiles\system.tmp
2026-02-12 16:28:56,462 [INFO] CodeEngine:321 - oldGeneratedFile, D:\SPI_Polling\Core\Inc\stm32l4xx_hal_conf.h_save
2026-02-12 16:28:56,670 [INFO] CodeEngine:345 - Generated code: D:\SPI_Polling\Core\Inc\stm32l4xx_hal_conf.h
2026-02-12 16:28:56,759 [INFO] ApiDbMcu:532 - Load IP Config File for USART2
2026-02-12 16:28:56,767 [INFO] ApiDbMcu:532 - Load IP Config File for RCC
2026-02-12 16:28:56,808 [INFO] CodeEngine:265 - oldGeneratedFile, D:\SPI_Polling\Core\Inc\main.h_save
2026-02-12 16:28:57,004 [INFO] CodeEngine:289 - Generated code: D:\SPI_Polling\Core\Inc\main.h
2026-02-12 16:28:57,015 [INFO] CodeEngine:265 - oldGeneratedFile, D:\SPI_Polling\Core\Src\main.c_save
2026-02-12 16:28:57,236 [INFO] CodeEngine:289 - Generated code: D:\SPI_Polling\Core\Src\main.c
2026-02-12 16:28:57,943 [INFO] ProjectBuilder:3606 - Time for Copy HAL[1] : 297mS.
2026-02-12 16:28:57,952 [INFO] ProjectBuilder:5216 - Project Generator version: 4.7.0-B52
2026-02-12 16:28:58,112 [INFO] ConfigFileManager:1595 - The Die is : DIE415
2026-02-12 16:28:58,133 [INFO] ApiDbMcu:532 - Load IP Config File for FATFS
2026-02-12 16:28:58,143 [INFO] ApiDbMcu:532 - Load IP Config File for FREERTOS
2026-02-12 16:28:58,170 [INFO] ApiDbMcu:532 - Load IP Config File for TOUCHSENSING
2026-02-12 16:28:58,184 [INFO] ApiDbMcu:532 - Load IP Config File for USB_DEVICE
2026-02-12 16:28:58,194 [INFO] ApiDbMcu:532 - Load IP Config File for USB_HOST
2026-02-12 16:28:58,994 [INFO] LogOutputStream:77 - [STDOUT_REDIRECT] 
2026-02-12 16:29:02,331 [INFO] ProjectBuilder:5496 - Time for Generating toolchain IDE Files: 4378mS.
2026-02-12 16:29:02,332 [INFO] ProjectBuilder:3463 - Time for Copy CMSIS : 1mS.
2026-02-12 16:29:02,335 [INFO] ProjectBuilder:3463 - Time for Copy CMSIS : 0mS.
2026-02-12 16:29:04,875 [INFO] McuFinderGlobals:76 - Set McuFinderConnectedMode to true
2026-02-12 16:29:04,882 [INFO] ApiDb:448 - Save user favorites file C:\Users\Hemanth Madu/.stm32cubeide/favorites.mcus.txt: 0 item(s)
2026-02-12 16:29:04,882 [INFO] ApiDb:452 - User favorites MCUs=[]
2026-02-12 16:29:04,902 [INFO] ApiDb:448 - Save user favorites file C:\Users\Hemanth Madu/.stm32cubeide/favorites.boards.txt: 0 item(s)
2026-02-12 16:29:04,910 [INFO] ApiDb:452 - User favorites Boards=[]
2026-02-12 16:49:40,292 [INFO] WebApp:194 - Connection lost
2026-02-12 16:49:40,469 [INFO] WebApp:191 - Connection restablished
2026-02-12 16:57:12,504 [INFO] UtilMem:75 - End SaveConfig() Used Memory: 951057736 Bytes (1073741824)
2026-02-12 16:57:15,348 [INFO] UtilMem:75 - End SaveConfig() Used Memory: 1049097544 Bytes (1073741824)
2026-02-12 16:57:15,949 [INFO] BlockDiagram:2775 - set Specific Code input for plugin: SPI
2026-02-12 16:57:15,950 [INFO] BlockDiagram:2775 - set Specific Code input for plugin: SYS
2026-02-12 16:57:15,950 [INFO] BlockDiagram:2775 - set Specific Code input for plugin: RCC
2026-02-12 16:57:15,950 [INFO] BlockDiagram:2775 - set Specific Code input for plugin: NVIC
2026-02-12 16:57:15,950 [INFO] BlockDiagram:2775 - set Specific Code input for plugin: USART
2026-02-12 16:57:15,951 [INFO] BlockDiagram:2775 - set Specific Code input for plugin: GPIO
2026-02-12 16:57:15,952 [INFO] CodeGenerator:892 - code generatio: config db path: D:\STM32CubeIDE_1.19.0\STM32CubeIDE\plugins\com.st.stm32cube.common.mx_6.15.0.202507011659\\db\
2026-02-12 16:57:16,148 [INFO] CodeEngine:265 - oldGeneratedFile, D:\SPI_Polling\MXTmpFiles\license.tmp_save
2026-02-12 16:57:16,570 [INFO] CodeEngine:289 - Generated code: D:\SPI_Polling\MXTmpFiles\license.tmp
2026-02-12 16:57:16,680 [INFO] CodeEngine:265 - oldGeneratedFile, D:\SPI_Polling\MXTmpFiles\gpio.tmp_save
2026-02-12 16:57:16,988 [INFO] CodeEngine:289 - Generated code: D:\SPI_Polling\MXTmpFiles\gpio.tmp
2026-02-12 16:57:17,315 [INFO] CodeEngine:265 - oldGeneratedFile, D:\SPI_Polling\Core\Src\stm32l4xx_it.c_save
2026-02-12 16:57:17,689 [INFO] CodeEngine:289 - Generated code: D:\SPI_Polling\Core\Src\stm32l4xx_it.c
2026-02-12 16:57:17,697 [INFO] CodeEngine:265 - oldGeneratedFile, D:\SPI_Polling\Core\Inc\stm32l4xx_it.h_save
2026-02-12 16:57:17,774 [INFO] CodeEngine:289 - Generated code: D:\SPI_Polling\Core\Inc\stm32l4xx_it.h
2026-02-12 16:57:17,789 [INFO] CodeEngine:265 - oldGeneratedFile, D:\SPI_Polling\Core\Src\stm32l4xx_hal_msp.c_save
2026-02-12 16:57:18,062 [INFO] CodeEngine:289 - Generated code: D:\SPI_Polling\Core\Src\stm32l4xx_hal_msp.c
2026-02-12 16:57:18,066 [INFO] CodeEngine:265 - oldGeneratedFile, D:\SPI_Polling\MXTmpFiles\system.tmp_save
2026-02-12 16:57:18,132 [INFO] CodeEngine:289 - Generated code: D:\SPI_Polling\MXTmpFiles\system.tmp
2026-02-12 16:57:18,156 [INFO] CodeEngine:321 - oldGeneratedFile, D:\SPI_Polling\Core\Inc\stm32l4xx_hal_conf.h_save
2026-02-12 16:57:18,355 [INFO] CodeEngine:345 - Generated code: D:\SPI_Polling\Core\Inc\stm32l4xx_hal_conf.h
2026-02-12 16:57:18,418 [INFO] ApiDbMcu:532 - Load IP Config File for SPI1
2026-02-12 16:57:18,430 [INFO] CodeEngine:265 - oldGeneratedFile, D:\SPI_Polling\Core\Inc\main.h_save
2026-02-12 16:57:18,681 [INFO] CodeEngine:289 - Generated code: D:\SPI_Polling\Core\Inc\main.h
2026-02-12 16:57:18,687 [INFO] CodeEngine:265 - oldGeneratedFile, D:\SPI_Polling\Core\Src\main.c_save
2026-02-12 16:57:18,919 [INFO] CodeEngine:289 - Generated code: D:\SPI_Polling\Core\Src\main.c
2026-02-12 16:57:19,548 [INFO] ProjectBuilder:3606 - Time for Copy HAL[1] : 234mS.
2026-02-12 16:57:19,552 [INFO] ProjectBuilder:5216 - Project Generator version: 4.7.0-B52
2026-02-12 16:57:19,719 [INFO] ConfigFileManager:1595 - The Die is : DIE415
2026-02-12 16:57:21,388 [INFO] ProjectBuilder:5496 - Time for Generating toolchain IDE Files: 1835mS.
2026-02-12 16:57:21,389 [INFO] ProjectBuilder:3463 - Time for Copy CMSIS : 0mS.
2026-02-12 16:57:21,392 [INFO] ProjectBuilder:3463 - Time for Copy CMSIS : 0mS.
2026-02-12 17:40:26,380 [INFO] MainUpdater:2872 - connection check result : 10
2026-02-12 17:40:26,553 [INFO] McuFinderGlobals:76 - Set McuFinderConnectedMode to true
2026-02-12 17:40:26,554 [INFO] MultiScanPanel:200 - Auto-refresh data requested => check proxy status ongoing
2026-02-12 17:40:26,554 [INFO] FinderPluginLoader:96 - Searching for filters in installed packs
2026-02-12 17:40:28,715 [INFO] LoadUrlFilesThread:185 - End of LoadServerUrlFiles without Thread
2026-02-12 17:40:28,716 [INFO] DetailPanel:341 - Set advertising image to C:/Users/Hemanth Madu/STM32Cube/Repository/\en.prom-stm32c0-entry-level-graphic-0226.png
2026-02-12 17:40:43,012 [INFO] MultiScanPanel:200 - Auto-refresh data requested => check proxy status ongoing
2026-02-12 17:40:43,124 [INFO] LoadUrlFilesThread:185 - End of LoadServerUrlFiles without Thread
2026-02-12 17:40:43,124 [INFO] DetailPanel:341 - Set advertising image to C:/Users/Hemanth Madu/STM32Cube/Repository/\en.prom-stm32c0-entry-level-graphic-0226.png
2026-02-12 17:43:41,600 [INFO] MainUpdater:2872 - connection check result : 10
2026-02-12 17:43:41,600 [INFO] MainUpdater:2872 - connection check result : 10
2026-02-12 17:43:41,690 [INFO] MicroXplorer:468 - Change Database Path : 
2026-02-12 17:43:41,690 [INFO] MicroXplorer:498 - Change Database Version : DB.6.0.150
2026-02-12 17:43:41,726 [ERROR] ProjectManagerView:395 - 
java.lang.NullPointerException: Cannot invoke "javax.swing.JTextField.getText()" because the return value of "java.util.List.get(int)" is null
	at com.st.microxplorer.plugins.projectmanager.gui.ProjectChoiceTab$9.caretUpdate(ProjectChoiceTab.java:2706) ~[filemanager.jar:?]
	at javax.swing.text.JTextComponent.fireCaretUpdate(JTextComponent.java:408) ~[?:?]
	at javax.swing.text.JTextComponent$MutableCaretEvent.fire(JTextComponent.java:4484) ~[?:?]
	at javax.swing.text.JTextComponent$MutableCaretEvent.stateChanged(JTextComponent.java:4506) ~[?:?]
	at javax.swing.text.DefaultCaret.fireStateChanged(DefaultCaret.java:857) ~[?:?]
	at javax.swing.text.DefaultCaret.changeCaretPosition(DefaultCaret.java:1343) ~[?:?]
	at javax.swing.text.DefaultCaret.handleSetDot(DefaultCaret.java:1242) ~[?:?]
	at javax.swing.text.DefaultCaret.setDot(DefaultCaret.java:1223) ~[?:?]
	at javax.swing.text.DefaultCaret$Handler.insertUpdate(DefaultCaret.java:1819) ~[?:?]
	at javax.swing.text.AbstractDocument.fireInsertUpdate(AbstractDocument.java:227) ~[?:?]
	at javax.swing.text.AbstractDocument.handleInsertString(AbstractDocument.java:781) ~[?:?]
	at javax.swing.text.AbstractDocument.insertString(AbstractDocument.java:740) ~[?:?]
	at javax.swing.text.PlainDocument.insertString(PlainDocument.java:131) ~[?:?]
	at javax.swing.text.AbstractDocument.replace(AbstractDocument.java:699) ~[?:?]
	at javax.swing.text.JTextComponent.setText(JTextComponent.java:1725) ~[?:?]
	at com.st.microxplorer.plugins.projectmanager.gui.ProjectChoiceTab.createHeapStackFields(ProjectChoiceTab.java:993) ~[filemanager.jar:?]
	at com.st.microxplorer.plugins.projectmanager.gui.ProjectChoiceTab.buildLinkSettingsPanel(ProjectChoiceTab.java:3813) ~[filemanager.jar:?]
	at com.st.microxplorer.plugins.projectmanager.gui.ProjectChoiceTab.defineWindowsFields(ProjectChoiceTab.java:1987) ~[filemanager.jar:?]
	at com.st.microxplorer.plugins.projectmanager.gui.ProjectChoiceTab.updateSettings(ProjectChoiceTab.java:558) ~[filemanager.jar:?]
	at com.st.microxplorer.plugins.projectmanager.gui.ProjectSettingsPanel.UpdateDialog(ProjectSettingsPanel.java:247) ~[filemanager.jar:?]
	at com.st.microxplorer.plugins.projectmanager.ProjectManagerView.propertyChange(ProjectManagerView.java:392) ~[filemanager.jar:?]
	at java.beans.PropertyChangeSupport.fire(PropertyChangeSupport.java:343) ~[?:?]
	at java.beans.PropertyChangeSupport.firePropertyChange(PropertyChangeSupport.java:335) ~[?:?]
	at java.beans.PropertyChangeSupport.firePropertyChange(PropertyChangeSupport.java:268) ~[?:?]
	at com.st.microxplorer.util.MXPropertyChangeSupport.firePropertyChange(MXPropertyChangeSupport.java:54) ~[STM32CubeMX.jar:?]
	at com.st.microxplorer.mxsystem.MxSystem.closeConfig(MxSystem.java:899) ~[STM32CubeMX.jar:?]
	at com.st.microxplorer.maingui.MainPanel.closeConfig(MainPanel.java:792) ~[STM32CubeMX.jar:?]
	at com.st.microxplorer.plugins.filemanager.engine.OpenFileManager.loadConfigurationFile(OpenFileManager.java:288) ~[filemanager.jar:?]
	at com.st.microxplorer.plugins.filemanager.engine.MainFileManager.userLoadConfig(MainFileManager.java:364) ~[filemanager.jar:?]
	at com.st.microxplorer.plugins.filemanager.FileManagerView.getSpecificTask(FileManagerView.java:268) ~[filemanager.jar:?]
	at com.st.stm32cube.common.mx.editor.CubeMxEditor.getMxTabbedPaneInstance(CubeMxEditor.java:1191) ~[com.st.stm32cube.common.mx_6.15.0.202507011659/:?]
	at com.st.stm32cube.common.mx.editor.CubeMxEditor$12$1.createSwingComponent(CubeMxEditor.java:1068) ~[com.st.stm32cube.common.mx_6.15.0.202507011659/:?]
	at com.st.stm32cube.common.mx.oss.core.awtswtbridge.EmbeddedSwingComposite.doComponentCreation(EmbeddedSwingComposite.java:492) ~[com.st.stm32cube.common.mx.oss_6.15.0.202507011659/:?]
	at com.st.stm32cube.common.mx.oss.core.awtswtbridge.EmbeddedSwingComposite$4.run(EmbeddedSwingComposite.java:291) ~[com.st.stm32cube.common.mx.oss_6.15.0.202507011659/:?]
	at com.st.stm32cube.common.mx.oss.core.awtswtbridge.AwtEnvironment$2.run(AwtEnvironment.java:166) ~[com.st.stm32cube.common.mx.oss_6.15.0.202507011659/:?]
	at java.awt.event.InvocationEvent.dispatch(InvocationEvent.java:318) ~[?:?]
	at java.awt.EventQueue.dispatchEventImpl(EventQueue.java:773) ~[?:?]
	at java.awt.EventQueue$4.run(EventQueue.java:720) ~[?:?]
	at java.awt.EventQueue$4.run(EventQueue.java:714) ~[?:?]
	at java.security.AccessController.doPrivileged(AccessController.java:400) ~[?:?]
	at java.security.ProtectionDomain$JavaSecurityAccessImpl.doIntersectionPrivilege(ProtectionDomain.java:87) ~[?:?]
	at java.awt.EventQueue.dispatchEvent(EventQueue.java:742) ~[?:?]
	at java.awt.EventDispatchThread.pumpOneEventForFilters(EventDispatchThread.java:203) ~[?:?]
	at java.awt.EventDispatchThread.pumpEventsForFilter(EventDispatchThread.java:124) ~[?:?]
	at java.awt.EventDispatchThread.pumpEventsForHierarchy(EventDispatchThread.java:113) ~[?:?]
	at java.awt.EventDispatchThread.pumpEvents(EventDispatchThread.java:109) ~[?:?]
	at java.awt.EventDispatchThread.pumpEvents(EventDispatchThread.java:101) ~[?:?]
	at java.awt.EventDispatchThread.run(EventDispatchThread.java:90) ~[?:?]
2026-02-12 17:43:41,756 [WARN] ThirdParty:871 - waiting for thirdparty lock release [close project]
2026-02-12 17:43:41,756 [INFO] ThirdParty:873 - entering critical section [close project]
2026-02-12 17:43:41,756 [INFO] ThirdParty:883 - exiting critical section [close project]
2026-02-12 17:43:41,760 [INFO] PinOutPanel:1589 - setPackage(No Configuration,No Configuration)
2026-02-12 17:43:41,779 [INFO] UtilMem:75 - Begin LoadConfig() Used Memory: 776449392 Bytes (1073741824)
2026-02-12 17:43:41,781 [INFO] OpenFileManager:355 - Change cursor
2026-02-12 17:43:41,820 [INFO] RulesReader:64 - Compatibility file has been processed (317 Rules)
2026-02-12 17:43:41,831 [INFO] ProjectFactory:514 - No CPN specified for board NUCLEO-L476RG => set CPN to STM32L476RGT3
2026-02-12 17:43:41,831 [INFO] Mcu:2029 - Initializing MCU STM32L476R(C-E-G)Tx STM32L476RGTx STM32L476RGT3
2026-02-12 17:43:44,170 [INFO] Context:786 - Trying to add GPIOservice into a context  which must be forbidden
2026-02-12 17:43:45,042 [INFO] Rule:233 - rule 117617 - U5Cobra4M][GTZC] default value MPCBB3 and MPCBB5 - Not Secured memory - MPCBB1 is applicable
2026-02-12 17:43:45,042 [INFO] Rule:233 - rule 117617 - U5Cobra4M][GTZC] default value MPCBB3 and MPCBB5 - Not Secured memory - MPCBB1 is applicable
2026-02-12 17:43:45,042 [INFO] Rule:233 - rule 117617 - U5Cobra4M][GTZC] default value MPCBB3 and MPCBB5 - Not Secured memory - MPCBB2 is applicable
2026-02-12 17:43:45,042 [INFO] Rule:233 - rule 117617 - U5Cobra4M][GTZC] default value MPCBB3 and MPCBB5 - Not Secured memory - MPCBB2 is applicable
2026-02-12 17:43:45,042 [INFO] Rule:233 - rule 117617 - U5Cobra4M][GTZC] default value MPCBB3 and MPCBB5 - Not Secured memory - MPCBB3 is applicable
2026-02-12 17:43:45,043 [INFO] Rule:233 - rule 117617 - U5Cobra4M][GTZC] default value MPCBB3 and MPCBB5 - Not Secured memory - MPCBB3 is applicable
2026-02-12 17:43:45,043 [INFO] Rule:233 - rule 117617 - U5Cobra4M][GTZC] default value MPCBB3 and MPCBB5 - Not Secured memory - MPCBB4 is applicable
2026-02-12 17:43:45,043 [INFO] Rule:233 - rule 117617 - U5Cobra4M][GTZC] default value MPCBB3 and MPCBB5 - Not Secured memory - MPCBB4 is applicable
2026-02-12 17:43:45,043 [INFO] Rule:233 - rule 117617 - U5Cobra4M][GTZC] default value MPCBB3 and MPCBB5 - Secured memory - MPCBB1 is applicable
2026-02-12 17:43:45,043 [INFO] Rule:233 - rule 117617 - U5Cobra4M][GTZC] default value MPCBB3 and MPCBB5 - Secured memory - MPCBB2 is applicable
2026-02-12 17:43:45,043 [INFO] Rule:233 - rule 117617 - U5Cobra4M][GTZC] default value MPCBB3 and MPCBB5 - Secured memory - MPCBB3 is applicable
2026-02-12 17:43:45,043 [INFO] Rule:233 - rule 117617 - U5Cobra4M][GTZC] default value MPCBB3 and MPCBB5 - Secured memory - MPCBB4 is applicable
2026-02-12 17:43:45,043 [INFO] Rule:233 - rule 117617 - U5Cobra4M][GTZC] default value MPCBB3 and MPCBB5 - Privileged memory - MPCBB1 is applicable
2026-02-12 17:43:45,043 [INFO] Rule:233 - rule 117617 - U5Cobra4M][GTZC] default value MPCBB3 and MPCBB5 - Privileged memory - MPCBB2 is applicable
2026-02-12 17:43:45,043 [INFO] Rule:233 - rule 117617 - U5Cobra4M][GTZC] default value MPCBB3 and MPCBB5 - Privileged memory - MPCBB3 is applicable
2026-02-12 17:43:45,043 [INFO] Rule:233 - rule 117617 - U5Cobra4M][GTZC] default value MPCBB3 and MPCBB5 - Privileged memory - MPCBB4 is applicable
2026-02-12 17:43:45,043 [INFO] Rule:233 - rule 117617 - U5Cobra4M][GTZC] default value MPCBB3 and MPCBB5 - Not Privileged memory - MPCBB1 is applicable
2026-02-12 17:43:45,043 [INFO] Rule:233 - rule 117617 - U5Cobra4M][GTZC] default value MPCBB3 and MPCBB5 - Not Privileged memory - MPCBB2 is applicable
2026-02-12 17:43:45,043 [INFO] Rule:233 - rule 117617 - U5Cobra4M][GTZC] default value MPCBB3 and MPCBB5 - Not Privileged memory - MPCBB3 is applicable
2026-02-12 17:43:45,043 [INFO] Rule:233 - rule 117617 - U5Cobra4M][GTZC] default value MPCBB3 and MPCBB5 - Not Privileged memory - MPCBB4 is applicable
2026-02-12 17:43:45,043 [INFO] Rule:233 - rule 117617 - U5Cobra4M][GTZC] default value MPCBB3 and MPCBB5 - Privileged memory - MPCBB1 is applicable
2026-02-12 17:43:45,043 [INFO] Rule:233 - rule 117617 - U5Cobra4M][GTZC] default value MPCBB3 and MPCBB5 - Privileged memory - MPCBB2 is applicable
2026-02-12 17:43:45,043 [INFO] Rule:233 - rule 117617 - U5Cobra4M][GTZC] default value MPCBB3 and MPCBB5 - Privileged memory - MPCBB3 is applicable
2026-02-12 17:43:45,043 [INFO] Rule:233 - rule 117617 - U5Cobra4M][GTZC] default value MPCBB3 and MPCBB5 - Privileged memory - MPCBB4 is applicable
2026-02-12 17:43:45,043 [INFO] Rule:233 - rule 117617 - U5Cobra4M][GTZC] default value MPCBB3 and MPCBB5 - Privileged memory - MPCBB1 is applicable
2026-02-12 17:43:45,043 [INFO] Rule:233 - rule 117617 - U5Cobra4M][GTZC] default value MPCBB3 and MPCBB5 - Privileged memory - MPCBB2 is applicable
2026-02-12 17:43:45,043 [INFO] Rule:233 - rule 117617 - U5Cobra4M][GTZC] default value MPCBB3 and MPCBB5 - Privileged memory - MPCBB3 is applicable
2026-02-12 17:43:45,043 [INFO] Rule:233 - rule 117617 - U5Cobra4M][GTZC] default value MPCBB3 and MPCBB5 - Privileged memory - MPCBB4 is applicable
2026-02-12 17:43:45,044 [INFO] Rule:233 - rule 117617 - U5Cobra4M][GTZC] default value MPCBB3 and MPCBB5 - Not Privileged memory - MPCBB1 is applicable
2026-02-12 17:43:45,044 [INFO] Rule:233 - rule 117617 - U5Cobra4M][GTZC] default value MPCBB3 and MPCBB5 - Not Privileged memory - MPCBB2 is applicable
2026-02-12 17:43:45,044 [INFO] Rule:233 - rule 117617 - U5Cobra4M][GTZC] default value MPCBB3 and MPCBB5 - Not Privileged memory - MPCBB3 is applicable
2026-02-12 17:43:45,044 [INFO] Rule:233 - rule 117617 - U5Cobra4M][GTZC] default value MPCBB3 and MPCBB5 - Not Privileged memory - MPCBB4 is applicable
2026-02-12 17:43:45,044 [INFO] Rule:233 - rule 117617 - U5Cobra4M][GTZC] default value MPCBB3 and MPCBB5 - Privileged memory - MPCBB1 is applicable
2026-02-12 17:43:45,044 [INFO] Rule:233 - rule 117617 - U5Cobra4M][GTZC] default value MPCBB3 and MPCBB5 - Privileged memory - MPCBB2 is applicable
2026-02-12 17:43:45,044 [INFO] Rule:233 - rule 117617 - U5Cobra4M][GTZC] default value MPCBB3 and MPCBB5 - Privileged memory - MPCBB3 is applicable
2026-02-12 17:43:45,044 [INFO] Rule:233 - rule 117617 - U5Cobra4M][GTZC] default value MPCBB3 and MPCBB5 - Privileged memory - MPCBB4 is applicable
2026-02-12 17:43:45,044 [INFO] Rule:233 - rule Rename SubGHz_Phy SUBGHZ_APPLICATION SUBGHZ_PINGPONG to SUBGHZ_ADV_APPLICATION is applicable
2026-02-12 17:43:45,044 [INFO] Rule:233 - rule Rename Enabled to IBEACON is applicable
2026-02-12 17:43:45,044 [INFO] Rule:233 - rule GTZC_S instance for project manager is applicable
2026-02-12 17:43:45,044 [INFO] Rule:233 - rule GTZC_S instance for context M33S is applicable
2026-02-12 17:43:45,044 [INFO] Rule:233 - rule GTZC_S instance value for IP GTZC is applicable
2026-02-12 17:43:45,044 [INFO] Rule:233 - rule GTZC_S instance for mcu.IP is applicable
2026-02-12 17:43:45,044 [INFO] Rule:233 - rule GTZC_S instance for VP is applicable
2026-02-12 17:43:45,044 [INFO] Rule:233 - rule GTZC_S instance for signal is applicable
2026-02-12 17:43:45,044 [INFO] Rule:233 - rule GTZC_S instance for mcu.Pin is applicable
2026-02-12 17:43:45,044 [INFO] Rule:233 - rule GTZC_S instance for VP is applicable
2026-02-12 17:43:45,044 [INFO] Rule:233 - rule GTZC_S instance for signal is applicable
2026-02-12 17:43:45,044 [INFO] Rule:233 - rule GTZC_S instance for mcu is applicable
2026-02-12 17:43:45,044 [INFO] Rule:233 - rule GTZC_S instance for mcu.Pin is applicable
2026-02-12 17:43:45,045 [INFO] Rule:233 - rule GTZC_S instance value for IP GTZC is applicable
2026-02-12 17:43:45,045 [INFO] Rule:233 - rule GTZC_S instance for project manager is applicable
2026-02-12 17:43:45,045 [INFO] Rule:233 - rule GTZC_S instance for context M33S is applicable
2026-02-12 17:43:45,045 [INFO] Rule:233 - rule GTZC_S instance for VP is applicable
2026-02-12 17:43:45,045 [INFO] Rule:233 - rule GTZC_S instance for signal is applicable
2026-02-12 17:43:45,045 [INFO] Rule:233 - rule SPDIFRX instance for mcu is applicable
2026-02-12 17:43:45,045 [INFO] Rule:233 - rule Rename Tracer Mode is applicable
2026-02-12 17:43:45,045 [INFO] Rule:233 - rule SPDIFRX instance value for IP SPDIFRX is applicable
2026-02-12 17:43:45,045 [INFO] Rule:233 - rule SPDIFRX instance for signal is applicable
2026-02-12 17:43:45,045 [INFO] Rule:233 - rule SPDIFRX instance for project manager is applicable
2026-02-12 17:43:45,045 [INFO] Rule:233 - rule SPDIFRX instance for project manager is applicable
2026-02-12 17:43:45,045 [INFO] Rule:233 - rule ADC Scan  fix with FW F7 is applicable
2026-02-12 17:43:45,045 [INFO] Rule:233 - rule ADC Scan  fix with FW F7 is applicable
2026-02-12 17:43:45,046 [INFO] Rule:233 - rule WakeUp0 Mode is applicable
2026-02-12 17:43:45,046 [INFO] Rule:233 - rule WakeUp0 SIGNAL is applicable
2026-02-12 17:43:45,046 [INFO] Rule:233 - rule WakeUp1 Mode is applicable
2026-02-12 17:43:45,046 [INFO] Rule:233 - rule WakeUp1 SIGNAL is applicable
2026-02-12 17:43:45,046 [INFO] Rule:233 - rule WakeUp2 Mode is applicable
2026-02-12 17:43:45,046 [INFO] Rule:233 - rule WakeUp2 SIGNAL is applicable
2026-02-12 17:43:45,046 [INFO] Rule:233 - rule WakeUp4 Mode is applicable
2026-02-12 17:43:45,047 [INFO] Rule:233 - rule WakeUp4 SIGNAL is applicable
2026-02-12 17:43:45,047 [INFO] Rule:233 - rule WakeUp5 Mode is applicable
2026-02-12 17:43:45,047 [INFO] Rule:233 - rule WakeUp5 SIGNAL is applicable
2026-02-12 17:43:45,047 [INFO] Rule:233 - rule Add RTC Activate Clock Source is applicable
2026-02-12 17:43:45,047 [INFO] Rule:233 - rule Add RTC Activate Calendar 1 is applicable
2026-02-12 17:43:45,047 [INFO] Rule:233 - rule Add RTC Activate Calendar 2 is applicable
2026-02-12 17:43:45,047 [INFO] Rule:233 - rule Add RTC Activate Calendar 3 is applicable
2026-02-12 17:43:45,047 [INFO] Rule:233 - rule UART/USART TX Mode is applicable
2026-02-12 17:43:45,047 [INFO] Rule:233 - rule UART/USART RX Mode is applicable
2026-02-12 17:43:45,048 [INFO] Rule:233 - rule UART/USART RX TX Mode is applicable
2026-02-12 17:43:45,048 [INFO] Rule:233 - rule UART/USART PARITY NONE is applicable
2026-02-12 17:43:45,048 [INFO] Rule:233 - rule UART/USART PARITY EVEN is applicable
2026-02-12 17:43:45,048 [INFO] Rule:233 - rule UART/USART PARITY ODD is applicable
2026-02-12 17:43:45,048 [INFO] Rule:233 - rule USART StopBits 1 is applicable
2026-02-12 17:43:45,048 [INFO] Rule:233 - rule USART StopBits 2 is applicable
2026-02-12 17:43:45,048 [INFO] Rule:233 - rule USART StopBits 1.5 is applicable
2026-02-12 17:43:45,048 [INFO] Rule:233 - rule USART StopBits 0.5 is applicable
2026-02-12 17:43:45,048 [INFO] Rule:233 - rule UART/USART WORD LENGTH 7 is applicable
2026-02-12 17:43:45,048 [INFO] Rule:233 - rule UART/USART WORD LENGTH 8 is applicable
2026-02-12 17:43:45,048 [INFO] Rule:233 - rule UART/USART WORD LENGTH 9 is applicable
2026-02-12 17:43:45,048 [INFO] Rule:233 - rule Rename FMC NAND NCE signal is applicable
2026-02-12 17:43:45,048 [INFO] Rule:233 - rule Rename FMC NAND INT signal is applicable
2026-02-12 17:43:45,048 [INFO] Rule:233 - rule Change Default Value for LSE Drive Capability for WB family is applicable
2026-02-12 17:43:45,048 [INFO] Rule:233 - rule Change Default Value for ADC Clock Prescaler G0 family is applicable
2026-02-12 17:43:45,048 [INFO] Rule:233 - rule Change Default Value for ADC ExternalTrigConv L4 family is applicable
2026-02-12 17:43:45,048 [INFO] Rule:233 - rule Change Default Value for ADC ExternalTrigInjecConv L4 family is applicable
2026-02-12 17:43:45,048 [INFO] Rule:233 - rule Change Default Value for ADC ExternalTrigConv F3 family is applicable
2026-02-12 17:43:45,048 [INFO] Rule:233 - rule Change Default Value for ADC ExternalTrigInjecConv F3 family is applicable
2026-02-12 17:43:45,048 [INFO] Rule:233 - rule Change Default Value for ADC ExternalTrigConv Goldfish serie is applicable
2026-02-12 17:43:45,048 [INFO] Rule:233 - rule Change Default Value for ADC ExternalTrigInjecConv Goldfish serie is applicable
2026-02-12 17:43:45,049 [INFO] Rule:233 - rule Change Default Value for ADC ExternalTrigConv L0 family is applicable
2026-02-12 17:43:45,049 [INFO] Rule:233 - rule Change Default Value for ADC ExternalTrigConv F0 family is applicable
2026-02-12 17:43:45,049 [INFO] Rule:233 - rule Change Default Value for ADC ExternalTrigConvn L1 family is applicable
2026-02-12 17:43:45,049 [INFO] Rule:233 - rule Change Default Value for ADC ExternalTrigInjecConv L1 family is applicable
2026-02-12 17:43:45,049 [INFO] Rule:233 - rule Change Default Value for ADC ExternalTrigConv F1 family is applicable
2026-02-12 17:43:45,049 [INFO] Rule:233 - rule Change Default Value for ADC ExternalTrigInjecConv F1 family is applicable
2026-02-12 17:43:45,049 [INFO] Rule:233 - rule Change Default Value for ADC ExternalTrigConv F7 family is applicable
2026-02-12 17:43:45,049 [INFO] Rule:233 - rule Change Default Value for ADC ExternalTrigInjecConv F7 family is applicable
2026-02-12 17:43:45,049 [INFO] Rule:233 - rule Change Default Value for ADC ExternalTrigConv F4 and F2 family is applicable
2026-02-12 17:43:45,049 [INFO] Rule:233 - rule Change Default Value for ADC ExternalTrigInjecConv F4 and F2 family is applicable
2026-02-12 17:43:45,049 [INFO] Rule:233 - rule ADC SamplingTime fix with FW L0  is applicable
2026-02-12 17:43:45,049 [INFO] Rule:233 - rule ADC SamplingTime fix with FW L0  is applicable
2026-02-12 17:43:45,049 [INFO] Rule:233 - rule ADC SamplingTime fix with FW L0 is applicable
2026-02-12 17:43:45,049 [INFO] Rule:233 - rule ADC SamplingTime fix with FW L0 is applicable
2026-02-12 17:43:45,049 [INFO] Rule:233 - rule ADC SamplingTime fix with FW L0  is applicable
2026-02-12 17:43:45,049 [INFO] Rule:233 - rule ADC SamplingTime fix with FW L0 is applicable
2026-02-12 17:43:45,049 [INFO] Rule:233 - rule Rename USB_OE Signal is applicable
2026-02-12 17:43:45,049 [INFO] Rule:233 - rule Rename Activate_OE Mode is applicable
2026-02-12 17:43:45,049 [INFO] Rule:233 - rule Rename DIE462/DIE415 pin PC14/OSC32_IN -> PC14-OSC32_IN (PC14) is applicable
2026-02-12 17:43:45,049 [INFO] Rule:233 - rule Rename DIE462/DIE415 pin PC15/OSC32_OUT -> PC15-OSC32_OUT (PC15) is applicable
2026-02-12 17:43:45,049 [INFO] Rule:233 - rule Rename DIE462/DIE415 pin PH0/OSC_IN -> PH0-OSC_IN (PH0) is applicable
2026-02-12 17:43:45,049 [INFO] Rule:233 - rule Rename DIE462/DIE415 pin PH1/OSC_OUT -> PH1-OSC_OUT (PH1) is applicable
2026-02-12 17:43:45,049 [INFO] Rule:233 - rule Rename DIE462 pin PA13 -> PA13 (JTMS/SWDIO) is applicable
2026-02-12 17:43:45,049 [INFO] Rule:233 - rule Rename DIE415 pin PA13 -> PA13 (JTMS/SWDIO) is applicable
2026-02-12 17:43:45,049 [INFO] Rule:233 - rule Rename DIE462 pin PA14 -> PA14 (JTCK/SWCLK) is applicable
2026-02-12 17:43:45,049 [INFO] Rule:233 - rule Rename DIE415 pin PA14 -> PA14 (JTCK/SWCLK) is applicable
2026-02-12 17:43:45,050 [INFO] Rule:233 - rule Rename DIE462/DIE415 pin PA15 -> PA15 (JTDI) is applicable
2026-02-12 17:43:45,050 [INFO] Rule:233 - rule Rename DIE462 pin PB3 -> PB3 (JTD0/TRACESWO) is applicable
2026-02-12 17:43:45,050 [INFO] Rule:233 - rule Rename DIE415 pin PB3 -> PB3 (JTD0-TRACESWO) is applicable
2026-02-12 17:43:45,050 [INFO] Rule:233 - rule Rename DIE462/DIE415 pin PB4 -> PB4 (NJTRST) is applicable
2026-02-12 17:43:45,050 [INFO] Rule:233 - rule Rename DIE462 pin PH3/BOOT0 -> PH3-BOOT0 (BOOT0) is applicable
2026-02-12 17:43:45,050 [INFO] Rule:233 - rule Rename CRYP DataEncryptionTypesList to Algorithm is applicable
2026-02-12 17:43:45,050 [INFO] Rule:233 - rule Rename AES DataEncryptionTypesList to Algorithm is applicable
2026-02-12 17:43:45,050 [INFO] Rule:233 - rule Rename TDESECB to CRYP_TDES_ECB is applicable
2026-02-12 17:43:45,050 [INFO] Rule:233 - rule Rename TDESCBC to CRYP_TDES_CBC is applicable
2026-02-12 17:43:45,050 [INFO] Rule:233 - rule Rename DESECB to CRYP_DES_ECB is applicable
2026-02-12 17:43:45,050 [INFO] Rule:233 - rule Rename DESCBC to CRYP_DES_CBC is applicable
2026-02-12 17:43:45,050 [INFO] Rule:233 - rule Rename AESECB to CRYP_AES_ECB is applicable
2026-02-12 17:43:45,050 [INFO] Rule:233 - rule Rename AESCBC to CRYP_AES_CBC is applicable
2026-02-12 17:43:45,050 [INFO] Rule:233 - rule Rename AESCTR to CRYP_AES_CTR is applicable
2026-02-12 17:43:45,050 [INFO] Rule:233 - rule Rename AESGCM to CRYP_AES_GCM is applicable
2026-02-12 17:43:45,050 [INFO] Rule:233 - rule Rename AESCCM to CRYP_AES_CCM is applicable
2026-02-12 17:43:45,050 [INFO] Rule:233 - rule Rename CAN TimeSeg1 to BS1 is applicable
2026-02-12 17:43:45,050 [INFO] Rule:233 - rule Rename CAN TimeSeg2 to BS2 is applicable
2026-02-12 17:43:45,050 [INFO] Rule:233 - rule Rename CAN SyncJumpWidth to SJW is applicable
2026-02-12 17:43:45,050 [INFO] Rule:233 - rule TimeTriggeredMode to TTCM is applicable
2026-02-12 17:43:45,050 [INFO] Rule:233 - rule Rename CAN AutoBusOff to ABOM is applicable
2026-02-12 17:43:45,050 [INFO] Rule:233 - rule Rename CAN AutoWakeUp to AWUM is applicable
2026-02-12 17:43:45,050 [INFO] Rule:233 - rule Rename CAN AutoRetransmission to NART is applicable
2026-02-12 17:43:45,050 [INFO] Rule:233 - rule Rename CAN ReceiveFifoLocked to RFLM is applicable
2026-02-12 17:43:45,050 [INFO] Rule:233 - rule Rename CAN TransmitFifoPriority to TXFP is applicable
2026-02-12 17:43:45,050 [INFO] Rule:233 - rule Rename HRTIMER HRTIM_OUTPUTFAULTLEVEL_HIGH in HRTIMER HRTIM_OUTPUTFAULTLEVEL_HIGHZ is applicable
2026-02-12 17:43:45,050 [INFO] Rule:233 - rule Rename TIMER TIM_CLEARINPUTSOURCE_OCREFCLR in  TIMER TIM_CLEARINPUTSOURCE_NONE for F7 family is applicable
2026-02-12 17:43:45,051 [INFO] Rule:233 - rule FDCAN_R1 - Rename FDCAN mode Master into Classic is applicable
2026-02-12 17:43:45,051 [INFO] Rule:233 - rule FDCAN_R2 - Rename FDCAN mode Slave into Classic is applicable
2026-02-12 17:43:45,051 [INFO] Rule:233 - rule FDCAN1_R3 - if PA10.Mode=FullDuplex, add Pin PA12 is applicable
2026-02-12 17:43:45,051 [INFO] Rule:233 - rule FDCAN1_R3 - if PA9.Mode=FullDuplex, add Pin PA11 is applicable
2026-02-12 17:43:45,051 [INFO] Rule:233 - rule FDCAN1_R3 - Alternatepin_1 - if PE1.Mode=FullDuplex, add Pin PB9 is applicable
2026-02-12 17:43:45,051 [INFO] Rule:233 - rule FDCAN1_R3 - Alternatepin_1 - if PE0.Mode=FullDuplex, add Pin PB8 is applicable
2026-02-12 17:43:45,051 [INFO] Rule:233 - rule FDCAN1_R3 - Alternatepin_2 - if PD5.Mode=FullDuplex, add Pin PD1 is applicable
2026-02-12 17:43:45,051 [INFO] Rule:233 - rule FDCAN1_R3 - Alternatepin_2 - if PD4.Mode=FullDuplex, add Pin PD0 is applicable
2026-02-12 17:43:45,051 [INFO] Rule:233 - rule FDCAN1_R4 - Rename Mode FullDuplex into Enable FDCAN_TXFD for pin PA10 is applicable
2026-02-12 17:43:45,051 [INFO] Rule:233 - rule FDCAN1_R4 - Rename Mode FullDuplex into Enable FDCAN_TXFD for pin PA9 is applicable
2026-02-12 17:43:45,051 [INFO] Rule:233 - rule FDCAN1_R4 - Alternatepin_1 - Rename Mode FullDuplex into Enable FDCAN_TXFD for pin PE1 is applicable
2026-02-12 17:43:45,051 [INFO] Rule:233 - rule FDCAN1_R4 - Alternatepin_1 - Rename Mode FullDuplex into Enable FDCAN_TXFD for pin PE0 is applicable
2026-02-12 17:43:45,051 [INFO] Rule:233 - rule FDCAN1_R4 - Alternatepin_2 - Rename Mode FullDuplex into Enable FDCAN_TXFD for pin PD5 is applicable
2026-02-12 17:43:45,051 [INFO] Rule:233 - rule FDCAN1_R4 - Alternatepin_2 - Rename Mode FullDuplex into Enable FDCAN_TXFD for pin PD4 is applicable
2026-02-12 17:43:45,051 [INFO] Rule:233 - rule FDCAN2_R3 - if PD10.Mode=FullDuplex, add Pin PB13 is applicable
2026-02-12 17:43:45,051 [INFO] Rule:233 - rule FDCAN2_R3 - if PD9.Mode=FullDuplex, add Pin PB12 is applicable
2026-02-12 17:43:45,051 [INFO] Rule:233 - rule FDCAN2_R3 - Alternatepin_1 - if PB7.Mode=FullDuplex, add Pin PB6 is applicable
2026-02-12 17:43:45,051 [INFO] Rule:233 - rule FDCAN2_R3 - Alternatepin_1 - if PD9.Mode=FullDuplex, add Pin PB12 is applicable
2026-02-12 17:43:45,051 [INFO] Rule:233 - rule FDCAN2_R4 - Rename Mode FullDuplex into Enable FDCAN_TXFD for pin PD10 is applicable
2026-02-12 17:43:45,051 [INFO] Rule:233 - rule FDCAN2_R4 - Rename Mode FullDuplex into Enable FDCAN_TXFD for pin PD9 is applicable
2026-02-12 17:43:45,051 [INFO] Rule:233 - rule FDCAN2_R4 - Alternatepin_1 - Rename Mode FullDuplex into Enable FDCAN_TXFD for pin PB7 is applicable
2026-02-12 17:43:45,051 [INFO] Rule:233 - rule FDCAN2_R4 - Alternatepin_1 - Rename Mode FullDuplex into Enable FDCAN_TXFD for pin PD6 is applicable
2026-02-12 17:43:45,051 [INFO] Rule:233 - rule USART TxPinLevelInvertParam Mode is applicable
2026-02-12 17:43:45,051 [INFO] Rule:233 - rule USART RxPinLevelInvertParam Mode is applicable
2026-02-12 17:43:45,052 [INFO] Rule:233 - rule USART DataInvertParam Mode is applicable
2026-02-12 17:43:45,052 [INFO] Rule:233 - rule USART SwapParam Mode is applicable
2026-02-12 17:43:45,052 [INFO] Rule:233 - rule USART OverrunDisableParam Mode is applicable
2026-02-12 17:43:45,052 [INFO] Rule:233 - rule USART DMADisableonRxErrorParam Mode is applicable
2026-02-12 17:43:45,052 [INFO] Rule:233 - rule USART MSBFirstParam Mode is applicable
2026-02-12 17:43:45,052 [INFO] Rule:233 - rule Update MwName for USB_DEVICE is applicable
2026-02-12 17:43:45,052 [INFO] Rule:233 - rule Change PWR_Regulator_Voltage_Scale Default Value for RCC  H7 family is applicable
2026-02-12 17:43:45,052 [INFO] Rule:233 - rule UART/USART IPParameter rename Prescaler parameter to ClockPrescaler is applicable
2026-02-12 17:43:45,052 [INFO] Rule:233 - rule UART/USART Prescaler rename Prescaler parameter to ClockPrescaler is applicable
2026-02-12 17:43:45,052 [INFO] Rule:233 - rule TIM1CLockSelection is applicable
2026-02-12 17:43:45,052 [INFO] Rule:233 - rule TIM15CLockSelection is applicable
2026-02-12 17:43:45,052 [INFO] Rule:233 - rule align RCC SDMMC3CLockSelection default value on MP1 is applicable
2026-02-12 17:43:45,052 [INFO] Rule:233 - rule align RCC SDMMC12CLockSelection default value on MP1 is applicable
2026-02-12 17:43:45,052 [INFO] Rule:233 - rule align RCC QSPICLockSelection default value on MP1 is applicable
2026-02-12 17:43:45,052 [INFO] Rule:233 - rule align RCC QSPICLockSelection default value on MP1 is applicable
2026-02-12 17:43:45,052 [INFO] Rule:233 - rule align RCC SPI6CLockSelection default value on MP1 is applicable
2026-02-12 17:43:45,052 [INFO] Rule:233 - rule align RCC LPTIM23CLockSelection default value on MP1 is applicable
2026-02-12 17:43:45,052 [INFO] Rule:233 - rule align RCC LPTIM1CLockSelection default value on MP1 is applicable
2026-02-12 17:43:45,052 [INFO] Rule:233 - rule align RCC USART1CLockSelection default value on MP1 is applicable
2026-02-12 17:43:45,052 [INFO] Rule:233 - rule align RCC USART24CLockSelection default value on MP1 is applicable
2026-02-12 17:43:45,052 [INFO] Rule:233 - rule align RCC USART6CLockSelection default value on MP1 is applicable
2026-02-12 17:43:45,052 [INFO] Rule:233 - rule align RCC UART78CLockSelection default value on MP1 is applicable
2026-02-12 17:43:45,052 [INFO] Rule:233 - rule align RCC USART35CLockSelection default value on MP1 is applicable
2026-02-12 17:43:45,052 [INFO] Rule:233 - rule align RCC SPI45CLockSelection default value on MP1 is applicable
2026-02-12 17:43:45,052 [INFO] Rule:233 - rule align RCC I2C46CLockSelection BCLK value on MP1 is applicable
2026-02-12 17:43:45,052 [INFO] Rule:233 - rule align RCC SPI45CLockSelection default value on MP1 is applicable
2026-02-12 17:43:45,053 [INFO] Rule:233 - rule align RCC I2C12CLockSelection default value on MP1 is applicable
2026-02-12 17:43:45,053 [INFO] Rule:233 - rule align RCC I2C35CLockSelection default value on MP1 is applicable
2026-02-12 17:43:45,053 [INFO] Rule:233 - rule align RCC LPTIM45CLockSelection default value on MP1 is applicable
2026-02-12 17:43:45,053 [INFO] Rule:233 - rule Rename DCMI PIXCK signal is applicable
2026-02-12 17:43:45,053 [INFO] Rule:233 - rule Change Default Value for I2C46CLockSelection MP1 family is applicable
2026-02-12 17:43:45,053 [INFO] Rule:233 - rule Change Default Value for UART for G4, G0 and WB families is applicable
2026-02-12 17:43:45,053 [INFO] Rule:233 - rule Change Default Value for USART for G4, G0 and WB families is applicable
2026-02-12 17:43:45,053 [INFO] Rule:233 - rule Change Default Value for USART for G4 family is applicable
2026-02-12 17:43:45,053 [INFO] Rule:233 - rule Change USART1CLockSelection refparam name for MP1 is applicable
2026-02-12 17:43:45,053 [INFO] Rule:233 - rule Change USART2CLockSelection refparam name for MP1 is applicable
2026-02-12 17:43:45,053 [INFO] Rule:233 - rule Change USART3CLockSelection refparam name for MP1 is applicable
2026-02-12 17:43:45,053 [INFO] Rule:233 - rule Change UART4CLockSelection refparam name for MP1 is applicable
2026-02-12 17:43:45,053 [INFO] Rule:233 - rule Change UART5CLockSelection refparam name for MP1 is applicable
2026-02-12 17:43:45,053 [INFO] Rule:233 - rule Change LPUART1CLockSelection refparam name for MP1 is applicable
2026-02-12 17:43:45,053 [INFO] Rule:233 - rule Change LPTIM1CLockSelection refparam name for MP1 is applicable
2026-02-12 17:43:45,053 [INFO] Rule:233 - rule Change LPTIM2CLockSelection refparam name for MP1 is applicable
2026-02-12 17:43:45,053 [INFO] Rule:233 - rule Change RCC_MCO1Source refparam name for MP1 is applicable
2026-02-12 17:43:45,053 [INFO] Rule:233 - rule Change LSCOSource1 refparam name for MP1 is applicable
2026-02-12 17:43:45,053 [INFO] Rule:233 - rule Change SMPSCLockSelection refparam name for MP1 is applicable
2026-02-12 17:43:45,053 [INFO] Rule:233 - rule Change LPTIM3CLockSelection refparam name for MP1 is applicable
2026-02-12 17:43:45,054 [INFO] Rule:233 - rule Change MPCBB* Default Template Mode to Parameters is applicable
2026-02-12 17:43:45,054 [INFO] Rule:233 - rule Change MPCWM* or MPCBB* Secure Mode to Parameters is applicable
2026-02-12 17:43:45,054 [INFO] Rule:233 - rule Change MPCWM* or MPCBB* No Secure Mode to Parameters is applicable
2026-02-12 17:43:45,054 [INFO] Rule:233 - rule Change TZSC IP Secure Mode to Parameters is applicable
2026-02-12 17:43:45,054 [INFO] Rule:233 - rule Change TZSC IP No Secure Mode to Parameters is applicable
2026-02-12 17:43:45,054 [INFO] Rule:233 - rule Change TZSC IP Privilege Mode to Parameters is applicable
2026-02-12 17:43:45,054 [INFO] Rule:233 - rule Change TZSC IP No Privilege Mode to Parameters is applicable
2026-02-12 17:43:45,054 [INFO] Rule:233 - rule Change TZIC IT Secure Mode to Parameters is applicable
2026-02-12 17:43:45,054 [INFO] Rule:233 - rule Change TZIC IT No Secure Mode to Parameters is applicable
2026-02-12 17:43:45,054 [INFO] Rule:233 - rule Add MPCBB1_NonSecureArea_Start_Address value with referenced to MPCBB1_NonSecureArea_Start value is applicable
2026-02-12 17:43:45,054 [INFO] Rule:233 - rule Add MPCBB2_NonSecureArea_Start_Address value with referenced to MPCBB2_NonSecureArea_Start value is applicable
2026-02-12 17:43:45,054 [INFO] Rule:233 - rule Add MPCWM1_NonSecureArea*_Start_Address value with referenced to MPCWM1_NonSecureArea*_Start value is applicable
2026-02-12 17:43:45,054 [INFO] Rule:233 - rule Add MPCWM2_NonSecureArea*_Start_Address value with referenced to MPCWM2_NonSecureArea*_Start value is applicable
2026-02-12 17:43:45,054 [INFO] Rule:233 - rule Add MPCWM3_NonSecureArea_Start_Address value with referenced to MPCWM3_NonSecureArea_Start value is applicable
2026-02-12 17:43:45,054 [INFO] Rule:233 - rule Change Default Value for PLL1UserDefinedConfig is applicable
2026-02-12 17:43:45,054 [INFO] Rule:233 - rule Change GPIO_PuPd Default Value for USART in async mode is applicable
2026-02-12 17:43:45,054 [INFO] Rule:233 - rule Change SMPSDivider Default Value is applicable
2026-02-12 17:43:45,054 [INFO] Rule:233 - rule OPAMP is applicable
2026-02-12 17:43:45,054 [INFO] Rule:233 - rule LPUART IPParameter rename Prescaler parameter to ClockPrescaler for STM32H7 is applicable
2026-02-12 17:43:45,054 [INFO] Rule:233 - rule LPUART IPParameter rename Prescaler parameter to ClockPrescaler for STM32H7 is applicable
2026-02-12 17:43:45,054 [INFO] Rule:233 - rule LPUART IPParameter rename Prescaler parameter to ClockPrescaler for STM32WB is applicable
2026-02-12 17:43:45,054 [INFO] Rule:233 - rule LPUART IPParameter rename Prescaler parameter to ClockPrescaler for STM32WB is applicable
2026-02-12 17:43:45,054 [INFO] Rule:233 - rule LPUART IPParameter rename Prescaler parameter to ClockPrescaler for STM32G4 is applicable
2026-02-12 17:43:45,054 [INFO] Rule:233 - rule LPUART IPParameter rename Prescaler parameter to ClockPrescaler for STM32G4 is applicable
2026-02-12 17:43:45,055 [INFO] Rule:233 - rule LPUART IPParameter rename Prescaler parameter to ClockPrescaler for STM32L5 is applicable
2026-02-12 17:43:45,055 [INFO] Rule:233 - rule LPUART IPParameter rename Prescaler parameter to ClockPrescaler for STM32L5 is applicable
2026-02-12 17:43:45,055 [INFO] Rule:233 - rule LPUART IPParameter rename Prescaler parameter to ClockPrescaler for STM32G4 is applicable
2026-02-12 17:43:45,055 [INFO] Rule:233 - rule LPUART IPParameter rename Prescaler parameter to ClockPrescaler for STM32G4 is applicable
2026-02-12 17:43:45,055 [INFO] Rule:233 - rule USB device lib V2.5.3 for L0 rename USBD_SUPPORT_USER_STRING parameter to USBD_SUPPORT_USER_STRING_DESC4 is applicable
2026-02-12 17:43:45,055 [INFO] Rule:233 - rule I2SCLockSelection clock entry align is applicable
2026-02-12 17:43:45,055 [INFO] Rule:233 - rule Assign TIMx context if used as SYS timebase is applicable
2026-02-12 17:43:45,055 [INFO] Rule:233 - rule Change GPIO_Pu Default Value for I2C is applicable
2026-02-12 17:43:45,055 [INFO] Rule:233 - rule Change GPIO_Pu Default Value for SMBus is applicable
2026-02-12 17:43:45,055 [INFO] Rule:233 - rule change FDCAN default value is applicable
2026-02-12 17:43:45,055 [INFO] Rule:233 - rule Change mode sai is applicable
2026-02-12 17:43:45,055 [INFO] Rule:233 - rule **Change sai mode is applicable
2026-02-12 17:43:45,055 [INFO] Rule:233 - rule Rename STM32WPAN CFG_BLE_IRK to CFG_BLE_IR is applicable
2026-02-12 17:43:45,055 [INFO] Rule:233 - rule Rename STM32WPAN CFG_BLE_ERK to CFG_BLE_ER is applicable
2026-02-12 17:43:45,055 [INFO] Rule:233 - rule Rename STM32WPAN CFG_BLE_IRK_HEX to CFG_BLE_IR_HEX is applicable
2026-02-12 17:43:45,055 [INFO] Rule:233 - rule Rename STM32WPAN CFG_BLE_ERK_HEX to CFG_BLE_ER_HEX is applicable
2026-02-12 17:43:45,055 [INFO] Rule:233 - rule Adapt Old IOC before rework replace old CORTEX_M33/CORTEX_M55 attributes by the new one. is applicable
2026-02-12 17:43:45,055 [INFO] Rule:233 - rule Rename parametre of RCC RCC_APBDBG_DIV2 to RCC_TIMPRES_DIV2 is applicable
2026-02-12 17:43:45,055 [INFO] Rule:233 - rule Rename DIE493 pin PA10 [PA12] -> PA10 is applicable
2026-02-12 17:43:45,055 [INFO] Rule:233 - rule Rename DIE493 pin PA9 [PA11] -> PA9 is applicable
2026-02-12 17:43:45,055 [INFO] Rule:233 - rule Rename DIE492 PartNumber CPN STM32WBA5MJGHx -> STM32WBA5MMGHx is applicable
2026-02-12 17:43:45,055 [INFO] Rule:233 - rule Rename DIE492 PartNumber  Name STM32WBA5MJGHx -> STM32WBA5MMGHx is applicable
2026-02-12 17:43:45,055 [INFO] Rule:233 - rule Rename DIE492 PartNumber UserName STM32WBA5MJGHx -> STM32WBA5MMGHx is applicable
2026-02-12 17:43:45,055 [INFO] Rule:233 - rule Rename DIE492 PartNumber DeviceId STM32WBA5MJGHx -> STM32WBA5MMGHx is applicable
2026-02-12 17:43:45,055 [INFO] Rule:233 - rule Adapt Old IOC CSI. is applicable
2026-02-12 17:43:45,055 [INFO] Rule:233 - rule Adapt Old IOC DCMIPP. is applicable
2026-02-12 17:43:45,056 [INFO] Rule:233 - rule Adapt Old IOC DCMIPP Mode Parallel. is applicable
2026-02-12 17:43:45,056 [INFO] Rule:233 - rule Adapt Old IOC LTDC. is applicable
2026-02-12 17:43:45,056 [INFO] Rule:233 - rule Rename STM32MP2 RIF Peripheral LTDC RIF.RISUP.LTDC_L0L1.Privilege -> RIF.RISUP.LTDC_L1L2.Privilege is applicable
2026-02-12 17:43:45,056 [INFO] Rule:233 - rule Rename STM32MP2 RIF Peripheral LTDC RIF.RISUP.LTDC_L0L1.Privilege -> RIF.RISUP.LTDC_L1L2.Privilege is applicable
2026-02-12 17:43:45,056 [INFO] Rule:233 - rule Rename STM32MP2 RIF Peripheral LTDC RIF.RISUP.LTDC_L0L1.Lock -> RIF.RISUP.LTDC_L1L2.Lock is applicable
2026-02-12 17:43:45,056 [INFO] Rule:233 - rule Rename STM32MP2 RIF Peripheral LTDC RIF.RISUP.LTDC_L2.Lock -> RIF.RISUP.LTDC_L3.Lock is applicable
2026-02-12 17:43:45,056 [INFO] Rule:233 - rule Adapt the old IOC example for updating the SYS when it is misconfigured. is applicable
2026-02-12 17:43:45,056 [INFO] Rule:233 - rule Rename STM32C09 Mcu.Package LQFP64 -> LQFP48 is applicable
2026-02-12 17:43:45,056 [INFO] Rule:233 - rule Adapt the old IOC example for updating the SYS when it is misconfigured. is applicable
2026-02-12 17:43:45,056 [INFO] Rule:233 - rule Adapt the old IOC example for updating the SYS when it is misconfigured. is applicable
2026-02-12 17:43:45,083 [INFO] DbConfProperties:307 - Apply Compatibility (53/282 Rules)
2026-02-12 17:43:45,103 [INFO] ImportTextPane:234 - (OptionalMessage_ERROR) Unable to find key (Mcu.ThirdPartyNb) in loaded IOC file
2026-02-12 17:43:45,106 [INFO] ImportTextPane:234 - (OptionalMessage_ERROR) Pin12 (VP_RIF_VS_RIF1) cannot be retrieved for this MCU
2026-02-12 17:43:45,274 [INFO] RtosManager:558 - Registered RTOS mode: class=CMSIS, group=RTOS, mode=CMSIS_V1, owner=FREERTOS
2026-02-12 17:43:45,274 [INFO] RtosManager:558 - Registered RTOS mode: class=CMSIS, group=RTOS2, mode=CMSIS_V2, owner=FREERTOS
2026-02-12 17:43:45,274 [INFO] RtosManager:558 - Registered RTOS mode: class=RTOS, group=Core, mode=CMSIS_V1, owner=FREERTOS
2026-02-12 17:43:45,274 [INFO] RtosManager:558 - Registered RTOS mode: class=RTOS, group=Core, mode=CMSIS_V2, owner=FREERTOS
2026-02-12 17:43:45,274 [WARN] ModelIntegratedComponent:184 - Missing modes for component STMicroelectronics:FreeRTOS:0.0.1:STMicroelectronics:RTOS:FreeRTOS:Core:::10.2.0:
2026-02-12 17:43:45,284 [WARN] ModelIntegratedComponent:63 - No mode defined for component null
2026-02-12 17:43:45,284 [WARN] ModelIntegratedComponent:63 - No mode defined for component null
2026-02-12 17:43:45,284 [WARN] ModelIntegratedComponent:63 - No mode defined for component null
2026-02-12 17:43:45,284 [WARN] ModelIntegratedComponent:63 - No mode defined for component null
2026-02-12 17:43:45,284 [WARN] ModelIntegratedComponent:63 - No mode defined for component null
2026-02-12 17:43:45,284 [WARN] ModelIntegratedComponent:63 - No mode defined for component null
2026-02-12 17:43:45,284 [WARN] ModelIntegratedComponent:63 - No mode defined for component null
2026-02-12 17:43:45,284 [WARN] ModelIntegratedComponent:63 - No mode defined for component null
2026-02-12 17:43:45,284 [WARN] ModelIntegratedComponent:63 - No mode defined for component null
2026-02-12 17:43:45,284 [WARN] ModelIntegratedComponent:63 - No mode defined for component null
2026-02-12 17:43:45,284 [WARN] ModelIntegratedComponent:63 - No mode defined for component null
2026-02-12 17:43:45,284 [WARN] ModelIntegratedComponent:63 - No mode defined for component null
2026-02-12 17:43:45,284 [WARN] ModelIntegratedComponent:63 - No mode defined for component null
2026-02-12 17:43:45,284 [WARN] ModelIntegratedComponent:63 - No mode defined for component null
2026-02-12 17:43:45,284 [WARN] ModelIntegratedComponent:63 - No mode defined for component null
2026-02-12 17:43:45,284 [WARN] ModelIntegratedComponent:63 - No mode defined for component null
2026-02-12 17:43:45,284 [WARN] ModelIntegratedComponent:63 - No mode defined for component null
2026-02-12 17:43:45,284 [WARN] ModelIntegratedComponent:63 - No mode defined for component null
2026-02-12 17:43:45,284 [WARN] ModelIntegratedComponent:63 - No mode defined for component null
2026-02-12 17:43:45,284 [WARN] ModelIntegratedComponent:63 - No mode defined for component null
2026-02-12 17:43:45,284 [WARN] ModelIntegratedComponent:63 - No mode defined for component null
2026-02-12 17:43:45,285 [WARN] ModelIntegratedComponent:63 - No mode defined for component null
2026-02-12 17:43:45,285 [WARN] ModelIntegratedComponent:63 - No mode defined for component null
2026-02-12 17:43:45,285 [WARN] ModelIntegratedComponent:63 - No mode defined for component null
2026-02-12 17:43:45,285 [WARN] ModelIntegratedComponent:63 - No mode defined for component null
2026-02-12 17:43:45,285 [WARN] ModelIntegratedComponent:63 - No mode defined for component null
2026-02-12 17:43:45,285 [WARN] ModelIntegratedComponent:63 - No mode defined for component null
2026-02-12 17:43:45,285 [WARN] ModelIntegratedComponent:63 - No mode defined for component null
2026-02-12 17:43:45,285 [WARN] ModelIntegratedComponent:63 - No mode defined for component null
2026-02-12 17:43:45,285 [WARN] ModelIntegratedComponent:63 - No mode defined for component null
2026-02-12 17:43:45,285 [WARN] ModelIntegratedComponent:63 - No mode defined for component null
2026-02-12 17:43:45,285 [WARN] ModelIntegratedComponent:63 - No mode defined for component null
2026-02-12 17:43:45,285 [WARN] ModelIntegratedComponent:63 - No mode defined for component null
2026-02-12 17:43:45,285 [WARN] ModelIntegratedComponent:63 - No mode defined for component null
2026-02-12 17:43:45,285 [WARN] ModelIntegratedComponent:63 - No mode defined for component null
2026-02-12 17:43:45,285 [WARN] ModelPack:524 - Component already loaded: STMicroelectronics:HAL Drivers:0.0.0:STMicroelectronics:Device:STMicro_Driver:XSPI:HAL::0.0.1:HAL_XSPI
2026-02-12 17:43:45,306 [INFO] ThirdPartyModel:298 - Start build external matchings
2026-02-12 17:43:45,887 [INFO] ThirdPartyModel:316 - End build external matchings
2026-02-12 17:43:45,901 [INFO] ImportTextPane:234 - (OptionalMessage_ERROR) IP (RCC) : Invalid parameter (FamilyName)
2026-02-12 17:43:45,903 [INFO] ImportTextPane:234 - (OptionalMessage_ERROR) IP (RCC) : Parameter (RNGFreq_Value) has invalid value (64000000)
2026-02-12 17:43:45,903 [INFO] ImportTextPane:234 - (OptionalMessage_ERROR) IP (RCC) : Parameter (SDMMCFreq_Value) has invalid value (64000000)
2026-02-12 17:43:45,903 [INFO] ImportTextPane:234 - (OptionalMessage_ERROR) IP (RCC) : Parameter (USBFreq_Value) has invalid value (64000000)
2026-02-12 17:43:46,391 [INFO] UtilMem:75 - End LoadConfig() Used Memory: 773376272 Bytes (1073741824)
2026-02-12 17:43:46,426 [WARN] ThirdParty:833 - waiting for thirdparty lock release [change project]
2026-02-12 17:43:46,427 [INFO] ThirdParty:835 - entering critical section [change project]
2026-02-12 17:43:46,427 [INFO] ThirdParty:1030 - CMSIS Pack Vendor :STMicroelectronics X-CUBE-PM33A1 1.0.0
2026-02-12 17:43:46,427 [INFO] ThirdParty:1030 - CMSIS Pack Vendor :STMicroelectronics USBPD 4.1
2026-02-12 17:43:46,427 [INFO] ThirdParty:1030 - CMSIS Pack Vendor :STMicroelectronics X-CUBE-NFC9 1.0.0
2026-02-12 17:43:46,433 [INFO] ThirdParty:1030 - CMSIS Pack Vendor :STMicroelectronics USB_HOST 2.0.0
2026-02-12 17:43:46,447 [INFO] ThirdParty:1030 - CMSIS Pack Vendor :STMicroelectronics FP-SNS-MOTENVWB1 1.4.0
2026-02-12 17:43:46,447 [INFO] ThirdParty:1030 - CMSIS Pack Vendor :STMicroelectronics X-CUBE-AZRTOS-F4 1.1.0
2026-02-12 17:43:46,447 [INFO] ThirdParty:1030 - CMSIS Pack Vendor :STMicroelectronics LIBJPEG 8.0.0
2026-02-12 17:43:46,447 [INFO] ThirdParty:1030 - CMSIS Pack Vendor :STMicroelectronics FP-ATR-ASTRA1 2.0.2
2026-02-12 17:43:46,447 [INFO] ThirdParty:1030 - CMSIS Pack Vendor :STMicroelectronics X-CUBE-BLE1 7.1.0
2026-02-12 17:43:46,447 [INFO] ThirdParty:1030 - CMSIS Pack Vendor :STMicroelectronics X-CUBE-SMBUS 2.1.0
2026-02-12 17:43:46,447 [INFO] ThirdParty:1030 - CMSIS Pack Vendor :wolfSSL I-CUBE-wolfMQTT 1.19.2
2026-02-12 17:43:46,447 [INFO] ThirdParty:1030 - CMSIS Pack Vendor :STMicroelectronics USB_DEVICE 3.0.0
2026-02-12 17:43:46,447 [INFO] ThirdParty:1030 - CMSIS Pack Vendor :STMicroelectronics X-CUBE-ISPU 2.1.0
2026-02-12 17:43:46,447 [INFO] ThirdParty:1030 - CMSIS Pack Vendor :STMicroelectronics X-CUBE-FREERTOS 1.4.0
2026-02-12 17:43:46,447 [INFO] ThirdParty:1030 - CMSIS Pack Vendor :STMicroelectronics X-CUBE-EEPRMA1 5.2.0
2026-02-12 17:43:46,447 [INFO] ThirdParty:1030 - CMSIS Pack Vendor :STMicroelectronics X-CUBE-IPS 3.2.0
2026-02-12 17:43:46,447 [INFO] ThirdParty:1030 - CMSIS Pack Vendor :STMicroelectronics X-CUBE-BLEMGR 4.1.0
2026-02-12 17:43:46,447 [INFO] ThirdParty:1030 - CMSIS Pack Vendor :STMicroelectronics X-CUBE-AZRTOS-WB 2.0.0
2026-02-12 17:43:46,448 [INFO] ThirdParty:1030 - CMSIS Pack Vendor :wolfSSL I-CUBE-wolfSSL 5.8.4
2026-02-12 17:43:46,448 [INFO] ThirdParty:1030 - CMSIS Pack Vendor :Cesanta I-CUBE-Mongoose 7.20.0
2026-02-12 17:43:46,448 [INFO] ThirdParty:1030 - CMSIS Pack Vendor :STMicroelectronics X-CUBE-NFC12 1.0.0
2026-02-12 17:43:46,448 [INFO] ThirdParty:1030 - CMSIS Pack Vendor :STMicroelectronics X-CUBE-AZRTOS-F7 1.1.0
2026-02-12 17:43:46,448 [INFO] ThirdParty:1030 - CMSIS Pack Vendor :STMicroelectronics X-CUBE-AZRTOS-L5 2.0.0
2026-02-12 17:43:46,448 [INFO] ThirdParty:1030 - CMSIS Pack Vendor :STMicroelectronics USB_DEVICE 2.0.0
2026-02-12 17:43:46,448 [INFO] ThirdParty:1030 - CMSIS Pack Vendor :quantropi X-CUBE-qispace-sdk-base 2.1.0
2026-02-12 17:43:46,448 [INFO] ThirdParty:1030 - CMSIS Pack Vendor :STMicroelectronics X-CUBE-MEMS1 12.0.0
2026-02-12 17:43:46,448 [INFO] ThirdParty:1030 - CMSIS Pack Vendor :STMicroelectronics X-CUBE-STSE01 2.0.0
2026-02-12 17:43:46,448 [INFO] ThirdParty:1030 - CMSIS Pack Vendor :STMicroelectronics FP-SNS-MOTENV1 5.1.0
2026-02-12 17:43:46,448 [INFO] ThirdParty:1030 - CMSIS Pack Vendor :STMicroelectronics FreeRTOS 0.0.1
2026-02-12 17:43:46,449 [INFO] ThirdParty:1030 - CMSIS Pack Vendor :STMicroelectronics X-CUBE-AZRTOS-G0 1.1.0
2026-02-12 17:43:46,449 [INFO] ThirdParty:1030 - CMSIS Pack Vendor :STMicroelectronics X-CUBE-NFC4 3.0.0
2026-02-12 17:43:46,449 [INFO] ThirdParty:1030 - CMSIS Pack Vendor :STMicroelectronics X-CUBE-SUBG2 5.0.0
2026-02-12 17:43:46,449 [INFO] ThirdParty:1030 - CMSIS Pack Vendor :STMicroelectronics STM32_WPAN 1.0.0
2026-02-12 17:43:46,449 [INFO] ThirdParty:1030 - CMSIS Pack Vendor :EmbeddedOffice I-CUBE-FS-RTOS 1.0.1
2026-02-12 17:43:46,449 [INFO] ThirdParty:1030 - CMSIS Pack Vendor :STMicroelectronics lwIP 2.0.3
2026-02-12 17:43:46,450 [INFO] ThirdParty:1030 - CMSIS Pack Vendor :WES I-CUBE-Cesium 1.4.0
2026-02-12 17:43:46,450 [INFO] ThirdParty:1030 - CMSIS Pack Vendor :STMicroelectronics USB_HOST 1.0.0
2026-02-12 17:43:46,450 [INFO] ThirdParty:1030 - CMSIS Pack Vendor :STMicroelectronics X-CUBE-AZRTOS-G4 2.0.0
2026-02-12 17:43:46,450 [INFO] ThirdParty:1030 - CMSIS Pack Vendor :STMicroelectronics X-CUBE-WB05N 2.0.0
2026-02-12 17:43:46,450 [INFO] ThirdParty:1030 - CMSIS Pack Vendor :STMicroelectronics PDM2PCM 3.1.0
2026-02-12 17:43:46,450 [INFO] ThirdParty:1030 - CMSIS Pack Vendor :STMicroelectronics PDM2PCM 3.3.0
2026-02-12 17:43:46,450 [INFO] ThirdParty:1030 - CMSIS Pack Vendor :wolfSSL I-CUBE-wolfTPM 3.8.0
2026-02-12 17:43:46,450 [INFO] ThirdParty:1030 - CMSIS Pack Vendor :STMicroelectronics X-CUBE-AZRTOS-H7 3.4.0
2026-02-12 17:43:46,451 [INFO] ThirdParty:1030 - CMSIS Pack Vendor :STMicroelectronics X-CUBE-DISPLAY 3.0.0
2026-02-12 17:43:46,451 [INFO] ThirdParty:1030 - CMSIS Pack Vendor :wolfSSL I-CUBE-wolfSSH 1.4.20
2026-02-12 17:43:46,451 [INFO] ThirdParty:1030 - CMSIS Pack Vendor :STMicroelectronics X-CUBE-NFC7 2.0.0
2026-02-12 17:43:46,451 [INFO] ThirdParty:1030 - CMSIS Pack Vendor :STMicroelectronics X-CUBE-TCPP 4.2.0
2026-02-12 17:43:46,451 [INFO] ThirdParty:1030 - CMSIS Pack Vendor :RealThread X-CUBE-RT-Thread_Nano 4.1.1
2026-02-12 17:43:46,451 [INFO] ThirdParty:1030 - CMSIS Pack Vendor :STMicroelectronics FP-ATR-SIGFOX1 3.2.0
2026-02-12 17:43:46,451 [INFO] ThirdParty:1030 - CMSIS Pack Vendor :STMicroelectronics X-CUBE-NFC10 1.0.0
2026-02-12 17:43:46,451 [INFO] ThirdParty:1030 - CMSIS Pack Vendor :STMicroelectronics HAL Drivers 0.0.0
2026-02-12 17:43:46,451 [INFO] ThirdParty:1030 - CMSIS Pack Vendor :STMicroelectronics MBEDTLS 2.16.2
2026-02-12 17:43:46,451 [INFO] ThirdParty:1030 - CMSIS Pack Vendor :STMicroelectronics X-CUBE-ST60 1.1.0
2026-02-12 17:43:46,451 [INFO] ThirdParty:1030 - CMSIS Pack Vendor :STMicroelectronics X-CUBE-ALS 1.0.2
2026-02-12 17:43:46,451 [INFO] ThirdParty:1030 - CMSIS Pack Vendor :emotas I-CUBE-CANOPEN 1.3.0
2026-02-12 17:43:46,451 [INFO] ThirdParty:1030 - CMSIS Pack Vendor :STMicroelectronics MBEDTLS 2.14.1
2026-02-12 17:43:46,451 [INFO] ThirdParty:1030 - CMSIS Pack Vendor :STMicroelectronics X-CUBE-GNSS1 7.1.0
2026-02-12 17:43:46,451 [INFO] ThirdParty:1030 - CMSIS Pack Vendor :ITTIA_DB I-CUBE-ITTIADB 8.9.0
2026-02-12 17:43:46,451 [INFO] ThirdParty:1030 - CMSIS Pack Vendor :STMicroelectronics X-CUBE-TOUCHGFX 4.26.0
2026-02-12 17:43:46,451 [INFO] ThirdParty:1030 - CMSIS Pack Vendor :STMicroelectronics X-CUBE-NFC6 3.2.0
2026-02-12 17:43:46,451 [INFO] ThirdParty:1030 - CMSIS Pack Vendor :STMicroelectronics FP-SNS-STBOX1 2.1.0
2026-02-12 17:43:46,451 [INFO] ThirdParty:1030 - CMSIS Pack Vendor :STMicroelectronics X-CUBE-AI 10.2.0
2026-02-12 17:43:46,451 [INFO] ThirdParty:1030 - CMSIS Pack Vendor :STMicroelectronics FP-SNS-STAIOTCFT 1.0.0
2026-02-12 17:43:46,451 [INFO] ThirdParty:1030 - CMSIS Pack Vendor :STMicroelectronics ThreadX 1.0.0
2026-02-12 17:43:46,451 [INFO] ThirdParty:1030 - CMSIS Pack Vendor :STMicroelectronics FP-SNS-SMARTAG2 1.2.0
2026-02-12 17:43:46,451 [INFO] ThirdParty:1030 - CMSIS Pack Vendor :STMicroelectronics FP-SNS-FLIGHT1 5.1.0
2026-02-12 17:43:46,452 [INFO] ThirdParty:1030 - CMSIS Pack Vendor :STMicroelectronics X-CUBE-AZRTOS-WL 2.0.0
2026-02-12 17:43:46,452 [INFO] ThirdParty:1030 - CMSIS Pack Vendor :SEGGER I-CUBE-embOS 1.3.1
2026-02-12 17:43:46,452 [INFO] ThirdParty:1030 - CMSIS Pack Vendor :STMicroelectronics X-CUBE-ALGOBUILD 1.4.0
2026-02-12 17:43:46,452 [INFO] ThirdParty:1030 - CMSIS Pack Vendor :STMicroelectronics X-CUBE-DPower 1.3.0
2026-02-12 17:43:46,452 [INFO] ThirdParty:1030 - CMSIS Pack Vendor :STMicroelectronics USB_DEVICE 1.0.0
2026-02-12 17:43:46,452 [INFO] ThirdParty:1030 - CMSIS Pack Vendor :STMicroelectronics X-CUBE-AZRTOS-H7RS 1.2.0
2026-02-12 17:43:46,452 [INFO] ThirdParty:1030 - CMSIS Pack Vendor :STMicroelectronics X-CUBE-AZRTOS-L4 2.0.0
2026-02-12 17:43:46,452 [INFO] ThirdParty:1030 - CMSIS Pack Vendor :STMicroelectronics ThreadX 0.0.2
2026-02-12 17:43:46,452 [INFO] ThirdParty:1030 - CMSIS Pack Vendor :STMicroelectronics lwIP 2.1.2
2026-02-12 17:43:46,452 [INFO] ThirdParty:1030 - CMSIS Pack Vendor :STMicroelectronics X-CUBE-SFXS2LP1 4.0.0
2026-02-12 17:43:46,452 [INFO] ThirdParty:1030 - CMSIS Pack Vendor :STMicroelectronics X-CUBE-BLE2 3.3.0
2026-02-12 17:43:46,452 [INFO] ThirdParty:1030 - CMSIS Pack Vendor :Avnet-IOTCONNECT X-CUBE-iotc-st67-sdk 1.0.0
2026-02-12 17:43:46,452 [INFO] ThirdParty:1030 - CMSIS Pack Vendor :STMicroelectronics X-CUBE-TOF1 3.4.3
2026-02-12 17:43:46,452 [INFO] ThirdParty:1030 - CMSIS Pack Vendor :Infineon AIROC-Wi-Fi-Bluetooth-STM32 1.8.0
2026-02-12 17:43:46,452 [INFO] ThirdParty:1030 - CMSIS Pack Vendor :STMicroelectronics PDM2PCM 3.2.0
2026-02-12 17:43:46,453 [INFO] ThirdParty:1030 - CMSIS Pack Vendor :STMicroelectronics X-CUBE-ST67W61 1.2.0
2026-02-12 17:43:46,453 [INFO] ThirdParty:841 - exiting critical section [change project]
2026-02-12 17:43:46,936 [INFO] PinOutPanel:1589 - setPackage(No Configuration,No Configuration)
2026-02-12 17:43:46,936 [INFO] PinOutPanel:1589 - setPackage(STM32L476RGTx,LQFP64)
2026-02-12 17:43:47,615 [INFO] UtilMem:75 - Before build in PCC Used Memory: 912118656 Bytes (1073741824)
2026-02-12 17:43:48,192 [INFO] UtilMem:75 - After build in PCC Used Memory: 730985360 Bytes (1073741824)
2026-02-12 17:43:48,224 [INFO] IPUIPlugin:80 - create IPUIPlugin
2026-02-12 17:43:48,224 [INFO] IPUIPlugin:80 - create IPUIPlugin
2026-02-12 17:43:48,224 [INFO] IPUIPlugin:80 - create IPUIPlugin
2026-02-12 17:43:48,224 [INFO] IPUIPlugin:80 - create IPUIPlugin
2026-02-12 17:43:48,224 [INFO] IPUIPlugin:80 - create IPUIPlugin
2026-02-12 17:43:48,224 [INFO] IPUIPlugin:80 - create IPUIPlugin
2026-02-12 17:43:48,224 [INFO] IPUIPlugin:80 - create IPUIPlugin
2026-02-12 17:43:48,225 [INFO] IPUIPlugin:80 - create IPUIPlugin
2026-02-12 17:43:48,225 [INFO] IPUIPlugin:80 - create IPUIPlugin
2026-02-12 17:43:48,225 [INFO] IPUIPlugin:80 - create IPUIPlugin
2026-02-12 17:43:48,225 [INFO] IPUIPlugin:80 - create IPUIPlugin
2026-02-12 17:43:48,225 [INFO] IPUIPlugin:80 - create IPUIPlugin
2026-02-12 17:43:48,225 [INFO] IPUIPlugin:80 - create IPUIPlugin
2026-02-12 17:43:48,225 [INFO] IPUIPlugin:80 - create IPUIPlugin
2026-02-12 17:43:48,225 [INFO] IPUIPlugin:80 - create IPUIPlugin
2026-02-12 17:43:48,225 [INFO] IPUIPlugin:80 - create IPUIPlugin
2026-02-12 17:43:48,225 [INFO] IPUIPlugin:80 - create IPUIPlugin
2026-02-12 17:43:48,226 [INFO] IPUIPlugin:80 - create IPUIPlugin
2026-02-12 17:43:48,226 [INFO] IPUIPlugin:80 - create IPUIPlugin
2026-02-12 17:43:48,226 [INFO] IPUIPlugin:80 - create IPUIPlugin
2026-02-12 17:43:48,226 [INFO] IPUIPlugin:80 - create IPUIPlugin
2026-02-12 17:43:48,226 [INFO] IPUIPlugin:80 - create IPUIPlugin
2026-02-12 17:43:48,226 [INFO] IPUIPlugin:80 - create IPUIPlugin
2026-02-12 17:43:48,227 [INFO] IPUIPlugin:80 - create IPUIPlugin
2026-02-12 17:43:48,227 [INFO] IPUIPlugin:80 - create IPUIPlugin
2026-02-12 17:43:48,227 [INFO] IPUIPlugin:80 - create IPUIPlugin
2026-02-12 17:43:48,227 [INFO] IPUIPlugin:80 - create IPUIPlugin
2026-02-12 17:43:48,227 [INFO] IPUIPlugin:80 - create IPUIPlugin
2026-02-12 17:43:48,227 [INFO] IPUIPlugin:80 - create IPUIPlugin
2026-02-12 17:43:48,227 [INFO] IPUIPlugin:80 - create IPUIPlugin
2026-02-12 17:43:48,228 [INFO] IPUIPlugin:80 - create IPUIPlugin
2026-02-12 17:43:48,229 [INFO] IPUIPlugin:80 - create IPUIPlugin
2026-02-12 17:43:48,229 [INFO] IPUIPlugin:80 - create IPUIPlugin
2026-02-12 17:43:48,230 [INFO] IPUIPlugin:80 - create IPUIPlugin
2026-02-12 17:43:48,230 [INFO] IPUIPlugin:80 - create IPUIPlugin
2026-02-12 17:43:48,230 [INFO] IPUIPlugin:80 - create IPUIPlugin
2026-02-12 17:43:48,230 [INFO] IPUIPlugin:80 - create IPUIPlugin
2026-02-12 17:43:48,231 [INFO] IPUIPlugin:80 - create IPUIPlugin
2026-02-12 17:43:48,231 [INFO] IPUIPlugin:80 - create IPUIPlugin
2026-02-12 17:43:48,231 [INFO] IPUIPlugin:80 - create IPUIPlugin
2026-02-12 17:43:48,231 [INFO] IPUIPlugin:80 - create IPUIPlugin
2026-02-12 17:43:48,231 [INFO] IPUIPlugin:80 - create IPUIPlugin
2026-02-12 17:43:48,232 [INFO] IPUIPlugin:80 - create IPUIPlugin
2026-02-12 17:43:48,232 [INFO] IPUIPlugin:80 - create IPUIPlugin
2026-02-12 17:43:48,232 [INFO] IPUIPlugin:80 - create IPUIPlugin
2026-02-12 17:43:48,232 [INFO] IPUIPlugin:80 - create IPUIPlugin
2026-02-12 17:43:48,232 [INFO] IPUIPlugin:80 - create IPUIPlugin
2026-02-12 17:43:48,233 [INFO] IPUIPlugin:80 - create IPUIPlugin
2026-02-12 17:43:48,233 [INFO] IPUIPlugin:80 - create IPUIPlugin
2026-02-12 17:43:48,233 [INFO] IPUIPlugin:80 - create IPUIPlugin
2026-02-12 17:43:48,234 [INFO] IPUIPlugin:80 - create IPUIPlugin
2026-02-12 17:43:48,234 [INFO] IPUIPlugin:80 - create IPUIPlugin
2026-02-12 17:43:48,234 [INFO] IPUIPlugin:80 - create IPUIPlugin
2026-02-12 17:43:48,234 [INFO] IPUIPlugin:80 - create IPUIPlugin
2026-02-12 17:43:48,235 [INFO] IPUIPlugin:80 - create IPUIPlugin
2026-02-12 17:43:48,235 [INFO] IPUIPlugin:80 - create IPUIPlugin
2026-02-12 17:43:48,235 [INFO] IPUIPlugin:80 - create IPUIPlugin
2026-02-12 17:43:48,235 [INFO] IPUIPlugin:80 - create IPUIPlugin
2026-02-12 17:43:48,236 [INFO] IPUIPlugin:80 - create IPUIPlugin
2026-02-12 17:43:48,332 [INFO] CADModel:165 - CPN selected for project levelSTM32L476RGT3
2026-02-12 17:43:48,333 [INFO] CADModel:114 - Register for checkConnection events
2026-02-12 17:43:48,385 [INFO] OpenFileManager:386 - Restore cursor
2026-02-12 17:43:48,938 [INFO] UtilMem:75 - End SaveConfig() Used Memory: 885798296 Bytes (1073741824)
2026-02-12 17:43:49,021 [INFO] UtilMem:75 - End SaveConfig() Used Memory: 911408616 Bytes (1073741824)
2026-02-12 17:43:49,239 [INFO] BlockDiagram:2775 - set Specific Code input for plugin: SYS
2026-02-12 17:43:49,239 [INFO] BlockDiagram:2775 - set Specific Code input for plugin: RCC
2026-02-12 17:43:49,240 [INFO] BlockDiagram:2775 - set Specific Code input for plugin: NVIC
2026-02-12 17:43:49,240 [INFO] BlockDiagram:2775 - set Specific Code input for plugin: USART
2026-02-12 17:43:49,240 [INFO] BlockDiagram:2775 - set Specific Code input for plugin: GPIO
2026-02-12 17:43:49,241 [INFO] CodeGenerator:892 - code generatio: config db path: D:\STM32CubeIDE_1.19.0\STM32CubeIDE\plugins\com.st.stm32cube.common.mx_6.15.0.202507011659\\db\
2026-02-12 17:43:49,406 [INFO] CodeEngine:265 - oldGeneratedFile, D:\SPI_Interrupt\MXTmpFiles\license.tmp_save
2026-02-12 17:43:49,864 [INFO] CodeEngine:289 - Generated code: D:\SPI_Interrupt\MXTmpFiles\license.tmp
2026-02-12 17:43:49,949 [INFO] CodeEngine:265 - oldGeneratedFile, D:\SPI_Interrupt\MXTmpFiles\gpio.tmp_save
2026-02-12 17:43:50,275 [INFO] CodeEngine:289 - Generated code: D:\SPI_Interrupt\MXTmpFiles\gpio.tmp
2026-02-12 17:43:50,422 [INFO] CodeEngine:265 - oldGeneratedFile, D:\SPI_Interrupt\Core\Src\stm32l4xx_it.c_save
2026-02-12 17:43:50,847 [INFO] CodeEngine:289 - Generated code: D:\SPI_Interrupt\Core\Src\stm32l4xx_it.c
2026-02-12 17:43:50,852 [INFO] CodeEngine:265 - oldGeneratedFile, D:\SPI_Interrupt\Core\Inc\stm32l4xx_it.h_save
2026-02-12 17:43:50,982 [INFO] CodeEngine:289 - Generated code: D:\SPI_Interrupt\Core\Inc\stm32l4xx_it.h
2026-02-12 17:43:50,995 [INFO] CodeEngine:265 - oldGeneratedFile, D:\SPI_Interrupt\Core\Src\stm32l4xx_hal_msp.c_save
2026-02-12 17:43:51,283 [INFO] CodeEngine:289 - Generated code: D:\SPI_Interrupt\Core\Src\stm32l4xx_hal_msp.c
2026-02-12 17:43:51,302 [INFO] CodeEngine:265 - oldGeneratedFile, D:\SPI_Interrupt\MXTmpFiles\system.tmp_save
2026-02-12 17:43:51,385 [INFO] CodeEngine:289 - Generated code: D:\SPI_Interrupt\MXTmpFiles\system.tmp
2026-02-12 17:43:51,397 [INFO] CodeEngine:321 - oldGeneratedFile, D:\SPI_Interrupt\Core\Inc\stm32l4xx_hal_conf.h_save
2026-02-12 17:43:51,617 [INFO] CodeEngine:345 - Generated code: D:\SPI_Interrupt\Core\Inc\stm32l4xx_hal_conf.h
2026-02-12 17:43:51,707 [INFO] ApiDbMcu:532 - Load IP Config File for USART2
2026-02-12 17:43:51,712 [INFO] ApiDbMcu:532 - Load IP Config File for RCC
2026-02-12 17:43:51,719 [INFO] CodeEngine:265 - oldGeneratedFile, D:\SPI_Interrupt\Core\Inc\main.h_save
2026-02-12 17:43:51,893 [INFO] CodeEngine:289 - Generated code: D:\SPI_Interrupt\Core\Inc\main.h
2026-02-12 17:43:51,899 [INFO] CodeEngine:265 - oldGeneratedFile, D:\SPI_Interrupt\Core\Src\main.c_save
2026-02-12 17:43:52,041 [INFO] CodeEngine:289 - Generated code: D:\SPI_Interrupt\Core\Src\main.c
2026-02-12 17:43:52,447 [INFO] ProjectBuilder:3606 - Time for Copy HAL[1] : 197mS.
2026-02-12 17:43:52,451 [INFO] ProjectBuilder:5216 - Project Generator version: 4.7.0-B52
2026-02-12 17:43:52,562 [INFO] ConfigFileManager:1595 - The Die is : DIE415
2026-02-12 17:43:52,574 [INFO] ApiDbMcu:532 - Load IP Config File for FATFS
2026-02-12 17:43:52,591 [INFO] ApiDbMcu:532 - Load IP Config File for FREERTOS
2026-02-12 17:43:52,610 [INFO] ApiDbMcu:532 - Load IP Config File for TOUCHSENSING
2026-02-12 17:43:52,621 [INFO] ApiDbMcu:532 - Load IP Config File for USB_DEVICE
2026-02-12 17:43:52,631 [INFO] ApiDbMcu:532 - Load IP Config File for USB_HOST
2026-02-12 17:43:54,430 [INFO] ProjectBuilder:5496 - Time for Generating toolchain IDE Files: 1979mS.
2026-02-12 17:43:54,431 [INFO] ProjectBuilder:3463 - Time for Copy CMSIS : 1mS.
2026-02-12 17:43:54,433 [INFO] ProjectBuilder:3463 - Time for Copy CMSIS : 1mS.
2026-02-12 17:43:55,827 [INFO] McuFinderGlobals:76 - Set McuFinderConnectedMode to true
2026-02-12 17:43:55,831 [INFO] ApiDb:448 - Save user favorites file C:\Users\Hemanth Madu/.stm32cubeide/favorites.mcus.txt: 0 item(s)
2026-02-12 17:43:55,831 [INFO] ApiDb:452 - User favorites MCUs=[]
2026-02-12 17:43:55,839 [INFO] ApiDb:448 - Save user favorites file C:\Users\Hemanth Madu/.stm32cubeide/favorites.boards.txt: 0 item(s)
2026-02-12 17:43:55,839 [INFO] ApiDb:452 - User favorites Boards=[]
2026-02-12 17:48:54,684 [INFO] NvicIntPanel:101 - NVIC parent = com.st.microxplorer.plugins.ip.nvic.MultiNvicIntPanel[,0,0,450x247,layout=javax.swing.BoxLayout,alignmentX=0.0,alignmentY=0.0,border=,flags=9,maximumSize=,minimumSize=,preferredSize=]
2026-02-12 17:48:56,780 [INFO] NvicIntPanel:101 - NVIC parent = com.st.microxplorer.plugins.ip.nvic.MultiNvicIntPanel[,0,0,0x0,invalid,layout=javax.swing.BoxLayout,alignmentX=0.0,alignmentY=0.0,border=,flags=9,maximumSize=,minimumSize=,preferredSize=]
2026-02-12 17:49:02,817 [INFO] UtilMem:75 - End SaveConfig() Used Memory: 912779040 Bytes (1073741824)
2026-02-12 17:49:06,150 [INFO] UtilMem:75 - End SaveConfig() Used Memory: 741665824 Bytes (1073741824)
2026-02-12 17:49:06,710 [INFO] BlockDiagram:2775 - set Specific Code input for plugin: SPI
2026-02-12 17:49:06,711 [INFO] BlockDiagram:2775 - set Specific Code input for plugin: SYS
2026-02-12 17:49:06,711 [INFO] BlockDiagram:2775 - set Specific Code input for plugin: RCC
2026-02-12 17:49:06,711 [INFO] BlockDiagram:2775 - set Specific Code input for plugin: NVIC
2026-02-12 17:49:06,711 [INFO] BlockDiagram:2775 - set Specific Code input for plugin: USART
2026-02-12 17:49:06,711 [INFO] BlockDiagram:2775 - set Specific Code input for plugin: GPIO
2026-02-12 17:49:06,713 [INFO] CodeGenerator:892 - code generatio: config db path: D:\STM32CubeIDE_1.19.0\STM32CubeIDE\plugins\com.st.stm32cube.common.mx_6.15.0.202507011659\\db\
2026-02-12 17:49:06,844 [INFO] CodeEngine:265 - oldGeneratedFile, D:\SPI_Interrupt\MXTmpFiles\license.tmp_save
2026-02-12 17:49:07,065 [INFO] CodeEngine:289 - Generated code: D:\SPI_Interrupt\MXTmpFiles\license.tmp
2026-02-12 17:49:07,135 [INFO] CodeEngine:265 - oldGeneratedFile, D:\SPI_Interrupt\MXTmpFiles\gpio.tmp_save
2026-02-12 17:49:07,305 [INFO] CodeEngine:289 - Generated code: D:\SPI_Interrupt\MXTmpFiles\gpio.tmp
2026-02-12 17:49:07,631 [INFO] CodeEngine:265 - oldGeneratedFile, D:\SPI_Interrupt\Core\Src\stm32l4xx_it.c_save
2026-02-12 17:49:07,869 [INFO] CodeEngine:289 - Generated code: D:\SPI_Interrupt\Core\Src\stm32l4xx_it.c
2026-02-12 17:49:07,877 [INFO] CodeEngine:265 - oldGeneratedFile, D:\SPI_Interrupt\Core\Inc\stm32l4xx_it.h_save
2026-02-12 17:49:07,992 [INFO] CodeEngine:289 - Generated code: D:\SPI_Interrupt\Core\Inc\stm32l4xx_it.h
2026-02-12 17:49:08,009 [INFO] CodeEngine:265 - oldGeneratedFile, D:\SPI_Interrupt\Core\Src\stm32l4xx_hal_msp.c_save
2026-02-12 17:49:08,269 [INFO] CodeEngine:289 - Generated code: D:\SPI_Interrupt\Core\Src\stm32l4xx_hal_msp.c
2026-02-12 17:49:08,275 [INFO] CodeEngine:265 - oldGeneratedFile, D:\SPI_Interrupt\MXTmpFiles\system.tmp_save
2026-02-12 17:49:08,349 [INFO] CodeEngine:289 - Generated code: D:\SPI_Interrupt\MXTmpFiles\system.tmp
2026-02-12 17:49:08,363 [INFO] CodeEngine:321 - oldGeneratedFile, D:\SPI_Interrupt\Core\Inc\stm32l4xx_hal_conf.h_save
2026-02-12 17:49:08,564 [INFO] CodeEngine:345 - Generated code: D:\SPI_Interrupt\Core\Inc\stm32l4xx_hal_conf.h
2026-02-12 17:49:08,610 [INFO] ApiDbMcu:532 - Load IP Config File for SPI1
2026-02-12 17:49:08,620 [INFO] CodeEngine:265 - oldGeneratedFile, D:\SPI_Interrupt\Core\Inc\main.h_save
2026-02-12 17:49:08,816 [INFO] CodeEngine:289 - Generated code: D:\SPI_Interrupt\Core\Inc\main.h
2026-02-12 17:49:08,823 [INFO] CodeEngine:265 - oldGeneratedFile, D:\SPI_Interrupt\Core\Src\main.c_save
2026-02-12 17:49:09,003 [INFO] CodeEngine:289 - Generated code: D:\SPI_Interrupt\Core\Src\main.c
2026-02-12 17:49:09,514 [INFO] ProjectBuilder:3606 - Time for Copy HAL[1] : 205mS.
2026-02-12 17:49:09,519 [INFO] ProjectBuilder:5216 - Project Generator version: 4.7.0-B52
2026-02-12 17:49:09,662 [INFO] ConfigFileManager:1595 - The Die is : DIE415
2026-02-12 17:49:11,132 [INFO] ProjectBuilder:5496 - Time for Generating toolchain IDE Files: 1612mS.
2026-02-12 17:49:11,133 [INFO] ProjectBuilder:3463 - Time for Copy CMSIS : 1mS.
2026-02-12 17:49:11,135 [INFO] ProjectBuilder:3463 - Time for Copy CMSIS : 1mS.
2026-02-12 17:49:40,762 [INFO] WebApp:194 - Connection lost
2026-02-12 17:49:40,973 [INFO] WebApp:191 - Connection restablished
2026-02-12 18:28:30,861 [INFO] WebApp:194 - Connection lost
2026-02-12 18:28:35,550 [INFO] WebApp:191 - Connection restablished
2026-02-12 18:28:35,850 [INFO] WebApp:194 - Connection lost
2026-02-12 18:28:35,858 [INFO] WebApp:191 - Connection restablished
2026-02-12 18:28:39,224 [INFO] WebApp:194 - Connection lost
2026-02-12 18:28:39,648 [INFO] WebApp:191 - Connection restablished
2026-02-12 18:28:49,764 [ERROR] LogOutputStream:75 - [STDERR_REDIRECT] 
